estimated_owners,rating,game_name,developer,publisher
100000000,85.89,Counter-Strike 2,Valve,Valve
50000000,87.11,Grand Theft Auto V Legacy,Rockstar North,Rockstar Games
100000000,60.13,PUBG: BATTLEGROUNDS,PUBG Corporation,KRAFTON Inc.
20000000,82.06,Tom Clancy's Rainbow Six Siege,Ubisoft Montreal,Ubisoft
20000000,96.74,Terraria,Re-Logic,Re-Logic
20000000,86.48,Rust,Facepunch Studios,Facepunch Studios
20000000,96.17,Garry's Mod,Facepunch Studios,Valve
50000000,95.86,Black Myth: Wukong,Game Science,Game Science
20000000,97.71,Stardew Valley,ConcernedApe,ConcernedApe
20000000,92.37,ELDEN RING,FromSoftware Inc.,"FromSoftware Inc., Bandai Namco Entertainment"
20000000,95.41,The Witcher 3: Wild Hunt,CD PROJEKT RED,CD PROJEKT RED
10000000,91.60,Red Dead Redemption 2,Rockstar Games,Rockstar Games
50000000,96.79,Left 4 Dead 2,Valve,Valve
10000000,96.56,Euro Truck Simulator 2,SCS Software,SCS Software
20000000,96.04,Baldur's Gate 3,Larian Studios,Larian Studios
10000000,94.87,Phasmophobia,Kinetic Games,Kinetic Games
20000000,91.22,Among Us,Innersloth,Innersloth
20000000,82.76,ARK: Survival Evolved,"Studio Wildcard, Instinct Games, Efecto Studios, Virtual Basement LLC","Studio Wildcard, Snail Games USA"
20000000,94.74,The Forest,Endnight Games Ltd,Endnight Games Ltd
5000000,92.28,Geometry Dash,RobTop Games,RobTop Games
5000000,96.03,Hollow Knight,Team Cherry,Team Cherry
10000000,93.26,Valheim,Iron Gate AB,Coffee Stain Publishing
20000000,88.61,PAYDAY 2,OVERKILL - a Starbreeze Studio.,Starbreeze Entertainment
10000000,86.40,Rocket League®,Psyonix LLC,Psyonix LLC
10000000,96.13,Lethal Company,Zeekerss,Zeekerss
5000000,97.74,Portal 2,Valve,Valve
10000000,77.05,DayZ,Bohemia Interactive,Bohemia Interactive
5000000,88.37,Hollow Knight: Silksong,Team Cherry,Team Cherry
10000000,94.20,Don't Starve Together,Klei Entertainment,Klei Entertainment
5000000,96.44,BeamNG.drive,BeamNG,BeamNG
50000000,93.34,Palworld,Pocketpair,Pocketpair
5000000,96.24,The Binding of Isaac: Rebirth,"Nicalis Inc., Edmund McMillen",Nicalis Inc.
2000000,96.23,Bloons TD 6,Ninja Kiwi,Ninja Kiwi
10000000,93.19,Project Zomboid,The Indie Stone,The Indie Stone
10000000,92.16,Raft,Redbeet Interactive,Axolot Games
5000000,96.03,Subnautica,Unknown Worlds Entertainment,Unknown Worlds Entertainment
5000000,84.04,No Man's Sky,Hello Games,Hello Games
10000000,95.21,R.E.P.O.,semiwork,semiwork
5000000,96.20,Deep Rock Galactic,Ghost Ship Games,Coffee Stain Publishing
5000000,97.40,People Playground,mestiez,Studio Minus
5000000,95.49,Undertale,tobyfox,tobyfox
10000000,80.52,Fallout 4,Bethesda Game Studios,Bethesda Softworks
5000000,96.99,Hades,Supergiant Games,Supergiant Games
5000000,89.92,Forza Horizon 4,Playground Games,Xbox Game Studios
5000000,85.10,ARC Raiders,Embark Studios,Embark Studios
5000000,93.45,DARK SOULS™ III,FromSoftware Inc.,"FromSoftware Inc., Bandai Namco Entertainment"
5000000,88.08,Hearts of Iron IV,Paradox Development Studio,Paradox Interactive
10000000,86.37,7 Days to Die,The Fun Pimps,The Fun Pimps Entertainment LLC
10000000,87.44,Sons Of The Forest,Endnight Games Ltd,Newnight
10000000,65.41,Battlefield™ 6,Battlefield Studios,Electronic Arts
10000000,93.81,PEAK,Team PEAK,"Aggro Crab, Evil Landfall?"
5000000,76.92,Ready or Not,VOID Interactive,VOID Interactive
5000000,88.21,Forza Horizon 5,Playground Games,Xbox Game Studios
5000000,97.23,Vampire Survivors,poncle,poncle
5000000,92.82,Risk of Rain 2,Hopoo Games,Gearbox Publishing
5000000,91.10,Halo: The Master Chief Collection,"343 Industries, Splash Damage, Ruffian Games, Bungie, Saber Interactive",Xbox Game Studios
10000000,70.18,Battlefield™ V,DICE,Electronic Arts
10000000,89.47,Arma 3,Bohemia Interactive,Bohemia Interactive
10000000,96.15,Satisfactory,Coffee Stain Studios,Coffee Stain Publishing
10000000,86.87,Mount & Blade II: Bannerlord,TaleWorlds Entertainment,TaleWorlds Entertainment
10000000,91.92,Cities: Skylines,Colossal Order,Paradox Interactive
10000000,87.64,Borderlands 2,"Gearbox Software, Aspyr (Mac), Aspyr (Linux)","2K, Aspyr"
5000000,94.35,It Takes Two,Hazelight Studios,Electronic Arts
5000000,91.42,The Elder Scrolls V: Skyrim Special Edition,Bethesda Game Studios,Bethesda Softworks
10000000,73.40,Hunt: Showdown 1896,Crytek,Crytek
2000000,95.14,Detroit: Become Human,Quantic Dream,Quantic Dream
5000000,96.74,RimWorld,Ludeon Studios,Ludeon Studios
10000000,68.81,NARAKA: BLADEPOINT,24 Entertainment,NetEase Games
10000000,96.52,Half-Life 2,Valve,Valve
5000000,96.27,ULTRAKILL,Arsi Hakita Patala,New Blood Interactive
20000000,48.20,Monster Hunter Wilds,CAPCOM Co. Ltd.,CAPCOM Co. Ltd.
2000000,54.67,鬼谷八荒 Tale of Immortal,鬼谷工作室,"鬼谷工作室, Lightning Games"
5000000,96.02,Factorio,Wube Software LTD.,Wube Software LTD.
5000000,95.07,Cuphead,Studio MDHR Entertainment Inc.,Studio MDHR Entertainment Inc.
5000000,96.42,Slay the Spire,Mega Crit,Mega Crit
5000000,94.55,Divinity: Original Sin 2 - Definitive Edition,Larian Studios,Larian Studios
2000000,80.38,Squad,Offworld,Offworld
10000000,93.53,Human Fall Flat,No Brakes Games,Curve Games
2000000,94.42,Clair Obscur: Expedition 33,Sandfall Interactive,Kepler Interactive
5000000,82.21,Grand Theft Auto IV: The Complete Edition,"Rockstar North, Rockstar Toronto",Rockstar Games
2000000,80.23,Far Cry® 5,"Ubisoft Montreal, Red Storm, Ubisoft Shanghai, Ubisoft Toronto, Ubisoft Kiev",Ubisoft
5000000,94.98,Tomb Raider Game of the Year,"Crystal Dynamics, Eidos-Montréal, Feral Interactive (Mac), Nixxes","Crystal Dynamics, Feral Interactive"
10000000,97.28,Portal,Valve,Valve
10000000,96.30,Counter-Strike,Valve,Valve
2000000,95.63,American Truck Simulator,SCS Software,SCS Software
2000000,96.42,Dispatch,AdHoc Studio,AdHoc Studio
5000000,96.12,Resident Evil 4,CAPCOM Co. Ltd.,CAPCOM Co. Ltd.
20000000,72.40,Path of Exile 2,Grinding Gear Games,Grinding Gear Games
5000000,82.65,"Warhammer 40,000: Space Marine 2",Saber Interactive,Focus Entertainment
5000000,95.81,Dead Cells,Motion Twin,Motion Twin
2000000,96.67,Balatro,LocalThunk,Playstack
5000000,95.96,Stray,BlueTwelve Studio,Annapurna Interactive
2000000,87.44,STAR WARS Jedi: Fallen Order™,Respawn Entertainment,Electronic Arts
10000000,55.68,Z1 Battle Royale,Daybreak Game Company,Daybreak Game Company
5000000,95.85,Resident Evil 2,CAPCOM Co. Ltd.,CAPCOM Co. Ltd.
2000000,84.21,Stellaris,Paradox Development Studio,Paradox Interactive
2000000,96.48,Totally Accurate Battle Simulator,Landfall,Landfall
2000000,90.58,Darkest Dungeon®,Red Hook Studios,Red Hook Studios
2000000,96.67,Slime Rancher,Monomi Park,Monomi Park
5000000,96.45,Mount & Blade: Warband,TaleWorlds Entertainment,TaleWorlds Entertainment
20000000,76.84,Destiny 2,Bungie,Bungie
2000000,95.24,Ori and the Will of the Wisps,Moon Studios GmbH,Xbox Game Studios
10000000,95.10,Counter-Strike: Source,Valve,Valve
2000000,93.74,Black Mesa,Crowbar Collective,Crowbar Collective
5000000,91.66,Assetto Corsa,Kunos Simulazioni,Kunos Simulazioni
2000000,95.45,Oxygen Not Included,Klei Entertainment,Klei Entertainment
2000000,92.94,Kingdom Come: Deliverance II,Warhorse Studios,Deep Silver
2000000,95.55,Inscryption,Daniel Mullins Games,Devolver Digital
5000000,81.06,BattleBit Remastered,"SgtOkiDoki, Vilaskis, TheLiquidHorse",SgtOkiDoki
2000000,96.09,Celeste,"Maddy Makes Games Inc., Extremely OK Games Ltd.",Maddy Makes Games Inc.
5000000,56.80,EA SPORTS™ FIFA 23,"EA Canada, EA Romania",Electronic Arts
2000000,81.11,ELDEN RING NIGHTREIGN,FromSoftware Inc.,"FromSoftware Inc., Bandai Namco Entertainment"
2000000,92.93,Rise of the Tomb Raider™,"Crystal Dynamics, Eidos-Montréal, Feral Interactive (Mac), Feral Interactive (Linux), Nixxes","Crystal Dynamics, Feral Interactive"
2000000,83.15,Need for Speed™ Heat,Ghost Games,Electronic Arts
5000000,95.00,Life is Strange - Episode 1,"DONTNOD Entertainment, Feral Interactive (Mac), Feral Interactive (Linux)","Square Enix, Feral interactive"
2000000,90.98,Starbound,Chucklefish,Chucklefish
1000000,96.50,MiSide,AIHASTO,"IndieArk, Shochiku (Japan)"
2000000,90.76,ASTRONEER,System Era Softworks,System Era Softworks
2000000,89.13,Muse Dash,peropero,hasuhasu
10000000,95.24,Half-Life,Valve,Valve
2000000,91.45,Disco Elysium - The Final Cut,ZA/UM,ZA/UM
2000000,89.48,Escape the Backrooms,"Fancy Games, Blackbird Interactive",Secret Mode
5000000,95.61,POSTAL 2,Running With Scissors,Running With Scissors
2000000,25.21,Mirror 2: Project X,KAGAMI Ⅱ WORKs,NIJICO
2000000,91.49,Frostpunk,11 bit studios,11 bit studios
2000000,94.00,Kerbal Space Program,Squad,Private Division
2000000,88.25,The Long Dark,Hinterland Studio Inc.,Hinterland Studio Inc.
2000000,94.32,Hades II,Supergiant Games,Supergiant Games
5000000,87.84,V Rising,Stunlock Studios,Stunlock Studios
2000000,88.34,Batman™: Arkham Knight,Rocksteady Studios,WB Games
5000000,94.87,Castle Crashers®,The Behemoth,The Behemoth
20000000,75.76,Last Epoch,Eleventh Hour Games,Eleventh Hour Games
2000000,94.49,Cult of the Lamb,Massive Monster,Devolver Digital
2000000,95.18,Brotato,Blobfish,Blobfish
2000000,90.73,Scrap Mechanic,Axolot Games,Axolot Games
1000000,93.58,My Summer Car,Amistech Games,Amistech Games
5000000,80.10,Slay the Spire 2,Mega Crit,Mega Crit
2000000,95.63,Hotline Miami,Dennaton Games,Devolver Digital
2000000,70.40,"Warhammer 40,000: Darktide",Fatshark,Fatshark
5000000,83.29,Just Cause™ 3,Avalanche Studios,Square Enix
2000000,83.89,Insurgency: Sandstorm,New World Interactive,Focus Entertainment
2000000,94.01,Buckshot Roulette,Mike Klubnika,CRITICAL REFLEX
2000000,87.44,Space Engineers,Keen Software House,Keen Software House
2000000,79.63,FIFA 22,EA Canada & EA Romania,Electronic Arts
2000000,95.13,Outlast,Red Barrels,Red Barrels
500000,79.34,The Isle,Afterthought LLC,Afterthought LLC
2000000,92.23,Stick Fight: The Game,Landfall West,Landfall
2000000,94.31,Resident Evil Village,CAPCOM Co. Ltd.,CAPCOM Co. Ltd.
2000000,69.58,Total War: WARHAMMER III,"CREATIVE ASSEMBLY, Feral Interactive","SEGA, Feral Interactive"
2000000,80.93,Hell Let Loose,Expression Games,Team17
5000000,52.69,EA SPORTS FC™ 25,"EA Canada, EA Romania",Electronic Arts
5000000,73.63,SCUM,Gamepires,Gamepires
2000000,95.17,Don't Starve,Klei Entertainment,Klei Entertainment
2000000,91.25,DARK SOULS™: REMASTERED,"QLOC, FromSoftware Inc.","FromSoftware Inc., Bandai Namco Entertainment"
2000000,93.37,Megabonk,vedinad,vedinad
5000000,85.86,Europa Universalis IV,"Paradox Development Studio, Paradox Tinto",Paradox Interactive
2000000,88.99,Subnautica: Below Zero,Unknown Worlds Entertainment,Unknown Worlds Entertainment
5000000,57.69,EA SPORTS FC™ 24,"EA Canada, EA Romania",Electronic Arts
2000000,94.93,Resident Evil Requiem,CAPCOM Co. Ltd.,CAPCOM Co. Ltd.
2000000,94.20,Kenshi,Lo-Fi Games,Lo-Fi Games
2000000,88.68,Crusader Kings III,Paradox Development Studio,Paradox Interactive
2000000,59.80,ARK: Survival Ascended,"Studio Wildcard, Grove Street Games, Instinct Games","Studio Wildcard, Snail Games USA"
2000000,94.65,Marvel’s Spider-Man Remastered,"Insomniac Games, Nixxes Software",PlayStation Publishing LLC
2000000,79.10,MORDHAU,Triternion,Triternion
2000000,89.27,Firewatch,Campo Santo,"Panic, Campo Santo"
2000000,92.69,House Flipper,Empyrean,"Frozen District, PlayWay S.A."
2000000,96.77,Half-Life: Alyx,Valve,Valve
1000000,96.92,DELTARUNE,tobyfox,tobyfox
2000000,84.04,Warhammer: Vermintide 2,Fatshark,Fatshark
2000000,78.76,Tom Clancy's Ghost Recon® Wildlands,"Ubisoft Paris, Ubisoft Annecy, Ubisoft Bucharest, Ubisoft Montpellier, Ubisoft Milan, Reflections, Ubisoft Belgrade",Ubisoft
10000000,92.40,Grim Dawn,Crate Entertainment,Crate Entertainment
2000000,91.49,This War of Mine,11 bit studios,11 bit studios
5000000,90.87,Metro 2033 Redux,4A Games,Deep Silver
2000000,91.86,Gunfire Reborn,Duoyi Games,Duoyi Games
5000000,91.04,Total War: WARHAMMER II,"CREATIVE ASSEMBLY, Feral Interactive (Mac), Feral Interactive (Linux)","SEGA, Feral Interactive"
2000000,85.09,Enshrouded,Keen Games GmbH,Keen Games GmbH
2000000,86.76,Killing Floor 2,Tripwire Interactive,Tripwire Interactive
2000000,82.61,Crimson Desert,Pearl Abyss,Pearl Abyss
2000000,90.46,Insurgency,New World Interactive,New World Interactive
2000000,87.69,Middle-earth™: Shadow of War™,Monolith Productions,WB Games
2000000,76.68,The Crew™ 2,Ivory Tower,Ubisoft
1000000,85.62,Mafia: Definitive Edition,Hangar 13,2K
2000000,86.86,Mortal Kombat 11,"NetherRealm Studios, QLOC, Shiver","Warner Bros. Games, Warner Bros. Interactive Entertainment"
2000000,94.98,Cookie Clicker,"Orteil, DashNet",Playsaurus
1000000,94.20,Outer Wilds,Mobius Digital,Annapurna Interactive
2000000,95.99,Dyson Sphere Program,Youthcat Studio,Gamirror Games
2000000,91.45,The Outlast Trials,Red Barrels,Red Barrels
2000000,94.63,GRIS,Nomada Studio,Devolver Digital
2000000,93.66,CarX Drift Racing Online,"CarX Technologies, LLC","CarX Technologies, LLC"
5000000,83.36,Escape From Duckov,Team Soda,bilibili
2000000,93.96,Resident Evil 7 Biohazard,CAPCOM Co. Ltd.,CAPCOM Co. Ltd.
2000000,82.99,DARK SOULS™ II: Scholar of the First Sin,FromSoftware Inc.,"Bandai Namco Entertainment, FromSoftware Inc."
2000000,81.91,Resident Evil 3,CAPCOM Co. Ltd.,CAPCOM Co. Ltd.
2000000,91.46,Days Gone,Bend Studio,PlayStation Publishing LLC
2000000,93.75,Noita,Nolla Games,Nolla Games
5000000,83.46,XCOM® 2,"Firaxis Games, Feral Interactive (Mac), Feral Interactive (Linux)","2K, Feral Interactive"
2000000,89.81,Planet Zoo,Frontier Developments,Frontier Developments
2000000,93.79,Enter the Gungeon,Dodge Roll,Devolver Digital
1000000,95.57,OMORI,"OMOCAT, LLC","OMOCAT, LLC"
2000000,90.86,Supermarket Simulator,Nokta Games,Nokta Games
2000000,71.44,Fallout 76,Bethesda Game Studios,Bethesda Softworks
5000000,78.08,Conan Exiles,Funcom,Funcom
2000000,92.63,A Dance of Fire and Ice,7th Beat Games,"7th Beat Games, indienova"
1000000,95.19,Ravenfield,SteelRaven7,SteelRaven7
2000000,92.57,Resident Evil 4 (2005),Capcom,Capcom
2000000,81.25,Getting Over It with Bennett Foddy,Bennett Foddy,Bennett Foddy
2000000,94.38,Mirror,KAGAMI WORKS,Paradise Project
2000000,83.44,Manor Lords,Slavic Magic,Hooded Horse
2000000,89.76,NARUTO SHIPPUDEN: Ultimate Ninja STORM 4,CyberConnect2 Co. Ltd.,BANDAI NAMCO Entertainment
2000000,95.71,"Papers, Please",Lucas Pope,3909
2000000,90.62,METAL GEAR SOLID V: THE PHANTOM PAIN,KONAMI,KONAMI
5000000,87.14,Assassin’s Creed® IV Black Flag™,Ubisoft Montreal,Ubisoft
2000000,90.66,Grand Theft Auto: San Andreas,Rockstar Games,Rockstar Games
2000000,82.76,Shadow of the Tomb Raider: Definitive Edition,"Eidos-Montréal, Crystal Dynamics, Nixxes, Feral Interactive (Mac), Feral interactive (Linux)","Crystal Dynamics, Feral Interactive"
2000000,93.99,Beat Saber,Beat Games,Beat Games
5000000,78.17,Company of Heroes 2,"Relic Entertainment, Feral Interactive (Mac), Feral Interactive (Linux)","Relic Entertainment, Feral Interactive"
2000000,94.53,METAL GEAR RISING: REVENGEANCE,PlatinumGames,KONAMI
2000000,89.30,DEVOUR,Straight Back Games,Straight Back Games
2000000,91.26,Farming Simulator 22,Giants Software,Giants Software
2000000,82.42,TEKKEN 7,BANDAI NAMCO Studios Inc.,BANDAI NAMCO Entertainment
5000000,92.91,Content Warning,"Zorro, Wilnyl, Philip, thePetHen, Skog",Evil Landfall?
2000000,92.70,Hotline Miami 2: Wrong Number,Dennaton Games,Devolver Digital
2000000,96.32,Katana ZERO,Askiisoft,Devolver Digital
2000000,90.25,ARMORED CORE™ VI FIRES OF RUBICON™,FromSoftware Inc.,"FromSoftware Inc., Bandai Namco Entertainment Inc."
1000000,96.66,Pizza Tower,Tour De Pizza,Tour De Pizza
2000000,79.11,Friday the 13th: The Game,IllFonic,Gun Media
2000000,92.95,Farming Simulator 19,Giants Software,Giants Software
1000000,85.21,Five Nights at Freddy's: Security Breach,Steel Wool Studios,ScottGames
1000000,69.63,Dune: Awakening,Funcom,Funcom
5000000,89.29,RV There Yet?,Nuggets Entertainment,Nuggets Entertainment
1000000,94.41,The Planet Crafter,Miju Games,Miju Games
5000000,72.93,Black Desert,Pearl Abyss,Pearl Abyss
2000000,93.62,FTL: Faster Than Light,Subset Games,Subset Games
1000000,55.70,Wolcen: Lords of Mayhem,WOLCEN Studio,WOLCEN Studio
1000000,93.88,Yakuza 0,Ryu Ga Gotoku Studio,SEGA
2000000,79.16,No Rest for the Wicked,Moon Studios GmbH,Moon Studios GmbH
2000000,53.68,Cities: Skylines II,"Iceflake Studios, Colossal Order",Paradox Interactive
2000000,92.43,Ghost of Tsushima DIRECTOR'S CUT,"Sucker Punch Productions, Nixxes Software",PlayStation Publishing LLC
2000000,95.92,South Park™: The Stick of Truth™,Obsidian Entertainment,Ubisoft
5000000,87.65,Prison Architect,"Introversion Software, Double Eleven",Paradox Interactive
2000000,89.80,Planet Coaster,"Frontier Developments, Aspyr (Mac)","Frontier Developments, Aspyr"
2000000,89.14,Overcooked! 2,"Ghost Town Games Ltd., Team17",Team17
2000000,92.54,Barotrauma,"FakeFish, Undertow Games",Daedalic Entertainment
1000000,91.84,A Plague Tale: Innocence,Asobo Studio,Focus Entertainment
1000000,94.85,Blade and Sorcery,WarpFrog,WarpFrog
2000000,82.84,Total War: ROME II - Emperor Edition,"CREATIVE ASSEMBLY, Feral Interactive","SEGA, Feral Interactive"
1000000,95.81,WEBFISHING,lamedeveloper,lamedeveloper
5000000,94.74,Left 4 Dead,Valve,Valve
500000,89.24,Dead Space,Motive,Electronic Arts
1000000,96.56,OneShot,Future Cat LLC,KOMODO
2000000,92.64,Stellar Blade™,SHIFT UP Corporation,PlayStation Publishing LLC (excluding China)
2000000,95.58,BattleBlock Theater®,The Behemoth,The Behemoth
2000000,78.72,Party Animals,Recreate Games,Source Technology
1000000,90.50,Lies of P,NEOWIZ,NEOWIZ
1000000,68.18,Back 4 Blood,Turtle Rock Studios,Warner Bros. Games
2000000,89.47,Goat Simulator,Coffee Stain Studios,Coffee Stain Publishing
2000000,84.10,Northgard: Definitive Edition,Shiro Games,Shiro Games
2000000,89.08,DRAGON BALL FighterZ,Arc System Works,Bandai Namco Entertainment
1000000,92.70,Plague Inc: Evolved,Ndemic Creations,Ndemic Creations
2000000,94.59,Batman: Arkham City - Game of the Year Edition,Rocksteady Studios,WB Games
2000000,89.76,Sniper Elite 4,Rebellion,Rebellion
1000000,96.86,The Henry Stickmin Collection,PuffballsUnited,Innersloth
2000000,45.83,EA SPORTS FC™ 26,"EA Canada, EA Romania",Electronic Arts
1000000,90.10,DARK SOULS™: Prepare To Die™ Edition,FromSoftware Inc.,Bandai Namco Entertainment
1000000,88.91,Stormworks: Build and Rescue,Geometa,Geometa
1000000,89.53,Outlast 2,Red Barrels,Red Barrels
2000000,85.57,HITMAN World of Assassination,IO Interactive A/S,IO Interactive A/S
2000000,95.74,The Walking Dead,Telltale Games,Skybound Games
2000000,92.13,Five Nights at Freddy's,Scott Cawthon,Scott Cawthon
2000000,84.12,Gang Beasts,"Boneloaf, Rocket Science",Boneloaf
2000000,88.63,Chained Together,Anegar Games,Anegar Games
5000000,93.41,Little Nightmares,Tarsier Studios,BANDAI NAMCO Entertainment
1000000,93.20,Brick Rigs,Fluppisoft GmbH,Fluppisoft GmbH
1000000,91.76,DEATH STRANDING,KOJIMA PRODUCTIONS,505 Games
1000000,88.39,Blasphemous,The Game Kitchen,Team17
1000000,64.04,Diablo® IV,Blizzard Entertainment Inc.,Blizzard Entertainment Inc.
1000000,91.67,Skul: The Hero Slayer,SOUTHPAW GAMES,NEOWIZ
2000000,95.23,Broforce,Free Lives,Devolver Digital
1000000,92.49,Lobotomy Corporation | Monster Management Simulation,ProjectMoon,ProjectMoon
1000000,89.87,Gorilla Tag,Another Axiom Inc.,Another Axiom Inc.
1000000,92.92,The Hungry Lamb: Traveling in the Late Ming Dynasty,零创游戏(ZerocreationGame),"零创游戏(ZerocreationGame), 2P Games"
1000000,93.13,The Binding of Isaac,"Edmund McMillen, Florian Himsl",Edmund McMillen
2000000,86.59,DRAGON BALL: Sparking! ZERO,Spike Chunsoft Co. Ltd.,Bandai Namco Entertainment
1000000,87.47,The Long Drive,Genesz,Genesz
2000000,85.99,Jurassic World Evolution,Frontier Developments,Frontier Developments
1000000,91.53,Little Nightmares II,Tarsier Studios,BANDAI NAMCO Entertainment
2000000,89.81,Car Mechanic Simulator 2018,Red Dot Games,PlayWay S.A.
1000000,91.40,Core Keeper,Pugstorm,"Fireshine Games, bilibili"
1000000,93.55,WorldBox - God Simulator,Maxim Karpenko,Maxim Karpenko
2000000,91.56,Hitman: Absolution™,Io-Interactive A/S,Io-Interactive A/S
2000000,88.43,Liar's Bar,Curve Animation,Curve Animation
2000000,44.68,PAYDAY 3,Starbreeze Studios,Starbreeze Entertainment
2000000,92.88,Tabletop Simulator,Berserk Games,Berserk Games
1000000,93.53,Besiege,Spiderling Studios,Spiderling Studios
1000000,88.32,Age of History II,Łukasz Jakowski,Łukasz Jakowski Games
50000000,90.26,Team Fortress 2,Valve,Valve
50000000,90.26,Team Fortress 2,Valve,Valve
5000000,49.83,NBA 2K20,Visual Concepts,2K
1000000,85.00,CONTROL Ultimate Edition,Remedy Entertainment,Remedy Entertainment
2000000,83.07,Remnant: From the Ashes,Gunfire Games,"Arc Games, THQ Nordic"
2000000,89.83,Ghostrunner,"One More Level, 3D Realms, Slipgate Ironworks™, All in! Games",505 Games
1000000,86.87,GUILTY GEAR -STRIVE-,Arc System Works,Arc System Works
1000000,77.95,Watch_Dogs™,Ubisoft,Ubisoft
1000000,93.30,Spiritfarer®: Farewell Edition,Thunder Lotus,Thunder Lotus
1000000,90.92,DEATH STRANDING DIRECTOR'S CUT,KOJIMA PRODUCTIONS,505 Games
2000000,83.82,They Are Billions,Numantian Games,Numantian Games
2000000,82.18,CODE VEIN,Bandai Namco Studios,Bandai Namco Entertainment
1000000,80.02,Foxhole,Siege Camp,Siege Camp
2000000,87.19,Pummel Party,Rebuilt Games,Rebuilt Games
2000000,82.89,GTFO,10 Chambers,10 Chambers
1000000,53.16,TEKKEN 8,Bandai Namco Studios Inc.,Bandai Namco Entertainment
1000000,81.38,REMNANT II®,Gunfire Games,"Arc Games, THQ Nordic"
1000000,85.18,Deep Rock Galactic: Survivor,Funday Games,Ghost Ship Publishing
2000000,94.13,SOMA,Frictional Games,Frictional Games
2000000,94.81,TCG Card Shop Simulator,OPNeon Games,OPNeon Games
500000,93.85,What Remains of Edith Finch,Giant Sparrow,Annapurna Interactive
5000000,81.39,Chivalry: Medieval Warfare,Torn Banner Studios,Torn Banner Studios
2000000,86.41,ACE COMBAT™ 7: SKIES UNKNOWN,Bandai Namco Studios Inc.,Bandai Namco Entertainment
500000,47.21,Escape from Tarkov,Battlestate Games,Battlestate Games
1000000,95.94,Volcano Princess,养蛋人 Egg Hatcher,养蛋人 Egg Hatcher
2000000,78.43,Chivalry 2,Torn Banner Studios,Tripwire Presents
200000,78.01,Arma Reforger,Bohemia Interactive,Bohemia Interactive
1000000,91.62,DRAGON BALL Z: KAKAROT,CyberConnect2 Co. Ltd.,Bandai Namco Entertainment Inc.
1000000,55.09,WUCHANG: Fallen Feathers,Leenzee,505 Games
1000000,73.42,Stranded Deep,Beam Team Games,Beam Team Publishing
2000000,88.60,Alan Wake,Remedy Entertainment,Remedy Entertainment
500000,96.01,A Hat in Time,Gears for Breakfast,Gears for Breakfast
2000000,82.53,NARUTO TO BORUTO: SHINOBI STRIKER,Soleil Ltd.,Bandai Namco Entertainment
2000000,85.52,Rising Storm 2: Vietnam,"Antimatter Games, Tripwire Interactive",Tripwire Interactive
1000000,88.57,DRAGON BALL XENOVERSE 2,"QLOC, Dimps Corporation",Bandai Namco Entertainment
1000000,91.88,PC Building Simulator,"Claudiu Kiss, The Irregular Corporation",The Irregular Corporation
1000000,92.07,ENDER LILIES: Quietus of the Knights,"Live Wire, Adglobe",Binary Haze Interactive
1000000,88.98,Medieval Dynasty,Render Cube,Toplitz Productions
2000000,90.43,Mewgenics,"Edmund McMillen, Tyler Glaiel","Edmund McMillen, Tyler Glaiel"
1000000,92.39,Rain World,Videocult,Akupara Games
1000000,92.76,Slime Rancher 2,Monomi Park,Monomi Park
500000,95.80,Firework,Shiying Studio,Gamirror Games
1000000,68.85,Victoria 3,Paradox Development Studio,Paradox Interactive
500000,95.42,SANABI,WONDER POTION,NEOWIZ
2000000,90.78,The Stanley Parable,Galactic Cafe,"Galactic Cafe, Klei Publishing"
1000000,93.42,Game Dev Tycoon,Greenheart Games 💚,Greenheart Games 💚
1000000,61.33,NBA 2K23,Visual Concepts,2K
1000000,94.01,Ultimate Chicken Horse,Clever Endeavour Games,Clever Endeavour Games
500000,74.63,Bodycam,Reissad Studio,Reissad Studio
1000000,75.30,EA SPORTS™ FIFA 21,EA Canada,Electronic Arts
2000000,93.32,Killing Floor,Tripwire Interactive,Tripwire Interactive
500000,93.22,SILENT HILL 2,Bloober Team SA,KONAMI
500000,72.78,Tom Clancy's Ghost Recon® Breakpoint,Ubisoft Paris,Ubisoft
1000000,88.68,Jurassic World Evolution 2,Frontier Developments,Frontier Developments
500000,68.86,Assassin's Creed Valhalla,Ubisoft Montreal,Ubisoft
1000000,79.36,Inside the Backrooms,MrFatcat,"MrFatcat, Dropsiick"
500000,94.08,Abiotic Factor,Deep Field Games,Playstack
2000000,84.71,Mortal Kombat X,"NetherRealm Studios, QLOC","Warner Bros. Games, Warner Bros. Interactive Entertainment"
5000000,86.57,Poppy Playtime,Mob Entertainment,Mob Entertainment
2000000,88.50,Granblue Fantasy: Relink,Cygames Inc.,Cygames Inc.
1000000,87.32,Pavlov,Vankrupt Games,Vankrupt Games
1000000,78.09,"Ranch Simulator: Build, Hunt, Farm",Toxic Dog,Excalibur Games
2000000,88.79,Banished,Shining Rock Software LLC,Shining Rock Software LLC
1000000,92.68,Persona 3 Reload,ATLUS,SEGA
1000000,92.62,Library Of Ruina,ProjectMoon,ProjectMoon
1000000,47.30,ATLAS,"Grapeshot Games, Instinct Games","Grapeshot Games, Snail Games USA"
2000000,85.54,Ryse: Son of Rome,Crytek,Crytek
1000000,91.11,Potion Craft: Alchemist Simulator,niceplay games,tinyBuild
1000000,86.60,Thief Simulator,Noble Muffins,PlayWay S.A.
1000000,91.57,Love Is All Around,intiny,intiny
1000000,91.60,Marvel’s Spider-Man: Miles Morales,"Insomniac Games, Nixxes Software",PlayStation Publishing LLC
1000000,93.90,Timberborn,Mechanistry,Mechanistry
1000000,90.06,Bright Memory: Infinite,FYQD-Studio,"FYQD-Studio, PLAYISM"
1000000,89.85,MudRunner,Saber Interactive,Focus Entertainment
500000,91.25,KovaaK's,KovaaK Games,KovaaK Games
2000000,92.29,Mafia II (Classic),2K Czech,2K
1000000,66.51,Hero Siege,Panic Art Studios Ltd,Panic Art Studios Ltd
1000000,89.56,Men of War: Assault Squad 2,Digitalmindsoft,Fulqrum Publishing
1000000,94.52,Your Only Move Is HUSTLE,Ivy Sly,Ivy Sly
1000000,67.58,REMATCH,Sloclap,"Sloclap, Kepler Interactive"
1000000,91.24,暖雪 Warm Snow,BadMudStudio,bilibili
1000000,88.04,Forager,HopFrog,Balor Games
1000000,92.70,Nine Sols,RedCandleGames,RedCandleGames
1000000,89.89,My Time at Portia,Pathea Games,Focus Entertainment
1000000,64.62,The Callisto Protocol™,Striking Distance Studios,KRAFTON Inc.
1000000,94.26,Clone Drone in the Danger Zone,Doborog Games,Doborog Games
1000000,79.29,Atomic Heart,Mundfish,"Focus Entertainment, 4Divinity"
1000000,66.74,Lords of the Fallen,CI Games,CI Games
1000000,93.85,Car Mechanic Simulator 2021,Red Dot Games,PlayWay S.A.
500000,74.87,Deadside,Bad Pixel,"Bad Pixel, tinyBuild"
500000,93.08,Wandering Sword,The Swordman Studio,Spiral Up Games
1000000,90.50,BONEWORKS,Stress Level Zero,Stress Level Zero
2000000,93.42,ROUNDS,Landfall,Landfall
1000000,94.07,Danganronpa: Trigger Happy Havoc,"Spike Chunsoft Co. Ltd., Abstraction Games",Spike Chunsoft Co. Ltd.
500000,94.71,The Walking Dead: The Telltale Definitive Series,Skybound Games,Skybound Games
1000000,86.36,Beyond: Two Souls,Quantic Dream,Quantic Dream
500000,94.09,The Coffin of Andy and Leyley,Kit9 Studio,Kit9 Studio
1000000,92.60,Brothers - A Tale of Two Sons,Starbreeze Studios AB,505 Games
1000000,85.09,Farming Simulator 25,GIANTS Software,GIANTS Software
1000000,90.97,Loop Hero,Four Quarters,Devolver Digital
1000000,87.85,嗜血印 Bloody Spell,艺龙游戏,艺龙游戏
500000,95.35,VA-11 Hall-A: Cyberpunk Bartender Action,Sukeban Games,"Ysbryd Games, PLAYISM"
1000000,32.55,NBA 2K24,Visual Concepts,2K
1000000,92.48,MX Bikes,PiBoSo,PiBoSo
2000000,90.96,Torchlight II,Runic Games,XD
1000000,94.02,Rivals of Aether,Aether Studios,Aether Studios
2000000,82.30,Pathfinder: Wrath of the Righteous - Enhanced Edition,Owlcat Games,"META Publishing, Owlcat Games"
1000000,92.24,The Stanley Parable: Ultra Deluxe,Crows Crows Crows,Crows Crows Crows
2000000,84.75,Pacify,Shawn Hitchcock,Hitchcock Games
1000000,76.98,Total War: WARHAMMER,"CREATIVE ASSEMBLY, Feral Interactive (Linux), Feral Interactive (Mac)","SEGA, Feral Interactive"
2000000,69.28,Call of Duty®: WWII,"Sledgehammer Games, Raven Software",Activision
500000,93.49,Mouthwashing,Wrong Organ,CRITICAL REFLEX
500000,96.51,Senren＊Banka,YUZUSOFT,"HIKARI FIELD, NekoNyan Ltd."
1000000,73.50,Stoneshard,Ink Stains Games,HypeTrain Digital
500000,86.77,DARK SOULS™ II,FromSoftware Inc.,"BANDAI NAMCO Entertainment, FromSoftware Inc."
2000000,83.87,Battlefield: Bad Company™ 2,DICE,Electronic Arts
500000,81.13,City Car Driving,Forward Development Ltd.,Forward Global Group Ltd.
500000,92.79,Against the Storm,Eremite Games,Hooded Horse
1000000,75.26,Assassin’s Creed Shadows,"Ubisoft Quebec, Ubisoft Belgrade, Ubisoft Bordeaux, Ubisoft Bucharest & Craiova, Ubisoft Chengdu, Ubisoft Montpellier, Ubisoft Montreal, Ubisoft Osaka, Ubisoft Philippines, Ubisoft Shanghai, Ubisoft Singapore, Ubisoft Sofia, Ubisoft Ukraine",Ubisoft
5000000,89.40,HITMAN™ 2,IO Interactive A/S,IO Interactive A/S
500000,70.45,Far Cry® 6,"Ubisoft Toronto, Ubisoft Montreal, Ubisoft Kyiv, Ubisoft Shanghai, Ubisoft Berlin",Ubisoft
1000000,82.59,Draw & Guess,Acureus,Acureus
500000,80.16,Temtem,Crema,Balor Games
1000000,90.98,Assetto Corsa Competizione,Kunos Simulazioni,505 Games
1000000,86.34,Town of Salem,BlankMediaGames,Digital Bandidos
2000000,88.57,Crusader Kings II,Paradox Development Studio,Paradox Interactive
500000,70.82,Mortal Kombat 1,"NetherRealm Studios, QLOC",Warner Bros. Games
1000000,85.18,Wartales,Shiro Games,Shiro Games
1000000,95.18,Wobbly Life,RubberBandGames,RubberBandGames
500000,94.70,Return of the Obra Dinn,Lucas Pope,3909
2000000,86.42,For The King,IronOak Games,Curve Games
1000000,94.09,Shadow Tactics: Blades of the Shogun,Mimimi Games,Daedalic Entertainment
500000,94.51,Milk inside a bag of milk inside a bag of milk,Nikita Kryukov,Nikita Igorevich Studio
500000,57.19,NBA 2K22,Visual Concepts,2K
2000000,78.76,Assassin's Creed® Syndicate,"Ubisoft Quebec, in collaboration with Ubisoft Annecy, Bucharest, Kiev, Montreal, Montpellier, Shanghai, Singapore, Sofia, Toronto studios",Ubisoft
500000,93.54,Halls of Torment,Chasing Carrots,Chasing Carrots
1000000,88.31,Bright Memory,FYQD-Studio,"FYQD-Studio, PLAYISM"
1000000,86.58,Wreckfest,Bugbear,THQ Nordic
10000000,86.19,"Warhammer 40,000: Rogue Trader",Owlcat Games,Owlcat Games
1000000,91.56,Kingdoms and Castles,"Lion Shield, LLC","Lion Shield, LLC"
500000,86.70,Backrooms: Escape Together,Triiodide Studios,Triiodide Studios
2000000,88.64,Kingdom Two Crowns,"Stumpy🐙Squid, Fury Studios, Coatsink",Raw Fury
500000,95.94,Crime Scene Cleaner,President Studio,"President Studio, PlayWay S.A."
1000000,83.41,Call to Arms - Gates of Hell: Ostfront,"Barbedwire Studios, Digitalmindsoft",Digitalmindsoft
1000000,78.34,Starship Troopers: Extermination,Offworld,Offworld
1000000,86.91,God of War Ragnarök,"Santa Monica Studio, Jetpack Interactive",PlayStation Publishing LLC
1000000,86.94,DJMAX RESPECT V,NEOWIZ,NEOWIZ
500000,92.39,BlazBlue Entropy Effect,91Act,"91Act, Astrolabe Games"
1000000,91.23,ShellShock Live,kChamp Games,kChamp Games
500000,94.72,Slay the Princess — The Pristine Cut,Black Tabby Games,"Black Tabby Games, Serenity Forge"
1000000,91.57,Bloodstained: Ritual of the Night,ArtPlay,505 Games
2000000,72.02,Skullgirls 2nd Encore,Hidden Variable Studios,Autumn Games
1000000,77.36,Empyrion - Galactic Survival,Eleon Game Studios,Eleon Game Studios
1000000,93.35,The Talos Principle,Croteam,"Devolver Digital, Croteam"
1000000,84.66,Verdun,BlackMill Games,BlackMill Games
2000000,53.68,World War 3,New Generation Games,Wishlist Games
1000000,93.20,ASTLIBRA Revision,KEIZO,WhisperGames
500000,93.87,Danganronpa 2: Goodbye Despair,"Spike Chunsoft Co. Ltd., Abstraction Games",Spike Chunsoft Co. Ltd.
2000000,92.84,Dwarf Fortress,Bay 12 Games,Kitfox Games
500000,94.83,Doki Doki Literature Club Plus!,Team Salvato,Serenity Forge
1000000,82.38,Hand Simulator,HFM Games,HFM Games
1000000,93.94,Paint the Town Red,South East Games,South East Games
200000,86.34,Tainted Grail: The Fall of Avalon,Questline,Awaken Realms
500000,76.48,Zero Hour,AttritoM7 Productions,AttritoM7 Productions
2000000,92.55,Super Meat Boy,Team Meat,Team Meat
1000000,41.87,NBA 2K21,Visual Concepts,2K
2000000,91.78,Spec Ops: The Line,YAGER,"2K, Missing Link Games"
500000,94.04,Stacklands,Sokpop Collective,Sokpop Collective
1000000,92.59,CARRION,Phobia Game Studio,Devolver Digital
2000000,93.41,Bastion,Supergiant Games,Supergiant Games
500000,80.70,Riders Republic,"Ubisoft Annecy, Ubisoft Belgrade, Ubisoft Kyiv, Ubisoft Pune, Ubisoft Odesa",Ubisoft Entertainment
1000000,92.02,Transistor,Supergiant Games,Supergiant Games
1000000,93.32,Blood and Bacon,Big Corporation,Grunge Games LTD
2000000,89.11,Age of Empires® III (2007),Ensemble Studios,Xbox Game Studios
1000000,89.04,20 Minutes Till Dawn,flanne,"flanne, Erabit"
2000000,85.20,Tales of ARISE,Bandai Namco Studios Inc.,Bandai Namco Entertainment
500000,27.43,Kerbal Space Program 2,Intercept Games,Private Division
1000000,89.75,SUPERHOT,SUPERHOT Team,SUPERHOT Team
1000000,75.30,inZOI,inZOI Studio,KRAFTON Inc.
1000000,92.63,Superliminal,Pillow Castle,Pillow Castle
500000,92.27,Yakuza: Like a Dragon,Ryu Ga Gotoku Studio,SEGA
1000000,94.25,Dorfromantik,Toukana Interactive,Toukana Interactive
500000,95.06,Hi-Fi RUSH,Tango Gameworks,KRAFTON Inc.
200000,96.13,Chants of Sennaar,Rundisc,Focus Entertainment
500000,81.38,Tiny Bunny,"Saikono, Sokar",Serenity Forge
500000,86.39,DOOM: The Dark Ages,id Software,Bethesda Softworks
1000000,93.69,Total War: MEDIEVAL II – Definitive Edition,"CREATIVE ASSEMBLY, Feral Interactive (Mac), Feral Interactive (Linux)","SEGA, Feral Interactive"
1000000,94.39,Universe Sandbox,Giant Army,Giant Army
1000000,94.55,The Walking Dead: Season Two,Telltale Games,Skybound Games
1000000,91.25,觅长生,Chalcedony Network,Chalcedony Network
1000000,87.68,Divinity: Original Sin - Enhanced Edition,Larian Studios,Larian Studios
1000000,79.95,Tricolour Lovestory,HL-Galgame,SakuraGame
500000,80.52,Marvel's Spider-Man 2,"Insomniac Games, Nixxes Software",PlayStation Publishing LLC
1000000,84.17,F1® 2021,Codemasters,Electronic Arts
1000000,84.51,Hydroneer,Foulball Hangover,Foulball Hangover
1000000,91.80,F1® 2020,Codemasters,"Codemasters, Electronic Arts"
500000,95.75,Crab Champions,Noisestorm,Noisestorm
500000,50.89,Broken Arrow,Steel Balalaika,Slitherine Ltd.
1000000,88.72,Transport Fever 2,Urban Games,Good Shepherd Entertainment
2000000,78.60,Who's Your Daddy?!,Evil Tortilla Games,Evil Tortilla Games
2000000,88.74,Titan Quest Anniversary Edition,"Iron Lore Entertainment, THQ Nordic",THQ Nordic
500000,85.76,RoboCop: Rogue City,Teyon,Nacon
500000,88.10,Holdfast: Nations At War,Anvil Game Studios,Anvil Game Studios
2000000,94.65,Duck Game,Landon Podbielski,CORPTRON GAMES CORP.
500000,89.46,Soulstone Survivors,Game Smithing Limited,Game Smithing Limited
500000,95.59,Fields of Mistria,NPC Studio,NPC Studio
1000000,88.09,ICEY,FantaBlade Network,XD
2000000,90.66,Red Orchestra 2: Heroes of Stalingrad with Rising Storm,Tripwire Interactive,Tripwire Interactive
2000000,92.05,BioShock™,"2K Boston, 2K Australia",2K
1000000,86.39,Battle Brothers,Overhype Studios,"Hooded Horse, Overhype Studios"
1000000,92.00,Dead Space™ 2,Visceral Games,Electronic Arts
2000000,93.26,Half-Life: Opposing Force,Gearbox Software,Valve
500000,59.06,Wayfinder,Airship Syndicate,Airship Syndicate
1000000,95.09,Sally Face - Episode One,Portable Moose,Portable Moose
1000000,94.47,DOOM + DOOM II,"id Software, Nightdive Studios",Bethesda
1000000,93.50,My Friend Pedro,DeadToast Entertainment,Devolver Digital
1000000,88.66,Golf It!,Perfuse Entertainment,Perfuse Entertainment
500000,83.41,UBOAT,Deep Water Studio,PlayWay S.A.
500000,91.08,"No, I'm not a Human",Trioskaz,CRITICAL REFLEX
1000000,90.05,Dinkum,James Bendon,KRAFTON Inc.
1000000,90.78,Grand Theft Auto: Vice City,Rockstar Games,Rockstar Games
1000000,65.84,Marvel's Avengers - The Definitive Edition,"Crystal Dynamics, Eidos-Montréal, Nixxes",Crystal Dynamics
500000,95.96,Rhythm Doctor,7th Beat Games,"7th Beat Games, indienova"
1000000,93.59,HuniePop,HuniePot,HuniePot
1000000,85.45,Shadow Warrior 2,Flying Wild Hog,Devolver Digital
500000,94.84,STEINS;GATE,MAGES. Inc.,Spike Chunsoft Co. Ltd.
1000000,82.78,Hatred,Destructive Creations,Destructive Creations
500000,87.31,Bendy and the Ink Machine,Joey Drew Studios,Joey Drew Studios
1000000,92.21,Sultan's Game,Double Cross,2P Games
2000000,81.87,HITMAN™,"IO Interactive A/S, Feral Interactive (Linux), Feral Interactive (Mac)","IO Interactive A/S, Feral Interactive"
500000,74.89,Hurtworld,Bankroll Studios,Bankroll Studios
500000,93.11,FAR: Lone Sails,Okomotive,Okomotive
500000,86.44,My Time at Sandrock,Pathea Games,"Pathea Games, Focus Entertainment, PM Studios Inc., DMM Games"
500000,92.81,Contraband Police,Crazy Rocks,PlayWay S.A.
1000000,78.51,X4: Foundations,Egosoft,Egosoft
1000000,88.93,PICO PARK,TECOPARK,TECOPARK
500000,88.86,Workers & Resources: Soviet Republic,3Division,Hooded Horse
1000000,86.28,Depth,Ammobox Studios,Ammobox Studios
2000000,82.06,Sniper Elite 5,Rebellion,Rebellion
500000,86.19,Gas Station Simulator,DRAGO entertainment,"DRAGO entertainment, Shochiku"
1000000,93.40,Crypt of the NecroDancer,Brace Yourself Games,"Brace Yourself Games, Klei Entertainment"
500000,94.15,LIZARDS MUST DIE,the Bratans,"Smola Game Studio, Agafonoff"
1000000,90.71,Summer Memories,Dojin Otome,Kagura Games
500000,93.02,NEKOPARA Vol. 1,NEKO WORKs,Sekai Project
500000,83.77,Heavy Rain,Quantic Dream,Quantic Dream
500000,95.45,There Is No Game: Wrong Dimension,Draw Me A Pixel,Draw Me A Pixel
1000000,91.64,Five Nights at Freddy's 2,Scott Cawthon,Scott Cawthon
1000000,95.39,Just Shapes & Beats,Berzerk Studio,Berzerk Studio
200000,65.16,Miscreated,Entrada Interactive LLC,Entrada Interactive LLC
1000000,81.32,World War Z,Saber Interactive Inc,Saber Interactive Inc
1000000,56.80,Company of Heroes 3,Relic Entertainment,Relic Entertainment
1000000,79.18,Assassin's Creed™: Director's Cut Edition,Ubisoft Montreal,Ubisoft
1000000,91.22,Necesse,Fair Games ApS,Fair Games ApS
1000000,89.43,Chinese Parents,墨鱼玩游戏,墨鱼玩游戏
1000000,61.36,Just Cause 4 Reloaded,Avalanche Studios,Square Enix
500000,94.03,Mini Motorways,Dinosaur Polo Club,Dinosaur Polo Club
1000000,73.93,Darkest Dungeon® II,Red Hook Studios,Red Hook Studios
1000000,91.42,Farming Simulator 17,GIANTS Software,GIANTS Software
2000000,92.17,SpeedRunners,DoubleDutch Games,tinyBuild
1000000,84.80,Farthest Frontier,Crate Entertainment,Crate Entertainment
200000,80.60,Pro Soccer Online,Skywall Studios LLC,Skywall Studios LLC
1000000,93.64,Mindustry,AnukenDev,AnukenDev
500000,79.67,RuneScape: Dragonwilds,Jagex Ltd,Jagex Ltd
1000000,82.40,BATTLETECH,Harebrained Schemes,Paradox Interactive
1000000,89.86,Beholder,Alawar Stargaze (Warm Lamp Games),Alawar
500000,83.88,Hello Neighbor,Dynamic Pixels,tinyBuild
500000,71.19,Europa Universalis V,Paradox Tinto,Paradox Interactive
10000000,85.31,Life is Strange 2,"DONTNOD Entertainment, Feral Interactive (Mac), Feral Interactive (Linux)","Square Enix, Feral Interactive"
500000,94.05,Thronefall,"GrizzlyGames, Mythwright",Mythwright
1000000,94.84,"Hot Dogs, Horseshoes & Hand Grenades",RUST LTD.,RUST LTD.
1000000,93.43,BALL x PIT,Kenny Sun and Friends,Devolver Digital
500000,87.66,Sonic Frontiers,Sonic Team,SEGA
2000000,17.36,The Day Before,FNTASTIC,Mytona Fntastic
200000,93.61,ANIMAL WELL,Billy Basso,Bigmode
1000000,93.64,Untitled Goose Game,House House,Panic
1000000,67.95,HUMANKIND™,AMPLITUDE Studios,AMPLITUDE Studios
500000,67.43,Half Sword,Half Sword Games,Game Seer Publishing
2000000,91.57,PAYDAY™ The Heist,OVERKILL - a Starbreeze Studio.,Starbreeze Entertainment
1000000,94.84,DUSK,David Szymanski,New Blood Interactive
500000,90.94,ABZU,Giant Squid,505 Games
500000,90.00,SurrounDead,Zurvivor,PlaySurrounDead
1000000,88.37,CloverPit,Panik Arcade,Future Friends Games
1000000,94.00,Cruelty Squad,Consumer Softproducts,Consumer Softproducts
500000,95.01,Tiny Glade,Pounce Light,Pounce Light
2000000,86.47,Serious Sam 3: BFE,Croteam,Devolver Digital
2000000,83.37,Battlerite,Stunlock Studios,Stunlock Studios
200000,90.52,AI LIMIT,Sense Games,CE-Asia
500000,79.42,Sun Haven,Pixel Sprout Studios,Pixel Sprout Studios
1000000,92.77,Darkwood,Acid Wizard Studio,"Hooded Horse, Acid Wizard Studio"
500000,75.24,FINAL FANTASY VII REBIRTH,Square Enix,Square Enix
1000000,78.32,Aliens: Fireteam Elite,Cold Iron Studios,"Cold Iron Studios, Focus Entertainment"
1000000,88.47,The Riftbreaker,EXOR Studios,"EXOR Studios, Surefire.Games"
5000000,89.55,Counter-Strike: Condition Zero,Valve,Valve
1000000,88.96,Total War: EMPIRE – Definitive Edition,"CREATIVE ASSEMBLY, Feral Interactive (Mac), Feral Interactive (Linux)","SEGA, Feral Interactive"
1000000,86.75,GROUND BRANCH,BlackFoot Studios,MicroProse Software
500000,89.65,Road 96 🛣️,Digixart,THQ Nordic
500000,67.81,F1® 22,Codemasters,Electronic Arts
500000,79.27,Blackwake,Mastfire Studios Pty Ltd,Mastfire Studios Pty Ltd
200000,96.08,ATRI -My Dear Moments-,"Frontwing, 枕",ANIPLEX.EXE
1000000,81.46,Danganronpa V3: Killing Harmony,Spike Chunsoft Co. Ltd.,Spike Chunsoft Co. Ltd.
2000000,86.39,DiRT Rally,"Codemasters, Feral Interactive (Linux), Feral Interactive (Mac)","Codemasters, Feral Interactive, Electronic Arts"
500000,88.52,Death Must Die,Realm Archive,Realm Archive
500000,86.74,Coral Island,Stairway Games,Balor Games
1000000,61.50,Last Oasis,Donkey Crew,"Donkey Crew, Snail Games USA"
100000,85.47,F1® 25,Codemasters,Electronic Arts
1000000,89.98,Forts,EarthWork Games,EarthWork Games
500000,85.30,GoreBox,Felix Filip,F²Games
1000000,95.45,Baba Is You,Hempuli Oy,Hempuli Oy
500000,89.39,TerraTech,Payload Studios,Mythwright
2000000,92.68,Amnesia: The Dark Descent,Frictional Games,Frictional Games
1000000,95.05,Bopl Battle,Johan Grönvall,Zapray Games
500000,68.08,The Forever Winter,Fun Dog Studios,Fun Dog Studios
500000,81.72,Pacific Drive,Ironwood Studios,Kepler Interactive
200000,95.66,Before Your Eyes,GoodbyeWorld Games,Skybound Games
1000000,93.10,Townscaper,Oskar Stålberg,Raw Fury
500000,76.61,Feed and Grow: Fish,Old B1ood,Greens s.r.o.
2000000,93.18,Call of Juarez: Gunslinger,Techland,Techland Publishing
500000,93.64,Monster Train,Shiny Shoe,Good Shepherd Entertainment
500000,94.40,Milk outside a bag of milk outside a bag of milk,Nikita Kryukov,Nikita Kryukov
500000,79.53,Sunkenland,Vector3 Studio,Vector3 Studio
1000000,87.41,Salt and Sanctuary,Ska Studios,Ska Studios
500000,73.86,Frostpunk 2,11 bit studios,11 bit studios
500000,94.40,The Test,Randumb Studios,Randumb Studios
500000,85.69,Maneater,Tripwire Interactive,Tripwire Interactive
1000000,83.10,The First Berserker: Khazan,Neople,NEXON
1000000,95.07,Fran Bow,Killmonday Games AB,Killmonday Games AB
1000000,64.64,Imperator: Rome,Paradox Development Studio,Paradox Interactive
500000,87.17,High On Life,Squanch Games Inc.,Squanch Games Inc.
200000,77.15,Car For Sale Simulator 2023,Red Axe Games,Red Axe Games
1000000,90.66,Spelunky 2,"Mossmouth, BlitWorks",Mossmouth
500000,92.11,Fear & Hunger,Miro Haverinen,Happy Paintings
500000,95.70,VTOL VR,"Boundless Dynamics, LLC","Boundless Dynamics, LLC"
500000,90.15,Sifu,Sloclap,"Sloclap, Kepler Interactive"
1000000,85.90,Tropico 6,"Limbic Entertainment, Realmforge Studios",Kalypso Media
500000,86.33,The Beginner's Guide,Everything Unlimited Ltd.,"Everything Unlimited Ltd., Klei Publishing"
1000000,74.81,"Warhammer 40,000: Inquisitor - Martyr",NeocoreGames,NeocoreGames
1000000,85.10,Solasta: Crown of the Magister,Tactical Adventures,Tactical Adventures
1000000,70.52,Train Simulator Classic,Dovetail Games,"Dovetail Games - Trains, Dovetail Games"
200000,90.83,9 Kings,Sad Socket,"Hooded Horse, Sidekick Publishing"
1000000,74.24,ORION: Prelude,DANKIE,DANKIE
2000000,83.95,Magicka,Arrowhead Game Studios,Paradox Interactive
1000000,86.61,Horizon Forbidden West™ Complete Edition,"Guerrilla, Nixxes Software",PlayStation Publishing LLC
500000,83.91,Amazing Cultivation Simulator,GSQ Games,"GSQ Games, Gamirror Games"
200000,94.83,Mon Bazou,Santa Goat,Santa Goat
1000000,87.37,Hardspace: Shipbreaker,Blackbird Interactive,Blackbird Interactive
1000000,76.13,Vampyr,DONTNOD Entertainment,Focus Entertainment
200000,65.33,The Texas Chain Saw Massacre,Sumo Digital,Gun Interactive
500000,54.98,Subverse,Studio FOW Interactive,Streembit Ltd
1000000,73.48,Squad 44,Offworld,Offworld
1000000,90.78,X-Plane 11,Laminar Research,Laminar Research
1000000,72.67,The Ascent,Neon Giant,KRAFTON Inc.
500000,93.07,Roboquest,RyseUp Studios,RyseUp Studios
500000,93.71,FlatOut 2,"Bugbear Entertainment, ZOOM Platform Media, Jordan Freeman Group",Strategy First
1000000,74.38,Dragon Age™ Inquisition,BioWare,Electronic Arts
500000,71.72,Mafia: The Old Country,Hangar 13,2K
200000,94.63,ATLYSS,Kiseff,KisSoft
500000,89.00,A Plague Tale: Requiem,Asobo Studio,Focus Entertainment
500000,92.22,Descenders,RageSquid,No More Robots
500000,59.58,Undisputed,Steel City Interactive,Deep Silver
1000000,92.11,Into the Breach,Subset Games,Subset Games
500000,91.03,Death's Door,Acid Nerve,Devolver Digital
500000,92.41,Hatsune Miku: Project DIVA Mega Mix+,SEGA,SEGA
500000,33.26,Football Manager 26,Sports Interactive,SEGA
1000000,84.05,Skater XL - The Ultimate Skateboarding Game,Easy Day Studios Pty Ltd,Easy Day Studios Pty Ltd
500000,87.59,港詭實錄ParanormalHK,Ghostpie Studio,"Ghostpie Studio, Gamera Games"
1000000,83.60,Demonologist,Clock Wizard Games,Clock Wizard Games
200000,95.09,Gorogoa,Buried Signal,Annapurna Interactive
1000000,84.88,Lost Castle / 失落城堡,Hunter Studio,Neon Doctrine
200000,96.72,A Short Hike,adamgryu,adamgryu
500000,89.37,Backpack Battles,PlayWithFurcifer,"IndieArk, Shochiku (Japan)"
1000000,94.65,Super Hexagon,Terry Cavanagh,Terry Cavanagh
1000000,73.92,Craftopia,Pocketpair,Pocketpair
500000,74.91,GreedFall,Spiders,Focus Entertainment
100000,91.22,The NOexistenceN of you AND me,0x0Real Studio,Nino Games
1000000,74.92,Police Simulator: Patrol Officers,Aesir Interactive,astragon Entertainment
1000000,90.45,Half-Life: Blue Shift,Gearbox Software,Valve
500000,87.54,A Game About Digging A Hole™,DoubleBee,"rokaplay select, Drillhounds"
500000,79.17,Bellwright,Donkey Crew,"Donkey Crew, Snail Games USA"
1000000,90.19,Viscera Cleanup Detail,RuneStorm,RuneStorm
2000000,89.86,"Warhammer 40,000: Space Marine - Anniversary Edition",Relic Entertainment,Relic Entertainment
500000,95.32,Finding Paradise,Freebird Games,"Freebird Games, Serenity Forge"
1000000,86.62,Children of Morta,Dead Mage,11 bit studios
1000000,92.69,PlateUp!,It's happening,"Yogscast Games, Gamersky Games"
500000,91.60,Project Wingman,Sector D2,"Sector D2, Balor Games"
1000000,92.04,Night in the Woods,Infinite Fall,Finji
1000000,91.94,Farm Together,Milkstone Studios,Milkstone Studios
1000000,92.11,60 Seconds! Reatomized,Robot Gentleman,Robot Gentleman
1000000,80.51,Day of Infamy,New World Interactive,New World Interactive
500000,82.93,Cooking Simulator,Big Cheese Studio,Big Cheese Studio
1000000,69.53,Tiny Tina's Wonderlands,Gearbox Software,2K
20000,89.11,Mage Arena,jrsjams,jrsjams
2000000,80.96,Need For Speed: Hot Pursuit,Criterion Games,Electronic Arts
2000000,75.17,Tribes of Midgard,Norsfell,Gearbox Publishing
500000,79.55,BONELAB,Stress Level Zero,Stress Level Zero
1000000,95.16,Stronghold Crusader HD (2012),Firefly Studios,Firefly Studios
500000,90.95,Yakuza Kiwami (Legacy),Ryu Ga Gotoku Studio,SEGA
1000000,77.97,Call to Arms,Digitalmindsoft,Digitalmindsoft
20000,92.87,FreshWomen - Season 1,Pantsu Interactive,OppaiMan Studios
500000,84.47,She Will Punish Them,L2 Games,L2 Games
1000000,42.17,Infestation: The New Beginning,Fredaikis AB,OP Productions LLC
5000000,87.56,Football Manager 2020,Sports Interactive,SEGA
500000,92.77,The Walking Dead: The Final Season,Telltale Games,Skybound Games
1000000,81.71,ENDLESS™ Space 2,AMPLITUDE Studios,AMPLITUDE Studios
1000000,82.16,Mechabellum,Game River,Dreamhaven
500000,81.02,Sanfu,Shiying Studio,Gamirror Games
1000000,84.52,Injustice™ 2,"NetherRealm Studios, QLOC",WB Games
20000,92.21,My Winter Car,Amistech Games,Amistech Games
1000000,93.81,Streets of Rogue,Matt Dabrowski,tinyBuild
1000000,87.85,DRAGON BALL XENOVERSE,DIMPS,BANDAI NAMCO Entertainment
500000,82.93,Wasteland 3,inXile Entertainment,inXile Entertainment
500000,90.32,Streets of Rage 4,"Dotemu, Guard Crush, Lizardcube",Dotemu
1000000,84.87,Dawn of Man,Madruga Works,Madruga Works
2000000,80.61,Moonlighter,Digital Sun,11 bit studios
1000000,89.62,ONE PIECE: PIRATE WARRIORS 4,Koei Tecmo,BANDAI NAMCO Entertainment
500000,83.42,Age of History 3,Łukasz Jakowski,Łukasz Jakowski Games
1000000,81.77,Portal Knights,Keen Games GmbH,505 Games
200000,95.05,Nubby's Number Factory,MogDogBlog Productions,MogDogBlog Productions
500000,88.97,Poly Bridge,Dry Cactus,Dry Cactus
2000000,91.51,Hacknet,Team Fractal Alligator,Fellow Traveller
1000000,89.57,Football Manager 2024,Sports Interactive,SEGA
200000,95.57,Neon White,Angel Matrix,Annapurna Interactive
1000000,85.23,Demon Slayer -Kimetsu no Yaiba- The Hinokami Chronicles,CyberConnect2,SEGA
1000000,82.75,The Witness,Thekla Inc.,Thekla Inc.
1000000,87.40,Move or Die,"Xelu, Those Awesome Guys",Those Awesome Guys
2000000,90.14,Dome Keeper,Bippinbits,Raw Fury
1000000,90.02,Victoria II,Paradox Development Studio,Paradox Interactive
200000,69.45,CarX Street,"CarX Technologies, LLC","CarX Technologies, LLC"
500000,87.32,Going Medieval,Foxy Voxel,Mythwright
1000000,92.75,Machinarium,Amanita Design,Amanita Design
2000000,92.11,Fallout: A Post Nuclear Role Playing Game,Interplay Inc.,Bethesda Softworks
1000000,92.38,Wildermyth,Worldwalker Games LLC,"Worldwalker Games LLC, WhisperGames"
500000,81.95,Peglin,Red Nexus Games Inc.,"Red Nexus Games Inc., IndieArk"
2000000,90.34,Arma 2: Operation Arrowhead,Bohemia Interactive,Bohemia Interactive
500000,92.14,Empires of the Undergrowth,Slug Disco,"Hooded Horse, Slug Disco"
1000000,89.80,Kena: Bridge of Spirits,Ember Lab,Ember Lab
1000000,91.68,Escape Simulator,Pine Studio,Pine Studio
500000,87.87,Tower Unite,PixelTail Games,PixelTail Games
100000,76.31,Drive Beyond Horizons,Drive Beyond Horizons,"Tacty Studio, Santor Games"
500000,95.11,The Last Campfire,Hello Games,Hello Games
200000,93.04,ENDER MAGNOLIA: Bloom in the Mist,"Adglobe, Live Wire",Binary Haze Interactive
500000,92.03,ISLANDERS,"Coatsink, GrizzlyGames, Stage Clear Studios",Coatsink
500000,89.45,Terminator: Resistance,Teyon,Reef Entertainment
500000,94.40,Pseudoregalia,rittzler,rittzler
500000,79.84,Age of Wonders 4,Triumph Studios,Paradox Interactive
200000,93.42,Refunct,Dominique Grieshofer,Dominique Grieshofer
200000,90.88,Another Crab's Treasure,Aggro Crab,Aggro Crab
500000,91.46,Automation - The Car Company Tycoon Game,Camshaft Software Ltd,Camshaft Software Ltd
500000,63.55,Propnight,FNTASTIC,Mytona Fntastic
1000000,89.26,TUNIC,TUNIC Team,Finji
2000000,90.00,Shadow Warrior,Flying Wild Hog,Devolver Digital
1000000,84.37,LOCKDOWN Protocol,Mirage Creative Lab,Mirage Creative Lab
2000000,89.75,Day of Defeat: Source,Valve,Valve
200000,90.29,Rogue Legacy,Cellar Door Games,Cellar Door Games
500000,78.22,"Flashing Lights - Police, Firefighting, Emergency Services (EMS) Simulator",Nils Jakrins,Excalibur Games
500000,90.58,CrossCode,Radical Fish Games,"Deck13, WhisperGames, DANGEN Entertainment, Mayflower Entertainment"
1000000,86.58,Wargame: Red Dragon,Eugen Systems,Eugen Systems
500000,75.61,Crysis Remastered,Crytek,Crytek
500000,84.63,Changed,DragonSnow,DragonSnow
200000,89.54,A Little to the Left,Max Inferno,Secret Mode
2000000,77.17,Darksiders II Deathinitive Edition,"Gunfire Games, Vigil Games, THQ Nordic",THQ Nordic
500000,88.80,Like a Dragon: Infinite Wealth,Ryu Ga Gotoku Studio,SEGA
500000,88.70,Choo-Choo Charles,Two Star Games,Two Star Games
500000,88.78,We Were Here Forever,Total Mayhem Games,Total Mayhem Games
200000,78.84,Soulmask,CampFire Studio,Qooland Games
20000,83.38,MISERY,Platypus Entertainment,Ytopia
200000,78.43,Ravenswatch,Passtech Games,Nacon
1000000,39.55,NBA 2K19,Visual Concepts,2K
1000000,85.56,Devil May Cry 4 Special Edition,CAPCOM Co. Ltd.,CAPCOM Co. Ltd. 
500000,72.24,F1® 24,Codemasters,Electronic Arts
500000,66.64,Gotham Knights,"Warner Bros. Games Montréal, QLOC",Warner Bros. Games
500000,71.16,Sword and Fairy 7,软星科技(SoftStarlight),"方块游戏(CubeGame), 软星科技(SoftStarlight)"
500000,94.65,MADNESS: Project Nexus,"GIBBING TREE, LLC","GIBBING TREE, LLC"
1000000,77.45,Sword Art Online: Fatal Bullet,Dimps Corporation,BANDAI NAMCO Entertainment
200000,84.64,Blue Prince,Dogubomb,Raw Fury
500000,82.02,Titan Quest II,Grimlore Games,THQ Nordic
2000000,87.20,Totally Accurate Battlegrounds,Landfall,Landfall
500000,62.12,The Crew™,Ivory Tower in collaboration with Ubisoft Reflections,Ubisoft
500000,82.69,State of Decay,Undead Labs,Xbox Game Studios
500000,78.88,Infection Free Zone,Jutsu Games,Games Operators
1000000,81.67,Serious Sam 4,Croteam,Devolver Digital
200000,46.99,Killing Floor 3,Tripwire Interactive,Tripwire Interactive
2000000,93.05,Trine 2: Complete Story,Frozenbyte,Frozenbyte
500000,65.78,Nightingale,Inflexion Games,Inflexion Games
1000000,81.69,The Walking Dead: A New Frontier,Telltale Games,Skybound Games
500000,86.10,Travellers Rest,Isolated Games,"Isolated Games, IndieArk"
200000,58.16,Assetto Corsa EVO,KUNOS Simulazioni,505 Games
500000,90.59,Five Nights at Freddy's 4,Scott Cawthon,Scott Cawthon
200000,84.97,House Flipper 2,Frozen District,Frozen District
1000000,90.14,Baldur's Gate: Enhanced Edition,Beamdog,Beamdog
1000000,90.74,Hyper Light Drifter,Heart Machine,Heart Machine
1000000,65.19,NBA 2K26,Visual Concepts,2K
500000,86.30,Craft The World,Dekovir Entertainment,Dekovir Ltd
500000,71.32,Gold Mining Simulator,Code Horizon,"Code Horizon, PlayWay S.A."
200000,94.36,Zup! S,Quiet River,Quiet River
1000000,30.18,NBA 2K18,Visual Concepts,2K
500000,93.69,Nuclear Throne,Vlambeer,Vlambeer
20000,92.08,Cairn,The Game Bakers,The Game Bakers
1000000,89.32,100% Orange Juice,"Orange_Juice, Fruitbat Factory",Fruitbat Factory
500000,91.73,Cat Goes Fishing,Cat5Games,Cat5Games
1000000,77.15,IXION,Bulwark Studios,Kasedo Games
500000,91.44,NEKOPARA Vol. 0,NEKO WORKs,Sekai Project
200000,91.55,Tokyo Xtreme Racer,Genki Co. Ltd.,Genki Co. Ltd.
500000,92.64,Pony Island,Daniel Mullins Games,Daniel Mullins Games
500000,85.79,Aliens: Dark Descent,Tindalos Interactive,Focus Entertainment
1000000,89.88,Spelunky,Mossmouth,Mossmouth
1000000,85.86,RUNNING WITH RIFLES,Osumia Games,Osumia Games
20000,87.80,Digimon Story Time Stranger,Media.Vision Inc.,Bandai Namco Entertainment Inc.
20000,87.74,Shape of Dreams,Lizard Smoothie,NEOWIZ
200000,94.98,Tales of the Black Forest,拾英工作室,SakuraGame
500000,93.56,SpaceEngine,Cosmographic Software,Cosmographic Software
1000000,86.95,Witch It,Barrel Roll Games,Barrel Roll Games
200000,95.15,Spirit City: Lofi Sessions,Mooncube Games,Mooncube Games
2000000,91.42,Football Manager 2021,Sports Interactive,SEGA
100000000,80.57,Dota 2,Valve,Valve
500000,90.40,Magicraft,Wave Games,bilibili
1000000,91.25,Clustertruck,Landfall,tinyBuild
200000,79.52,Nuclear Nightmare,BG Productions,BG Productions
2000000,81.79,ENDLESS™ Legend,AMPLITUDE Studios,AMPLITUDE Studios
500000,86.66,911 Operator,Jutsu Games,Games Operators
1000000,83.30,Command & Conquer™ Red Alert™ 3,EA Los Angeles,Electronic Arts
1000000,89.14,Tales of Berseria™,BANDAI NAMCO Studios Inc.,BANDAI NAMCO Entertainment
500000,90.36,Cyber Manhunt,Aluba Van+,Aluba Van+
500000,82.18,Eastward,Pixpil,"Chucklefish, XD"
200000,90.96,Florence,Mountains,Annapurna Interactive
500000,88.07,Melvor Idle,Games by Malcs,Jagex Ltd
1000000,84.11,F1® 23,Codemasters,Electronic Arts
500000,80.87,Shadows of Doubt,ColePowered Games,Fireshine Games
1000000,92.33,The Past Within,Rusty Lake,Rusty Lake
1000000,80.35,Breathedge,RedRuins Softworks,"HypeTrain Digital, RedRuins Softworks"
500000,80.66,We Were Here Together,Total Mayhem Games,Total Mayhem Games
1000000,48.53,"Warhammer 40,000: Dawn of War III","Relic Entertainment, Feral Interactive (Mac), Feral Interactive (Linux)","Relic Entertainment, Feral Interactive"
1000000,88.59,Rogue Legacy 2,Cellar Door Games,Cellar Door Games
1000000,91.71,SpongeBob SquarePants: Battle for Bikini Bottom - Rehydrated,Purple Lamp,THQ Nordic
1000000,94.83,Keep Talking and Nobody Explodes,Steel Crate Games,Steel Crate Games
500000,92.12,Strange Horticulture,Bad Viking,Iceberg Interactive
1000000,80.92,How to Survive,Eko Software,505 Games
500000,80.41,The Quarry,Supermassive Games,2K Games
500000,93.18,Shovel Knight: Treasure Trove,Yacht Club Games,Yacht Club Games
200000,81.12,Isonzo,BlackMill Games,BlackMill Games
1000000,83.99,House Party,"Eek! Games, LLC","Eek! Games, LLC"
2000000,90.45,Football Manager 2022,Sports Interactive,SEGA
500000,75.88,Youtubers Life,UPLAY Online,UPLAY Online
1000000,93.38,Metal: Hellsinger,The Outsiders,Funcom
500000,54.60,Boundary,Studio Surgical Scalpels,Huya Games
200000,93.45,shapez,Tobias Springer,"tobspr Games, Doyoyo Games"
200000,89.65,Witchfire,The Astronauts,The Astronauts
500000,88.34,Blasphemous 2,The Game Kitchen,Team17
200000,92.77,Retrowave,RewindApp,RewindApp
500000,82.81,ZERO Sievert,CABO Studio,Modern Wolf
1000000,80.89,Project Winter,Other Ocean Interactive,Other Ocean Group
500000,92.52,Yakuza Kiwami 2 (Legacy),Ryu Ga Gotoku Studio,SEGA
1000000,82.65,Labyrinthine,Valko Game Studios,Valko Game Studios
1000000,78.43,Warhammer: End Times - Vermintide,Fatshark,Fatshark
1000000,91.03,Unrailed!,Indoor Astronaut,Daedalic Entertainment
1000000,79.01,SCARLET NEXUS,BANDAI NAMCO Studios Inc.,BANDAI NAMCO Entertainment
200000,94.22,Rusty's Retirement,Mister Morris Games,Mister Morris Games
500000,94.97,Webbed,Sbug Games,Sbug Games
500000,79.08,WARNO,Eugen Systems,Eugen Systems
500000,94.74,Touhou Luna Nights,"Team Ladybug, WSS playground","WSS playground, PLAYISM"
1000000,92.73,Antichamber,Alexander Bruce,Demruth
1000000,91.62,Fallout 2: A Post Nuclear Role Playing Game,Black Isle Studios,Bethesda Softworks
1000000,92.69,"Warhammer® 40,000: Dawn of War® - Soulstorm",Relic Entertainment,SEGA
500000,85.57,Cloudpunk,ION LANDS,"ION LANDS, Maple Whispering Limited"
2000000,87.85,Football Manager 2023,Sports Interactive,SEGA
500000,75.75,Gone Home,Fullbright,"Fullbright, Serenity Forge"
200000,94.87,Nodebuster,Goblobin,Goblobin
500000,80.52,Gloomhaven,"Flaming Fowl Studios, Saber Interactive",Twin Sails Interactive
500000,86.84,The Banner Saga,Stoic,Stoic Studio
500000,74.64,Mist Survival,Dimension 32 Entertainment,Dimension 32 Entertainment
500000,91.22,Griftlands,Klei Entertainment,Klei Entertainment
1000000,91.68,Mass Effect 2 (2010 Edition),BioWare,Electronic Arts
500000,81.18,Session: Skate Sim,crea-ture Studios Inc.,Nacon
500000,58.47,Lords Of The Fallen™ 2014,"CI Games, Deck 13",CI Games
500000,88.15,The Alters,11 bit studios,11 bit studios
1000000,82.89,METAL GEAR SOLID V: GROUND ZEROES,KONAMI,KONAMI
500000,88.22,Mutant Year Zero: Road to Eden,The Bearded Ladies,Funcom
1000000,90.13,Farming Simulator 15,Giants Software,Giants Software
1000000,85.88,Darksiders Warmastered Edition,"KAIKO, Vigil Games",THQ Nordic
100000,94.42,Until Then,Polychroma Games,Maximum Entertainment
1000000,75.36,Scorn,Ebb Software,Kepler Interactive
20000,94.54,Fear & Hunger 2: Termina,Miro Haverinen,Miro Haverinen
1000000,65.31,BIOMUTANT,Experiment 101,THQ Nordic
500000,90.26,Bendy and the Dark Revival,Joey Drew Studios,Joey Drew Studios
500000,92.94,LISA: The Painful,Dingaling Productions,Serenity Forge
200000,83.46,Deadzone: Rogue,Prophecy Games,Prophecy Games
500000,86.17,War of Rights,Campfire Games,Campfire Games
500000,86.11,Mountain,David OReilly,David OReilly
500000,80.59,Detention,RedCandleGames,"RedCandleGames, AGM PLAYISM"
1000000,59.14,BATTALION: Legacy,BULKHEAD,BULKHEAD
200000,95.58,Wobbledogs,Animal Uprising,Secret Mode
200000,95.11,Goat Simulator 3,Coffee Stain North,Coffee Stain Publishing
2000000,90.23,Orcs Must Die! 2,Robot Entertainment,Robot Entertainment
200000,90.48,KinitoPET,troy_en,troy_en
200000,93.15,Nova Drift,Chimeric,Pixeljam
200000,77.59,Le Mans Ultimate,Studio 397,Studio 397
500000,87.79,Avorion,Boxelware,Boxelware
200000,88.26,JoJo's Bizarre Adventure: All-Star Battle R,CyberConnect2 Co. Ltd.,Bandai Namco Entertainment
200000,91.70,OCTOPATH TRAVELER II,"Square Enix, ACQUIRE Corp.",Square Enix
2000000,93.15,Trine Enchanted Edition,Frozenbyte,Frozenbyte
200000,78.71,Six Days in Fallujah,Highwire Games,Victura
200000,73.42,RoadCraft,Saber Interactive,Focus Entertainment
20000,35.36,Ashes of Creation,Intrepid Studios Inc,Intrepid Studios Inc
500000,53.66,Call of Duty®: Modern Warfare® Remastered (2017),"Raven Software, Beenox",Activision
500000,83.96,Ghost Watchers,Renderise,Renderise
200000,91.92,Teenage Mutant Ninja Turtles: Shredder's Revenge,Tribute Games Inc.,"Dotemu, Gamirror Games"
500000,89.09,The Last Spell,Ishtar Games,"Nacon, The Arcade Crew, Gamera Games, DANGEN Entertainment"
1000000,91.91,Dungeons 3,Realmforge Studios,Kalypso Media
1000000,85.58,Persona® 5 Strikers,ATLUS,SEGA
500000,90.20,Gothic 1,Piranha Bytes,THQ Nordic
100000,75.51,Avatar: Frontiers of Pandora™,"Massive Entertainment – A Ubisoft Studio, Ubisoft Montpellier, Ubisoft Shanghai, Ubisoft Toronto, Ubisoft Düsseldorf, Ubisoft Reflections",Ubisoft
500000,95.30,One Finger Death Punch,Silver Dollar Games,Silver Dollar Games
500000,93.59,Mini Metro,Dinosaur Polo Club,Dinosaur Polo Club
500000,76.76,LEGO® Worlds,"TT Games, Traveller's Tales",Warner Bros. Interactive Entertainment
500000,92.07,Symphony of War: The Nephilim Saga,Dancing Dragon Games,indie.io
200000,91.11,The Red Strings Club,Deconstructeam,Devolver Digital
1000000,71.22,Stronghold Crusader 2,Firefly Studios,Firefly Studios
500000,82.79,MechWarrior 5: Mercenaries,Piranha Games Inc.,Piranha Games Inc.
1000000,73.12,ELEX,Piranha Bytes,THQ Nordic
500000,61.05,Suicide Squad: Kill the Justice League,Rocksteady Studios,Warner Bros. Games
500000,80.13,Chernobylite Complete Edition,The Farm 51,The Farm 51
500000,70.78,Subsistence,ColdGames,ColdGames
500000,91.80,DR LIVESEY ROM AND DEATH EDITION,Agafonoff,Agafonoff
1000000,84.33,Legion TD 2 - Multiplayer Tower Defense,AutoAttack Games,AutoAttack Games
200000,95.23,Bomb Rush Cyberfunk,Team Reptile,Team Reptile
200000,88.23,Chrono Ark,Al Fine,Al Fine
200000,89.65,Tavern Master,Untitled Studio,Untitled Studio
1000000,88.06,Tricky Towers,WeirdBeard,WeirdBeard
1000000,79.29,Need for Speed™ Hot Pursuit Remastered,Stellar Entertainment Limited,Electronic Arts
500000,90.64,Monster Prom,Beautiful Glitch,"Xelu, Those Awesome Guys"
1000000,92.01,Company of Heroes,Relic Entertainment,Relic Entertainment
5000000,89.67,A Story About My Uncle,Gone North Games,Coffee Stain Publishing
500000,90.08,Big Ambitions,Hovgaard Games,Hovgaard Games
1000000,72.40,Assassin’s Creed® III,Ubisoft Montreal,Ubisoft
1000000,89.39,Mortal Kombat Komplete Edition,"NetherRealm Studios, High Voltage Software",Warner Bros. Interactive Entertainment
200000,72.07,Internet Cafe Simulator 2,Cheesecake Dev,Cheesecake Dev
500000,93.13,FIVE NIGHTS AT FREDDY'S: HELP WANTED,Steel Wool Studios,ScottGames
500000,85.00,"Yes, Your Grace",Brave At Night,No More Robots
200000,92.53,The Talos Principle 2,Croteam,Devolver Digital
500000,90.02,Car Mechanic Simulator 2015,Red Dot Games,PlayWay S.A.
500000,78.35,Exanima,Bare Mettle Entertainment,Bare Mettle Entertainment
500000,87.60,Jump King,Nexile,Nexile
1000000,74.66,Darksiders III,Gunfire Games,THQ Nordic
20000,71.50,The Bazaar,Tempo,Tempo
500000,69.34,For The King II,IronOak Games,Curve Games
200000,94.99,shapez 2 - Factory,tobspr Games,"tobspr Games, Gamirror Games"
1000000,78.49,Prototype™,Radical Entertainment,Activision
500000,91.53,Gothic II: Gold Edition,Piranha Bytes,THQ Nordic
2000000,90.95,Dungeon Defenders,Chromatic Games,Chromatic Games
200000,87.76,Easy Red 2,Marco Amadei,Corvostudio di Amadei Marco
1000000,78.25,Crysis,Crytek,Electronic Arts
500000,88.75,Yet Another Zombie Survivors,Awesome Games Studio,Awesome Games Studio
500000,56.73,Reign Of Kings,Code}{atch,Code}{atch
1000000,85.73,Kingdoms of Amalur: Reckoning™,"Big Huge Games, 38 Studios","38 Studios, Electronic Arts"
500000,78.11,SCP: 5K,Affray Interactive,Balor Games
1000000,78.79,Punch Club,Lazy Bear Games,tinyBuild
200000,82.42,The Spell Brigade,Bolt Blaster Games,Bolt Blaster Games
1000000,83.73,Songs of Conquest,Lavapotion,Coffee Stain Publishing
20000,96.01,Shelldiver,Gagonfe,Gagonfe
500000,92.68,Supraland,Supra Games,Supra Games
1000000,94.45,Mark of the Ninja,Klei Entertainment,Microsoft Studios
500000,87.84,Sunset Overdrive,"Insomniac Games, Blind Squirrel Games",Xbox Game Studios
200000,96.36,Papa's Freezeria Deluxe,Flipline Studios,Flipline Studios
500000,90.78,Bad North: Jotunn Edition,"Plausible Concept, Oskar Stålberg",Raw Fury
2000000,80.88,Monster Hunter Stories 2: Wings of Ruin,CAPCOM Co. Ltd.,CAPCOM Co. Ltd.
200000,93.48,Door Kickers 2: Task Force North,KillHouse Games,KillHouse Games
500000,93.12,Impostor Factory,Freebird Games,Freebird Games
500000,91.92,Cosmoteer: Starship Architect & Commander,Walternate Realities,Walternate Realities
1000000,79.59,Project CARS 2,Slightly Mad Studios,BANDAI NAMCO Entertainment
500000,94.84,Peggle Deluxe,PopCap Games Inc.,"PopCap Games Inc., Electronic Arts"
1000000,84.04,EVERSPACE™ 2,ROCKFISH Games,ROCKFISH Games
200000,90.42,Sprocket,Hamish Dunn,Hamish Dunn
1000000,50.40,Forza Motorsport,Turn 10,Xbox Game Studios
200000,64.64,Outpost: Infinity Siege,Team Ranger,Lightning Games
500000,94.01,Desperados III,Mimimi Games,THQ Nordic
1000000,86.56,Trine 4: The Nightmare Prince,Frozenbyte,Frozenbyte
1000000,87.61,Serious Sam II,Croteam,Devolver Digital
200000,89.43,FANTASY LIFE i: The Girl Who Steals Time,LEVEL5 Inc.,LEVEL5 Inc.
200000,70.91,Planet Coaster 2,Frontier Developments,Frontier Developments
1000000,90.34,FEZ,Polytron Corporation,Trapdoor
500000,71.24,Absolver,Sloclap,Devolver Digital
500000,64.08,Freeman: Guerrilla Warfare,KK Game Studio,KK Game Studio
200000,92.60,Caves of Qud,Freehold Games,Kitfox Games
200000,92.52,Everhood,"Chris Nordgren, Jordi Roca","Foreign Gnomes, Surefire.Games"
500000,89.32,Motorsport Manager,Playsport Games,Miniclip
1000000,77.65,Dune: Spice Wars,Shiro Games,"Funcom, Shiro Games"
500000,89.88,Little Misfortune,Killmonday Games AB,Killmonday Games AB
500000,86.93,Sea of Stars,Sabotage Studio,Sabotage Studio
200000,90.00,Hentai Girl,GirlGames,GirlGames
100000,89.66,Haste,Landfall,Evil Landfall?
500000,87.78,Five Nights at Freddy's: Sister Location,Scott Cawthon,Scott Cawthon
200000,93.46,Living With Sister: Monochrome Fantasy,Inusuku,Kagura Games
20000,93.60,Being a DIK - Season 1,Dr PinkCake,Dr PinkCake
500000,80.25,WRC 7 FIA World Rally Championship,KT Racing,Nacon
100000,94.34,SONIC X SHADOW GENERATIONS,Sonic Team,SEGA
500000,82.60,Planetary Annihilation: TITANS,Planetary Annihilation Inc,Planetary Annihilation Inc
500000,78.84,DiRT 4,"Codemasters, Feral Interactive (Mac), Feral Interactive (Linux)","Codemasters, Feral Interactive, Electronic Arts"
200000,89.36,Automobilista 2,Reiza Studios,Reiza Studios
500000,79.19,Eco,Strange Loop Games,Strange Loop Games
200000,94.13,NEKOPARA Vol. 3,NEKO WORKs,Sekai Project
500000,67.95,Evil Genius 2: World Domination,Rebellion,Rebellion
2000000,84.55,Grand Theft Auto III,Rockstar Games,Rockstar Games
1000000,85.87,Mount & Blade: With Fire & Sword,TaleWorlds Entertainment,TaleWorlds Entertainment
100000,85.67,FPV Kamikaze Drone,HFM Games,HFM Games
500000,88.96,"Warhammer 40,000: Mechanicus",Bulwark Studios,Kasedo Games
1000000,87.72,Furi,The Game Bakers,The Game Bakers
500000,93.58,Superflight,GrizzlyGames,GrizzlyGames
500000,86.81,Little Witch in the Woods,SUNNY SIDE UP,SUNNY SIDE UP
200000,88.08,Zort,Londer Software,Londer Software
1000000,80.15,Armello,League of Geeks,League of Geeks
500000,94.20,NEKOPARA Vol. 2,NEKO WORKs,Sekai Project
200000,92.18,Coffee Talk,Toge Productions,Toge Productions
500000,33.42,Feed the Cups,Vambear Games,IndieArk
50000,95.54,Look Outside,Francis Coulombe,Devolver Digital
500000,91.55,Amazing Frog?,Fayju,Fayju
200000,95.17,Tactical Breach Wizards,Suspicious Developments,Suspicious Developments
200000,64.42,Call of Duty®: Advanced Warfare - Gold Edition,"Sledgehammer Games, Raven Software",Activision
2000000,75.58,"Warhammer 40,000: Chaos Gate - Daemonhunters",Complex Games,Frontier Foundry
200000,91.78,Viewfinder,Sad Owl Studios,Thunderful Publishing
200000,86.96,From the Depths,Brilliant Skies Ltd.,Brilliant Skies Ltd.
200000,94.79,WolfQuest: Anniversary Edition,eduweb,eduweb
500000,59.74,Mortal Online 2,Star Vault AB,Star Vault AB
500000,88.28,DYSMANTLE,10tons Ltd,10tons Ltd
500000,88.65,Wall World,Alawar,Alawar
500000,82.03,Luma Island,Feel Free Games,Feel Free Games
1000000,83.88,Orcs Must Die! 3,Robot Entertainment,Robot Entertainment
500000,72.24,REANIMAL,Tarsier Studios,"THQ Nordic, Amplifier Studios"
500000,71.72,PixARK,Snail Games USA,Snail Games USA
500000,92.70,Rabi-Ribi,"CreSpirit, GemaYue",CreSpirit
500000,80.49,Little Witch Nobeta,Pupuya Games,"Pupuya Games, SimonCreative, Justdan"
1000000,80.60,Road Redemption,"Redemption Road, Pixel Dash Studios",Tripwire Presents
500000,93.38,The Forgotten City,Modern Storyteller,Dear Villagers
20000,82.47,"Warhammer 40,000: Dawn of War - Definitive Edition",Relic Entertainment,Relic Entertainment
200000,92.45,Montaro,JCKSLAP,02GAMES
500000,87.47,NARUTO SHIPPUDEN: Ultimate Ninja STORM 3 Full Burst HD,CyberConnect2 Co. Ltd.,BANDAI NAMCO Entertainment
500000,80.19,ATOM RPG: Post-apocalyptic indie game,AtomTeam,AtomTeam
200000,92.07,Bloons TD 5,Ninja Kiwi,Ninja Kiwi
20000,87.39,INAZUMA ELEVEN: Victory Road,LEVEL5 Inc.,LEVEL5 Inc.
200000,74.78,Assassin's Creed Mirage,Ubisoft Bordeaux,Ubisoft
500000,65.61,POSTAL 4: No Regerts,Running With Scissors,Running With Scissors
500000,73.89,Stonehearth,Radiant Entertainment,(none)
500000,52.02,Dark and Light,Snail Games USA,Snail Games USA
200000,89.49,Donut County,Ben Esposito,Annapurna Interactive
200000,48.48,No More Room in Hell 2,Torn Banner Studios,Torn Banner Studios
500000,86.61,Ruined King: A League of Legends Story™,Airship Syndicate,Riot Forge
1000000,79.20,Across the Obelisk,Dreamsite Games,"Paradox Interactive, Paradox Arc"
1000000,94.15,Post Void,YCJY Games,YCJY Games
200000,87.11,Jagged Alliance 3,Haemimont Games,THQ Nordic
1000000,77.54,Call of Cthulhu®,Cyanide Studio,Focus Entertainment
200000,81.11,Friends vs Friends,Brainwash Gang,Raw Fury
500000,82.76,60 Seconds!,Robot Gentleman,Robot Gentleman
500000,77.51,Cultist Simulator,Weather Factory,Weather Factory
20000,78.55,Nioh 3,KOEI TECMO GAMES CO. Ltd.,KOEI TECMO GAMES CO. Ltd.
500000,85.47,Garfield Kart - Furious Racing,Artefacts Studio,Microids
500000,90.38,The Messenger,Sabotage,Devolver Digital
200000,87.73,Digimon Story Cyber Sleuth: Complete Edition,h.a.n.d. Inc.,BANDAI NAMCO Entertainment Inc.
500000,80.69,The Beast Inside,Illusion Ray,Illusion Ray
500000,77.48,PANICORE,ZTEK Studio,ZTEK Studio
500000,46.78,Torchlight III,Echtra Inc.,XD
1000000,68.92,Gothic Playable Teaser,THQ Nordic Barcelona,THQ Nordic
500000,60.98,EA SPORTS™ WRC,Codemasters,Electronic Arts
200000,54.08,The Quinfall,Vawraek Technology Inc.,Vawraek Technology Inc.
200000,75.47,Night of the Dead,Jackto Studios,Jackto Studios
500000,85.56,Bomber Crew,Runner Duck,Curve Games
500000,94.81,Gunpoint,Suspicious Developments,Suspicious Developments
200000,90.68,Momodora: Reverie Under The Moonlight,Bombservice,PLAYISM
2000000,90.85,Sins of a Solar Empire®: Rebellion,"Ironclad Games Corporation, Stardock Entertainment",Stardock Entertainment
1000000,87.67,Aragami,Lince Works,Lince Works
1000000,75.11,Prototype 2,Radical Entertainment,Activision
500000,87.82,Five Nights at Freddy's 3,Scott Cawthon,Scott Cawthon
200000,87.03,Dicey Dungeons,Terry Cavanagh,Terry Cavanagh
20000,91.55,Sonic Racing: CrossWorlds,Sonic Team,SEGA
500000,91.61,Hyperdimension Neptunia Re;Birth1,"IDEA FACTORY Co. Ltd., COMPILE HEART Co. Ltd., FELISTELLA Co. Ltd.","Idea Factory International Inc., IDEA FACTORY Co. Ltd."
10000000,88.55,Half-Life 2: Deathmatch,Valve,Valve
200000,90.67,Luck be a Landlord,TrampolineTales,TrampolineTales
500000,89.10,Barony,Turning Wheel LLC,Turning Wheel LLC
1000000,91.39,Not For Broadcast,NotGames,tinyBuild
500000,91.38,SYNTHETIK: Legion Rising,Flow Fire Games,"Flow Fire Games, WhisperGames"
200000,52.48,Naval Action,Bermuda Computer Club,Bermuda Computer Club
200000,95.03,Trombone Champ,Holy Wow Studios LLC,Holy Wow Studios LLC
200000,83.05,Diplomacy is Not an Option,Door 407,Door 407
200000,88.36,Captain of Industry,MaFi Games,MaFi Games
1000000,80.06,Darksiders Genesis,Airship Syndicate,THQ Nordic
200000,93.56,FlyKnight,Wabbaboy,Wabbaboy
1000000,71.49,Contagion,Monochrome Inc,Monochrome Inc
1000000,83.52,Kingdom: New Lands,Noio,Raw Fury
20000,80.26,Quarantine Zone: The Last Check,Brigada Games,Devolver Digital
500000,93.61,Tiny Rogues,RubyDev,RubyDev
500000,87.04,RUINER,Reikon Games,Devolver Digital
500000,90.06,Suzerain,Torpor Games,Torpor Games
200000,92.88,Five Nights at Freddy's: Into the Pit,Mega Cat Studios,Mega Cat Studios
500000,66.56,Mortal Shell,Cold Symmetry,Playstack
200000,90.56,The Exit 8,KOTAKE CREATE,PLAYISM
200000,94.15,"Little Kitty, Big City",Double Dagger Studio,Double Dagger Studio
20000,83.10,The Last Caretaker,Channel37 Ltd,Channel37 Ltd
1000000,84.56,Deponia,Daedalic Entertainment,Daedalic Entertainment
500000,90.97,Do Not Feed the Monkeys,Fictiorama Studios,Alawar
500000,37.32,Cube World,Picroma,Picroma
200000,91.77,Yog-Sothoth’s Yard,Bone Nail,"Bone Nail, Shochiku (Japan)"
500000,78.15,ASKA,Sand Sailor Studio,Thunderful Publishing
500000,86.02,Kingdom Rush 5: Alliance TD,Ironhide Game Studio,Ironhide Game Studio
20000,90.82,Command & Conquer Red Alert™ 2 and Yuri’s Revenge™,"Westwood Pacific, Westwood Studios",Electronic Arts
500000,78.96,RWBY: Grimm Eclipse,"Rooster Teeth Games, FarBridge",FarBridge
200000,88.15,Lunacid,KIRA LLC,"KIRA LLC, CRITICAL REFLEX"
500000,83.41,Tick Tock: A Tale for Two,Other Tales Interactive,Other Tales Interactive
200000,93.84,Kindergarten,"Con Man Games, Sean Young",SmashGames
20000,95.64,Chill with You : Lo-Fi Story,Nestopi Inc.,Nestopi Inc.
1000000,84.45,Injustice: Gods Among Us Ultimate Edition,"NetherRealm Studios, High Voltage Software",Warner Bros. Interactive Entertainment
1000000,77.04,Tropico 5,Haemimont Games,Kalypso Media Digital
500000,76.65,EVERSPACE™,ROCKFISH Games,ROCKFISH Games
200000,79.92,The Lord of the Rings: Return to Moria™,Free Range Games,North Beach Games
20000,84.07,Five Nights at Freddy's: Secret of the Mimic,Steel Wool Studios,ScottGames
500000,90.55,SimplePlanes,"Jundroo, LLC","Jundroo, LLC"
1000000,84.78,Tyranny,Obsidian Entertainment,Paradox Interactive
500000,79.25,Construction Simulator,weltenbauer. Software Entwicklung GmbH,astragon Entertainment
500000,83.45,Lunch Lady,Manic Mice,Manic Mice
500000,85.41,Garfield Kart,Artefacts Studio,Microids
200000,66.51,The Front,Samar Studio,Samar Studio
20000,88.10,MENACE,Overhype Studios,Hooded Horse
1000000,72.57,Evil West,Flying Wild Hog,Focus Entertainment
200000,92.20,Turnip Boy Commits Tax Evasion,Snoozy Kazoo,Graffiti Games
500000,90.93,Into the Radius VR,CM IMMERSIVE,CM IMMERSIVE
200000,89.43,Iron Lung,David Szymanski,David Szymanski
1000000,80.69,SOULCALIBUR VI,"BANDAI NAMCO Studios Inc., Dimps Corporation",BANDAI NAMCO Entertainment
200000,95.43,CLANNAD,VisualArts/Key,Sekai Project
20000,89.24,PowerWash Simulator 2,FuturLab,FuturLab
500000,94.74,West of Loathing,Asymmetric,Asymmetric
200000,86.13,Still Wakes the Deep,The Chinese Room,Secret Mode
200000,90.69,Amnesia: The Bunker,Frictional Games,Frictional Games
200000,83.80,Have a Nice Death,Magic Design Studios,Arc Games
500000,93.81,Kingdom Rush Frontiers - Tower Defense,Ironhide Game Studio,Ironhide Game Studio
500000,88.10,BPM: BULLETS PER MINUTE,Awe Interactive,Awe Interactive
500000,91.68,Kingdom Rush Vengeance - Tower Defense,Ironhide Game Studio,Ironhide Game Studio
20000,55.46,Vampire: The Masquerade® - Bloodlines™ 2,The Chinese Room,Paradox Interactive
200000,93.57,No Case Should Remain Unsolved,Somi,Somi
500000,87.80,Party Hard,"Pinokl Games, Kverta",tinyBuild
200000,94.26,Rabbit and Steel,mino_dev,mino_dev
200000,79.86,河洛群俠傳 (Ho Tu Lo Shu ： The Books of Dragon),香港商河洛互動娛樂股份有限公司,"香港商河洛互動娛樂股份有限公司, 方块游戏"
500000,73.03,Battlefleet Gothic: Armada 2,Tindalos Interactive,Focus Entertainment
200000,77.86,ALTF4,PUMPKIM,PUMPKIM
500000,81.27,Styx: Master of Shadows,Cyanide Studio,"Cyanide Studio, Nacon"
500000,89.02,Oxenfree,Night School Studio,Night School Studio
200000,73.45,HumanitZ,Yodubzz Studios,indie.io
200000,46.55,Little Nightmares III,Supermassive Games,Bandai Namco Entertainment
500000,83.38,Super Bunny Man,Catobyte,Catobyte Ltd
2000000,86.22,Shadowrun Returns,Harebrained Schemes,Paradox Interactive
500000,73.26,In Silence,Ravenhood Games,Ravenhood Games
100000,91.66,Wingspan,Monster Couch,"Monster Couch, Stonemaier Games, indienova"
2000000,80.66,Magicka 2,Pieces Interactive,Paradox Interactive
200000,58.63,Crime Boss: Rockay City,INGAME STUDIOS,505 Games
1000000,77.84,Planetbase,Madruga Works,Madruga Works
1000000,83.36,Dungeon of the ENDLESS™,AMPLITUDE Studios,AMPLITUDE Studios
500000,94.70,Baldi's Basics Plus,Basically Games,"Basically Games, LLC"
500000,84.06,Stronghold: Definitive Edition,Firefly Studios,Firefly Studios
500000,93.01,Pikuniku,"Arnaud De Bock, Rémi Forcadell, Alan Zucconi, Calum Bowen",Devolver Digital
200000,82.55,Stranded: Alien Dawn,Haemimont Games,Paradox Interactive
500000,89.18,Pathologic 2,Ice-Pick Lodge,tinyBuild
200000,73.65,Age of Darkness: Final Stand,PlaySide,PlaySide
200000,88.59,Seen,Seen Games,Seen Games
20000,89.50,Stronghold Crusader: Definitive Edition,Firefly Studios,Firefly Studios
200000,92.34,(the) Gnorp Apologue,Myco,(Myco)
200000,90.90,TROUBLESHOOTER: Abandoned Children,Dandylion,Dandylion
200000,81.32,An alt girl for skoof,"Terletski Games, RIKANIMATION",Terletski Games
500000,85.52,Tempest Rising,Slipgate Ironworks™,"3D Realms, Knights Peak, Saber Interactive"
200000,77.12,Ancestors: The Humankind Odyssey,Panache Digital Games,Private Division
1000000,81.27,Transport Fever,Urban Games,Good Shepherd Entertainment
1000000,91.60,EARTH DEFENSE FORCE 5,SANDLOT,D3PUBLISHER
1000000,89.64,Baldur's Gate II: Enhanced Edition,Beamdog,Beamdog
500000,87.83,UnderMine,Thorium,Thorium
500000,89.85,Ravenous Devils,Bad Vices Games,Bad Vices Games
500000,87.36,VLADiK BRUTAL,BRUTAL SOFTWARE,BRUTAL SOFTWARE
500000,90.97,小白兔电商~Bunny e-Shop,"落叶岛项目组, 橘子班",NVLMaker
100000,92.88,Raging Loop,KEMCO,KEMCO
200000,64.06,Castle Story,Sauropod Studio,Sauropod Studio
20000,84.04,Jump Space,Keepsake Games,Keepsake Games
500000,91.27,BlazBlue Centralfiction,Arc System Works,H2 Interactive Co. Ltd.
200000,92.33,POSTAL: Brain Damaged,"Hyperstrange, CreativeForge Games","Running With Scissors, Hyperstrange"
500000,94.92,The Case of the Golden Idol,Color Gray Games,Playstack
500000,89.19,Dragon Age: Origins,BioWare,Electronic Arts
1000000,82.10,SUPERHOT: MIND CONTROL DELETE,SUPERHOT Team,SUPERHOT Team
500000,90.10,Shotgun Farmers,Megastorm Games,Megastorm Games
200000,85.02,Starship Troopers: Terran Command,The Artistocrats,Slitherine Ltd.
200000,91.28,Granny,DVloper,DVloper
20000,92.96,Waterpark Simulator,CayPlay,CayPlay
20000,87.04,VEIN,Ramjet Studios,Ramjet Studios
200000,92.20,Anomaly Agent,Phew Phew Games,"Phew Phew Games, GameDev.ist"
200000,83.82,Space Haven,Bugbyte Ltd.,Bugbyte Ltd.
500000,80.48,This Is the Police,Weappy Studio,THQ Nordic
100000,58.34,TOGETHER BnB,AURORA Games,AURORA Games
100000,95.59,魔女的夜宴,YUZUSOFT,HIKARI FIELD
200000,70.88,Ghosts of Tabor,Combat Waffle Studios,Beyond Frames
1000000,91.35,Octodad: Dadliest Catch,Young Horses,Young Horses
500000,92.33,Little Inferno,Tomorrow Corporation,Tomorrow Corporation
200000,90.58,Dungreed,TEAM HORAY,TEAM HORAY
1000000,77.66,Project CARS,Slightly Mad Studios,"Codemasters, Slightly Mad Studios, Electronic Arts"
200000,87.28,WORLD OF HORROR,panstasz,"Ysbryd Games, PLAYISM"
500000,84.02,Zombie Army 4: Dead War,Rebellion,Rebellion
1000000,92.91,AudioSurf,Dylan Fitterer,Dylan Fitterer
200000,91.34,Drova - Forsaken Kin,Just2D,"Deck13, Smilegate"
500000,70.87,Space Hulk: Deathwing Enhanced Edition,Streum On Studio,Focus Entertainment
1000000,91.49,Judgment,Ryu Ga Gotoku Studio,SEGA
500000,86.14,MELTY BLOOD: TYPE LUMINA,"FRENCH-BREAD, TYPE-MOON, Lasengle Inc., TAMSOFT CORPORATION, GameLoop Inc.",Lasengle Inc.
1000000,79.82,Gothic® 3,Piranha Bytes,THQ Nordic
500000,75.30,The Dark Pictures Anthology: Man of Medan,Supermassive Games,BANDAI NAMCO Entertainment Europe
200000,74.49,Jalopy,Minskworks,Excalibur Games
1000000,89.81,Destroy All Humans!,"Black Forest Games, Pandemic Studios",THQ Nordic
500000,85.05,Burnout Paradise: The Ultimate Box,Criterion Games,Electronic Arts
200000,64.95,Life is Feudal: Your Own,Bitbox Ltd.,Bitbox Ltd.
200000,90.12,Death Road to Canada,"Rocketcat Games, Madgarden",Rocketcat Games
1000000,88.13,Orwell: Keeping an Eye On You,Osmotic Studios,Daedalic Entertainment
10000000,84.27,Paladins®,Evil Mojo Games,Hi-Rez Studios
1000000,91.43,Chronicon,Subworld,Subworld
200000,86.89,Windblown,Motion Twin,"Motion Twin, Kepler Ghost"
500000,88.01,Kingdoms Reborn,Earthshine,Earthshine
1000000,85.40,Mafia,Illusion Softworks,2K
1000000,73.38,SUPERHOT VR,SUPERHOT Team,SUPERHOT Team
500000,91.25,The Legend of Heroes: Trails in the Sky,Nihon Falcom,"XSEED Games, Marvelous USA Inc."
1000000,92.02,"Warhammer 40,000: Dawn of War - Anniversary Edition",Relic Entertainment,Relic Entertainment
1000000,91.97,Door Kickers: Action Squad,"PixelShard, KillHouse Games",KillHouse Games
1000000,73.35,The Surge,Deck13,Focus Entertainment
500000,89.54,Genital Jousting,Free Lives,Devolver Digital
500000,77.19,We Were Here Too,Total Mayhem Games,Total Mayhem Games
500000,61.60,Next Day: Survival,SOFF Games,Last Level
500000,67.95,How to Survive 2,Eko Software,505 Games
200000,88.90,AI: The Somnium Files,Spike Chunsoft Co. Ltd.,Spike Chunsoft Co. Ltd.
500000,67.17,Onward,Downpour Interactive,Downpour Interactive
1000000,83.05,Natural Selection 2,Unknown Worlds Entertainment,"Unknown Worlds Entertainment, KRAFTON Inc."
200000,77.81,Lost Castle 2,Hunter Studio,Hunter Studio
500000,75.01,Ultimate Epic Battle Simulator,Brilliant Game Studios,Brilliant Game Studios
500000,93.58,Derail Valley,Altfuture,Altfuture
200000,71.26,Internet Cafe Simulator,Cheesecake Dev,Cheesecake Dev
100000,91.80,Hello Kitty Island Adventure,Sunblink,Sunblink
20000,91.54,Cassette Beasts,Bytten Studio,Raw Fury
500000,79.38,Bus Simulator 18,stillalive studios,astragon Entertainment
200000,88.03,Assemble with Care,ustwo games,ustwo games
500000,83.18,Biped,NEXT Studios,"NEXT Studios, META Publishing"
200000,90.50,Planet of Lana,Wishfully,Thunderful Publishing
500000,87.35,Command & Conquer 3 Tiberium Wars™,EA Los Angeles,Electronic Arts
200000,82.16,Visage,SadSquare Studio,SadSquare Studio
200000,94.55,BAD END THEATER,NomnomNami,NomnomNami
200000,92.71,Stronghold HD (2012),Firefly Studios,Firefly Studios
500000,84.95,Catherine Classic,ATLUS,SEGA
200000,77.37,IL-2 Sturmovik: Battle of Stalingrad,1C Game Studios,FOR-GAMES CR LTD
500000,61.86,Xuan-Yuan Sword VII,"SOFTSTAR, DOMO Studio","SOFTSTAR, Yooreka Studio"
200000,87.36,The Song of Saya,Nitroplus,"JAST, Kagura Games (Chinese Localization)"
200000,93.35,OPUS: Echo of Starsong - Full Bloom Edition,SIGONO INC.,SIGONO INC.
1000000,70.88,Predecessor,Omeda Studios,Omeda Studios
500000,92.59,Severed Steel,Greylock Studio,Greylock Studio
100000,90.94,Neva,Nomada Studio,Devolver Digital
1000000,83.54,KINGDOM HEARTS -HD 1.5+2.5 ReMIX-,Square Enix,Square Enix
2000000,86.89,Darksiders™,Vigil Games,THQ Nordic
200000,88.21,House of Detention,"Aniki, Male Union ♂",Dungeon Master
500000,90.55,Timberman,Digital Melody,Forever Entertainment S. A.
200000,92.71,Two Point Museum,Two Point Studios,SEGA
20000,94.83,Summer Clover,Connection,"Mango Party, Mango Party News"
500000,85.49,Tank Mechanic Simulator,DeGenerals S.A.,PlayWay S.A.
200000,78.19,The Universim,Crytivo,Crytivo
500000,91.96,Reventure,Pixelatto,Pixelatto
200000,81.89,Hobo: Tough Life,Perun Creative,Perun Creative
1000000,70.30,eFootball PES 2020,Konami Digital Entertainment,Konami Digital Entertainment
500000,76.54,One Piece Pirate Warriors 3,KOEI TECMO GAMES CO. Ltd.,BANDAI NAMCO Entertainment
1000000,75.00,Galactic Civilizations III,Stardock Entertainment,Stardock Entertainment
200000,78.84,Terra Invicta,Pavonis Interactive,Hooded Horse
500000,87.76,Pyre,Supergiant Games,Supergiant Games
1000000,86.42,Crysis 2 Remastered,"Crytek, Saber Interactive",Crytek
500000,79.63,The Mean Greens - Plastic Warfare,"Virtual Basement LLC, Code Headquarters LLC",Virtual Basement LLC
200000,85.15,Stationeers,RocketWerkz,RocketWerkz
100000,93.55,Aviassembly,Jelle Booij,Jelle Booij
200000,91.30,Zup!,Quiet River,Quiet River
1000000,83.52,OMSI 2: Steam Edition,MR-Software GbR,Aerosoft GmbH
2000000,87.65,Guns of Icarus Online,Muse Games,Muse Games
200000,68.06,Beasts of Bermuda,"Sastrei Studios, LLC","Sastrei Studios, LLC"
20000,90.34,Jurassic World Evolution 3,Frontier Developments,Frontier Developments
100000,94.92,White Knuckle,Dark Machine Games,DreadXP
1000000,59.21,Nobody - The Turnaround,U.Ground Game Studio,Thermite Games
200000,79.54,Norland,Long Jaunt,Hooded Horse
200000,78.36,Way of the Hunter,Nine Rocks Games,THQ Nordic
20000,89.74,Absolum,"Dotemu, Guard Crush Games, Supamonks","Dotemu, Gamirror Games"
1000000,86.99,Her Story,Sam Barlow,Sam Barlow
200000,84.20,Blazing Sails,"Get Up Games, Iceberg Interactive",Iceberg Interactive
200000,94.13,NEKOPARA Vol. 4,NEKO WORKs,Sekai Project
200000,72.51,Voidtrain,HypeTrain Digital,HypeTrain Digital
200000,70.62,下一站江湖Ⅱ,白玉京工作室,白玉京工作室
200000,87.00,The Vagrant,O.T.K Games,SakuraGame
200000,91.94,Cat Quest,The Gentlebros,Kepler Interactive
500000,91.74,Tetris® Effect: Connected,"Monstars Inc., Resonair, Stage Games",Enhance
1000000,89.29,Tropico 4,Haemimont Games,Kalypso Media Digital
500000,89.21,Divinity: Original Sin (Classic),Larian Studios,Larian Studios
200000,91.72,Back to the Dawn,Metal Head Games,Spiral Up Games
1000000,86.95,FINAL FANTASY XII THE ZODIAC AGE,Square Enix,Square Enix
200000,86.39,Ultimate General: Civil War,Game-Labs,Game-Labs
500000,75.14,Endzone - A World Apart,Gentlymad Studios,"Assemble Entertainment, WhisperGames"
20000,88.59,HuniePop 2: Double Date,HuniePot,HuniePot
200000,89.35,Colony Survival,Pipliz,Pipliz
500000,94.31,Bugsnax,Young Horses,Young Horses
200000,86.38,Project Hospital,Oxymoron Games,Oxymoron Games
500000,72.65,Comedy Night,Lighthouse Games Studio,Lighthouse Games Studio
200000,81.58,THE KING OF FIGHTERS XV,SNK CORPORATION,SNK CORPORATION
200000,82.79,A Bird Story,Freebird Games,Freebird Games
200000,91.92,Otaku's Adventure,Spacelight Studio,Spacelight Studio
500000,80.66,Wildfrost,"Deadpan Games, Gaziter",Chucklefish
20000,86.00,The King is Watching,Hypnohead,tinyBuild
100000,86.48,Car Dealer Simulator,Garage Monkeys,Garage Monkeys
200000,84.10,The Headliners,KAFI,KAFI
500000,81.59,Ni no Kuni™ II: Revenant Kingdom,LEVEL5 Inc.,BANDAI NAMCO Entertainment
5000000,82.62,GRID 2,Codemasters Racing,Codemasters
1000000,82.28,Dino D-Day,800 North and Digital Ranch,800 North and Digital Ranch
200000,92.64,Monster Train 2,Shiny Shoe,Big Fan Games
200000,96.13,TOEM: A Photo Adventure,Something We Made,"Something We Made, popagenda"
500000,91.46,Door Kickers,KillHouse Games,KillHouse Games
500000,86.80,Hand of Fate,Defiant Development,Defiant Development
200000,91.01,Motor Town: Behind The Wheel,P3 Games,P3 Games
200000,85.61,We Who Are About To Die,Jordy Lakiere,Jordy Lakiere
200000,88.20,Rogue: Genesia,Ouadi Huard,"Ouadi Huard, Gamersky Games"
200000,94.73,Aliya: Timelink,TDGame Studio,Anotherindie
500000,77.57,Steel Division 2,Eugen Systems,Eugen Systems
500000,87.02,Ale & Tale Tavern,Scienart Games,"GrabTheGames, UpgradePoint"
1000000,77.83,SEGA Mega Drive and Genesis Classics,D3T Limited,SEGA
20000,92.61,Easy Delivery Co.,Sam C,Oro Interactive
100000,93.62,5D Chess With Multiverse Time Travel,"Conor Petersen, Thunkspace, LLC","Conor Petersen, Thunkspace, LLC"
200000,91.65,GUILTY GEAR Xrd REV 2,Arc System Works,Arc System Works
200000,93.93,Hook,Maciej Targoni,Maciej Targoni
500000,55.18,SMITE 2,Titan Forge Games,Hi-Rez Studios
1000000,79.98,"Warhammer 40,000: Gladius - Relics of War",Proxy Studios,Slitherine Ltd.
500000,90.78,Elin,Lafrontier,Lafrontier
200000,91.69,Class of '09,SBN3,SBN3
500000,79.28,CastleMiner Z,DigitalDNA Games,DigitalDNA Games
500000,81.21,Primal Carnage: Extinction,"Circle Five Studios, Pub Games",Circle Five Publishing
200000,93.64,Sayonara Wild Hearts,Simogo,Annapurna Interactive
500000,92.55,DOOM II,id Software,id Software
200000,87.81,Fast Food Simulator,No Ceiling Games,No Ceiling Games
1000000,72.54,Alan Wake's American Nightmare,Remedy Entertainment,Remedy Entertainment
500000,86.84,Ultimate Fishing Simulator®,"Pancake Games, Bit Golem",Ultimate Games S.A.
200000,95.01,Hylics,Mason Lindroth,Mason Lindroth
200000,86.64,To Be or Not to Be,Team K,DSGame
500000,72.66,Fernbus Simulator,TML-Studios,Aerosoft GmbH
200000,93.66,Rusty Lake: Roots,Rusty Lake,Rusty Lake
100000,85.67,Slender: The Arrival,Blue Isle Studios,Blue Isle Publishing
500000,89.02,The Operator,Bureau 81,"Bureau 81, indienova"
2000000,85.71,"Warhammer 40,000: Dawn of War II - Anniversary Edition","Relic Entertainment, Feral Interactive (Mac/Linux)","Relic Entertainment, Feral Interactive (Mac/Linux)"
200000,87.08,The Life and Suffering of Sir Brante,"Sever, Schisma Games",101XP
200000,92.13,Poly Bridge 2,Dry Cactus,Dry Cactus
500000,79.02,Castlevania: Lords of Shadow – Ultimate Edition,"MercurySteam, Climax Studios",KONAMI
2000000,59.03,Football Manager 2017,Sports Interactive,SEGA
20000,93.85,Tower Wizard,Barribob,Barribob
500000,89.93,Citizen Sleeper,Jump Over The Age,Fellow Traveller
200000,93.51,Downwell,Moppin,Devolver Digital
500000,86.27,Hellish Quart,Kubold,Kubold
100000,55.71,SURVIVAL: Postapocalypse Now,TB Games,TB Games
1000000,75.34,Amnesia: Rebirth,Frictional Games,Frictional Games
2000000,72.55,EVE Online,CCP,CCP
500000,82.55,Police Stories,HypeTrain Digital,HypeTrain Digital
200000,94.66,MULLET MADJACK,HAMMER95,"Epopeia Games, HAMMER95"
200000,93.76,Zup! F,Quiet River,Quiet River
500000,78.83,Yakuza 3 Remastered,Ryu Ga Gotoku Studio,SEGA
500000,77.36,Titan Souls,Acid Nerve,Devolver Digital
200000,92.04,Lucy -The Eternity She Wished For-,"Modern Visual Arts Laboratory, SEO INSEOK",Modern Visual Arts Laboratory
1000000,80.83,The Incredible Adventures of Van Helsing,NeocoreGames,NeocoreGames
1000000,84.61,Yet Another Zombie Defense,Awesome Games Studio,Awesome Games Studio
200000,85.83,Storyteller,Daniel Benmergui,Annapurna Interactive
200000,85.12,Terra Nil,"Free Lives, Clockwork Acorn",Devolver Digital
200000,92.08,FAITH: The Unholy Trinity,Airdorf Games,New Blood Interactive
200000,92.86,The Farmer Was Replaced,Timon Herzog,"Metaroot, Timon Herzog"
100000,93.75,The Roottrees are Dead,Evil Trout Inc.,Evil Trout Inc.
500000,79.16,Lucius,Shiver Games,Shiver Games
500000,87.72,Neverwinter Nights: Enhanced Edition,Beamdog,Beamdog
1000000,92.20,EARTH DEFENSE FORCE 4.1 The Shadow of New Despair,SANDLOT,D3PUBLISHER
200000,71.57,WWE 2K22,Visual Concepts,2K
200000,80.81,Granblue Fantasy: Versus,"Cygames Inc., Arc System Works","XSEED Games, Marvelous USA Inc."
500000,81.59,Curse of the Dead Gods,Passtech Games,Focus Entertainment
500000,91.98,Yuppie Psycho: Executive Edition,Baroque Decay,Neon Doctrine
200000,94.18,CULTIC,Jasozz Games,3D Realms
500000,86.45,Risen,"Piranha Bytes, THQ Nordic",THQ Nordic
20000,90.81,Keep on Mining!,EagleEye Games,EagleEye Games
1000000,77.38,GOD EATER 3,BANDAI NAMCO Studios Inc.,BANDAI NAMCO Entertainment
200000,80.04,Smalland: Survive the Wilds,Merge Games,Maximum Entertainment
50000,84.05,Tannenberg,Blackmill Games,Blackmill Games
500000,81.11,Airport CEO,Apog Labs,Apog Labs
200000,89.02,Dale & Dawson Stationery Supplies,Striped Panda Studios,Striped Panda Studios
200000,80.53,Volcanoids,Volcanoid,Volcanoid
500000,86.31,Dragon Cliff,Meta Interaction,Meta Interaction
500000,78.42,Ghostrunner 2,One More Level,505 Games
200000,93.38,Spaceflight Simulator,Team Curiosity ✦,Team Curiosity ✦
1000000,81.00,SUNLESS SEA,Failbetter Games,Failbetter Games
200000,93.70,Hidden Folks,Hidden Folks,Hidden Folks
500000,83.90,Death and Taxes,Placeholder Gameworks,"Placeholder Gameworks, Hawthorn Games"
100000,90.02,Your Mother,M for Mother,M for Mother
100000,85.90,Into the Dead: Our Darkest Days,PikPok,"Boltray Games (China), PikPok (worldwide)"
100000,92.29,Nuclear Option,Shockfront Studios,Shockfront Studios
500000,83.99,Hand Simulator: Survival,HFM Games,HFM Games
20000,94.35,Is This Seat Taken?,Poti Poti Studio,Wholesome Games Presents
100000,84.29,SULFUR,Perfect Random,Perfect Random
50000000,90.30,Unturned,Smartly Dressed Games,Smartly Dressed Games
200000,89.55,Chillquarium,Ben Reber,Ben Reber
200000,72.39,F1® Manager 2022,Frontier Developments,Frontier Developments
1000000,93.35,"Warhammer® 40,000: Dawn of War® - Dark Crusade",Relic Entertainment,SEGA
500000,83.51,The Walking Dead: Saints & Sinners,Skydance Interactive,Skydance Interactive
500000,91.94,FINAL FANTASY,Square Enix,Square Enix
20000,81.68,Orc Massage,TorchEntertainment,"Critical Bliss, Mango Party"
200000,94.59,Digseum,Rat Monthly,Rat Monthly
200000,91.80,COCOON,Geometric Interactive,Annapurna Interactive
2000000,90.63,DISTRAINT: Deluxe Edition,Jesse Makkonen,Jesse Makkonen
200000,94.99,Kind Words (lo fi chill beats to write to),Popcannibal,Popcannibal
200000,92.18,Songs of Syx,Gamatron AB,Gamatron AB
100000,93.01,STEINS;GATE 0,MAGES. Inc.,Spike Chunsoft Co. Ltd.
500000,91.61,Crazy Machines 3,Fakt Software,Daedalic Entertainment
500000,84.60,Reigns,Nerial,Devolver Digital
200000,77.23,Total Tank Simulator,Noobz from Poland,505 Games
200000,78.76,Lost,DSGame,DSGame
2000000,87.71,Sanctum 2,Coffee Stain Studios,Coffee Stain Publishing
200000,91.11,GORN,Free Lives,Devolver Digital
100000,91.22,Software Inc.,Coredumping,Coredumping
100000,90.00,Pit People®,The Behemoth,The Behemoth
500000,79.72,Partisans 1941,Alter Games,Daedalic Entertainment
200000,87.52,Tainted Grail: Conquest,Questline,Awaken Realms
500000,93.51,Homicipher,八名木Games,Gamirror Games
1000000,84.66,Football Manager 2019,Sports Interactive,SEGA
200000,89.09,The Wandering Village,Stray Fawn Studio,"Stray Fawn Publishing, WhisperGames"
200000,87.12,Cozy Grove,Spry Fox,Spry Fox
200000,92.31,Manifold Garden,William Chyr Studio,William Chyr Studio
200000,91.41,Melatonin,Half Asleep,Half Asleep
200000,86.31,Chained Echoes,Umami Tiger (Matthias Linda),"Deck13, WhisperGames"
200000,46.89,Madden NFL 24,Tiburon,Electronic Arts
1000000,73.54,Need for Speed Undercover,EA Black Box,Electronic Arts
500000,93.69,Fireworks Mania - An Explosive Simulator,Laumania ApS,Laumania ApS
500000,73.44,Rotwood,Klei Entertainment,Klei Entertainment
500000,84.42,Backpack Hero,Jaspel,"Pretty Soon, IndieArk"
200000,92.38,Devil Daggers,Sorath,Sorath
20000,82.54,MIMESIS,ReLU Games Inc.,"ReLU Games Inc., KRAFTON Inc."
200000,95.03,Lost in Play,Happy Juice Games,Joystick Ventures
1000000,69.69,F.E.A.R. 3,Day 1 Studios,Warner Bros. Interactive Entertainment
100000,94.03,In Stars And Time,insertdisc5,Armor Games Studios
500000,88.54,while True: learn(),Luden.io,Luden.io
200000,93.06,Ages of Conflict: World War Simulator,JoySpark Games,JoySpark Games
200000,85.19,Rise to Ruins,Raymond Doerr,SixtyGig Games
500000,71.28,Twelve Minutes,Luis Antonio,Annapurna Interactive
20000,85.46,Assetto Corsa Rally,Supernova Games Studios,505 Games
100000,92.48,Shower With Your Dad Simulator 2015: Do You Still Shower With Your Dad,marbenx,marbenx
500000,62.13,Trine 3: The Artifacts of Power,Frozenbyte,Frozenbyte
200000,71.40,The Bus,TML-Studios,Aerosoft GmbH
200000,92.56,Kingdom Rush Origins - Tower Defense,Ironhide Game Studio,Ironhide Game Studio
200000,84.67,The Precinct,Fallen Tree Games Ltd,Kwalee
200000,92.65,LYNE,Thomas Bowker,Thomas Bowker
100000,74.82,Incursion Red River,Games Of Tomorrow GmbH,Games Of Tomorrow GmbH
500000,80.64,Railway Empire,Gaming Minds Studios,Kalypso Media
500000,83.59,LEGO® Marvel Super Heroes 2,"TT Games, Feral Interactive (Mac)","Warner Bros. Interactive, Feral Interactive"
500000,82.80,Rebel Galaxy,Double Damage Games,"Double Damage Games, SNEG"
500000,90.87,Mad Games Tycoon 2,Eggcode,Eggcode
500000,78.05,Tales of Zestiria,BANDAI NAMCO Studio Inc.,BANDAI NAMCO Entertainment
200000,93.13,Thank Goodness You're Here!,Coal Supper,Panic
100000,93.35,Carto,Sunhead Games,"Balor Games, XD"
500000,74.14,The Surge 2,Deck13,Focus Entertainment
500000,82.16,NARUTO SHIPPUDEN: Ultimate Ninja STORM Revolution,CyberConnect2 Co. Ltd.,BANDAI NAMCO Entertainment
500000,88.53,Pumpkin Jack,Evil Raptor,"Headup, Beep Japan"
500000,83.22,Iratus: Lord of the Dead,Unfrozen,Daedalic Entertainment
200000,94.85,Cube Escape Collection,Rusty Lake,Rusty Lake
1000000,85.44,Crysis 3 Remastered,"Crytek, Saber Interactive",Crytek
1000000,90.39,Serious Sam HD: The First Encounter,Croteam,Devolver Digital
200000,85.91,Deliver Us The Moon,KeokeN Interactive,Wired Productions
500000,92.23,Gloomwood,"Dillon Rogers, David Szymanski, Nate Berens, Thomas Porta",New Blood Interactive
1000000,68.41,Amnesia: A Machine for Pigs,The Chinese Room,Frictional Games
500000,86.16,Russian Life Simulator,GosDev Production,"Abama Entertainment, GosDev Production"
500000,77.38,Bad Rats: the Rats' Revenge,Invent4 Entertainment,Strategy First
200000,94.91,Monument Valley,ustwo games,ustwo games
500000,79.46,Train Sim World® 2,Dovetail Games,Dovetail Games - TSW
500000,76.55,Unravel Two,Coldwood Interactive,Electronic Arts
200000,89.10,The Mortuary Assistant,DarkStone Digital,DreadXP
200000,56.05,Drug Dealer Simulator 2,Byterunners,Movie Games S.A.
1000000,78.40,Age of Wonders III,Triumph Studios,Paradox Interactive
1000000,76.88,Blood Bowl 2,Cyanide Studios,Nacon
200000,94.53,Minishoot' Adventures,SoulGame Studio,"SoulGame Studio, IndieArk"
500000,59.94,The Guild 3,"Purple Lamp, GolemLabs",THQ Nordic
500000,77.14,The Tenants,Ancient Forge,Ancient Forge
500000,91.12,Lost Judgment,Ryu Ga Gotoku Studio,SEGA
200000,74.43,Streamer Life Simulator,Cheesecake Dev,Cheesecake Dev
500000,68.95,Mordheim: City of the Damned,Rogue Factor,Nacon
50000,94.07,Marco & The Galaxy Dragon,TOKYOTOON,Shiravune
500000,62.00,Burnout™ Paradise Remastered,"Stellar Entertainment, Criterion Games",Electronic Arts
500000,86.46,The Dark Pictures Anthology: House of Ashes,Supermassive Games,BANDAI NAMCO Entertainment Europe
200000,86.53,Secrets of Grindea,Pixel Ferrets,Pixel Ferrets
20000,92.09,Cast n Chill,Wombat Brawler,Wombat Brawler
1000000,90.53,Braid,Number None,Number None
1000000,84.74,Team Fortress Classic,Valve,Valve
100000,92.10,UFO 50,Mossmouth,Mossmouth
500000,80.46,SD GUNDAM G GENERATION CROSS RAYS,"TOM CREATE, 株式会社トムクリエイト","BANDAI NAMCO Entertainment, 株式会社バンダイナムコエンターテインメント"
200000,88.90,"Gunner, HEAT, PC!",Radian Simulations LLC,Radian Simulations LLC
200000,81.91,Ultimate Epic Battle Simulator 2,Brilliant Game Studios,Brilliant Game Studios
200000,93.40,Echo Point Nova,Greylock Studio,Greylock Studio
20000,92.02,Poker Night at the Inventory,Skunkape Games,Skunkape Games
200000,80.40,Jotunnslayer: Hordes of Hel,"Games Farm, ARTillery",Grindstone
200000,72.61,The Dark Pictures Anthology: Little Hope,Supermassive Games,BANDAI NAMCO Entertainment Europe
500000,85.80,The Vanishing of Ethan Carter,The Astronauts,The Astronauts
500000,87.75,Potionomics,Voracious Games,"XSEED Games, Marvelous USA Inc."
200000,89.35,THE LONGING,Studio Seufz,Application Systems Heidelberg
200000,56.43,Pax Dei,Mainframe Industries,Mainframe Industries
500000,93.16,Rusty Lake Hotel,Rusty Lake,Rusty Lake
200000,79.45,The Slormancer,Slormite Studios,"Slormite Studios, Abiding Bridge"
500000,85.80,HighFleet,Konstantin Koshutin,MicroProse Software
500000,91.43,Heat Signature,Suspicious Developments,Suspicious Developments
1000000,83.72,Defy Gravity Extended,Paul Fisch,Fish Factory Games
200000,63.62,No One Survived,Cat Play Studio,Cat Play Studio
100000,66.21,Longvinter,Uuvana Studios,Uuvana Studios
200000,93.91,A Space for the Unbound,Mojiken,"Toge Productions, Cube Game"
20000,93.87,Stick It to the Stickman,Free Lives,Devolver Digital
1000000,87.18,METAL SLUG 3,"SNK CORPORATION, Dotemu",SNK CORPORATION
200000,92.77,The Rewinder,MistyMountainStudio,Gamirror Games
500000,84.73,The Dungeon Of Naheulbeuk: The Amulet Of Chaos,Artefacts Studio,"Dear Villagers, E-Home Entertainment"
200000,89.50,Shawarma Legend,Eyad Alshafei,Patates Games
200000,81.85,Sins of a Solar Empire II,"Ironclad Games Corporation, Stardock Entertainment",Stardock Entertainment
200000,89.88,Tiny Pasture,CaveLiquid,Gamersky Games
200000,94.90,Crow Country,SFB Games,SFB Games
500000,78.67,Blood Trail,Electrovore,Electrovore
200000,91.11,Bean Battles,Gupa Games,Gupa Games
500000,89.48,DRAGON QUEST BUILDERS™ 2,"Square Enix, KOEI TECMO GAMES CO. Ltd.",Square Enix
500000,76.94,rFactor 2,Studio 397,Studio 397
200000,66.51,The Wild Eight,Eight Points,HypeTrain Digital
500000,91.22,Parkitect,Texel Raptor,Texel Raptor
500000,88.12,Ion Fury,"Voidpoint, LLC",3D Realms
100000,80.44,Danganronpa Another Episode: Ultra Despair Girls,Spike Chunsoft Co. Ltd.,Spike Chunsoft Co. Ltd.
100000,89.23,Cash Cleaner Simulator,Mind Control Games,"Forklift Interactive, Gamersky Games"
200000,91.76,Uncrashed : FPV Drone Simulator,Luminite,Luminite
200000,75.65,Minecraft: Story Mode - A Telltale Games Series,Telltale Games,Telltale Games
500000,84.61,Beholder 2,Alawar Stargaze (Warm Lamp Games),Alawar
200000,84.47,Shieldwall,Nezon Production,Nezon Production
200000,90.04,Zero Escape: The Nonary Games,Spike Chunsoft Co. Ltd.,Spike Chunsoft Co. Ltd.
200000,82.10,Tomb Raider I-III Remastered Starring Lara Croft,"Aspyr, Crystal Dynamics",Aspyr
500000,92.89,Recettear: An Item Shop's Tale,EasyGameStation,Carpe Fulgur LLC
500000,81.93,Gremlins Inc.,Charlie Oscar Lima Tango Interactive Entertainment,Small Fish Big Dreams
1000000,78.67,ENDLESS™ Space - Definitive Edition,AMPLITUDE Studios,AMPLITUDE Studios
500000,81.46,King Arthur: Knight's Tale,NeocoreGames,NeocoreGames
200000,92.07,Rusty Lake Paradise,Rusty Lake,Rusty Lake
500000,79.00,Dragon Age II: Ultimate Edition,BioWare,Electronic Arts
200000,84.97,The Final Station,DO MY BEST,tinyBuild
1000000,92.87,Orcs Must Die!,Robot Entertainment,Robot Entertainment
20000,91.04,Scritchy Scratchy,Lunch Money Games,Funday Games
500000,93.37,VVVVVV,Terry Cavanagh,Terry Cavanagh
200000,86.90,Yokai's Secret,Double W,Toffee Cafe
1000000,90.25,AMID EVIL,Indefatigable,New Blood Interactive
100000,93.03,WitchSpring R,KIWIWALKS,KIWIWALKS
200000,84.51,Home Behind 2,TPP Studio,Spiral Up Games
200000,85.65,The Hundred Line -Last Defense Academy-,"Too Kyo Games, Media.Vision Inc.",Aniplex Inc.
200000,67.63,Azur Lane Crosswave,"IDEA FACTORY, COMPILE HEART, FELISTELLA",Idea Factory International
200000,79.81,Rebel Inc: Escalation,Ndemic Creations,"Hooded Horse, Ndemic Creations"
500000,87.36,FlatOut: Ultimate Carnage Collector's Edition,"Bugbear Entertainment, ZOOM Platform Media, Jordan Freeman Group",Strategy First
100000,94.72,BRAZILIAN DRUG DEALER 3: I OPENED A PORTAL TO HELL IN THE FAVELA TRYING TO REVIVE MIT AIA I NEED TO CLOSE IT,Joeveno,"Joeveno, NoQuarter"
200000,75.82,Afterimage,Aurogon Shanghai,Maximum Entertainment
500000,79.14,Due Process,Giant Enemy Crab,Giant Enemy Crab
200000,82.10,The Infected,DigX Studios,DigX Studios
200000,93.92,Dungeon Munchies,maJAJa,maJAJa
200000,60.35,Ultimate Admiral: Dreadnoughts,Game-Labs,Game-Labs
1000000,91.40,Super Animal Royale,Pixile,Pixile
200000,92.33,Zup! 2,Quiet River,Quiet River
20000,91.19,Slots & Daggers,Friedemann,Future Friends Games
500000,84.21,F.I.S.T.: Forged In Shadow Torch,TiGames,Astrolabe Games
50000,95.09,WITCH ON THE HOLY NIGHT,"TYPE-MOON, Lasengle Inc., Hunex",Aniplex Inc.
200000,74.76,侠客风云传(Tale of Wuxia),Heluo Studio,Phoenix Game
200000,91.90,Rooftops & Alleys: The Parkour Game,MLMEDIA,"MLMEDIA, Radical Theory, Shine Group"
200000,79.54,Streamer Life Simulator 2,Cheesecake Dev,Cheesecake Dev
200000,92.94,Mark of the Ninja: Remastered,Klei Entertainment,Klei Entertainment
200000,94.84,Underground Blossom,Rusty Lake,Rusty Lake
200000,88.88,Bridge Constructor Portal,ClockStone,Headup
200000,93.15,Zup! X,Quiet River,Quiet River
500000,83.54,War for the Overworld,Brightrock Games,"Mythwright, Brightrock Games"
200000,82.99,Fabledom,Grenaa Games,"Dear Villagers, Doyoyo Games"
200000,81.21,Kebab Chefs! - Restaurant Simulator,Biotech Gameworks,Biotech Gameworks
200000,84.05,The House of Da Vinci,Blue Brain Games,Blue Brain Games
200000,85.91,Legend of Heroes: Three Kingdoms,Free Wing,"Free Wing, NPC Entertainment"
100000,94.62,Alba: A Wildlife Adventure,ustwo games,"ustwo games, PID Games, Dear Villagers"
500000,90.90,SteamWorld Dig,Image & Form Games,Image & Form Games
200000,86.92,INDIKA,Odd Meter,11 bit studios
20000,69.53,Solo Leveling: ARISE OVERDRIVE,Netmarble Neo,Netmarble
1000000,81.50,Euro Truck Simulator,SCS Software,SCS Software
200000,78.18,Rivals of Aether II,Aether Studios,"Aether Studios, offbrand games"
200000,92.21,Animal Revolt Battle Simulator,VDimension,VDimension
500000,89.01,POSTAL Redux,Running With Scissors,Running With Scissors
2000000,72.78,Quake Champions,id Software,Bethesda Softworks
200000,84.18,Void Crew,Hutlihut Games,Focus Entertainment
200000,90.72,The White Door,Rusty Lake,Second Maze
100000,90.35,Apewar,Radatomic Studios,Radatomic Studios
500000,82.21,E.Y.E: Divine Cybermancy,Streum On Studio,Streum On Studio
200000,90.70,Jazzpunk: Director's Cut,Necrophone Games,Necrophone Games
200000,72.59,Democracy 3,Positech Games,Positech Games
1000000,87.40,Poker Night at the Inventory (2010 Original Version),Telltale Games,Telltale Games
200000,93.11,Rusted Warfare - RTS,Corroding Games,Corroding Games
200000,85.08,The Turing Test,BULKHEAD,BULKHEAD
200000,94.21,Fallen Aces,"Trey Powell, Jason Bond",New Blood Interactive
200000,77.37,Fahrenheit: Indigo Prophecy Remastered,"Quantic Dream, Aspyr Media (remastered version)",Quantic Dream
500000,65.37,DESOLATE,Nearga,HypeTrain Digital
200000,83.83,UnderRail,Stygian Software,Stygian Software
200000,85.69,Passpartout: The Starving Artist,Flamebait Games,Flamebait Games
200000,72.90,Sengoku Dynasty,Superkami,Toplitz Productions
200000,55.69,Starbase,Frozenbyte,Frozenbyte
200000,82.05,Haydee,Haydee Interactive,Haydee Interactive
200000,91.68,Bramble: The Mountain King,Dimfrost Studio,Maximum Entertainment
200000,89.99,Out There Somewhere,MiniBoss,Senpai Industrial Studios
200000,92.23,Lay a Beauty to Rest: The Darkness Peach Blossom Spring,零创游戏(ZerocreationGame),零创游戏(ZerocreationGame)
50000,91.61,Tales of Maj'Eyal,Netcore Games,Netcore Games
1000000,87.25,Red Faction Guerrilla Steam Edition,"Volition, Reactor Zero, THQ Nordic",Deep Silver
200000,76.37,Sudden Strike 4,Kite Games,Kalypso Media
200000,82.25,DAEMON X MACHINA,Marvelous Inc.,"XSEED Games, Marvelous USA Inc., Marvelous Europe"
200000,91.21,Turbo Overkill,Trigger Happy Interactive,Apogee Entertainment
200000,86.18,Among the Sleep - Enhanced Edition,Krillbite Studio,Krillbite Studio
500000,64.22,Day of Dragons,Beawesome Games,Beawesome Games
200000,86.37,MUSYNX,I-Inferno,Wave Game
500000,86.07,The Invincible,Starward Industries,11 bit studios
20000,82.28,YAPYAP,Maison Bap,Maison Bap
1000000,75.24,Kingdoms of Amalur: Re-Reckoning,"KAIKO, Big Huge Games, 38 Studios",THQ Nordic
100000,73.98,Ballistic Overkill,Aquiris Game Studio,Aquiris Game Studio
200000,90.18,Littlewood,Sean Young,SmashGames
500000,82.42,Coromon,TRAGsoft,indie.io
200000,91.39,Sid Meier's Pirates!,Firaxis Games,2K
200000,85.64,Nordic Ashes: Survivors of Ragnarok,Noxfall Studios,Noxfall Studios
200000,92.63,Airships: Conquer the Skies,David Stark,David Stark
200000,67.58,EARTH DEFENSE FORCE 6,SANDLOT,D3PUBLISHER
100000,85.51,"Good Pizza, Great Pizza - Cooking Simulator Game",TapBlaze,TapBlaze
200000,90.37,One Step From Eden,Thomas Moon Kang,"Balor Games, Maple Whispering Limited"
200000,87.45,Ys VIII: Lacrimosa of DANA,Nihon Falcom,NIS America Inc.
20000,90.46,Peeping Dorm Manager,HornyDoge,"Mango Party, Mango Party News"
20000,90.91,Super Battle Golf,Brimstone,Oro Interactive
500000,53.41,NBA 2K17,Visual Concepts,2K
20000,92.91,Tiny Bookshop,neoludic games,"Skystone Games, 2P Games"
500000,85.76,Thief Simulator 2,"CookieDev, Ultimate Games S.A.",PlayWay S.A.
500000,74.64,Tomb Raider: Underworld,Crystal Dynamics,Crystal Dynamics
500000,82.37,Banishers: Ghosts of New Eden,DON'T NOD,Focus Entertainment
20000,91.04,LEWDAPOCALYPSE Hentai Evil,KG/AM,KG/AM
2000000,88.66,Kingdom: Classic,"Noio, Licorice",Raw Fury
200000,90.30,The Silent Age,House On Fire,House On Fire
200000,87.63,UBERMOSH,Walter Machado,Walter Machado
20000,92.94,Kaiju Princess,PantyParrot,"Mango Party, PantyParrot, Mango Party News"
1000000,69.92,Dead Island: Riptide Definitive Edition,Techland,Deep Silver
500000,78.44,The Walking Dead: Michonne - A Telltale Miniseries,Telltale Games,Skybound Games
200000,90.04,Depersonalization,MeowNature,Gamirror Games
200000,75.62,Train Sim World® 2020,Dovetail Games,Dovetail Games - TSW
200000,93.81,Mad Father,sen,PLAYISM
200000,92.01,Shogun Showdown,Roboatino,"Goblinz Publishing, Gamirror Games"
200000,78.48,The Last Stand: Aftermath,Con Artist Games,Armor Games Studios
100000,61.54,Rise of the Ronin,KOEI TECMO GAMES CO. Ltd.,KOEI TECMO GAMES CO. Ltd.
200000,88.35,Emily is Away <3,Kyle Seeley,Kyle Seeley
100000,37.27,Test Drive Unlimited Solar Crown,KT Racing,Nacon
100000,91.80,POOLS,Tensori,"Tensori, UNIKAT Label"
50000,91.03,Dictators:No Peace Countryballs,RPN Indie Developer,RPN Indie Developer
200000,87.98,EZ2ON REBOOT : R,"Neonovice Co. Ltd., SQUARE PIXELS",Neonovice Co. Ltd.
500000,87.37,Tormented Souls,"Dual Effect, Abstract Digital",PQube
20000,94.16,The Test: Hypothesis Rising,Randumb Studios,Randumb Studios
500000,90.12,Swords & Souls: Neverseen,SoulGame Studio,Armor Games Studios
500000,66.94,Tower of Babel: Survivors of Chaos,NANOO,NANOO
200000,74.89,NARUTO: Ultimate Ninja STORM,CyberConnect2 Co. Ltd.,BANDAI NAMCO Entertainment
200000,79.08,Startup Company,Hovgaard Games,Hovgaard Games
500000,90.91,Ember Knights,Doom Turtle,Twin Sails Interactive
100000,91.91,Duck Detective: The Secret Salami,Happy Broccoli Games,Happy Broccoli Games
200000,94.15,Minami Lane,"Doot, Blibloop, Zakku","Doot Tiny Games, Wholesome Games Presents"
500000,82.77,Magicite,Sean Young,SmashGames
200000,91.73,Long Live The Queen,Hanako Games,Hanako Games
200000,88.03,INMOST,Hidden Layer Games,Chucklefish
200000,79.68,Democracy 4,Positech Games,Positech Games
200000,89.50,Ken Follett's The Pillars of the Earth,Daedalic Entertainment,Daedalic Entertainment
200000,90.61,Amanda the Adventurer,MANGLEDmaw Games,DreadXP
500000,78.62,Never Alone (Kisima Ingitchuna),"Upper One Games, E-Line Media",E-Line Media
200000,72.54,《蜀山：初章》买断版,重楼工作室,重楼工作室
200000,84.12,Sword With Sauce,Diatomic Studios,Diatomic Studios
2000000,63.29,Tree of Savior (English Ver.),"IMCGAMES Co.,Ltd.","IMCGAMES Co.,Ltd."
200000,90.95,Sticky Business,Spellgarden Games,Assemble Entertainment
500000,64.05,Necromunda: Hired Gun,Streum On Studio,Focus Entertainment
200000,80.77,Granblue Fantasy Versus: Rising,"Cygames Inc., Arc System Works",Cygames Inc.
2000000,90.82,Metro 2033,4A Games,Deep Silver
200000,91.35,Space Rangers HD: A War Apart,"SNK Games, Elemental Games, Katauri Interactive",Fulqrum Publishing
500000,77.05,Ancestors Legacy,Destructive Creations,Destructive Creations
200000,63.97,Pixel Piracy,Vitali Kirpu,Vitali Kirpu
20000,95.13,星空列车与白的旅行,しらたまこ,"inc.ZOFE, Syawase Works China"
20000,92.20,BLACK SOULS,"Eeny, meeny, miny, moe?","OTAKU Plan, NEWS"
200000,92.27,Cat Quest II,The Gentlebros,Kepler Interactive
200000,78.66,ANNO: Mutationem,ThinkingStars,ThinkingStars
200000,91.86,Tangle Tower,SFB Games,SFB Games
500000,80.13,Rogue Tower,Die of Death Games,Die of Death Games
200000,87.42,Axiom Verge,Thomas Happ Games LLC,Thomas Happ Games LLC
500000,75.11,SpellForce 3 Reforced,Grimlore Games,THQ Nordic
500000,83.66,ENSLAVED™: Odyssey to the West™ Premium Edition,Ninja Theory,BANDAI NAMCO Entertainment
200000,52.01,Medieval Engineers,Keen Software House,Keen Software House
100000,77.82,Len's Island,Flow Studio,"Flow Studio, Fireshine Games"
500000,87.36,Nidhogg,Messhof,Messhof
200000,91.94,Agent A: A puzzle in disguise,Yak & Co,Yak & Co
200000,89.80,Let's School,Pathea Games,"Pathea Games, PM Studios Inc."
200000,84.19,Journey To The Savage Planet,Typhoon,505 Games
20000,89.71,ROUTINE,Lunar Software,Raw Fury
100000,83.72,X-Plane 12,Laminar Research,Laminar Research
1000000,78.55,The Legend of Bum-Bo,"Edmund McMillen, James Interactive, Ridiculon",Edmund McMillen
50000,81.54,HARD BULLET,GexagonVR,GexagonVR
200000,91.54,Dead Estate,Milkbar Lads,2 Left Thumbs
100000,88.34,FlatOut,"Bugbear Entertainment, ZOOM Platform Media, Jordan Freeman Group",Strategy First
200000,58.30,Outlaws of the Old West,Virtual Basement LLC,Wandering Wizard
200000,88.24,Nobody Saves the World,Drinkbox Studios,Drinkbox Studios
500000,84.12,Teamfight Manager,Team Samoyed,Team Samoyed
200000,88.60,Shotgun King: The Final Checkmate,PUNKCAKE Delicieux,PUNKCAKE Delicieux
100000,86.47,112 Operator,Jutsu Games,Games Operators
100000,90.99,Keep Driving,YCJY Games,YCJY Games
200000,94.06,Opus Magnum,Zachtronics,Zachtronics
100000,88.80,Laika: Aged Through Blood,Brainwash Gang,Thunderful Publishing
200000,91.62,Crawl,Powerhoof,Powerhoof
1000000,86.80,Sid Meier's Civilization® III Complete,Firaxis Games,2K
200000,79.97,Old World,Mohawk Games,Hooded Horse
100000,94.67,Riddle Joker,YUZUSOFT,"NekoNyan Ltd., HIKARI FIELD"
200000,84.77,Battle Chasers: Nightwar,Airship Syndicate,THQ Nordic
100000,92.06,YOU and ME and HER: A Love Story,Nitroplus,JAST
200000,93.80,Fox Hime Zero,AsicxArt,SakuraGame
20000,91.51,Species: Unknown,WanadevStudio,WanadevStudio
100000,67.54,RUSSIAPHOBIA,European Flameworms,Union Onion
500000,90.64,The Coin Game,devotid,Kwalee
200000,92.50,SteamWorld Dig 2,Image & Form Games,Image & Form Games
200000,93.96,Vampires' Melody,AsicxArt,SakuraGame
500000,85.17,Two Point Campus,Two Point Studios,SEGA
20000,95.75,Öoo,"NamaTakahashi, tiny cactus studio, Tsuyomi",NamaTakahashi
500000,76.51,Talisman: Digital Classic Edition,Nomad Games,Nomad Games
200000,91.07,Hatoful Boyfriend,"Mediatonic, Hato Moa",Epic Games
100000,91.59,The House in Fata Morgana,NOVECT,MangaGamer
500000,83.62,Super Robot Wars 30,Bandai Namco Forge Digitals Inc.,Bandai Namco Entertainment
200000,95.08,Epic Battle Fantasy 5,Matt Roszak,Matt Roszak
20000,62.90,The Weeping Swan: Ten Days of the City's Fall,零创游戏(ZerocreationGame),"零创游戏(ZerocreationGame), 2P Games"
2000000,93.56,Glass Masquerade,Onyx Lute,Onyx Lute
500000,93.04,Bit Blaster XL,Adamvision Studios,Adamvision Studios
200000,89.25,Fears to Fathom - Ironbark Lookout,Rayll Studios,Rayll Studios
200000,82.66,Aim Hero,ProGames Studio,ProGames Studio
500000,88.06,The Painscreek Killings,EQ Studios,EQ Studios
20000,87.69,Command & Conquer™ Generals Zero Hour,EA Pacific,Electronic Arts
100000,85.46,Urban Myth Dissolution Center,Hakababunko,SHUEISHA GAMES
200000,60.52,Men of War II,Best Way,Fulqrum Publishing
200000,81.03,Pogostuck: Rage With Your Friends,Superku,Superku
200000,93.06,GUILTY GEAR XX ACCENT CORE PLUS R,Arc System Works,Arc System Works
200000,86.78,Crashlands,Butterscotch Shenanigans,Butterscotch Shenanigans
200000,86.83,Blood West,Hyperstrange,New Blood Interactive
200000,91.49,Mortal Sin,Nikola Todorovic,Nikola Todorovic
200000,94.47,Kindergarten 2,"Con Man Games, Sean Young",SmashGames
200000,89.62,Prodeus,Bounding Box Software Inc.,Balor Games
500000,52.92,Madden NFL 22,Tiburon,Electronic Arts
20000,63.23,Of Ash and Steel,Fire & Frost,tinyBuild
200000,74.75,Midnight Ghost Hunt,Vaulted Sky Games,Coffee Stain Publishing
1000000,85.10,Poker Night 2,Telltale Games,Telltale Games
100000,83.63,Lost Records: Bloom & Rage,DON'T NOD,DON'T NOD
200000,42.40,江湖十一,万象皆春,万象皆春
1000000,88.59,Dream Daddy: A Dad Dating Simulator,Game Grumps,Game Grumps
200000,89.92,PIPE by BMX Streets,Mash Games,Mash Games
200000,92.64,Pilgrims,Amanita Design,Amanita Design
100000,85.54,Matchmaking Inc.,Wave Games,"Lightning Games, Wave Games"
200000,81.98,Spirit of the North,Infuse Studio,Silver Lining Interactive
200000,93.31,Incredibox,So Far So Good,So Far So Good
1000000,87.92,Torchlight,Runic Games,XD
200000,87.42,Intruder,Superboss Games,Superboss Games
100000,88.32,Five Hearts Under One Roof,Storytaco,Storytaco
200000,76.74,HOT WHEELS UNLEASHED™,Milestone S.r.l.,Milestone S.r.l.
200000,80.48,Audiosurf 2,Dylan Fitterer,Dylan Fitterer
500000,88.65,UnEpic,@unepic_fran,Unepic Games
500000,86.52,Shadowrun: Dragonfall - Director's Cut,Harebrained Schemes,Paradox Interactive
100000,76.23,ANEURISM IV,Vellocet,Vellocet
500000,90.53,Turbo Dismount™,Secret Exit Ltd.,Secret Exit Ltd.
20000,75.14,龙胤立志传,TPP Studio,噪点游戏 SERICA GAMES
500000,38.94,RESIDENT EVIL RESISTANCE,"CAPCOM Co. Ltd., NeoBards Entertainment Ltd.",CAPCOM Co. Ltd.
100000,87.98,KLETKA,"Callback, ln404","Callback, ln404"
50000,89.25,art of rally,Funselektor Labs Inc.,Funselektor Labs Inc.
20000,91.36,FlipWitch - Forbidden Sex Hex,"MomoGames, Critical Bliss",Critical Bliss
20000,88.21,コイカツ！ / Koikatsu Party,ILLUSION,ILLUSION
200000,87.43,Zup! 3,Quiet River,Quiet River
20000,95.03,Berry Bury Berry,Get(Color) Games,Get(Color) Games
20000,94.26,The Test: Final Revelation,Randumb Studios,Randumb Studios
200000,73.34,Railroads Online,Stefan Kelnberger,astragon Entertainment
200000,90.29,Command & Conquer™ 3: Kane’s Wrath,EA Los Angeles,Electronic Arts
100000,72.73,MechWarrior 5: Clans,Piranha Games Inc.,Piranha Games Inc.
200000,90.03,Hot Lava,Klei Entertainment,Klei Entertainment
200000,88.18,Drift86,RewindApp,RewindApp
500000,82.36,Tom Clancy's Rainbow Six® Vegas 2,Ubisoft Montreal,Ubisoft
500000,89.11,Mount & Blade,TaleWorlds Entertainment,TaleWorlds Entertainment
200000,90.13,Emily is Away Too,Kyle Seeley,Kyle Seeley
500000,73.46,This Is the Police 2,Weappy Studio,THQ Nordic
200000,80.99,Quasimorph,Magnum Scriptum,HypeTrain Digital
500000,91.86,In Sound Mind,We Create Stuff,Maximum Entertainment
200000,62.23,Beyond The Wire,Redstone Interactive,Offworld
200000,81.81,Hand of Fate 2,Defiant Development,Defiant Development
500000,84.71,Tomb Raider: Legend,Crystal Dynamics,Crystal Dynamics
200000,79.03,ContractVille,MYM Games Studios,FiftyEight Studios
200000,89.77,Tom Clancy's Splinter Cell Chaos Theory®,Ubisoft Montreal,Ubisoft
200000,65.21,Life is Feudal: Forest Village,Mindillusion,Bitbox Ltd.
20000,75.23,John Carpenter's Toxic Commando,Saber Interactive,Focus Entertainment
100000,67.14,The Suicide of Rachel Foster,ONE-O-ONE GAMES,Daedalic Entertainment
20000,83.59,Over The Top: WWI,Flying Squirrel Entertainment,GG Publishing
200000,81.14,Blacksad: Under the Skin,"Pendulo Studios, YS Interactive",Microids
100000,94.54,Café Stella and the Reaper's Butterflies,YUZUSOFT,"NekoNyan Ltd., HIKARI FIELD"
200000,71.37,Phoenix Point,Snapshot Games Inc.,Snapshot Games Inc.
20000,94.50,Town to City,Galaxy Grove,Kwalee
500000,76.21,GRID Autosport,"Codemasters Racing, Feral Interactive (Mac), Feral Interactive (Linux)","Codemasters, Feral Interactive"
200000,85.95,Gordian Quest,"Mixed Realms Pte Ltd, Swag Soft Holdings Pte Ltd","Mixed Realms Pte Ltd, Spiral Up Games"
200000,83.00,Rising World,JIW-Games,JIW-Games
500000,85.03,HunieCam Studio,HuniePot,HuniePot
200000,89.29,Black Book,Morteshka,HypeTrain Digital
100000,90.17,STORY OF SEASONS: Friends of Mineral Town,Marvelous Inc.,"XSEED Games, Marvelous USA Inc., Marvelous Europe"
200000,84.81,A Difficult Game About Climbing,Pontypants,Pontypants
200000,91.77,Astral Ascent,Hibernian Workshop,"Hibernian Workshop, MP2 Games"
500000,44.16,X Rebirth,Egosoft,Egosoft
200000,53.74,Blitzkrieg 3,Nival,Nival
200000,90.37,The Cosmic Wheel Sisterhood,Deconstructeam,Devolver Digital
500000,92.23,Mount Your Friends,Stegersaurus Software Inc.,Stegersaurus Software Inc.
200000,83.72,Sable,Shedworks,Raw Fury
200000,85.31,Ratropolis,Cassel Games,Cassel Games
500000,83.32,iRacing,"iRacing.com Motorsport Simulations, iRacing","iRacing.com Motorsport Simulations, iRacing"
200000,61.35,Planet Explorers,Pathea Games,Pathea Games
500000,69.15,Terraforming Mars,Artefacts Studio,Twin Sails Interactive
200000,83.96,Syrian Warfare,Cats Who Play,Cats Who Play
200000,93.34,HROT,Spytihněv,Spytihněv
500000,88.34,Feign,Teneke Kafalar,"Teneke Kafalar, Kwalee"
50000,91.64,Rift of the NecroDancer,"Brace Yourself Games, Tic Toc Games",Klei Publishing
100000,89.20,Moncage,Optillusion,XD
200000,93.37,The Jackbox Party Pack 3,Jackbox Games Inc.,Jackbox Games Inc.
100000,93.68,Bug Fables: The Everlasting Sapling,Moonsprout Games,DANGEN Entertainment
200000,67.10,Battlefleet Gothic: Armada,Tindalos Interactive,Focus Entertainment
500000,77.74,古剑奇谭(GuJian),"上海烛龙信息科技有限公司, Aurogon Shanghai",北京网元圣唐娱乐科技有限公司
200000,92.67,私のリアルは充実しすぎている フルボイス版,TetraScope,"HotchPotch K.K., 346lab Localization"
20000,79.49,Carnal Instinct,Team Carnal Instinct,Team Carnal Instinct
500000,86.36,Meadow - A Shelter Game,Might and Delight,Might and Delight
500000,91.59,Beat Hazard,Cold Beam Games,Cold Beam Games
20000,92.30,Acting Lessons,Dr PinkCake,Dr PinkCake
1000000,88.26,Invisible Inc.,Klei Entertainment,Klei Entertainment
200000,93.47,Hexcells,Matthew Brown,Matthew Brown
20000,95.97,Creature Kitchen,The Rat Zone,The Rat Zone
200000,91.35,The Legend of Heroes: Trails of Cold Steel,Nihon Falcom,"XSEED Games, Marvelous USA Inc."
500000,91.11,The Swapper,"Olli Harjola, Otto Hantula, Tom Jubert, Carlo Castellano",Facepalm Games
20000,92.46,Retro Rewind - Video Store Simulator,Blood Pact Studios,Blood Pact Studios
500000,83.32,Knockout City™,Velan Studios,Velan Studios
50000,87.51,Sea Power : Naval Combat in the Missile Age,Triassic Games,MicroProse Software
100000,86.28,Eastshade,Eastshade Studios,Eastshade Studios
100000,80.26,F1® Manager 2024,Frontier Developments,Frontier Developments
200000,85.48,DLC Quest,Going Loud Studios,Going Loud Studios
500000,87.41,FOREWARNED,Dreambyte Games,Dreambyte Games
200000,75.35,DeadPoly,TFL Games,TFL Games
100000,82.79,SimRail - The Railway Simulator,SimRail S.A.,PlayWay S.A.
200000,66.38,Citadel: Forged with Fire,Blue Isle Studios,Blue Isle Publishing
200000,94.62,I Wani Hug that Gator!,Cavemanon,Cavemanon
200000,81.81,Home Behind,TPP Studio,TPP Studio
200000,93.19,The Pedestrian,Skookum Arts,Skookum Arts
20000,85.23,Super Fantasy Kingdom,Super Fantasy Games,Hooded Horse
200000,83.27,AER Memories of Old,Forgotten Key,Daedalic Entertainment
100000,94.87,Felvidek,"Jozef Pavelka, Vlado Ganaj",Tutto Passa
100000,89.55,To The Core,SomethingExtra,SomethingExtra
200000,89.02,Atomicrops,Bird Bath Games,Raw Fury
200000,92.74,Minds Beneath Us,BearBoneStudio,BearBoneStudio
200000,93.06,Monster Prom 2: Monster Camp,Beautiful Glitch,Beautiful Glitch
200000,92.63,Turing Complete,LevelHead,LevelHead
200000,87.11,Gaokao.Love.100Days,"高考恋爱委员会, 橘子班",NVLMaker
50000,93.71,Aokana - Four Rhythms Across the Blue,"sprite, NekoNyan Ltd.","NekoNyan Ltd., HIKARI FIELD"
200000,88.91,Sakuna: Of Rice and Ruin,Edelweiss,"XSEED Games, Marvelous USA Inc."
500000,84.98,Expeditions: Rome,Logic Artists,THQ Nordic
200000,90.90,SENRAN KAGURA ESTIVAL VERSUS,Tamsoft,"XSEED Games, Marvelous USA Inc., Marvelous"
500000,74.22,Hearts of Iron III,Paradox Development Studio,Paradox Interactive
200000,91.59,Creaks,Amanita Design,Amanita Design
200000,91.61,Five Nights at Freddy's: Help Wanted 2,Steel Wool Studios,ScottGames
200000,92.49,Arctic Eggs,"The Water Museum, cockydoody, abmarnie, Cameron Ginex",CRITICAL REFLEX
200000,89.86,Cave Story+,"Nicalis Inc., Studio Pixel",Nicalis Inc.
200000,92.77,Boneraiser Minions,caiys,caiysware
200000,76.44,Sakura Spirit,Winged Cloud,Winged Cloud
200000,88.26,Shadow Gambit: The Cursed Crew,Mimimi Games,"Hooded Horse, Mimimi Games"
500000,80.93,Styx: Shards of Darkness,Cyanide Studio,Nacon
20000,75.42,Wildgate,Moonshot Games,Dreamhaven
200000,86.87,Exo One,Exbleative,"Future Friends Games, Exbleative"
200000,85.76,"Please, Don’t Touch Anything",Four Quarters,ForwardXP
200000,54.19,Space Hulk: Deathwing,Streum On Studio,Focus Entertainment
20000,89.34,UNBEATABLE,D-CELL GAMES,Playstack
200000,49.69,DRAGON BALL: THE BREAKERS,Dimps Corporation,Bandai Namco Entertainment
500000,85.13,Fell Seal: Arbiter's Mark,6 Eyes Studio,Fulqrum Publishing
500000,91.13,Wuppo: Definitive Edition,snekflat,snekflat
100000,90.45,Sephiria,TEAM HORAY,TEAM HORAY
200000,74.23,SUCCUBUS,Madmind Studio,Madmind Studio
100000,91.75,Angels of Death,"Vaka Game Magazine, Makoto Sanada",Vaka Game Magazine
200000,92.49,PAC-MAN™ Championship Edition DX+,Mine Loader Software Co. Ltd.,BANDAI NAMCO Entertainment
200000,73.25,Meme Mayhem,Cr3 Studio,Cr3 Studio
20000,80.29,Crime Simulator,CookieDev,"Ultimate Games S.A., PlayWay S.A."
200000,76.49,CryoFall,AtomicTorch Studio,Daedalic Entertainment
50000,71.89,Wreckfest 2,Bugbear,THQ Nordic
20000,73.25,Climber Animals: Together,Devotion Interactive,Devotion Interactive
100000,85.92,Swaying Girl,Wet Girl,Shoot Girl
100000,75.31,ONE PIECE World Seeker,GANBARION Co. Ltd.,BANDAI NAMCO Entertainment
200000,79.45,Sker Ritual,Wales Interactive,Wales Interactive
100000,92.54,SUPER CHICKEN JUMPER,"Sewer Cat, Heavy Sheep",Sewer Cat
500000,83.18,Necrosmith,Alawar,Alawar
200000,90.23,Katamari Damacy REROLL,MONKEYCRAFT Co. Ltd.,BANDAI NAMCO Entertainment
200000,89.33,FAR: Changing Tides,Okomotive,Frontier Foundry
200000,80.89,Mr.President!,Game Developer X,Game Developer X
500000,62.18,SD GUNDAM BATTLE ALLIANCE,ARTDINK,Bandai Namco Entertainment
100000,88.92,Selaco,Altered Orbit Studios,Altered Orbit Studios
100000,84.97,"Warhammer 40,000: Battlesector",Slitherine Ltd.,Slitherine Ltd.
200000,91.07,Behind the Frame: The Finest Scenery,Silver Lining Studio,"Akupara Games, Akatsuki Taiwan Inc."
500000,91.87,Botanicula,Amanita Design,Amanita Design
100000,86.13,Nunholy,Chowbie,Chowbie
100000,94.42,I Am Your Beast,Strange Scaffold,"Strange Scaffold, Frosty Pop"
200000,74.43,SpaceBourne 2,Burak Dabak,Burak Dabak
500000,76.25,Reus,Abbey Games,Abbey Games
200000,86.62,Prehistoric Kingdom,Blue Meridian,Crytivo
200000,51.65,Madden NFL 23,Tiburon,Electronic Arts
200000,92.48,DEADBOLT,Hopoo Games,Hopoo Games
100000,72.54,Total Conflict: Resistance,Thunder Devs.,Thunder Devs.
500000,73.36,Sonic Origins,Sonic Team,SEGA
200000,74.50,Primal Carnage,Lukewarm Media,Circle 5 Publishing
200000,75.82,WWE 2K23,Visual Concepts,2K
100000,75.45,Knights of Honor II: Sovereign,Black Sea Games,THQ Nordic
500000,87.17,F1 2018,Codemasters,"Codemasters, Electronic Arts"
100000,75.59,I Am Bread,Bossa Studios,tinyBuild
200000,91.69,1000xRESIST,sunset visitor 斜陽過客,Fellow Traveller
2000000,90.33,Company of Heroes - Legacy Edition,Relic Entertainment,SEGA
500000,90.49,Legend of Grimrock,Almost Human Games,Almost Human Games
100000,88.98,Rival Stars Horse Racing: Desktop Edition,PikPok,PikPok
1000000,91.23,World of Goo,2D BOY,2D BOY
200000,69.91,Captain Tsubasa: Rise of New Champions,TAMSOFT CORPORATION,BANDAI NAMCO Entertainment
200000,72.75,Steel Division: Normandy 44,Eugen Systems,Eugen Systems
500000,82.24,Castlevania: Lords of Shadow 2,MercurySteam,KONAMI
200000,88.32,Trials of Mana,Square Enix,Square Enix
200000,79.67,Beat Cop,Pixel Crow,11 bit studios
20000,92.79,Esoteric Ebb,Christoffer Bodegård,Raw Fury
200000,77.79,Age of Wonders: Planetfall,Triumph Studios,Paradox Interactive
200000,93.66,Lethal League Blaze,Team Reptile,Team Reptile
100000,72.07,Pantheon: Rise of the Fallen,Visionary Realms,Visionary Realms
500000,85.93,Stronghold 2: Steam Edition,Firefly Studios,Firefly Studios
200000,79.05,Deceive Inc.,Sweet Bandits Studios,Tripwire Presents
100000,78.97,Like a Dragon: Ishin!,Ryu Ga Gotoku Studio,SEGA
200000,73.48,The First Tree,David Wehle,David Wehle
20000,74.03,Sex with the Devil,Evil Boobs Cult,Evil Boobs Cult
200000,95.21,Ib,kouri,PLAYISM
200000,76.15,Axis & Allies 1942 Online,Beamdog,Beamdog
200000,70.42,Path of Kung Fu,游鲤化龙工作室,游鲤化龙工作室
50000,74.02,JDM: Japanese Drift Master,Gaming Factory,"Gaming Factory, 4Divinity"
500000,67.44,Shadow Warrior 3: Definitive Edition,Flying Wild Hog,Devolver Digital
200000,61.19,Eldegarde,Notorious Studios,Notorious Studios
200000,78.06,Mr. Prepper,Rejected Games,"PlayWay S.A., Rejected Games"
200000,81.89,God Of Weapons,Archmage Labs,Archmage Games Studio
200000,92.77,Rakuen,Laura Shigihara,Laura Shigihara
200000,56.38,Dead Rising 4,Capcom Game Studio Vancouver Inc.,Capcom
100000,19.09,Command & Conquer™ 4 Tiberian Twilight,EA Los Angeles,Electronic Arts
200000,76.85,Reverse Collapse: Code Name Bakery,Shanghai Sunborn Network Technology Co. Ltd.,XD
500000,82.48,Crysis® 3,Crytek,Electronic Arts
200000,93.26,Hypnospace Outlaw,"Tendershoot, Michael Lasch, ThatWhichIs Media",No More Robots
200000,87.05,Granny Simulator,Nick Kestle,Nick Kestle
200000,77.40,Flower,thatgamecompany,Annapurna Interactive
200000,72.94,Pharaoh™: A New Era,Triskell Interactive,Dotemu
200000,46.59,Postal III,"Trashmasters, Zoom Platform",Akella
500000,83.49,We Need To Go Deeper,Deli Interactive LLC,Deli Interactive LLC
200000,83.60,Wet Girl,Wet Girl,Shoot Girl
100000,92.71,DICEOMANCER,超厚皮猪猪 Ultra Piggy Studio,Gamirror Games
200000,90.74,The Cat Lady,Harvester Games,Screen 7
50000,80.69,OPERATOR,VECTOR INTERACTIVE PTY LTD,VECTOR INTERACTIVE PTY LTD
100000,95.55,Patrick's Parabox,Patrick Traynor,Patrick Traynor
50000,80.69,OPERATOR,VECTOR INTERACTIVE PTY LTD,VECTOR INTERACTIVE PTY LTD
2000000,65.26,ARK: The Survival Of The Fittest,"Studio Wildcard, Instinct Games, Efecto Studios, Virtual Basement LLC",Studio Wildcard
100000,90.77,"Guns, Gore and Cannoli 2","Rogueside, Claeysbrothers",Rogueside
200000,76.49,Star Trucker,Monster and Monster,Raw Fury
200000,76.03,SKYHILL,Mandragora,Daedalic Entertainment
500000,77.44,Hero's Hour,Benjamin ThingOnItsOwn Hauer,"Goblinz Publishing, Maple Whispering Limited"
200000,71.89,Apocalypse Party,Breaker Games,"Breaker Games, Kepler Ghost"
200000,85.37,Hob,Runic Games,Arc Games
200000,87.24,Dread Delusion,Lovely Hellplace,DreadXP
200000,79.74,Pioneers of Pagonia,Envision Entertainment,Envision Entertainment
200000,86.42,Noobs Want to Live,元气弹工作室(GD Studio),Lightning Games
200000,89.38,WILL: A Wonderful World / WILL：美好世界,WMY Studio,"WMY Studio, PLAYISM"
50000,94.81,Summer Pockets,VisualArts/Key,VisualArts
200000,82.19,BOOK OF HOURS,Weather Factory,Weather Factory
50000,83.36,Tower Dominion,Parallel 45 Games,Parallel 45 Games
200000,80.24,Evoland,Shiro Games,Shiro Games
100000,82.73,Lost Ruins,ALTARI GAMES,DANGEN Entertainment
200000,91.31,Planescape: Torment: Enhanced Edition,Beamdog,Beamdog
200000,65.97,The World of Kungfu: Dragon and Eagle,ChillyRoom,ChillyRoom
100000,78.19,Persona 3 Portable,ATLUS,SEGA
500000,73.03,FINAL FANTASY VIII - REMASTERED,Square Enix,Square Enix
20000,94.80,Sora no Kiseki the 1st,Nihon Falcom,Clouded Leopard Entertainment
100000,84.17,Cold Waters,Killerfish Games,Killerfish Games
200000,84.28,Project Warlock,Buckshot Software,"Retrovibe, gaming company"
200000,91.11,Tattletail,Waygetter Electronics,"Little Flag Software, LLC"
500000,90.71,The Battle of Polytopia,Midjiwan AB,Midjiwan AB
200000,92.12,Chill Pulse,Catos Game,Catos Game
100000,90.42,GNOSIA,Petit Depotto,PLAYISM
500000,61.08,Last Year,Undaunted Games,Undaunted Games
200000,80.78,RIDE 3,Milestone S.r.l.,Milestone S.r.l.
200000,89.60,Serious Sam Fusion 2017 (beta),Croteam,"Devolver Digital, Croteam"
50000,94.81,OneShot: World Machine Edition,Future Cat LLC,KOMODO
1000000,79.50,Zero Escape: Zero Time Dilemma,Spike Chunsoft Co. Ltd.,Spike Chunsoft Co. Ltd.
200000,88.41,Viscera Cleanup Detail: Santa's Rampage,RuneStorm,RuneStorm
1000000,82.27,Soccer Online: Ball 3D,Unusualsoft,Unusualsoft
200000,76.16,Observation,No Code,Devolver Digital
200000,81.76,Seek Girl:Fog Ⅰ,DSGame,DSGame
100000,85.92,Plantera,VaragtP,VaragtP
200000,48.11,Empire of Sin,Romero Games,Paradox Interactive
100000,90.47,Fantasy Girl,Inverse Game,Inverse Game
500000,92.65,Defense Grid: The Awakening,Hidden Path Entertainment,Hidden Path Entertainment
20000,93.40,Whisper of the House,元气弹工作室(GD Studio),元气弹工作室(GD Studio)
100000,65.30,BLEACH Rebirth of Souls,TAMSOFT CORPORATION,Bandai Namco Entertainment Inc.
100000,55.57,EA SPORTS™ Madden NFL 25,Tiburon,Electronic Arts
200000,86.64,Bear and Breakfast,Gummy Cat,Armor Games Studios
100000,86.32,Summer of '58,EMIKA_GAMES,EMIKA_GAMES
200000,91.40,Creeper World 4,Knuckle Cracker,Knuckle Cracker
500000,89.19,Serious Sam: Siberian Mayhem,"Croteam, Timelock Studio",Devolver Digital
200000,69.59,Gensokyo Night Festival,"WSS playground, tea_basira",WSS playground
500000,47.17,GRAV,BitMonster Inc.,BitMonster Inc.
200000,81.78,Furry Love,Red Six Development,Red Six Publishing
200000,90.26,Brigador: Up-Armored Edition,"Stellar Jockeys, Gausswerks",Stellar Jockeys
200000,74.83,DreadOut,Digital Happiness,Digital Happiness
20000,77.69,Monster Hunter Stories 3: Twisted Reflection,CAPCOM Co. Ltd.,CAPCOM Co. Ltd.
500000,85.17,Fun with Ragdolls: The Game,Jadon Barnes,Fun & Simple
200000,84.70,Ratopia,Cassel Games,Cassel Games
100000,64.70,Survive the Nights,a2z Interactive,a2z Interactive
5000000,87.49,Day of Defeat,Valve,Valve
50000,93.81,Psychopomp GOLD,Fading Club,Fading Club
500000,80.71,Command & Conquer: Red Alert 3 - Uprising,EA Los Angeles,Electronic Arts
1000000,66.33,Secret World Legends,Funcom,Funcom
500000,65.08,再刷一把 PlayAgain,滑稽工作室,滑稽工作室
100000,77.19,Our End of the World,"橘子班, 大好网",NVLMaker
100000,63.53,DON'T SCREAM,Digital Cybercherries,Digital Cybercherries
500000,80.59,Morphopolis,"Dan  Walters, Ceri Williams",Dan  Walters
200000,79.61,Othercide,Lightbulb Crew,Focus Entertainment
200000,79.25,Dead Age,Silent Dreams,Headup
500000,86.59,NEO Scavenger,Blue Bottle Games,Blue Bottle Games
200000,80.34,Ben and Ed,Sluggerfly,Sluggerfly
100000,90.89,The Hex,Daniel Mullins Games,Daniel Mullins Games
500000,86.92,PULSAR: Lost Colony,Leafy Games,Leafy Games
500000,82.24,Divinity II: Developer's Cut,Larian Studios,"Larian Studios, Focus Home Interactive"
200000,81.04,Yu-Gi-Oh! Legacy of the Duelist,Other Ocean Interactive,KONAMI
200000,63.90,Stronghold: Warlords,Firefly Studios,Firefly Studios
200000,82.73,GRIME,Clover Bite,Akupara Games
50000,95.05,Lil Gator Game,MegaWobble,Playtonic Friends
20000,85.39,Diablo II: Resurrected – Infernal Edition,Blizzard Entertainment Inc.,Blizzard Entertainment Inc.
200000,89.65,Miss Neko 3,Double W,Toffee Cafe
500000,78.95,Medal of Honor: Airborne,EA Los Angeles,Electronic Arts
200000,85.32,Bum Simulator,Ragged Games,"Ragged Games, PlayWay S.A."
200000,82.27,Paper Dolls: Original / 纸人,Beijing Litchi Culture Media Co. Ltd.,"Beijing Litchi Culture Media Co. Ltd., Gamera Game"
200000,89.58,Melody's Escape,Icetesy,Icetesy
100000,81.36,The Last Faith,Kumi Souls Games,Playstack
100000,83.81,The Gunk,Image & Form Games,Thunderful Publishing
200000,74.06,Silica,Martin 'Dram' Melichárek,Bohemia Interactive
500000,72.65,Risen 3 - Titan Lords,Piranha Bytes,THQ Nordic
100000,94.21,Maitetsu:Last Run!!,Lose,HIKARI FIELD
500000,59.60,神舞幻想 Faith of Danschant,北京九鳳信息科技有限公司,北京网元圣唐娱乐科技有限公司
500000,83.56,Intralism,KHB-Soft,KHB-Soft
100000,89.03,DEEEER Simulator: Your Average Everyday Deer Game,Gibier Games,PLAYISM
20000,93.65,Cats Organized Neatly,DU&I,DU&I
500000,68.92,Nickelodeon All-Star Brawl,"Ludosity, Fair Play Labs",GameMill Entertainment
200000,91.28,Mosaique Neko Waifus 4,Lil Hentai Games,Lil Hentai Games
200000,83.50,Niche - a genetics survival game,Stray Fawn Studio,"Stray Fawn Publishing, WhisperGames"
200000,73.98,Submerged,Uppercut Games Pty Ltd,Uppercut Games Pty Ltd
500000,51.77,NBA 2K16,Visual Concepts,2K
500000,90.07,SteamWorld Heist,Image & Form Games,Image & Form Games
20000,61.93,CODE VEIN II,Bandai Namco Studios Inc.,Bandai Namco Entertainment Inc.
200000,84.06,Mother Russia Bleeds,Le Cartel Studio,Devolver Digital
200000,88.15,Job Simulator,Owlchemy Labs,Owlchemy Labs
100000,90.88,Roadwarden,Moral Anxiety Studio,Assemble Entertainment
500000,53.31,Interstellar Marines,Zero Point Software,Zero Point Software
500000,82.74,Tales of Symphonia,BANDAI NAMCO Entertainment Inc.,BANDAI NAMCO Entertainment
1000000,81.44,12 is Better Than 6,Ink Stains Games,HypeTrain Digital
200000,86.41,Wedding Witch,Chowbie,Chowbie
200000,93.49,Class of '09: The Re-Up,SBN3,"SBN3, Wrath Club"
100000,84.28,Last Train Home,Ashborne Games,THQ Nordic
200000,84.27,Lake,Gamious,"Whitethorn Games, Gamious"
20000,91.97,Karryn's Prison,Remtairy,Remtairy
200000,87.20,TaleSpire,Bouncyrock Entertainment,Bouncyrock Entertainment
200000,73.71,Ghost Exorcism INC.,StudioGoupil,StudioGoupil
100000,41.14,Erzurum,Proximity Games,Proximity Games
20000,87.23,gogh: Focus with Your Avatar,ambr,ambr
200000,90.14,WHAT THE GOLF?,Triband,Triband
200000,84.04,Killer Instinct,Iron Galaxy Studios,Xbox Game Studios
100000,83.99,Stories Untold,No Code,Devolver Digital
200000,89.43,Ten Trials of Babel: The Doppelganger Maze,红渊,NVLMaker
5000000,73.64,Half-Life Deathmatch: Source,Valve,Valve
500000,84.30,Disgaea PC,Nippon Ichi Software Inc.,NIS America Inc.
500000,78.60,Firefighting Simulator - The Squad,Chronos Unterhaltungssoftware,astragon Entertainment
200000,90.76,Terminus: Zombie Survivors,Longplay Studios,Longplay Studios
100000,84.57,Warpips,Skirmish Mode Games,Daedalic Entertainment
200000,92.23,Bang-On Balls: Chronicles,Exit Plan Games,"Untold Tales, CouchPlay Interactive"
200000,86.17,METAL SLUG,Dotemu,SNK CORPORATION
200000,90.93,TheoTown,Lobby Divinus,blueflower
50000,90.26,Farm Together 2,Milkstone Studios,Milkstone Studios
200000,81.46,The Council,Big Bad Wolf,Focus Entertainment
20000,91.39,Tavern Keeper 🍻,Greenheart Games 💚,Greenheart Games 💚
100000,90.91,Gato Roboto,doinksoft,Devolver Digital
500000,90.14,Samorost 3,Amanita Design,Amanita Design
200000,77.39,Potion Permit,MassHive Media,PQube
100000,91.80,Sledders,Hanki Games,Bonus Stage Publishing
200000,78.89,Death's Gambit: Afterlife,White Rabbit,Serenity Forge
500000,88.65,FINAL FANTASY VI,Square Enix,Square Enix
200000,66.87,This Land Is My Land,Game-Labs,Game-Labs
50000,73.55,Sniper Elite: Resistance,Rebellion,Rebellion
100000,93.07,klocki,Maciej Targoni,Maciej Targoni
20000,83.86,Project: Gorgon,"Elder Game, LLC","Elder Game, LLC"
50000,90.90,SNKRX,a327ex,a327ex
200000,91.37,THE KING OF FIGHTERS 2002 UNLIMITED MATCH,"SNK CORPORATION, Code Mystics",SNK CORPORATION
200000,92.77,I Was a Teenage Exocolonist,Northway Games,Finji
200000,87.70,Esports Godfather,Asteroid Game Studio,Asteroid Game Studio
50000,85.18,LOST EMBER,Mooneye Studios,Mooneye Studios
500000,62.60,Until We Die,Pixeye Games,Pixeye Games
50000,86.81,Guilty as Sock!,Demon Max,Demon Max
200000,74.08,Hidden Deep,Cogwheel Software,Daedalic Entertainment
100000,89.30,Starcom: Unknown Space,"Wx3 Labs, LLC","Wx3 Labs, LLC"
200000,54.24,Savage Lands,Last Bastion Studios LLC,Last Bastion Studios LLC
200000,83.98,Mind Over Magic,Sparkypants,Klei Publishing
200000,60.42,Emergency Call 112 – The Fire Fighting Simulation 2,Crenetic,Aerosoft GmbH
50000,94.20,Scarlet Hollow,Black Tabby Games,Black Tabby Games
100000,89.40,Fate/EXTELLA LINK,Marvelous Inc.,"XSEED Games, Marvelous USA Inc., Marvelous Europe"
200000,88.05,Another Adventure,ThankCreate Studio,"ThankCreate Studio, WhisperGames"
200000,79.75,Fisher Online,R-Age LLC,R-Age LLC
500000,88.69,RollerCoaster Tycoon® 3: Platinum,"Frontier, Aspyr (Mac)","Frontier, Aspyr"
200000,91.80,Zup! 8,Quiet River,Quiet River
100000,85.17,Call of the Sea,Out of the Blue Games,Raw Fury
500000,90.91,Thomas Was Alone,Bithell Games,Bithell Games
200000,79.11,ATOM RPG Trudograd,AtomTeam,AtomTeam
1000000,66.76,Conqueror's Blade,Booming Tech,"Poros Interactive, Booming Tech"
50000,90.99,Spilled!,Lente,Lente
200000,83.52,Iconoclasts,Joakim Sandberg,"Bifrost Entertainment, DANGEN Entertainment, Gamirror Games, INTRAGAMES CO. Ltd."
200000,87.51,Factory Town,Erik Asmussen,Erik Asmussen
200000,89.68,Horizon Chase Turbo,AQUIRIS,AQUIRIS
200000,77.99,Phantom Brigade,Brace Yourself Games,Brace Yourself Games
200000,86.24,Vagante,Nuke Nine,Nuke Nine
200000,88.39,Ghost of a Tale,SeithCG,SeithCG
100000,92.12,Nightmare of Decay,Checkmaty,Checkmaty
20000,82.41,Abyssus,DoubleMoose Games,The Arcade Crew
200000,93.30,Hexcells Infinite,Matthew Brown,Matthew Brown
200000,87.65,Fate/EXTELLA,Marvelous Inc.,"XSEED Games, Marvelous USA Inc., Marvelous Europe"
200000,73.02,Hard West,CreativeForge Games,Good Shepherd Entertainment
200000,79.51,Sundered®: Eldritch Edition,Thunder Lotus,Thunder Lotus
100000,79.40,Into the Radius 2,CM IMMERSIVE,CM IMMERSIVE
50000,90.05,Hentai Girl Linda,GirlGames,GirlGames
100000,89.02,If My Heart Had Wings,MoeNovel,MoeNovel
200000,88.49,MO:Astray,Archpray Inc.,Rayark International Limited
20000,93.78,The Drifter,"Powerhoof, Dave Lloyd",Powerhoof
200000,92.79,Creeper World 3: Arc Eternal,Knuckle Cracker,Knuckle Cracker
100000,85.90,Copycat,Spoonful Of Wonder,"Neverland Entertainment, CriticalLeap, Spoonful Of Wonder"
1000000,67.61,Thunder Tier One,KRAFTON Inc.,KRAFTON Inc.
200000,70.33,Steelrising,Spiders,Nacon
50000,82.29,CHUCHEL,Amanita Design,Amanita Design
100000,85.47,That's not my Neighbor,Nachosama Games,Nachosama Games
50000,91.79,泡沫冬景,Koraku,Nekoneko Soft
500000,72.10,Yi Xian: The Cultivation Card Game,Darksun Studio,Gamirror Games
200000,75.13,Nine Parchments,Frozenbyte,Frozenbyte
200000,85.72,Miss Neko,Double W,Toffee Cafe
500000,80.50,Car Mechanic Simulator 2014,Red Dot Games,PlayWay S.A.
200000,93.22,Zup! Z,Quiet River,Quiet River
200000,88.42,Thumper,Drool,Drool
200000,74.04,Per Aspera,Tlön Industries,Raw Fury
500000,86.80,ibb & obb,"Sparpweed, Codeglue",Sparpweed
200000,80.88,Contractors,Caveman Studio,Caveman Studio
200000,81.90,Plug & Play,"Mario von Rickenbach, Michael Frei",Etter Studio
100000,90.77,News Tower,Sparrow Night,Twin Sails Interactive
200000,85.08,Battle Realms: Zen Edition,Ed Del Castillo,Ed Del Castillo
200000,91.95,DISTRAINT 2,Jesse Makkonen,Jesse Makkonen
500000,80.15,Wargroove,Chucklefish,Chucklefish
100000,78.27,Strike Force Heroes,Sky9 Games,IndieArk
200000,81.61,Clownfield 2042,RIVERSIDE SPORTS,RIVERSIDE SPORTS
200000,91.77,FATE,WildTangent,"WildTangent, gamigo group"
100000,85.32,Old Market Simulator,Alcedo Games,"Alcedo Games, Gamersky Games"
50000,95.00,A Building Full of Cats,Devcats,Devcats
200000,80.18,LEGO® Builder's Journey,Light Brick Studio,LEGO® Games
500000,91.48,Epistory - Typing Chronicles,Fishing Cactus,"Fishing Cactus, PID Games, Dear Villagers"
200000,91.95,LiEat,△○□× (Miwashiba),PLAYISM
200000,77.81,Flotsam,Pajama Llama Games,Stray Fawn Publishing
500000,84.62,Men of War: Assault Squad,Digitalmindsoft,Fulqrum Publishing
200000,90.24,Seraph's Last Stand,Sad Socket,Sad Socket
100000,74.13,Space Engineers 2,Keen Software House,Keen Software House
500000,83.69,Murder Miners,JForce Games,JForce Games
100000,88.23,Cricket 19,Big Ant Studios,Big Ant Studios
100000,95.34,A Castle Full of Cats,Devcats,Devcats
200000,78.09,One Hour One Life,Jason Rohrer,Jason Rohrer
500000,69.08,Town of Salem 2,BlankMediaGames LLC,Digital Bandidos
100000,91.69,The Thrill of the Fight - VR Boxing,Halfbrick Studios Pty Ltd,Halfbrick Studios Pty Ltd
100000,93.77,eden*,minori,"MangaGamer, Sunflower Ocean"
100000,92.84,The Jackbox Party Pack 7,Jackbox Games Inc.,Jackbox Games Inc.
100000,78.56,The Drone Racing League Simulator,The Drone Racing League,The Drone Racing League
200000,87.79,20XX,"Batterystaple Games, Fire Hose Games",Batterystaple Games
100000,91.15,Kill It With Fire,Casey Donnellan Games LLC,tinyBuild
200000,86.66,Syberia: The World Before,Microids Studio Paris,Microids
100000,76.21,Train Sim World® 3,Dovetail Games,Dovetail Games - TSW
500000,84.31,Cyberdimension Neptunia: 4 Goddesses Online,"IDEA FACTORY, COMPILE HEART, TAMSOFT",Idea Factory International
200000,71.52,ELEX II,Piranha Bytes,THQ Nordic
200000,87.91,Curious Expedition,Maschinen-Mensch,"Maschinen-Mensch, Saftladen Berlin"
200000,79.53,Barn Finders,Duality Games,"Duality Games, PlayWay S.A., HeartBeat Games"
500000,82.36,BEEP,Big Fat Alien,Big Fat Alien
200000,75.22,Seek Girl,DSGame,DSGame
100000,85.31,SCP: Secret Files,GameZoo Studio,Pixmain
100000,85.84,Zompiercer,DDDimanN,DDDimanN
20000,88.61,Tavern Manager Simulator 🍻,One More Time,One More Time
200000,89.30,Farming Simulator 2013 Titanium Edition,Giants Software,Giants Software
100000,82.59,Survival: Fountain of Youth,Odinsoft Inc.,"Twin Sails Interactive, CE-Asia"
200000,85.12,Murky Divers,Embers,Embers
500000,75.98,Moon Hunters,Kitfox Games,Kitfox Games
200000,73.27,Force of Nature,A.Y.std,A.Y.std
100000,81.10,Ni no Kuni Wrath of the White Witch™ Remastered,"LEVEL5 Inc., QLOC",BANDAI NAMCO Entertainment
200000,51.87,Police Simulator: Patrol Duty,Bigmoon Entertainment,Bigmoon Entertainment
200000,82.46,I Am Future: Cozy Apocalypse Survival,Mandragora,tinyBuild
500000,90.00,Shadow Tactics: Aiko's Choice,Mimimi Games,Daedalic Entertainment
500000,43.19,WWE 2K20,Visual Concepts,2K
200000,82.48,Sacred Gold,Studio II,THQ Nordic
50000,76.42,Legend of Keepers: Career of a Dungeon Manager,Goblinz Studio,Goblinz Publishing
200000,82.31,Dealer's Life 2,Abyte Entertainment,Abyte Entertainment
20000,91.06,HUNTDOWN,Easy Trigger Games,Coffee Stain Publishing
200000,76.94,SimAirport,LVGameDev LLC,LVGameDev LLC
50000,78.53,BMX Streets,Mash Games,Mash Games
100000,61.70,Taxi Life: A City Driving Simulator,Simteract,Nacon
100000,94.94,Picayune Dreams,"Stepford, Andyland, milkypossum",2 Left Thumbs
100000,92.32,Cobalt Core,Rocket Rat Games,Brace Yourself Games
100000,90.16,Tiny Snow,#workshop,NVLMaker
200000,83.05,Void Bastards,Blue Manchu,Blue Manchu
100000,65.93,Garten of Banban 2,Euphoric Brothers,Euphoric Brothers
50000,92.06,Fate/stay night REMASTERED,"TYPE-MOON, fuzz Inc.",Aniplex Inc.
200000,69.77,Orcs Must Die! Deathtrap,Robot Entertainment,Robot Entertainment
200000,81.56,Lightyear Frontier,FRAME BREAK,"FRAME BREAK, Coffee Stain Publishing"
200000,49.52,Blood Bowl 3,Cyanide Studio,Nacon
500000,85.55,Syberia,Microids,Microids
200000,78.54,SENRAN KAGURA Peach Beach Splash,Tamsoft,"XSEED Games, Marvelous USA Inc., Marvelous"
100000,91.59,When The Past Was Around,Mojiken,Toge Productions
200000,87.23,Dig or Die,Gaddy Games,Gaddy Games
500000,62.90,Two Worlds II HD,Reality Pump Studios,"Topware Interactive, ACE"
200000,72.48,171,Betagames Group,Betagames Group
50000,92.52,Beyond Citadel,doekuramori,doekuramori
200000,68.58,Bus Simulator 21 Next Stop,stillalive studios,astragon Entertainment
200000,85.66,PICO PARK 2,"TECOPARK, Gemdrops Inc.",TECOPARK
200000,82.16,Project Highrise,SomaSim,Kasedo Games
20000,87.85,月华辉映之刻,侠客狗工作室,侠客狗工作室
200000,89.36,Wytchwood,Alientrap,Alientrap
200000,76.08,Weird West: Definitive Edition,WolfEye Studios,Devolver Digital
20000,88.40,Fever Meme,Aimbok,Aimbok
100000,90.17,Return to Shironagasu Island,HYOGO ONIMUSHI,TABINOMICHI
100000,88.36,My Vow to My Liege,YETU GAME,方块游戏(CubeGame)
500000,86.01,Curious Expedition 2,Maschinen-Mensch,Maschinen-Mensch
200000,93.48,Sword and Fairy,SOFTSTAR ENTERTAINMENT,SOFTSTAR ENTERTAINMENT
100000,84.60,Pathologic Classic HD,"Ice-Pick Lodge, General Arcade",Good Shepherd Entertainment
500000,91.76,Alien Shooter,Sigma Team Inc.,Sigma Team Inc.
100000,64.86,Gigantic: Rampage Edition,Abstraction Games,Arc Games
20000,81.42,Moonstone Island,Studio Supersoft,Raw Fury
500000,86.50,Legend Creatures(传奇生物),HideChara,HideChara
500000,86.88,HYPERCHARGE: Unboxed,Digital Cybercherries,Digital Cybercherries
100000,64.95,Three Kingdoms Zhao Yun,ZUIJIANGYUE Game,"Merlion Games, ETime Studio"
200000,72.09,Phantom Doctrine,CreativeForge Games,Good Shepherd Entertainment
200000,70.30,Megaloot,axilirate,"Ravenage Games, Sidekick Publishing"
200000,74.95,RUSSIA BATTLEGROUNDS,Agafonoff,Agafonoff
100000,77.35,Hello Neighbor 2,"Eerie Guest, tinyBuild",tinyBuild
200000,77.67,Immortal Life,YiFang Studio,2P Games
50000,76.95,MX vs ATV Legends,Rainbow Studios,THQ Nordic
200000,90.11,Melty Blood Actress Again Current Code,FRENCH-BREAD,Arc System Works
500000,84.05,Xenonauts,Goldhawk Interactive,Goldhawk Interactive
500000,92.36,Supraland Six Inches Under,Supra Games,Supra Games
200000,74.32,Zero Caliber VR,XREAL Games,XREAL Games
200000,85.17,Rising Front,Sandstorm Studios Inc.,Sandstorm Studios Inc.
200000,81.65,Fox Hime,AsicxArt,SakuraGame
200000,84.96,Colony Ship: A Post-Earth Role Playing Game,Iron Tower Studio,Iron Tower Studio
2000000,84.60,The Tiny Bang Story,Colibri Games,Colibri Games
500000,92.69,Civilization IV: Beyond the Sword,Firaxis Games,2K
200000,85.73,Street Legal Racing: Redline v2.3.1,"Invictus Games Ltd., ImageCode","Activision Value Publishing Inc., ImageCode"
200000,93.42,SuchArt: Genius Artist Simulator,Goose Minded,HypeTrain Digital
200000,93.25,Spin Rhythm XD,Super Spin Digital,Super Spin Digital
500000,64.89,Zenith: Nexus,Ramen VR,Ramen VR
200000,90.86,Bloodstained: Curse of the Moon,INTI CREATES CO. Ltd.,INTI CREATES CO. Ltd.
200000,79.95,Yu-Gi-Oh! Legacy of the Duelist : Link Evolution,Other Ocean Emeryville,KONAMI
50000,92.06,Ropuka's Idle Island,"Moczan, Little Chmura, Begoña Pereda",Moczan
100000,90.52,Staffer Case: A Supernatural Mystery Adventure,Team Tetrapod,Team Tetrapod
100000,86.23,Fantasy Map Simulator,The Stranger,The Stranger
500000,49.94,"Warhammer 40,000: Eternal Crusade",Behaviour Interactive Inc.,Behaviour Interactive Inc.
100000,78.24,Xenonauts 2,Goldhawk Interactive,Hooded Horse
500000,79.26,Hard Reset Extended Edition,Flying Wild Hog,Good Shepherd Entertainment
100000,91.58,Intravenous 2,Explosive Squat Games,HypeTrain Digital
100000,54.58,Hunt Down The Freeman,Royal Rudius Entertainment,Royal Rudius Entertainment
200000,89.98,Buddy Simulator 1984,Not a Sailor Studios,Not a Sailor Studios
100000,76.20,No Place Like Home,Chicken Launcher,Awaken Realms
200000,84.60,Persona 4 Arena Ultimax,"Arc System Works, ATLUS",SEGA
100000,91.79,ANTONBLAST,Summitsphere,"Summitsphere, Joystick Ventures"
200000,81.52,Hellsplit: Arena,Deep Type Games,Deep Type Games
200000,80.12,CASE: Animatronics,Walnut LLC,Walnut LLC
200000,78.59,White Day: A Labyrinth Named School,SONNORI Corp,"PQube, SONNORI Corp"
100000,61.97,EmergeNYC,FlipSwitch Games,FlipSwitch Games
200000,84.43,Idol Manager,Glitch Pitch,PLAYISM
200000,82.72,OshiRabu: Waifus Over Husbandos,SukeraSomero,"HUBLOTS, mirai works"
100000,83.99,Survivalist: Invisible Strain,Bob,Ginormocorp Incorporated
500000,89.60,SpiderHeck,Neverjam,tinyBuild
500000,91.10,"Cook, Serve, Delicious!",Vertigo Gaming Inc.,Vertigo Gaming Inc.
200000,77.49,One Piece Burning Blood,Spike Chunsoft Co. Ltd.,BANDAI NAMCO Entertainment
200000,78.89,Tales of Vesperia: Definitive Edition,"QLOC, BANDAI NAMCO Studios Inc.",BANDAI NAMCO Entertainment
200000,63.72,NECROPOLIS: BRUTAL EDITION,Harebrained Schemes,"Paradox Interactive, Bandai Namco"
200000,92.63,One Finger Death Punch 2,Silver Dollar Games,Silver Dollar Games
50000,76.08,Atomfall,Rebellion,Rebellion
20000,90.50,Take Me To The Dungeon!!,Hanabi Fuusen,"Mango Party, Mango Party News"
200000,62.21,DNF Duel,"NEOPLE Inc., Arc System Works, EIGHTING Co. Ltd.",NEXON
200000,86.29,Circle Empires,Luminous,Iceberg Interactive
200000,92.92,Unreal Tournament: Game of the Year Edition,Epic Games Inc.,Epic Games Inc.
100000,78.00,Electrician Simulator,Take IT Studio!,"Gaming Factory, Ultimate Games S.A."
500000,87.50,Mad Games Tycoon,Eggcode,Eggcode
200000,87.78,My Garage,Viking Game Studio,Viking Game Studio
200000,87.22,Penumbra Overture,Frictional Games,Frictional Games
500000,83.09,Victor Vran ARPG,Haemimont Games,"Haemimont Games, EuroVideo Medien"
20000,93.80,My Little Puppy,Dreamotion Inc.,"Dreamotion Inc., KRAFTON Inc."
200000,86.05,There's Poop In My Soup,K Bros Games,K Bros Games
200000,91.11,Shredders,FoamPunch,FoamPunch
200000,80.05,Chorus,Deep Silver Fishlabs,Deep Silver
500000,77.03,Polarity,Bluebutton Games,Bluebutton Games
200000,86.18,Cataclismo,Digital Sun,Hooded Horse
100000,83.05,M.A.S.S. Builder,Vermillion Digital,Sekai Project
200000,77.33,"Love, Money, Rock'n'Roll",Soviet Games,Soviet Games
200000,84.63,F1™ 2017,"Codemasters, Feral Interactive (Mac), Feral Interactive (Linux)","Codemasters, Feral Interactive, Electronic Arts"
20000,90.50,Hentai Girl Karen,GirlGames,GirlGames
200000,62.73,Ylands,Bohemia Interactive,Bohemia Interactive
20000,83.48,ISEKAI QUEST,Studio Ginkgo,Studio Ginkgo
500000,87.56,Quern - Undying Thoughts,Zadbox Entertainment,"Blue Brain Games, Zadbox Entertainment"
200000,81.71,Keplerth,TARO,Gamirror Games
200000,90.54,Dungeons of Dredmor,Gaslamp Games Inc.,Gaslamp Games Inc.
200000,91.35,SHENZHEN I/O,Zachtronics,Zachtronics
200000,86.18,Let's Build a Zoo,Springloaded,No More Robots
20000,88.81,Escape Simulator 2,Pine Studio,Pine Studio
20000,78.60,Road to Vostok,Road to Vostok Ltd.,Road to Vostok Ltd.
200000,90.92,The Darkside Detective,Spooky Doorway,Akupara Games
500000,84.66,Tom Clancy's Splinter Cell®,Ubisoft,Ubisoft
200000,64.68,METAL GEAR SURVIVE,KONAMI,KONAMI
20000,95.25,Strange Jigsaws,FLEB,FLEB
1000000,88.29,We Were Here Expeditions: The FriendShip,Total Mayhem Games,Total Mayhem Games
50000,71.89,Hollywood Animal,Weappy Wholesome,Weappy Studio
200000,78.70,Gladiator Guild Manager,Entertainment Forge,"GrabTheGames, Gamirror Games, UpgradePoint"
200000,87.04,Nexomon: Extinction,VEWO Interactive Inc.,"PQube, VEWO Interactive Inc."
20000,95.58,Kabuto Park,"Doot, Zakku",Doot Tiny Games
100000,83.03,Out of Ore,North Modding Company AB,North Modding Company AB
50000,69.23,Wild Assault,Combat Cat Studio,Combat Cat Studio
100000,88.54,KARMA: The Dark World,POLLARD STUDIO LLC,"Wired Productions, Gamirror Games"
100000,82.93,Tales of the Neon Sea,YiTi Games,Thermite Games
100000,94.06,Your Turn To Die -Death Game By Majority-,Nankidai,0UP GAMES
200000,73.67,OutDrive,DNVR Prod,DNVR Prod
100000,80.89,Star Traders: Frontiers,Trese Brothers,Trese Brothers
500000,81.22,Owlboy,D-Pad Studio,D-Pad Studio
100000,79.96,Punch Club 2: Fast Forward,Lazy Bear Games,tinyBuild
200000,87.85,Beholder: Conductor,Alawar,Alawar
200000,65.76,Fear Therapy,Black Flag Studios,Black Flag Studios
100000,86.68,Press X to Not Die,All Seeing Eye Games,All Seeing Eye Games
200000,86.30,Maximum Action,George Mandell,Balloon Moose Games
100000,80.21,The Bloodline,Shieldbearer Studios,505 Pulse
200000,92.89,Voidigo,semiwork,semiwork
50000,93.86,The Legend of Heroes: Trails in the Sky SC,Nihon Falcom,"XSEED Games, Marvelous USA Inc."
20000,85.72,Mycopunk,Pigeons at Play,Devolver Digital
200000,91.17,ScooterFlow,Dillon Earle,UncannyKiwi
200000,90.35,Roots of Pacha,Soda Den,Soda Den
100000,88.68,Realm of Ink,Leap Studio,4Divinity
20000,93.53,候鸟,KIDFansClub,Syawase Works China
200000,91.34,GemCraft - Chasing Shadows,Game in a Bottle,Armor Games Studios
200000,88.25,"Guns, Gore & Cannoli","Rogueside, Claeysbrothers",Rogueside
200000,91.09,APE OUT,"Gabe Cuzzillo, Bennett Foddy, Maxi Boch",Devolver Digital
20000,89.94,CHAOS;CHILD,MAGES. Inc.,Spike Chunsoft Co. Ltd.
200000,80.53,The Thaumaturge,Fool's Theory,11 bit studios
50000,89.43,Hentai Girl Hime,GirlGames,GirlGames
200000,94.24,Just a To the Moon Series Beach Episode,Freebird Games,Freebird Games
200000,90.46,Reassembly,Anisoptera Games,Indie Voyage
200000,92.18,Birth,Madison Karrh,Madison Karrh
500000,84.19,Wargame: Airland Battle,Eugen Systems,Eugen Systems
200000,87.74,En Garde!,Fireplace Games,"Fireplace Games, Kepler Ghost"
200000,90.58,Pistol Whip,Cloudhead Games Ltd.,Cloudhead Games Ltd.
1000000,79.60,Hitman 2: Silent Assassin,Io-Interactive A/S,Io-Interactive A/S
100000,92.93,Fluffy Store,AsicxArt,SakuraGame
100000,74.87,Offworld Trading Company,Mohawk Games,Stardock Entertainment
200000,88.34,Lost in Vivo,KIRA,KIRA
200000,20.95,FlatOut 3: Chaos & Destruction,Team 6 Studios,Strategy First
200000,54.41,Crossroads Inn Anniversary Edition,Klabater,Klabater
100000,93.21,NEKOPARA Extra,NEKO WORKs,Sekai Project
200000,86.51,Autonauts,Denki,Curve Games
100000,92.13,Spooky's Jump Scare Mansion: HD Renovation,Albino Moose Games,Albino Moose Games
200000,62.12,Total War: PHARAOH,CREATIVE ASSEMBLY,SEGA
200000,50.44,Madden NFL 21,Electronic Arts,Electronic Arts
200000,82.07,GRIP: Combat Racing,Caged Element Inc.,Wired Productions
50000,93.42,StarVaders,Pengonauts,Joystick Ventures
100000,76.34,Storage Hunter Simulator,Raccoons Studio,astragon Entertainment
200000,67.72,Three Kingdoms The Last Warlord,LongYou Game Studio,LongYou Tech Ltd
200000,84.05,Gedonia,Kazakov Oleg,Kazakov Oleg
200000,90.39,Hero of the Kingdom,Lonely Troops,Lonely Troops
200000,42.22,Takedown: Red Sabre,Serellan LLC,505 Games
200000,78.58,NEBULOUS: Fleet Command,Eridanus Industries,Hooded Horse
100000,92.83,Emberward,Refic Games,Refic Games
200000,90.40,DARQ: Complete Edition,Unfold Games,Unfold Games
200000,83.74,Inkbound,Shiny Shoe,Shiny Shoe
500000,89.44,Perfect Heist 2,yeswecamp,yeswecamp
500000,89.50,Thimbleweed Park™,Terrible Toybox,Terrible Toybox
1000000,92.63,Unreal Tournament 2004: Editor's Choice Edition,Epic Games Inc.,Epic Games Inc.
500000,83.82,Shadowrun: Hong Kong - Extended Edition,Harebrained Schemes,Paradox Interactive
200000,76.06,THE GAME OF LIFE 2,Marmalade Game Studio Ltd,Marmalade Game Studio Ltd
200000,54.85,Resident Evil: Operation Raccoon City,Slant Six Games,Capcom Co. Ltd
200000,89.27,The Rise of the Golden Idol,Color Gray Games,Playstack
100000,79.56,大侠请重来,熊窝dodox,"熊窝dodox, RuiXiao"
200000,90.91,SENRAN KAGURA SHINOVI VERSUS,Tamsoft,"XSEED Games, Marvelous USA Inc., Marvelous"
100000,59.28,NARUTO X BORUTO Ultimate Ninja STORM CONNECTIONS,CyberConnect2 Co. Ltd.,Bandai Namco Entertainment
20000,92.30,MineMogul,NoodleForge (Gvarados & Diomonder),NoodleForge
1000000,79.53,Lord of the Rings: War in the North,Snowblind Studios,Warner Bros. Interactive Entertainment
100000,91.37,The Witch's House MV,Fummy,DANGEN Entertainment
200000,88.11,Alina of the Arena,PINIX,"PINIX, IndieArk"
20000,90.32,Last Evil,Flametorch,Critical Bliss
200000,85.40,Ghost Exile,LostOneTeam,LostOneTeam
200000,88.11,Clanfolk,MinMax Games Ltd.,Hooded Horse
200000,84.53,Animal Shelter,Games Incubator,"Games Incubator, PlayWay S.A."
200000,79.50,The Age of Decadence,Iron Tower Studio,Iron Tower Studio
20000,93.65,BLACK SOULS II,"Eeny, meeny, miny, moe?","OTAKU Plan, NEWS"
50000,91.47,Neighbours back From Hell,Farbworks,HandyGames
20000,91.97,Trails in the Sky 1st Chapter,Nihon Falcom,GungHo Online Entertainment America Inc.
200000,67.29,Blackthorn Arena,PersonaeGame Studio,Light Up Games
500000,90.45,One Way Heroics,Smoking WOLF,PLAYISM
100000,84.27,Refind Self: The Personality Test Game,Lizardry,PLAYISM
500000,84.70,Divine Divinity,Larian Studios,Larian Studios
200000,69.62,35MM,Носков Сергей,Носков Сергей
200000,75.51,GOD EATER 2 Rage Burst,"BANDAI NAMCO Studio, SHIFT, QLOC",BANDAI NAMCO Entertainment
50000,88.20,Saiko no sutoka,Habupain,Habupain
100000,90.88,428: Shibuya Scramble,"Spike Chunsoft Co. Ltd., Abstraction Games",Spike Chunsoft Co. Ltd.
100000,86.91,灾厄黑龙与谎言公主,莓夜工作室,莓夜工作室
100000,90.53,Dune: Imperium,Dire Wolf,Dire Wolf
200000,83.24,AI: THE SOMNIUM FILES - nirvanA Initiative,Spike Chunsoft Co. Ltd.,Spike Chunsoft Co. Ltd.
100000,88.83,Amnesia™: Memories,"Idea Factory, Design Factory",Idea Factory International
20000,92.45,HENPRI,Qruppo,Shiravune
200000,41.01,Life is Feudal: MMO,LTG,LTG
500000,86.71,Commandos: Behind Enemy Lines,Pyro Studios,Kalypso Media Digital
500000,77.77,Risen 2: Dark Waters,Piranha Bytes,THQ Nordic
20000,85.47,Lust Theory - Season 1,Inceton Games,Inceton Games
200000,73.10,Farmer's Dynasty - Final Harvest Edition,UMEO Studios,Toplitz Productions
200000,83.87,.hack//G.U. Last Recode,CyberConnect2,Bandai Namco Entertainment
100000,74.84,Ship Graveyard Simulator 2,"Games Incubator, Hypnotic Ants","Games Incubator, PlayWay S.A."
20000,77.18,Star Trek: Voyager - Across the Unknown,Gamexcite,Daedalic Entertainment
100000,86.83,Fights in Tight Spaces,Ground Shatter,Balor Games
200000,84.44,DEFCON,Introversion Software,Introversion Software
2000000,58.68,Dead Bits,Microblast Games,SA Industry
100000,81.90,Panzer Corps 2,Flashback Games,Slitherine Ltd.
20000,82.07,He is Coming,Chronocle,Hooded Horse
200000,84.01,The Bridge,"Ty Taylor, Vega Castañeda",The Quantum Astrophysicists Guild
200000,82.87,Thea: The Awakening,MuHa Games,MuHa Games
200000,67.97,Frozenheim,Paranoid Interactive,"Untold Tales, Hyperstrange, Gamersky Games"
500000,82.67,Redout: Enhanced Edition,34BigThings srl,34BigThings srl
500000,88.97,Death Trash,Crafting Legends,Crafting Legends
100000,85.87,TEVI,"CreSpirit, GemaYue, Ein Lee","CreSpirit, Neverland Entertainment"
20000,93.29,Leaf it Alone,Eternity,Eternity
100000,93.54,Peaks of Yore,Anders Grube Jensen,TraipseWare
100000,54.39,Hyper Light Breaker,Heart Machine,Arc Games
200000,90.47,风信楼,Pingfang Games,Pingfang Games
200000,77.91,ZED ZONE,Leven Liu,INDIECN
100000,87.77,Plan B: Terraform,Gaddy Games,Gaddy Games
200000,87.23,SIMULACRA,Kaigan Games OÜ,"Kaigan Games OÜ, Neon Doctrine"
200000,87.10,Kandidatos,Shaikonina Games,Shaikonina Games
200000,82.60,Caveblazers,Deadpan Games,Yogscast Games
100000,73.58,Aragami 2,Lince Works,Lince Works
500000,78.97,Alpha Protocol™,Obsidian Entertainment,SEGA
200000,87.49,LUFTRAUSERS,Vlambeer,Devolver Digital
50000,90.30,HOLE,NEGAFISH,NEGAFISH
500000,80.11,The Guild II Renaissance,Runeforge Game Studio,THQ Nordic
200000,89.99,Nightmare Reaper,Blazing Bit Games,Blazing Bit Games
200000,67.48,Daymare: 1998,Invader Studios,"Destructive Creations, All in! Games"
200000,80.11,Spellcaster University,Sneaky Yak Studio,"Sneaky Yak Studio, WhisperGames"
200000,71.44,GUNDAM BREAKER 4,CRAFTS & MEISTER Co. Ltd.,Bandai Namco Entertainment Inc.
100000,56.11,Warbox,Mantaliss,Mantaliss
200000,65.68,Dinosaur Hunt,Racing Bros,ANPA.US
20000,89.25,Projekt: Passion - Season 1,Classy Lemon,Classy Lemon
100000,94.45,Loddlenaut,Moon Lagoon,Secret Mode
50000,78.87,Carrier Command 2,Geometa,MicroProse Software
1000000,72.69,Battlerite Royale,Stunlock Studios,Stunlock Studios
50000,85.60,NARUTO SHIPPUDEN: Ultimate Ninja STORM 2,CyberConnect2 Co. Ltd.,BANDAI NAMCO Entertainment
200000,82.31,Shelter 2,Might and Delight,Might and Delight
200000,76.99,Caster,Elecorn,Elecorn
200000,72.64,Exit the Gungeon,"Dodge Roll, Singlecore",Devolver Digital
200000,84.78,Music Racer,AbstractArt,AbstractArt
500000,71.67,Blockland,"Eric Hartman, Ben Garney, Anthony Rotondo",Step 1 Games LLC
200000,92.86,TIS-100,Zachtronics,Zachtronics
500000,81.45,Forgive Me Father,Byte Barrel,Fulqrum Publishing
200000,92.87,Northern Journey,Slid Studio,Slid Studio
1000000,82.39,Deponia: The Complete Journey,Daedalic Entertainment,Daedalic Entertainment
100000,83.16,Tinkerlands,"CodeManu, Endless Coffee",HypeTrain Digital
200000,89.54,Lovers in a Dangerous Spacetime,Asteroid Base,Asteroid Base
200000,84.54,Growing Up,Vile Monarch,"Vile Monarch, Spiral Up Games"
200000,93.58,Chicory: A Colorful Tale,"Wishes Ultd., Greg Lobanov, Alexis Dean-Jones, Lena Raine, Madeline Berger, A Shell in the Pit",Finji
20000,92.84,Cleared Hot,Not Knowing Corporation,MicroProse Software
200000,81.38,Stolen Realm,Burst2Flame Entertainment,Burst2Flame Entertainment
200000,68.14,Edge Of Eternity,Midgar Studio,Nacon
50000,89.61,Anger Foot,Free Lives,Devolver Digital
200000,91.44,Megaquarium,Twice Circled,Twice Circled
200000,85.13,INFRA,Loiste Interactive,Loiste Interactive
20000,83.72,Crisol: Theater of Idols,Vermila Studios,Blumhouse Games
200000,75.59,Sniper Elite V2 Remastered,Rebellion,Rebellion
200000,79.74,THE KING OF FIGHTERS XIV STEAM EDITION,"SNK CORPORATION, Abstraction Games",SNK CORPORATION
500000,61.91,Battleborn,Gearbox Software,2K
100000,84.12,POPUCOM,Hypergryph,"GRYPHLINE, Fireshine Games"
100000,81.48,Dice & Fold,Tinymice Entertainment,"Rogue Duck Interactive, Gamersky Games"
50000,93.65,月に寄りそう乙女の作法,Navel,HIKARI FIELD
100000,78.69,Them's Fightin' Herds,Mane6 Inc.,Gameplay Group International
500000,77.36,Red Faction Guerrilla Re-Mars-tered,"Volition, KAIKO",Deep Silver
50000,76.86,Train Sim World® 4,Dovetail Games,Dovetail Games - TSW
20000,75.65,LORT,Big Distraction,Big Distraction
200000,89.42,Zombie Night Terror,NoClip,Good Shepherd Entertainment
200000,89.73,Monument Valley 2,ustwo games,ustwo games
100000,91.58,Freedom Planet,GalaxyTrail,GalaxyTrail
200000,86.48,Apotheon,Alientrap,Alientrap
100000,79.80,Kynseed,PixelCount Studios,PixelCount Studios
200000,92.05,Progressbar95,Igor Uduslivii,Spooky House Studios UG haftungsbeschraenkt
200000,82.88,HELLCARD,Thing Trunk,Skystone Games
500000,86.59,Men of War™,"Best Way, Digitalmindsoft",Fulqrum Publishing
50000,92.15,Muv-Luv Alternative,aNCHOR Inc.,aNCHOR Inc.
200000,85.57,Low Magic Age,Low Magic Studios,Low Magic Studios
500000,84.58,Juicy Realm,SpaceCan,XD
100000,91.16,Mars First Logistics,Shape Shop,"Shape Shop, Outersloth"
200000,89.09,killer7,"GRASSHOPPER MANUFACTURE INC., Engine Software BV",NIS America Inc.
200000,91.92,Windowkill,torcado,torcado
200000,77.79,BlazBlue: Cross Tag Battle,Arc System Works,Arc System Works
200000,88.55,Rock of Ages,ACE Team,SEGA
20000,90.40,Void War,Tundra,Tundra
20000,89.93,Her New Memory - Hentai Simulator,Zodiacus Games,Zodiacus Games
200000,88.41,Tape to Tape,Excellent Rectangle,Excellent Rectangle
100000,85.42,Get To Work,Isto Inc.,Isto Inc.
20000,79.70,The Dark Queen of Mortholme,Mosu,Monster Theater
500000,80.85,DOKA 2 KISHKI EDITION,Agafonoff,Agafonoff
200000,54.79,PRO EVOLUTION SOCCER 2019,Konami Digital Entertainment,Konami Digital Entertainment
100000,54.20,Heartbound,Pirate Software,Pirate Software
50000,80.89,West Sweety,AFOG,AFOG
100000,64.79,Dungeon Defenders: Awakened,Chromatic Games,Chromatic Games
100000,90.75,IMSCARED,Ivan Zanotti's MyMadnessWorks,Ivan Zanotti's MyMadnessWorks
200000,80.55,Expeditions: Viking,Logic Artists,THQ Nordic
200000,57.33,Ace Combat Assault Horizon - Enhanced Edition,NAMCO,BANDAI NAMCO Entertainment
100000,80.31,Terminator: Dark Fate - Defiance,Slitherine Ltd.,Slitherine Ltd.
100000,78.70,Kanjozoku Game レーサー Online Street Racing & Drift,SG DEV,Midnight Games
200000,83.00,Vigil: The Longest Night,Glass Heart Games,Glass Heart Games
200000,87.19,RiME,"Tequila Works, QLOC","Grey Box, Six Foot"
200000,87.45,Oh...Sir!! The Insult Simulator,Vile Monarch,Good Shepherd Entertainment
100000,87.63,The Cabin Factory,International Cat Studios,Future Friends Games
100000,75.59,The Complex,"Wales Interactive, Good Gate Media, Little Jade Productions",Wales Interactive
100000,71.92,Heliborne Collection,Klabater,Klabater
20000,65.76,Ashen,A44,Annapurna Interactive
100000,87.91,SPACEPLAN,Jake Hollands,Devolver Digital
200000,88.38,Ring of Pain,"Simon Boxer, Twice Different",Balor Games
500000,90.47,Human Resource Machine,Tomorrow Corporation,Tomorrow Corporation
200000,85.48,60 Parsecs!,Robot Gentleman,Robot Gentleman
200000,92.52,Orbt XL,Adamvision Studios,Adamvision Studios
500000,79.76,Dreamfall Chapters,Red Thread Games,Red Thread Games
200000,90.81,Who's Lila?,Garage Heathen,"Garage Heathen, IndieArk"
20000,90.52,Hentai Girl Fantasy,GirlGames,GirlGames
20000,90.26,Lucid Blocks,Lucy B. Locks,Lucy B. Locks
500000,89.35,Paradise Killer,Kaizen Game Works,Fellow Traveller
100000,61.74,Initial Drift Online,RewindApp,RewindApp
500000,86.22,The Entropy Centre,Stubby Games,Playstack
200000,90.30,The Legend of Tianding,"Creative Games Computer Graphics Corporation, Neon Doctrine",Neon Doctrine
200000,64.61,Deadly Premonition: The Director's Cut,Rising Star Games,Rising Star Games
200000,86.80,Serious Sam Classics: Revolution,"Croteam, Alligator Pit",Devolver Digital
200000,86.51,Dungeon Clawler,Stray Fawn Studio,Stray Fawn Publishing
100000,63.15,Mysteria ~Occult Shadows~,U-Secret Studio,SakuraGame
100000,91.85,Dystopika,Voids Within,"Voids Within, UNIKAT Label"
200000,77.73,Kentucky Route Zero: PC Edition,Cardboard Computer,Cardboard Computer
200000,81.18,Roguebook,Abrakam Entertainment SA,Nacon
100000,88.17,Pretty Angel,GirlGames,GirlGames
100000,83.40,Fears to Fathom - Woodbury Getaway,Rayll Studios,Rayll Studios
200000,89.47,OTXO,Lateralis Heavy Industries,Super Rare Originals
500000,84.49,Rock 'N' Roll Defense,NukGames,NukGames
500000,90.03,SKALD: Against the Black Priory,High North Studios AS,Raw Fury
100000,80.29,Everything,David OReilly,"David OReilly, PLAYISM (Japan)"
20000,83.84,DEEMO -Reborn-,Rayark International Limited,Rayark International Limited
200000,51.61,Syberia 3,Microids,Microids
100000,94.23,Milo and the Magpies,Johan Scherft,Second Maze
200000,79.30,Production Line : Car factory simulation,Positech Games,Positech Games
200000,88.10,X-Morph: Defense,EXOR Studios,EXOR Studios
1000000,91.20,X-COM: UFO Defense,MicroProse Software Inc,2K
500000,76.49,Barro,SC Jogos,SC Jogos
100000,55.72,Class of '09: The Flip Side,SBN3,Wrath Club
200000,91.31,Notch - The Innocent LunA: Eclipsed SinnerS,"Angels Blue Digital Entertainment, DigitalEZ",DigitalEZ
100000,89.84,The End Is Nigh,"Edmund McMillen, Tyler Glaiel","Edmund McMillen, Tyler Glaiel"
20000,87.97,Life is Strange: Reunion,Deck Nine Games,Square Enix
50000,91.60,NUKITASHI,Qruppo,Shiravune
200000,86.28,The Banner Saga 2,Stoic,Stoic
20000,80.80,Hell Clock,Rogue Snail,Mad Mushroom
500000,89.99,Guacamelee! Gold Edition,Drinkbox Studios,"Drinkbox Studios, Kepler Ghost"
50000,88.03,SchoolBoy Runaway,Linked Squad,Linked Squad
50000,79.80,Until Dawn™,Ballistic Moon,PlayStation Publishing LLC
200000,35.52,Resident Evil Re:Verse,CAPCOM Co. Ltd.,CAPCOM Co. Ltd.
20000,92.91,Metal Garden,Tinerasoft,Tinerasoft
100000,83.27,Noel the Mortal Fate Complete Edition,"KANAWO, Vaka Game Magazine",Vaka Game Magazine
200000,86.20,Scythe: Digital Edition,The Knights of Unity,The Knights of Unity
20000,83.83,Hell is Us,Rogue Factor,Nacon
20000,88.98,s.p.l.i.t,Mike Klubnika,"Mike Klubnika, Oro Interactive"
500000,57.62,Warhammer: Chaosbane,Eko Software,Nacon
200000,89.24,Just Go,Studio Amateur,Studio Amateur
200000,69.66,A Total War Saga: TROY,"CREATIVE ASSEMBLY, Feral Interactive (Mac)","SEGA, Feral Interactive"
200000,83.92,RUMBLE,Buckethead Entertainment,Buckethead Entertainment
100000,82.42,天外武林 (Traveler of Wuxia),香港商河洛互動娛樂股份有限公司,香港商河洛互動娛樂股份有限公司
20000,86.16,Wish,Momentum Games,Momentum Games
200000,71.27,Rise of Industry,Dapper Penguin Studios,Kasedo Games
50000,90.07,At Dead Of Night,Baggy Cat Ltd.,Baggy Cat Ltd.
100000,85.29,Star Valor,Rafael Burgos,Rafael Burgos
200000,86.40,Scanner Sombre,Introversion Software,Introversion Software
100000,80.06,Dark Hours,Piece of Cake studios,"Piece of Cake studios, Kepler Ghost"
200000,89.00,HIVESWAP: ACT 1,What Pumpkin Games Inc.,What Pumpkin Games Inc.
50000,92.85,Star of Providence,Team D-13,"Team D-13, Bigmode"
100000,83.56,Home Sweet Home,"YGGDRAZIL GROUP CO.,LTD","YGGDRAZIL GROUP CO.,LTD"
200000,86.58,Happy Game,Amanita Design,Amanita Design
200000,83.20,Crying Suns,Alt Shift,Alt Shift
200000,76.29,Staxel,Plukit,Balor Games
200000,69.01,Surviving the Aftermath,Iceflake Studios,Paradox Interactive
20000,82.27,RoboCop: Rogue City - Unfinished Business,Teyon,Nacon
100000,86.41,CaseCracker,BlackRobe,BlackRobe
100000,85.00,Looking Up I See Only A Ceiling,silver978,IndieArk
50000,93.43,月影魅像-解放之羽-,Applique,HIKARI FIELD
20000,92.59,Space Rock Breaker,WAKA WAKA,WAKA WAKA
100000,84.41,MY HERO ONE'S JUSTICE 2,BYKING,BANDAI NAMCO Entertainment
100000,92.81,Railroader,Giraffe Lab LLC,Giraffe Lab LLC
20000,88.71,Master of Command,Armchair Interactive,Armchair Interactive
200000,93.17,Snufkin: Melody of Moominvalley,Hyper Games,Raw Fury
100000,81.47,Welcome to the Game II,Reflect Studios,Reflect Studios
200000,78.87,CASE 2: Animatronics Survival,Walnut LLC,Walnut LLC
100000,91.56,Our Adventurer Guild,GreenGuy,GreenGuy
200000,87.09,Monstrum,Team Junkfish,Junkfish Limited
20000,79.28,Tales of the Shire: A The Lord of The Rings™ Game,Wētā Workshop,Fictions
20000,94.62,planetarian HD,VisualArts/Key,VisualArts
200000,86.25,Fire Pro Wrestling World,Spike Chunsoft Co. Ltd.,Spike Chunsoft Co. Ltd.
200000,71.32,Starpoint Gemini Warlords,Little Green Men Games,Little Green Men Games
200000,84.81,7 Days to End with You,Lizardry,PLAYISM
100000,76.26,Alone in the Dark,Pieces Interactive,THQ Nordic
100000,89.69,Finnish Cottage Simulator,RANELA GAMES,RANELA GAMES
50000,77.99,Rebirth:Mr Wang,DSGame,DSGame
50000,73.26,War on the Sea,Killerfish Games,Killerfish Games
200000,83.33,Gas Guzzlers Extreme,Gamepires,Gamepires
100000,86.73,HAAK,Blingame,OKJOY
200000,84.73,METAL SLUG X,"SNK CORPORATION, Dotemu",SNK CORPORATION
100000,77.41,TRIANGLE STRATEGY,"Square Enix, ARTDINK",Square Enix
100000,93.61,Walkabout Mini Golf VR,Mighty Coconut,Mighty Coconut
200000,84.27,Disgaea 5 Complete,Nippon Ichi Software Inc.,NIS America Inc.
200000,81.81,AKIBA'S TRIP: Undead ＆ Undressed,ACQUIRE Corp.,"XSEED Games, Marvelous USA Inc."
200000,92.02,Shadows Over Loathing,Asymmetric,Asymmetric
200000,86.42,Death Coming/死神来了,NEXT Studios,NEXT Studios
100000,92.68,Dream Ending,#workshop,NVLMaker
200000,83.42,Tacoma,Fullbright,"Fullbright, Serenity Forge"
200000,50.36,Rento Fortune: Online Dice Board Game (大富翁),LAN - GAMES LTD,LAN - GAMES LTD
200000,82.25,Heretic's Fork,9FingerGames,Ravenage Games
100000,42.37,SYNDUALITY Echo of Ada,Game Studio Inc.,Bandai Namco Entertainment
200000,89.37,Ys Origin,Nihon Falcom,XSEED Games
100000,87.76,Void Stranger,System Erasure,System Erasure
50000,91.35,Cyber Hook,Blazing Stick,Graffiti Games
100000,76.68,Digimon Survive,HYDE Inc.,Bandai Namco Entertainment Inc.
100000,82.04,Fly Corp,KishMish Games,KishMish Games
100000,73.86,Eiyuden Chronicle: Hundred Heroes,Rabbit & Bear Studios,505 Games
100000,93.04,Hylics 2,Mason Lindroth,Mason Lindroth
200000,84.23,Clue/Cluedo: Classic Edition,Marmalade Game Studio Ltd,Marmalade Game Studio Ltd
500000,67.90,Starpoint Gemini 2,Little Green Men Games,Little Green Men Games
200000,85.58,Superfighters Deluxe,MythoLogic Interactive,MythoLogic Interactive
20000,90.42,美女，请别影响我成仙,蒸汽满满工作室,一相逢互动娱乐
500000,77.87,SYNTHETIK 2,Flow Fire Games,Flow Fire Games
200000,84.30,GTTOD,Andrew Smith,Hitcents
50000,93.93,Path of Achra,Ulfsire,Slouching Beast LLC
200000,90.56,Eleven Table Tennis,For Fun Labs,For Fun Labs
200000,90.33,Hyperdimension Neptunia Re;Birth3 V Generation,"Idea Factory, Compile Heart, Felistella","Idea Factory, Idea Factory International"
200000,80.76,永远消失的幻想乡 ～ The Disappearing of Gensokyo,MyACG Studio,MyACG Studio
200000,86.51,Icewind Dale: Enhanced Edition,Beamdog,Beamdog
100000,63.61,Techtonica,Fire Hose Games,Fire Hose Games
200000,77.31,Obduction,Cyan Inc.,Cyan Inc.
100000,68.83,PILGRIM,DESPERATE MEASURES,DESPERATE MEASURES
200000,87.74,Timberman VS,Digital Melody,Forever Entertainment S. A.
50000,81.67,Gunsmith Simulator,GameHunters,PlayWay S.A.
200000,87.40,Legend of Grimrock 2,Almost Human Games,Almost Human Games
200000,90.35,HYPER DEMON,Sorath,Sorath
20000,89.61,Beat Banger,BunFan Games LLC,BunFan Games LLC
20000,92.23,Tiny Aquarium: Social Fishkeeping,Lunheim Studios,"Future Friends Games, Gamersky Games"
200000,91.81,Magical Girl Celesphonia,Shimobashira Workshop,Kagura Games
50000,80.51,House of Legacy,S3 Studio,Thermite Games
1000000,88.24,Cthulhu Saves the World,Zeboyd Digital Entertainment LLC,Zeboyd Digital Entertainment LLC
100000,92.20,Laughing to Die,大吉利制作组,"Gamera Games, Gamirror Games"
20000,79.75,SHINOBI: Art of Vengeance,"SEGA, Lizardcube",SEGA
200000,53.05,Guardians of Orion (Phase 2),DANKIE,DANKIE
200000,66.70,Bound By Flame,Spiders,Focus Entertainment
200000,43.09,Star Trek: Infinite,Nimble Giant Entertainment,Paradox Interactive
2000000,75.86,Dungeon Defenders II,Chromatic Games,Chromatic Games
200000,86.70,King's Bounty: The Legend,Fulqrum Publishing,Fulqrum Publishing
100000,89.49,SUMMERHOUSE,Friedemann,Future Friends Games
100000,84.60,King of Retail,Freaking Games,Iceberg Interactive
200000,82.34,TRYP FPV: Drone Racer Simulator,UNDEAD BATTERY,UNDEAD BATTERY
200000,78.40,FOUNDRY,Channel 3 Entertainment,Paradox Interactive
20000,71.74,BitCraft Online,Clockwork Laboratories Inc.,Clockwork Laboratories Inc.
500000,90.99,Lethal League,Team Reptile,Team Reptile
200000,78.42,Thriving City: Song,White Star Studio,IndieArk
100000,72.30,Kingdom Eighties,Fury Studios,Raw Fury
100000,88.93,Frog Detective 1: The Haunted Island,"Grace Bruxner, Thomas Bowker","worm club, SUPERHOT PRESENTS"
50000,80.01,Seed of the Dead: Sweet Home,TeamKRAMA,Eroge Japan
200000,84.50,Quake 4,"RavenSoft, id Software",Bethesda Softworks
100000,85.88,Star Trek: Resurgence,Dramatic Labs,Bruner House
100000,88.32,Astrea: Six-Sided Oracles,Little Leo Games,Akupara Games
200000,82.97,Trials of Fire,Whatboy Games,Whatboy Games
200000,86.90,Shank,Klei Entertainment,Klei Entertainment
500000,61.13,Blackguards,Daedalic Entertainment,Daedalic Entertainment
200000,85.89,Juno: New Origins,"Jundroo, LLC","Jundroo, LLC"
100000,65.67,Millennia,C Prompt Games,Paradox Interactive
200000,82.62,Replica,Somi,"Somi, Zero Rock Entertainment"
100000,85.80,From The Darkness,N4bA,N4bA
100000,79.64,[Chilla's Art] The Convenience Store | 夜勤事件,Chilla's Art,Chilla's Art
500000,34.12,Stronghold 3 Gold,Firefly Studios,Firefly Studios
200000,77.70,Roguelands,Sean Young,SmashGames
200000,86.33,Shadow Warrior Classic Redux,General Arcade,Devolver Digital
100000,77.11,First Class Trouble,Invisible Walls,Invisible Walls
100000,76.68,Train Sim World® 5,Dovetail Games,Dovetail Games - TSW
100000,74.48,The Crust,VEOM Studio,Crytivo
200000,82.98,F1 2016,"Codemasters, Feral Interactive (Mac)","Codemasters, Feral Interactive, Electronic Arts"
500000,74.66,Notruf 112 | Emergency Call 112,Crenetic GmbH Studios,Aerosoft GmbH
200000,90.99,Zuma's Revenge!,PopCap Games Inc.,"PopCap Games Inc., Electronic Arts"
100000,79.45,Tactical Assault VR,HammerFire Interactive,2080 Games
20000,90.22,STORY OF SEASONS: Grand Bazaar,Marvelous Inc.,"XSEED Games, Marvelous USA Inc., Marvelous Europe"
100000,92.52,Primordia,Wormwood Studios,Wadjet Eye Games
100000,85.70,Hentai Vs Furries,SeedWall,SeedWall
1000000,85.14,Terraformers,Asteroid Lab,"Goblinz Publishing, IndieArk"
50000,82.46,Eternights,Studio Sai,"Studio Sai, Kepler Ghost"
20000,82.26,Prison Escape Simulator: Dig Out,Digital Melody,"PlayWay S.A., Digital Melody"
100000,82.26,Squirrel with a Gun,Dee Dee Creations LLC,Maximum Entertainment
200000,72.41,Dungeons of Sundaria,Industry Games,Industry Games
100000,90.40,Wrestling Empire,MDickie,MDickie
200000,71.10,Dead Effect,"BadFly Interactive, a.s.","BadFly Interactive, a.s."
200000,93.70,Enigma of Fear,"Dumativa, Cellbit","Dumativa, CriticalLeap"
200000,81.20,River City Girls,WayForward,"WayForward , Arc System Works"
200000,71.63,Ash of Gods: Redemption,AurumDust,"AurumDust, WhisperGames"
200000,63.79,ENDLESS™ Dungeon - Definitive Edition,AMPLITUDE Studios,AMPLITUDE Studios
200000,91.81,Serious Sam Classic: The First Encounter,Croteam,Devolver Digital
200000,89.64,Boxes: Lost Fragments,Big Loop Studios,Snapbreak
100000,83.90,Last Day of June,Ovosonico,505 Games
200000,89.27,Soda Crisis,Team Soda,bilibili
20000,82.30,Princess & Conquest,Towerfag,Critical Bliss
50000,93.83,Hello Charlotte EP3: Childhood's End,etherane,etherane
50000,88.81,Suit for Hire,Godmode Interactive,Godmode Interactive
100000,84.30,Fears to Fathom - Norwood Hitchhike,Rayll,Rayll
200000,86.99,Zup! 4,Quiet River,Quiet River
20000000,79.79,Brawlhalla,Blue Mammoth Games,Ubisoft
200000,79.08,Yonder: The Cloud Catcher Chronicles,Prideful Sloth,Prideful Sloth
100000,83.30,Bladed fury,NEXT Studios,NEXT Studios
200000,91.89,Some Some Convenience Store,TALESSHOP Co. Ltd.,"TALESSHOP Co. Ltd., Smilegate"
100000,91.43,Cat Quest III,The Gentlebros,Kepler Interactive
20000,93.31,Kaiju Princess 2,PantyParrot,"Mango Party, PantyParrot, Mango Party News"
200000,91.11,TowerFall Ascension,"Maddy Makes Games Inc., Extremely OK Games Ltd.",Maddy Makes Games Inc.
50000,60.19,Jujutsu Kaisen Cursed Clash,Byking Inc.,Bandai Namco Entertainment Inc.
500000,91.20,Moss,Polyarc,Polyarc
50000,90.26,THE CORRIDOR,Thomas Mackinnon,Thomas Mackinnon
200000,91.52,Obscure,Hydravision Entertainment,Mighty Rocket Studio
20000000,86.65,Warframe,Digital Extremes,Digital Extremes
100000,84.08,MADiSON,BLOODIOUS GAMES,BLOODIOUS GAMES
500000,75.16,"Sir, You Are Being Hunted",Big Robot Ltd,Big Robot Ltd
100000,77.64,TRAIL OUT,GOOD BOYS,Crytivo
200000,82.54,Oddworld: New 'n' Tasty,Just Add Water (Developments) Ltd.,Oddworld Inhabitants Inc.
200000,74.83,WRC 9 FIA World Rally Championship,KT Racing,Nacon
200000,73.34,Party Panic,Everglow Interactive Inc.,Everglow Interactive Inc.
200000,89.84,F1 2012™,Codemasters,"Codemasters, Electronic Arts"
200000,85.87,Legacy of Kain™ Soul Reaver 1&2 Remastered,"Aspyr, Crystal Dynamics",Aspyr
100000,65.60,Contractors Showdown : ExfilZone,Caveman Studio,Caveman Studio
200000,56.14,Expeditions: A MudRunner Game,Saber Interactive,Focus Entertainment
50000,84.33,Dummynation,Alejandro Hernández Ferrero,Alejandro Hernández Ferrero
200000,85.48,Zombotron,Ant.Karlov Games,Ant.Karlov Games
200000,89.84,Chroma Squad,Behold Studios,Behold Studios
200000,81.32,NEOVERSE,Tinogames Inc.,Tinogames Inc.
200000,90.35,Until You Fall,Schell Games,Schell Games
20000,89.93,IN HEAT: Lustful Nights,MonsterBox,Critical Bliss
100000,88.20,Momodora: Moonlit Farewell,Bombservice,PLAYISM
50000,90.97,Card Survival: Tropical Island,WinterSpring Games,WinterSpring Games
200000,82.17,Karate Survivor,Alawar,Alawar
200000,88.83,SpongeBob SquarePants: The Cosmic Shake,Purple Lamp,THQ Nordic
500000,64.33,Blade Symphony,Puny Human,Puny Human
200000,90.47,American Arcadia,Out of the Blue Games,Raw Fury
100000,83.79,Dex,Dreadlocks Ltd.,"Dreadlocks Ltd., Techland, WhisperGames"
100000,92.74,Leap Year,Daniel Linssen,"Daniel Linssen, Sokpop Collective"
500000,73.15,Yooka-Laylee,Playtonic Games,Playtonic Friends
200000,77.00,Overdungeon,Pocketpair,Pocketpair
100000,83.12,MMORPG Tycoon 2,VectorStorm Pty Ltd,VectorStorm Pty Ltd
200000,67.86,Sub Rosa,Cryptic Sea,Devolver Digital
200000,93.71,Sizeable,Business Goose Studios,Business Goose Studios
20000,71.89,"Sex, Please",Evil Boobs Cult,Evil Boobs Cult
200000,79.00,轮回修仙路,烟水寒工作室,"烟水寒工作室, Paras Games"
100000,93.75,Beacon Pines,Hiding Spot,Fellow Traveller
1000000,85.81,Deadlink,Gruby Entertainment,SuperGG.com
50000,73.02,Gnomoria,Robotronic Games,Robotronic Games
500000,81.16,Aloft,Astrolabe Interactive Inc.,Funcom
200000,86.42,The Bridge Curse Road to Salvation,SOFTSTAR ENTERTAINMENT,"SOFTSTAR ENTERTAINMENT, Gamera Games"
100000,70.45,Patron,Overseer Games,Overseer Games
200000,68.49,Killsquad,Novarama,Novarama
100000,83.81,Bad Parenting 1: Mr. Red Face,"2OO2, VN",2OO2
200000,68.49,Age of Water,Three Whales Studio,Gaijin Network Ltd
200000,85.14,MX vs. ATV Reflex,"Rainbow Studios, THQ Nordic",THQ Nordic
20000,84.81,Guild Wars® Reforged,ArenaNet®,"ArenaNet®, NCSOFT"
100000,88.59,The Sexy Brutale,"Cavalier Game Studios, Tequila Works",Cavalier Game Studios
100000,81.18,Despot's Game: Dystopian Battle Simulator,Konfa Games,tinyBuild
50000,84.51,[Chilla's Art] The Closing Shift | 閉店事件,Chilla's Art,Chilla's Art
100000,82.28,Ziggurat,Milkstone Studios,Milkstone Studios
200000,64.04,The Hat Man: Shadow Ward,Game Mechanics LLC,Game Mechanics LLC
20000,89.27,Astro Prospector,Incrementalist,"Incrementalist, SpaceJazz"
100000,77.83,Wizard with a Gun,Galvanic Games,Devolver Digital
100000,85.34,The friends of Ringo Ishikawa,yeo,yeo
100000,87.08,This Bed We Made,Lowbirth Games,Lowbirth Games
200000,91.03,I wanna be the Creator,Aikesi,HeyBox Games
100000,77.00,"Warhammer 40,000: Inquisitor - Prophecy",NeocoreGames,NeocoreGames
100000,89.75,Zup! 5,Quiet River,Quiet River
100000,80.74,恋爱绮谭~不存在的夏天~,Never Knows Best,Never Knows Best
100000,80.25,REKA,Emberstorm Entertainment,Fireshine Games
100000,87.27,Glass Masquerade 2: Illusions,Onyx Lute,Onyx Lute
100000,90.26,Gravity Circuit,Domesticated Ant Games,"PID Games, Dear Villagers"
100000,86.95,Yaoling: Mythical Journey,RAYKA STUDIO,"RAYKA STUDIO, NPC Entertainment, Craftmos Games"
200000,91.14,Contradiction: Spot The Liar,Baggy Cat Ltd.,Baggy Cat Ltd.
200000,86.00,Element TD 2 - Tower Defense,Element Studios,Element Studios
20000,86.79,Card Shark,Nerial,Devolver Digital
200000,90.63,UNDER NIGHT IN-BIRTH Exe:Late[cl-r],FRENCH-BREAD,Arc System Works
200000,58.72,Vikings - Wolves of Midgard,Games Farm,Kalypso Media Digital
50000,89.59,RATSHAKER™,Sunscorched Studios,"Sunscorched Studios, Dark Product"
500000,82.58,Deponia Doomsday,Daedalic Entertainment,Daedalic Entertainment
200000,74.10,Cepheus Protocol,Halcyon Winds,Halcyon Winds
200000,66.67,WRC Generations – The FIA WRC Official Game,KT Racing,Nacon
100000,84.09,Bio Inc. Redemption,DryGin Studios,DryGin Studios
100000,90.05,Lorelei and the Laser Eyes,Simogo,Annapurna Interactive
100000,72.34,WWE 2K19,"Visual Concepts, Yuke's Co. Ltd",2K
200000,76.41,Peekaboo,Redaster Studio,Redaster Studio
200000,87.40,The Death | Thần Trùng,DUT Studio,DUT Studio
100000,93.01,Monster Prom 3: Monster Roadtrip,Beautiful Glitch,Beautiful Glitch
200000,88.88,Swords and Sandals Classic Collection,Whiskeybarrel Studios,eGames.com
200000,83.70,Old Man's Journey,Broken Rules,Broken Rules
500000,77.77,Blockstorm,GhostShark,IndieGala
100000,93.22,Chop Goblins,David Szymanski,David Szymanski
200000,82.42,Academia : School Simulator,Squeaky Wheel Studio Inc,Paradox Interactive
20000,85.20,Rune Factory: Guardians of Azuma,Marvelous Inc.,"XSEED Games, Marvelous USA Inc., Marvelous Europe"
20000,79.40,Bloody Trapland,2Play,2Play
1000000,62.57,Drift Streets Japan,JDM4iK Games,"SA Industry, BATYSTORE LTD"
50000,87.06,Trover Saves the Universe,Squanch Games Inc.,Squanch Games Inc.
500000,81.91,Street Racing Syndicate,Eutechnyx,Funbox Media Ltd
100000,52.86,Only Climb: Better Together,Exbyte Studios,Exbyte Studios
500000,88.22,Tiny and Big: Grandpa's Leftovers,Black Pants Studio,Black Pants Studio
20000,55.89,Agony UNRATED,Madmind Studio,Playway S.A.
200000,63.19,Train Fever,Urban Games,Good Shepherd Entertainment
20000,89.98,Humans are not that against Lizardwomen,Hue Axis Entertainment,Hue Axis Entertainment
100000,90.33,Ragnarock,WanadevStudio,WanadevStudio
100000,78.75,Dungeons & Degenerate Gamblers,Purple Moss Collectors,Yogscast Games
100000,89.80,Hidden Through Time,Rogueside,Rogueside
500000,86.94,Intravenous,Explosive Squat Games,HypeTrain Digital
20000,89.79,Scarlet Maiden,Otterside Games,Critical Bliss
100000,92.82,Epic Battle Fantasy 4,Matt Roszak,Matt Roszak
100000,53.09,Endorphin Vice,Endorphin Studios,Endorphin Studios
200000,88.34,Hyperdimension Neptunia Re;Birth2: Sisters Generation,"Idea Factory, Compile Heart, Felistella","Idea Factory, Idea Factory International"
200000,74.00,Cartel Tycoon,Moon Moose,tinyBuild
200000,89.89,Endoparasitic,Miziziziz,Deep Root Interactive
200000,80.82,Zombie Driver HD,Exor Studios,Exor Studios
100000,90.98,Zenge,Hamster On Coke Games,Hamster On Coke Games
1000000,82.47,Knights and Merchants,Topware Interactive,Topware Interactive
100000,79.73,Dwarven Realms,Crater Studios,Crater Studios
200000,82.42,BADLAND: Game of the Year Edition,Frogmind,Frogmind
200000,82.60,Timespinner,Lunar Ray Games,Chucklefish
100000,62.45,Animalia Survival,High Brazil Studio,High Brazil Studio
20000,78.17,OUTBRK,Sublime,Sublime
200000,90.20,Megadimension Neptunia VII,"Idea Factory, Compile Heart",Idea Factory International
200000,77.51,Mitsurugi Kamui Hikae,Zenith Blue,PLAYISM
200000,90.03,N++ (NPLUSPLUS),Metanet Software Inc.,Metanet Software Inc.
200000,84.60,Nordhold,StunForge,"HypeTrain Digital, StunForge"
200000,80.74,Greedland,VaMP He,"Gamersky Games, 2P Games"
200000,44.53,再刷一把2：金色传说,滑稽工作室,滑稽工作室
200000,80.84,Black Skylands,Hungry Couch Games,tinyBuild
100000,91.12,DATE A LIVE: Rio Reincarnation,"Idea Factory, Compile Heart, Sting",Idea Factory International
200000,81.01,Mars Horizon,Auroch Digital,Auroch Digital
50000,80.15,Astrometica,BeryMery,RockGame S.A.
200000,76.31,Space Pirates And Zombies 2,MinMax Games Ltd.,MinMax Games Ltd.
100000,83.80,镇邪,灵煦工作室,INDIECN
50000,73.67,Commander Quest,Flyway Games Inc.,"Flyway Games Inc., KRAFTON Inc."
50000,92.74,Master Of Pottery,AZGames,AZGames
100000,89.36,他人世界末 On-looker,8A studio,昆布科技
200000,84.57,Game Corp DX,Endless Loop Studios,Endless Loop Studios
50000,91.68,The Coma 2: Vicious Sisters,Dvora Studio Co. Ltd.,Headup
200000,75.45,She Sees Red - Interactive Movie,Rhinotales,Rhinotales
20000,85.46,A Game About Feeding A Black Hole,"Aarimous, Thornityco","Aarimous, Thornityco"
100000,91.41,Akane,Ludic Studios,Ludic Studios
200000,71.24,神都不良探 Underdog Detective,天津芸芸科技有限公司,天津芸芸科技有限公司
100000,79.96,Kona,Parabole,"Parabole, Ravenscourt"
500000,91.24,Defender's Quest: Valley of the Forgotten (DX edition),"Level Up Labs, LLC",Level Up Labs
100000,91.84,Bishojo Mangekyo Kotowari to Meikyu no Shojo,"ωstar, Seikei Production",Seikei Production
20000,89.90,Project Silverfish,Siris Pendrake,Siris Pendrake
50000,86.21,Drop Duchy,Sleepy Mill Studio,The Arcade Crew
200000,73.04,Harry Potter: Quidditch Champions,Unbroken Studios,Warner Bros. Games
100000,89.69,Outpath,David Moralejo Sánchez,"GrabTheGames, UpgradePoint"
100000,83.92,Regiments,Bird's Eye Games,MicroProse Software
500000,82.42,Rock of Ages 2: Bigger & Boulder™,ACE Team,SEGA
100000,84.28,Bounty of One,OptizOnion,OptizOnion
200000,74.68,古剑奇谭二(GuJian2),"上海烛龙信息科技有限公司, Aurogon Shanghai",北京网元圣唐娱乐科技有限公司
1000000,88.84,Sid Meier's Civilization® IV,Firaxis Games,2K
200000,61.16,Devil May Cry® 3 Special Edition,CAPCOM Co. Ltd.,Capcom
200000,73.01,Legendary Tales,Urban Wolf Games Inc.,Urban Wolf Games Inc.
100000,88.92,Pretty Neko,GirlGames,GirlGames
20000,92.89,Stella of The End,VisualArts/Key,VisualArts
100000,90.97,Kill The Crows,5minlab Corp.,"5minlab Corp., KRAFTON Inc."
20000,81.27,RACCOIN: Coin Pusher Roguelike,Doraccoon,Playstack
20000,79.90,MIO: Memories in Orbit,Douze Dixièmes,Focus Entertainment
100000,83.59,失业了，我获得了亿万游戏财产！,Bolingogames,Bolingogames
100000,72.72,Bleak Faith: Forsaken,Archangel Studios,Archangel Studios
200000,89.86,Penumbra: Black Plague Gold Edition,Frictional Games,Frictional Games
100000,91.96,Later Alligator,"SmallBü, Pillow Fight","SmallBü, Pillow Fight"
1000000,84.95,Unreal Tournament 3,Epic Games Inc.,Epic Games Inc.
20000,88.92,Dungeon Rampage,Gamebreaking Studios,Gamebreaking Studios
200000,93.86,Tinykin,Splashteam,tinyBuild
20000,92.70,SIFU Kidnapped! Adventure in the Women's Kingdom,次元边界,次元边界
200000,90.50,Song of Nunu: A League of Legends Story,Tequila Works,Riot Forge
50000,89.04,Wanderstop,Ivy Road,Annapurna Interactive
500000,86.72,Knightfall: A Daring Journey,Landfall,Landfall
200000,89.85,VOIN,Nikita Sozidar,tinyBuild
200000,86.18,The Night of the Rabbit,Daedalic Entertainment,Daedalic Entertainment
200000,55.59,Necromunda: Underhive Wars,Rogue Factor,Focus Entertainment
100000,92.98,Insomnia: Theater in the Head,Perfect Day Studio,Perfect Day Studio
500000,71.23,OMON Simulator,"Ukrainian Bears, Hideo Milos","United Nations, Putin The Best, Ukrainian Bears"
100000,61.25,Alaskan Road Truckers,Road Studio S.A.,"Green Man Gaming Publishing, Feel Good Games"
200000,86.04,The Classrooms,"Xefier Games, Hillcrest Games Inc.",Xefier Games
50000,87.48,The Legend of Heroes: Trails of Cold Steel III,"Nihon Falcom, Engine Software BV, PH3 GmbH",NIS America Inc.
100000,89.39,Parkasaurus,Washbear Studio,Washbear Studio
200000,75.66,Half Dead,Room710Games,Room710Games
200000,80.54,Seek Girl Ⅲ,DSGame,DSGame
200000,79.68,Just Die Already,DoubleMoose Games,Curve Games
20000,91.26,The Séance of Blake Manor,Spooky Doorway,Raw Fury
200000,72.21,Ashes of the Singularity: Escalation,"Stardock Entertainment, Oxide Games",Stardock Entertainment
200000,77.18,Windward,Tasharen Entertainment Inc.,Tasharen Entertainment Inc.
50000,63.10,Virginia,Variable State,505 Games
100000,84.57,September 7th,EMIKA_GAMES,EMIKA_GAMES
20000,86.32,MILFs of Sunville - Season 1,L7team,L7team
100000,85.76,Storm Chasers,Little Cloud Games,Little Cloud Games
20000,91.95,Strange Antiquities,Bad Viking,Iceberg Interactive
100000,80.83,Knock on the Coffin Lid,RedBoon,RedBoon
500000,69.73,INDUSTRIA,Bleakmill,Headup
200000,67.00,SONIC SUPERSTARS,SEGA,SEGA
200000,79.84,Warstone TD,Battlecruiser Games,Battlecruiser Games
200000,87.12,Lonely Mountains: Downhill,Megagon Industries,Megagon Industries
20000,77.95,Keep Digging,Wild Dog,Wild Dog
50000,87.86,STANDBOX,RealityBeholder,RealityBeholder
200000,80.32,Squishy the Suicidal Pig,"Tomi Maarela, Elias Viglione",Panic Art Studios
50000,83.10,Razortron 2000,NukGames,NukGames
100000,82.75,BlazBlue: Calamity Trigger,Arc System Works,H2 Interactive Co. Ltd.
100000,77.38,Fae Farm,Phoenix Labs,Gambit Digital
100000,73.04,Mandragora: Whispers of the Witch Tree,Primal Game Studio,Knights Peak
100000,89.51,The Legend of Heroes: Trails of Cold Steel II,Nihon Falcom,"XSEED Games, Marvelous USA Inc."
500000,81.64,King Arthur's Gold,Transhuman Design,Transhuman Design
200000,85.29,Edna & Harvey: Harvey's New Eyes,Daedalic Entertainment,Daedalic Entertainment
200000,85.12,GemCraft - Frostborn Wrath,Game in a Bottle,Game in a Bottle
200000,81.00,Final Fantasy IV (3D Remake),"Square Enix, DotEmu SAS.",Square Enix
200000,90.30,Space Pirate Trainer,I-Illusions,I-Illusions
200000,70.75,Disciples: Liberation,Frima Studio,Kalypso Media
200000,70.12,FortressCraft Evolved!,ProjectorGames,Digital Tribe
50000,87.53,Guacamelee! 2,Drinkbox Studios,"Drinkbox Studios, Kepler Ghost"
100000,64.96,The Great War: Western Front™,Petroglyph,Frontier Foundry
1000000,76.31,Creativerse,Playful Corp.,Playful Corp.
200000,78.91,Hard West 2,Ice Code Games,Good Shepherd Entertainment
20000,82.73,Furry Love 2,"빌리 헤링턴, Red Six Development",Red Six Publishing
100000,76.49,Dark Deception: Monsters & Mortals,Glowstick Entertainment,Glowstick Entertainment
2000000,59.02,Line of Sight,BlackSpot Entertainment,BlackSpot Entertainment
100000,90.96,Ancient Warfare 3,JNI Games,JNI Games
200000,85.59,Ys I & II Chronicles+,Nihon Falcom,XSEED Games
200000,81.97,The Last Flame,Hotloop,"Hotloop, Surefire.Games"
50000,88.75,近畿霊務局 - Kinki Spiritual Affairs Bureau,Noto Muteki,Noto Muteki
100000,88.77,Riven,Cyan Worlds Inc.,Cyan Worlds Inc.
100000,77.95,Audioshield,Dylan Fitterer,Dylan Fitterer
200000,83.26,DG2: Defense Grid 2,Hidden Path Entertainment,Hidden Path Entertainment
20000,79.88,Phoenotopia: Awakening,Cape Cosmic,"Cape Cosmic, Flyhigh Works"
200000,75.93,Carmageddon: Max Damage,Stainless Games Ltd,THQ Nordic
200000,81.44,Sunless Skies: Sovereign Edition,Failbetter Games,Failbetter Games
500000,63.25,Kane and Lynch: Dead Men™,IO Interactive,Square Enix
200000,79.86,Star Renegades,Massive Damage Inc.,Raw Fury
100000,74.44,Caribbean Legend,BlackMark Studio,"BlackMark Studio, Valkyrie Initiative"
100000,80.92,Gatekeeper,Gravity Lagoon,HypeTrain Digital
100000,70.88,DUCKSIDE,tinyBuild Riga,tinyBuild
20000,92.29,OFF,"Mortis Ghost, Fangamer",Fangamer
200000,71.26,Atlas Fallen: Reign Of Sand,Deck13,Focus Entertainment
100000,73.39,Carry The Glass,"Çağatay Demir, Enes Kaplan",SlugShot Games
100000,87.43,GINKA,Frontwing,"Frontwing USA, Bushiroad Inc."
200000,84.20,IL-2 Sturmovik: 1946,1C: Maddox Games,Fulqrum Publishing
100000,69.48,Distant Worlds 2,CodeForce,Slitherine Ltd.
100000,93.96,Sucker for Love: First Date,Akabaka,DreadXP
100000,71.36,Garten of Banban 3,Euphoric Brothers,Euphoric Brothers
100000,79.06,Angels Fall First,Strangely Interactive Ltd,Strangely Interactive Ltd
20000,82.71,Revenge of the Savage Planet,Raccoon Logic Studios Inc.,Raccoon Logic Studios Inc.
50000,93.25,UNDERDOGS,One Hamsa,One Hamsa
1000000,88.90,SpaceChem,Zachtronics,Zachtronics
100000,84.11,Feel The Snow,Owlet,Owlet
20000,91.67,Your Mom,Mom Game,Mom Game
50000,92.90,Crypt Custodian,Kyle Thompson,"Kyle Thompson, Top Hat Studios Inc., H2 Interactive Co. Ltd."
100000,68.55,Occupy Mars: The Game,▲ Pyramid Games,"▲ Pyramid Games, PlayWay S.A."
200000,84.25,Redeemer: Enhanced Edition,Sobaka Studio,ESDigital Games
200000,88.90,NORCO,Geography of Robots,Raw Fury
500000,82.36,Plebby Quest: The Crusades,PiedPipers Team,NEOWIZ
100000,84.97,Angry Video Game Nerd Adventures,FreakZone Games,Retroware
100000,81.16,DEAD OR SCHOOL,Studio Nanafushi,Studio Nanafushi
200000,66.42,Grey Goo,"Petroglyph, Six Foot","Six Foot, Grey Box"
500000,75.52,Wargame: European Escalation,Eugen Systems,Eugen Systems
100000,84.54,Echoes of the Plum Grove,Unwound Games,indie.io
200000,90.03,Ambrosia,Shimobashira Workshop,Kagura Games
200000,88.80,Sky Force Reloaded,Infinite Dreams,Infinite Dreams
500000,90.32,Kao the Kangaroo: Round 2 (2003 re-release),Tate Multimedia,Tate Multimedia
100000,88.69,Equilinox,ThinMatrix,ThinMatrix
20000,79.79,Demon Slayer -Kimetsu no Yaiba- The Hinokami Chronicles 2,CyberConnect2,SEGA
500000,86.24,Train Valley,"Alexey Davydov, Sergey Dvoynikov, Timofey Shargorodskiy, Flazm","Flazm, META Publishing"
1000000,75.38,Two Worlds Epic Edition,Reality Pump Studios,Topware Interactive
1000000,69.92,Satellite Reign,5 Lives Studios,5 Lives Studios
50000,77.19,FATAL FURY: City of the Wolves,SNK CORPORATION,SNK CORPORATION
20000,75.95,Lessaria: Fantasy Kingdom Sim,Rockbee Team,Polden Publishing
200000,73.97,Sacred 2 Gold,Studio II,THQ Nordic
100000,88.02,Miss Neko 2,Double W,Toffee Cafe
50000,81.35,My Name is Mayo,Green Lava Studios,Green Lava Studios
100000,71.72,I Am Fish,Bossa Studios,Curve Games
20000,86.97,Mall Simulator,F13 Games,F13 Games
200000,79.71,Paper Dolls 2 纸人贰,Beijing Litchi Culture Media Co. Ltd.,Beijing Litchi Culture Media Co. Ltd.
200000,67.96,Red Solstice 2: Survivors,Ironward,505 Games
50000,77.77,Oriental Empires,Shining Pixel Studios,Iceberg Interactive
500000,69.22,Sid Meier's Railroads!,"Firaxis Games, Feral Interactive (Mac)","2K, Feral Interactive"
100000,64.42,Automation Empire,DOG HOGGLER,DOG HOGGLER
200000,84.82,Crazy Flasher Series 2021,Andy Law,Andy Law
50000,91.93,Flowers Blooming at the End of Summer,MidnightWorks,PsychoFlux Entertainment
200000,83.13,ScourgeBringer,"Flying Oak Games, E-Studio",Dear Villagers
5000000,89.45,Guacamelee! Super Turbo Championship Edition,Drinkbox Studios,"Drinkbox Studios, Kepler Ghost"
100000,81.31,The Coma: Recut,Dvora Studio Co. Ltd.,Headup
20000,80.08,Car Service Together,V12 Studio,V12 Studio
500000,84.87,Suicide Guy,Fabio Ferrara,Chubby Pixel
100000,90.83,Mosaique Neko Waifus 2,Lil Hentai Games,Lil Hentai Games
100000,84.83,Iris.Fall,NEXT Studios,NEXT Studios
1000000,71.03,Red Faction®: Armageddon™,Volition,Deep Silver
200000,75.56,Need for Speed: Shift,Slightly Mad Studios,Electronic Arts
100000,76.77,The Banner Saga 3,Stoic,Stoic Studio
100000,92.41,inbento,Afterburn,Afterburn
100000,90.55,Sol Cesto,"Tambouille, Géraud Zucchini, Chariospirale","Goblinz Publishing, Maple Whispering Limited"
500000,66.58,Hired Ops,Absolut Soft LLC,Absolut Soft LLC
20000,83.73,Roadside Research,Cybernetic Walrus,Oro Interactive
1000000,83.11,The Ship: Murder Party,Outerlight Ltd.,Blazing Griffin
100000,66.43,THE HOUSE OF THE DEAD: Remake,MegaPixel Studio S. A.,Forever Entertainment S. A.
200000,94.04,CATO: Buttered Cat,Team Woll,GCORES PUBLISHING
100000,89.35,Zup! Zero,Quiet River,Quiet River
200000,70.38,Dark Deity,Sword & Axe LLC,indie.io
200000,87.17,Home Safety Hotline,Night Signal Entertainment,Night Signal Entertainment
100000,82.04,The Plucky Squire,All Possible Futures,Devolver Digital
20000,87.89,Eclipsium,Housefire,CRITICAL REFLEX
50000,74.29,Trainz Railroad Simulator 2019,N3V Games,N3V Games
50000,91.35,Endling - Extinction is Forever,Herobeat Studios,HandyGames
20000,74.37,Yogurt!,"430Games, __Ja__ga__imo__",430Games
200000,87.99,Arise: A Simple Story,Piccolo Studio,Untold Tales
200000,70.97,Hellpoint,Cradle Games,tinyBuild
200000,79.95,Phantom Breaker: Battle Grounds Classic,MAGES. Inc.,Rocket Panda Games
200000,52.81,VERGE:Lost chapter,GDNomaD,GDNomaD
500000,81.43,McPixel,Sos Sosowski,Sos Sosowski
200000,87.99,Hyperdimension Neptunia U: Action Unleashed,"Idea Factory, Compile Heart, Tamsoft",Idea Factory International
20000,89.59,MyVoiceZoo,TRUSO,TRUSO
200000,86.54,Ratz Instagib,Lino Slahuschek,Rarebyte
200000,83.26,Twilight Struggle,Playdek Inc.,Playdek Inc.
20000,84.97,Wrap House Simulator🌯,Broken Lyre Entertainment,PlayWay S.A.
200000,79.63,Shank 2,Klei Entertainment,Klei Entertainment
200000,84.75,Time Wasters,Proton Studio,Proton Studio
200000,84.51,Dreamscaper,Afterburner Studios,"indie.io, Maple Whispering Limited"
100000,76.76,New Cycle,Core Engage,Daedalic Entertainment
200000,91.16,Vertigo 2,Zach Tsiakalis-Brown,Zulubo Productions
20000,88.80,Star Birds,Toukana Interactive,"Toukana Interactive, kurzgesagt - in a nutshell"
100000,68.20,The Park®,Funcom,Funcom
200000,80.82,Yet Another Zombie Defense HD,Awesome Games Studio,Awesome Games Studio
50000,89.42,Скуф на рыбалке,KickedMesh,KickedMesh
200000,69.70,Farm Manager 2018,Cleversan Games,"PlayWay S.A., Sim Farm S.A."
20000,87.37,CHANGE: A Homeless Survival Experience,Delve Interactive,Delve Interactive
1000000,65.52,Tails Noir,Eggnut,Raw Fury
100000,76.90,Martha Is Dead,LKA,Wired Productions
500000,81.91,Cyberhunt,NukGames,NukGames
200000,87.77,Fight'N Rage,sebagamesdev,sebagamesdev
100000,82.01,Dream Date,ADOG,ADOG
100000,88.22,Die in the Dungeon,ATICO,"HypeTrain Digital, Sidekick Publishing"
100000,91.18,Dungeon Alchemist,Briganti,Briganti
20000,89.12,Whiskerwood,Minakata Dynamics,Hooded Horse
20000,84.20,Deadly Days: Roadtrip,Pixelsplit,Sidekick Publishing
100000,81.36,Gym Simulator 24,Red Axe Games,Red Axe Games
2000000,89.15,POSTAL,Running With Scissors,Running With Scissors
200000,74.42,Lifeless Planet Premier Edition,Serenity Forge,Serenity Forge
200000,87.38,RollerCoaster Tycoon® Classic,Origin8 Technologies Ltd.,Atari
5000000,78.11,Deceit,World Makers,World Makers
200000,50.00,Pagan: Absent Gods,Mad Head Games,Mad Head Games
200000,82.74,"Planes, Bullets and Vodka",NukGames,NukGames
100000,74.53,The Outer Worlds: Spacer's Choice Edition,"Obsidian Entertainment, Virtuos Games",Private Division
100000,76.75,SuperPower 2 Steam Edition,GolemLabs,THQ Nordic
200000,80.67,Little Big Workshop,Mirage Game Studios,HandyGames
200000,87.13,THE KING OF FIGHTERS '98 ULTIMATE MATCH FINAL EDITION,"SNK CORPORATION, Code Mystics",SNK CORPORATION
200000,82.76,Caravan SandWitch,Studio Plane Toast,Dear Villagers
200000,86.30,Vanishing Realms™,Indimo Labs LLC,Indimo Labs LLC
200000,74.44,Fishing: North Atlantic - Enhanced Edition,Misc Games,Misc Games
100000,83.82,Platform 8,KOTAKE CREATE,PLAYISM
100000,86.29,Electronic Super Joy,Michael Todd Games,2&30 Software
200000,87.79,Stray Gods: The Roleplaying Musical,Summerfall Studios,Balor Games
200000,88.64,Vault of the Void,Spider Nest Games,Spider Nest Games
100000,91.68,Charlie Murder,Ska Studios,Ska Studios
100000,81.54,恋爱关系/Romance,AFOG,AFOG
200000,80.54,The Mageseeker: A League of Legends Story™,Digital Sun,Riot Forge
100000,87.96,Fears to Fathom - Carson House,Rayll,Rayll
100000,91.03,dotAGE,Michele Pirovano,Michele Pirovano
100000,83.58,"Warhammer 40,000: Shootas, Blood & Teef",Rogueside,Rogueside
200000,91.15,The Jackbox Party Pack 4,Jackbox Games Inc.,Jackbox Games Inc.
50000,90.53,Maltese's Fluffy Onsen,"Sinkhole Studio, Moonlab Studio","Sinkhole Studio, Paleo, XD"
200000,77.07,The Solus Project,"Hourences, Grip Games",Teotl Studios
100000,65.24,Act of Aggression - Reboot Edition,Eugen Systems,Eugen Systems
100000,85.75,Hoa,Skrollcat Studio,"PM Studios Inc., CE-Asia"
100000,92.85,Will You Snail?,Jonas Tyroller,"Jonas Tyroller, FondGame"
100000,86.86,30XX,Batterystaple Games,Batterystaple Games
100000,65.10,Tourist Bus Simulator,"TML-Studios, PEDEPE",Aerosoft GmbH
100000,76.03,Asterigos: Curse of the Stars,Acme Gamestudio,tinyBuild
50000,83.53,Lorn's Lure,Rubeki Games,Rubeki Games
50000,75.99,Made in Abyss: Binary Star Falling into Darkness,Chime Corporation,Spike Chunsoft Co. Ltd. 
100000,76.90,侠客风云传前传(Tale of Wuxia:The Pre-Sequel),Heluo Studio,Phoenix Game
100000,86.02,Nova Lands,BEHEMUTT,HypeTrain Digital
50000,85.06,LOLLIPOP CHAINSAW RePOP,DRAGAMI GAMES Ltd.,DRAGAMI GAMES Ltd.
200000,89.70,Infested Planet,Rocket Bear Games,Rocket Bear Games
50000,43.21,Wars and Roses,Blaze Worlds,Blaze Worlds
100000,86.38,"Haiku, the Robot",Mister Morris Games,Mister Morris Games
200000,81.98,Peripeteia,Ninth Exodus,Ninth Exodus
100000,85.86,The Last Stand Legacy Collection,Con Artist Games,Armor Games Studios
200000,75.58,秦殇 (Prince of Qin),北京目标在线科技有限公司,北京目标在线科技有限公司
100000,83.65,"Dude, Stop",Team HalfBeard,Team HalfBeard
200000,81.62,GRANDIA II HD Remaster,"GAME ARTS Co. Ltd., Sickhead Games, LLC",GungHo Online Entertainment America Inc.
50000,83.29,Recycling Center Simulator,Balas Games,PlayWay S.A.
50000,83.65,A Legionary's Life,Alessandro Roberti,Alessandro Roberti
100000,77.94,Praey for the Gods,No Matter Studios,No Matter Studios
20000,93.44,Grimshire,Acute Owl Studio,Acute Owl Studio
100000,38.98,Redfall,Arkane Austin,Bethesda Softworks
50000,91.22,My Friendly Neighborhood,"John Szymanski, Evan Szymanski",DreadXP
20000,91.02,Umineko When They Cry - Question Arcs,07th Expansion,MangaGamer
200000,80.36,Mashinky,Jan Zelený,Jan Zelený
100000,89.80,Zup! 6,Quiet River,Quiet River
100000,76.27,ONE PIECE ODYSSEY,ILCA Inc.,Bandai Namco Entertainment Inc.
200000,81.51,Kopanito All-Stars Soccer,Merixgames,Merixgames
50000,82.82,Folie Fatale,Kanmidoko (神海処),346lab Localization
200000,88.19,Alien Shooter 2: Reloaded,Sigma Team Inc.,Sigma Team Inc.
100000,90.02,Tormentum - Dark Sorrow,OhNoo Studio,OhNoo Studio
50000,92.75,Cornerpond,foolsroom,foolsroom
50000,47.46,武侠乂 The Swordsmen X,上海杜昂网络科技有限公司,方块游戏(CubeGame)
100000,69.26,Indivisible,Lab Zero Games,505 Games
200000,86.82,Chaos on Deponia,Daedalic Entertainment,Daedalic Entertainment
20000,90.21,City Lights Love Bites Season 0 [Pilot Season],NaughtyOba,NaughtyOba Studio
500000,89.69,Cyber Knights: Flashpoint,Trese Brothers,Trese Brothers
50000,92.35,TouHou Makuka Sai ~ Fantastic Danmaku Festival Part II,东方幕华祭制作组,东方幕华祭制作组
50000,93.15,Garden Galaxy,Anneka Tran,Anneka Tran
100000,90.68,Slap City,Ludosity,Ludosity
5000000,72.41,Robocraft,Freejam,Freejam
50000,77.88,恋爱单选题,无忧传媒,"无忧传媒, 指间宇宙"
20000,81.50,Nice Day for Fishing,FusionPlay,Team17
5000000,80.28,Deathmatch Classic,Valve,Valve
200000,75.92,Warriors of the Nile,Stove Studio,Gamirror Games
50000,76.34,Hentai Killer,PlatSTUDIO,"PlatSTUDIO, AFBIK Studio"
200000,73.03,Mars: War Logs,Spiders,Focus Entertainment
100000,72.09,Among Us 3D: VR,"Schell Games, Innersloth, Robot Teddy",Innersloth
50000,94.39,The Upturned,Zeekerss,Zeekerss
500000,78.13,Viscera Cleanup Detail: Shadow Warrior,RuneStorm,Devolver Digital
100000,78.11,Seek Girl Ⅱ,DSGame,DSGame
20000,81.20,Emissary Zero,Rone Vine,Rone Vine
100000,86.34,Conquest Dark,Eldritch Sword Games,Mad Mushroom
20000,93.51,NUKITASHI 2,Qruppo,Shiravune
200000,84.70,Organ Trail: Director's Cut,The Men Who Wear Many Hats,The Men Who Wear Many Hats
100000,85.00,Monster Boy and the Cursed Kingdom,Game Atelier,FDG Entertainment
50000,89.17,SENRAN KAGURA Burst Re:Newal,Tamsoft,"XSEED Games, Marvelous USA Inc., Marvelous"
100000,28.71,Towns,"Xavi Canal, Ben Palgi",SMP
50000,56.44,Out of Reach,Space Boat Studios,Space Boat Studios
100000,92.55,Coffee Talk Episode 2: Hibiscus & Butterfly,Toge Productions,Toge Productions
200000,86.60,Trine 5: A Clockwork Conspiracy,Frozenbyte,THQ Nordic
100000,88.82,I hate this game,Pixel Error,Pixel Error
500000,49.36,Chinese Paladin：Sword and Fairy,SOFTSTAR TECHNOLOGY(BEIJING),"SOFTSTAR TECHNOLOGY(BEIJING), SOFTSTAR ENTERTAINMENT"
50000,82.07,Chushpan Simulator,Sebasa Games,Sebasa Games
500000,77.39,Fishing: Barents Sea,Misc Games,Misc Games
200000,85.24,"STAR WARS™ Dark Forces (Classic, 1995)",LucasArts,"LucasArts, Lucasfilm, Disney"
100000,80.82,Hard Truck Apocalypse / Ex Machina,Targem Games,ESDigital Games
200000,84.97,Army of Ruin,Milkstone Studios,Milkstone Studios
200000,83.32,Crazy Taxi,SEGA,SEGA
200000,87.04,BlazBlue: Chronophantasma Extend,Arc System Works,H2 Interactive Co. Ltd.
200000,92.40,Slice & Dice,Tann,Tann
200000,88.21,Crystal Project,Andrew Willman,Andrew Willman
20000,89.63,Parcel Simulator,Dansan Digital,Dansan Digital
200000,66.82,Secret of Mana,Square Enix,Square Enix
100000,79.27,"Dwarves: Glory, Death and Loot",Hamma Studios,"Sidekick Publishing, Gamersky Games"
200000,87.90,No Time to Relax,Porcelain Fortress,Porcelain Fortress
2000000,65.68,Minimalism,PixelMouse,PixelMouse
50000,68.91,Among Us 3D,"Schell Games, Innersloth",Innersloth
50000,87.94,Click Mage,Tiny Crow Games,Tiny Crow Games
100000,91.75,Love Delivery,Cometsoft Inc.,Smilegate
200000,64.40,Lost Planet® 2,CAPCOM CO. Ltd.,Capcom
500000,82.87,Red Faction,Volition,Deep Silver
100000,76.87,Cricket 24,Big Ant Studios,Nacon
500000,82.55,Commandos 2: Men of Courage,Pyro Studios,Kalypso Media Digital
200000,77.70,Ultimate General: Gettysburg,Game-Labs,Game-Labs
100000,77.54,Cockroach Simulator,HFM Games,HFM Games
200000,59.96,Ascension,Element Game 微元游戏,噪点游戏 SERICA GAMES
100000,88.67,fault - milestone one,ALICE IN DISSONANCE,ALICE IN DISSONANCE
20000,89.03,The Midnight Walk,MoonHood,Fast Travel Games
20000,88.74,Steps of Debauchery,FooxiedGames,FooxiedGames
500000,69.31,Bus Simulator 16,stillalive studios,astragon Entertainment
20000,85.83,Winter Burrow,Pine Creek Games,Noodlecake
50000,84.49,Urtuk: The Desolation,David Kaleta,David Kaleta
200000,63.02,RAID: World War II,Lion game Lion,Starbreeze Entertainment
50000,90.44,Shady Part of Me,Douze Dixièmes,Focus Entertainment
50000,84.22,Delver,"Chad Cuddigan, Joshua Skelton",Priority Interrupt
100000,89.31,The Count Lucanor,Baroque Decay,Neon Doctrine
200000,75.63,Party Hard 2,"Pinokl Games, Kverta, Hologryph",tinyBuild
100000,89.54,Snakeybus,"Stovetop, LLC","Stovetop, LLC"
100000,77.89,Seasons after Fall,Swing Swing Submarine,Focus Entertainment
20000,69.93,BOOBS SAGA: Prepare To Hentai Edition,"Evil Boobs Cult, firstgamemarket",Evil Boobs Cult
20000,92.27,Promise Mascot Agency,Kaizen Game Works,Kaizen Game Works
200000,84.59,SpellForce - Platinum Edition,Phenomic,THQ Nordic
20000,82.87,Ratatan,"TVT Co. Ltd., Ratata Arts",Game Source Entertainment
20000,78.98,Everwind,Enjoy Studio S.A.,Bohemia Interactive
50000,85.32,Sabbat of the Witch,YUZUSOFT,NekoNyan Ltd.
20000,89.76,The Gardens Between,The Voxel Agents,The Voxel Agents
50000,84.78,Wavetale,Thunderful Development,Thunderful Publishing
200000,92.75,Songs for a Hero - Definitive Edition,"Dumativa, Castro Brothers","Dumativa, CriticalLeap"
200000,83.22,Samorost 2,Amanita Design,Amanita Design
100000,84.35,Chef RPG,World 2 Studio,World 2 Studio
50000,88.34,Mister Furry: Hot Muscles,"Red Six Development, Male Union","Red Six Publishing, Dungeon Master"
100000,89.86,The Bridge Curse 2: The Extrication,SOFTSTAR ENTERTAINMENT,"PQube, Gamirror Games"
100000,83.23,Creepy Tale,Creepy Brothers,Creepy Brothers
100000,65.93,Shift 2 Unleashed,Slightly Mad Studios,Electronic Arts
20000,90.99,Project Arrhythmia,Vitamin Games,Kwalee
200000,80.08,HARDCORE MECHA,RocketPunch Games,"RocketPunch Games, Lightning Games"
200000,91.63,Rolling Line,Gaugepunk Games,Gaugepunk Games
20000,93.76,Mirage Feathers,oyasumi Workshop,oyasumi Workshop
100000,90.09,LOVE³ -Love Cube-,NEKO WORK H,"NEKO WORKs, FAKKU"
100000,71.55,Cubic Odyssey,Atypical Games,Gaijin Network Ltd
200000,83.84,Knights of Pen and Paper 2,Kyy Games,Paradox Interactive
100000,77.25,Ostranauts,Blue Bottle Games,Kitfox Games
200000,72.93,Dear Esther: Landmark Edition,"The Chinese Room, Robert Briscoe",Secret Mode
200000,79.83,Another Brick in The Mall,The Quadsphere,The Quadsphere
20000,92.93,Duck Detective: The Ghost of Glamping,Happy Broccoli Games,Happy Broccoli Games
50000,85.30,Wanba Warriors,Wanba Studio,"Wanba Studio, Wave Games"
20000,88.81,NINJA GAIDEN: Ragebound,The Game Kitchen,"Dotemu, Joystick"
500000,53.99,Swag and Sorcery,"Lazy Bear Games, Uroboros Games",tinyBuild
100000,69.01,Lumberjack's Dynasty,UMEO Studios,Toplitz Productions
50000,92.25,Galaxy Burger,Galactic Workshop,Galactic Workshop
100000,86.56,Blade of Darkness,"Rebel Act Studios, Fire Falcom, General Arcade",SNEG
100000,85.91,The Greatest Penguin Heist of All Time,"That Fish, That Other Fish","That Fish, That Other Fish"
100000,73.18,Home Design 3D,"Anuman Interactive / Microids, Koalabs",Anuman Interactive / Microids
200000,79.08,Airscape - The Fall of Gravity,Cross-Product,Senpai Studios
500000,78.00,Thief: Deadly Shadows,Ion Storm,Eidos Interactive Corp.
200000,79.18,I Am Legion: Stand Survivors,JA Game Studio,Gamersky Games
200000,90.95,The Jackbox Party Pack 6,Jackbox Games Inc.,Jackbox Games Inc.
200000,84.57,Dungeons 4,Realmforge Studios,Kalypso Media
20000,88.80,The Citadel,"doekuramori, Top Hat Studios Inc","doekuramori, Top Hat Studios Inc"
20000,81.77,A Few Quick Matches,Studio Bidou,Studio Bidou
100000,87.44,Mosaique Neko Waifus,Lil Hentai Games,Lil Hentai Games
20000,54.40,S.T.A.L.K.E.R.: Clear Sky - Enhanced Edition,GSC Game World,GSC Game World
20000,91.60,Cattails | Become a Cat!,Falcon Development,Falcon Development
100000,66.61,Ships At Sea,Misc Games,Misc Games
50000,89.50,"Peace, Death!",AZAMATIKA,AZAMATIKA
200000,82.72,大千世界,滑稽工作室,滑稽工作室
20000,88.63,Wonderful Everyday Down the Rabbit-Hole,KeroQ,Frontwing USA
100000,89.62,12 Labours of Hercules,"Jetdogs Studios, Zoom Out Games",Jetdogs Studios
200000,87.81,Renowned Explorers: International Society,Abbey Games,Abbey Games
200000,86.95,Dreaming Sarah,"Asteristic Game Studio, Anthony Septim",Asteristic Game Studio
100000,80.90,Blacksmith Master,Untitled Studio,Hooded Horse
50000,85.00,Farmer's Life,FreeMind S.A.,"PlayWay S.A., FreeMind S.A."
100000,84.98,Nihilumbra,BeautiFun Games,BeautiFun Games
100000,82.86,Ballionaire,newobject,Raw Fury
50000,88.84,1 to 1 humanoid edible toys,"汉谟拉比炒面, 我的屁是香哒",无
200000,80.74,Valdis Story: Abyssal City,Endlessfluff Games,Endlessfluff Games
50000,82.23,Soulash 2,Artur Smiarowski,Artur Smiarowski
20000,67.38,Subliminal,Accidental Studios,"Gone Shootin, Infini Fun"
500000,76.07,Fallout Tactics: Brotherhood of Steel,14° East,Bethesda Softworks
200000,86.42,Mining Mechs,Delayed Victory,Delayed Victory
20000,86.58,GONE Fishing,GONE Studios,GONE Studios
1000000,79.58,Dungeons 2,Realmforge Studios,Kalypso Media Digital
100000,81.29,Welcome to the Game,Reflect Studios,Reflect Studios
50000,82.48,Hentai Crush,Mature Games,Mature Games
200000,85.38,Rail Route,Bitrich.info,Bitrich.info
200000,76.48,Banners of Ruin,MonteBearo,"Goblinz Publishing, Maple Whispering Limited"
200000,69.80,Battlestations Pacific,Eidos Studio Hungary,Square Enix
1000000,85.60,Supreme Commander,Gas Powered Games,Square Enix
100000,91.22,Misao - 2024 HD Remaster,sen,PLAYISM
50000,91.80,Doom & Destiny,Heartbit Interactive,Heartbit Interactive
20000,81.50,Secret Pie (Adult Version),Momentum Games,Momentum Games
200000,87.38,GUILTY GEAR Xrd -SIGN-,Arc System Works,Arc System Works
20000,84.65,Kiosk,Vivi,Vivi
50000,86.25,Starcom: Nexus,"Wx3 Labs, LLC","Wx3 Labs, LLC"
200000,83.40,Agrou,Osmose Studio,Wankil Studio
100000,87.11,City Bus Manager,PeDePe GbR,Aerosoft GmbH
20000,85.28,Succubus Cafe,MIGI STUDIO,"Hide Games, MIGI STUDIO"
1000000,77.63,ARMA: Cold War Assault,Bohemia Interactive,Bohemia Interactive
100000,82.64,Prison Simulator,Baked Games,Baked Games
200000,80.89,Barro F,SC Jogos,SC Jogos
200000,76.26,Farm Manager 2021,Cleversan Games,"PlayWay S.A., Sim Farm S.A."
200000,84.19,Ben and Ed - Blood Party,Sluggerfly,Sluggerfly
200000,79.85,Tower of Time,Event Horizon,Event Horizon
200000,85.98,Kung Fury: Street Rage - Ultimate Edition,Hello There Games,Hello There Games
200000,46.82,Agony,Madmind Studio,Playway S.A.
200000,84.82,Treasure Hunter Claire,Acerola,Kagura Games
100000,84.24,妄想症：Deliver Me,属音制作组,SakuraGame
100000,91.33,Unavowed,Wadjet Eye Games,Wadjet Eye Games
100000,75.83,G2 Fighter / 基因特工,一寸光年G2工作室,FUNBOX GAMES
100000,78.16,Songs of Silence,Chimera Entertainment,"Chimera Entertainment, H2 Interactive (Korea and Japan)"
100000,66.35,The Technomancer,Spiders,Focus Entertainment
100000,84.70,Witch Hunt,Gua,Gua
200000,88.85,Robot Roller-Derby Disco Dodgeball,Erik Asmussen,Erik Asmussen
20000,86.19,Train Valley 2,"Alexey Davydov, Sergey Dvoynikov, Timofey Shargorodskiy, Flazm","Flazm, META Publishing"
100000,90.14,人间 The Lost We Lost,白露社,PeriScope Game
200000,93.48,Neighbours from Hell Compilation,JoWooD Vienna,HandyGames
20000,88.19,Cozy Island,LazyFish Studio,LazyFish Studio
20000,72.92,Grand Tactician: The Civil War (1861-1865),Grand Engineer Corps,Grand Engineer Corps
100000,86.73,Duskers,Misfits Attic,Misfits Attic
100000,90.56,Hexcells Plus,Matthew Brown,Matthew Brown
200000,89.75,UnMetal,@unepic_fran,"Versus Evil, tinyBuild"
200000,76.96,White Noise 2,Milkstone Studios,Milkstone Studios
50000,82.11,DEATH NOTE Killer Within,Grounding Inc.,Bandai Namco Entertainment Inc.
50000,90.51,Castlevania Dominus Collection,KONAMI,KONAMI
100000,64.17,Soul Hackers 2,ATLUS,SEGA
20000,73.96,Solasta II,Tactical Adventures,"Tactical Adventures, Kepler Interactive"
200000,77.25,Hextech Mayhem: A League of Legends Story™,Choice Provisions,Riot Forge
50000,73.68,Medieval Kingdom Wars,Reverie World Studios,indie.io
100000,76.37,Temtem: Swarm,"Crema, GGTech Studios",Crema
50000,91.59,Wylde Flowers,Studio Drydock Pty Ltd,Studio Drydock Pty Ltd
20000,92.54,Skate Story,by Sam Eng,Devolver Digital
20000,76.87,SOS OPS!,ArtDock,Dreland Enterprises
100000,89.85,Metel - Horror Escape,Linked Squad,Linked Squad
100000,91.62,pureya,Majorariatto,Majorariatto
200000,89.62,FRAMED Collection,Loveshack Entertainment,Fellow Traveller
20000,88.57,Millennium Dream,LucidDreamLab,LucidDreamLab
1000000,86.94,Turbo Pug,"Space Cat Studios, SnowFlame, Back To Basics Gaming",Back To Basics Gaming
200000,84.08,Stronghold Legends: Steam Edition,Firefly Studios,Firefly Studios
200000,61.87,Frozen Flame,Dreamside Interactive,"Ravenage Games, 2P Games"
20000,78.80,Pathologic 3,Ice-Pick Lodge,HypeTrain Digital
20000,79.20,FreshWomen - Season 2,Pantsu Interactive,OppaiMan Studios
50000,94.62,Aventura Copilului Albastru și Urât,Codrin Bradea,Codrin Bradea
200000,72.18,Rick and Morty: Virtual Rick-ality,Owlchemy Labs,Adult Swim Games
500000,87.11,Space Pirates and Zombies,MinMax Games Ltd.,MinMax Games Ltd.
20000,54.25,NORSE: Oath of Blood,Arctic Hazard,Tripwire Presents
20000,94.76,A Tower Full of Cats,Devcats,Devcats
500000,68.50,Gods Will Be Watching,Deconstructeam,Devolver Digital
20000,89.00,再见断刀,非侠游戏,LoveStoryProject
500000,82.54,Oddworld: Abe's Oddysee®,Oddworld Inhabitants,Oddworld Inhabitants
500000,54.88,ArcaniA,Spellbound,THQ Nordic
100000,71.75,Vampire: The Masquerade - Coteries of New York,Draw Distance,Dear Villagers
50000,93.42,Epiphyllum in Love,#workshop,NVLMaker
20000,73.40,R.I.P. - Reincarnation Insurance Program,WarmCore Studio,2P Games
100000,91.06,Zup! 7,Quiet River,Quiet River
200000,84.47,Artisan TD,4rtisans,Unexpected
50000,86.70,S4U: CITYPUNK 2011 AND LOVE PUNCH,U0U Games,GCORES PUBLISHING
50000,79.36,Astro Colony,Terad Games,Terad Games
200000,67.00,Souldiers,Retro Forge,Dear Villagers
100000,73.24,彷徨之街 The Street of Adrift,Caramel-Mocha Studio,LoveStoryProject
200000,81.05,Battle Ram,Runic Rise Games,Runic Rise Games
200000,90.53,BallisticNG,Neognosis,Neognosis
200000,84.94,Nation Red,DiezelPower,DiezelPower
200000,85.76,Pool Nation,Cherry Pop Games,Cherry Pop Games
200000,88.73,Slipways,Beetlewing,Beetlewing
100000,86.82,Glyphica: Typing Survival,aliasBLACK,"aliasBLACK, Squeaky Wheel"
200000,88.37,The Excavation of Hob's Barrow,Cloak and Dagger Games,Wadjet Eye Games
200000,84.09,Mini Healer,Sad Doge,Sad Doge
200000,59.14,Han Xiongnu Wars,Shangshi Studio,Shangshi Studio
2000000,75.38,Jotun: Valhalla Edition,Thunder Lotus,Thunder Lotus
200000,69.86,WRC 10 FIA World Rally Championship,KT Racing,Nacon
200000,66.04,StarMade,Schine GmbH,Schine GmbH
200000,78.90,我来自江湖 From Jianghu,Gamexel Studio,INDIECN
100000,87.46,The Legend of Heroes: Trails of Cold Steel IV,"Nihon Falcom, Engine Software BV, PH3 GmbH",NIS America Inc.
100000,75.67,Destroy All Humans! 2 - Reprobed,Black Forest Games,THQ Nordic
50000,68.38,Mirthwood,Bad Ridge Games,V Publishing
100000,56.40,HELLGATE: London,T3Entertainment,HanbitSoft Inc.
100000,85.51,Marc Eckō's Getting Up: Contents Under Pressure,"The Collective, General Arcade",Devolver Digital
200000,87.98,Panzer Corps Gold,"Flashback Games, The Lordz Games Studio",Slitherine Ltd.
20000,86.18,Immortal Redneck,Crema,Crema
100000,74.45,The Blackout Club,Question,Question
100000,74.81,Hotel Renovator,Two Horizons,Focus Entertainment
100000,83.60,Soul Gambler,Ilex Games,Gamestorming
50000,92.11,a new life.,Angela He,Angela He
5000000,53.79,Infestation: The New Z,Fredaikis AB,OP Productions LLC
200000,89.13,Rampage Knights,Rake in Grass,Rake in Grass
200000,80.64,"I, Zombie",Awesome Games Studio,Awesome Games Studio
100000,84.28,Absolute Drift,"Funselektor Labs Inc., FlippFly",Funselektor Labs Inc.
20000,77.57,Monsters are Coming! Rock & Road,Ludogram,Raw Fury
200000,70.24,THE GAME OF LIFE,Marmalade Game Studio Ltd,Marmalade Game Studio Ltd
200000,82.35,Circuit Superstars,Original Fire Games,Original Fire Games
50000,78.45,Digimon World: Next Order,HYDE Inc.,Bandai Namco Entertainment
200000,63.94,Beholder 3,Paintbucket Games,Alawar
20000,87.42,VOID/BREAKER,Stubby Games,Playstack
20000,92.08,CARIMARA: Beneath the forlorn limbs,Bastinus Rex,CRITICAL REFLEX
20000,87.60,Aethermancer,moi rai games,offbrand games
500000,28.92,Sacred 3,Keen Games,THQ Nordic
200000,89.56,The Jackbox Party Pack 5,Jackbox Games Inc.,Jackbox Games Inc.
20000,81.76,Whisper Mountain Outbreak,Toge Productions,Toge Productions
100000,74.96,Moons of Madness,Rock Pocket Games,Funcom
200000,91.01,Shipwrecked 64,"Squeaks D'Corgeh, Cogware Games",Cogware Games
50000,91.37,Last Command,"No Stuck Game Studio, CreSpirit","CreSpirit, No Stuck Game Studio"
20000,79.18,Sex with Stalin,Mova Games,Mova Game Publising
20000,90.08,Hamster Hunter,Hamuno,Hamuno
100000,89.82,Dungeons of Hinterberg,Microbird Games,Curve Games
200000,91.29,Wandersong,"Wishes Ultd., Greg Lobanov, A Shell in the Pit",Greg Lobanov
100000,77.08,House Builder,FreeMind S.A.,"PlayWay S.A., FreeMind S.A."
200000,77.22,Survivalist,Bob,Ginormocorp Incorporated
100000,92.51,Miracle Snack Shop,TALESSHOP Co. Ltd.,"TALESSHOP Co. Ltd., Smilegate"
50000,85.46,The Complex: Expedition,pgWave,pgWave
20000,68.49,TOKYO GHOUL:re [CALL to EXIST],Three Rings Inc.,BANDAI NAMCO Entertainment
20000,84.47,Dolls Nest,NITRO PLUS,NITRO PLUS
20000,68.86,The Sims™ Legacy Collection,MAXIS,Electronic Arts
200000,85.95,Aces & Adventures,Triple.B.Titles,Yogscast Games
50000,83.53,PANELKI,"Alexander Gromyko, GG KEY STUDIOS","Alexander Gromyko, GG KEY STUDIOS"
100000,79.00,Touhou Danmaku Kagura Phantasia Lost,"Alliance Arts, UnknownX",Alliance Arts
50000,71.99,Everhood 2,"Chris Nordgren, Jordi Roca",Foreign Gnomes
200000,88.26,Savant - Ascent,D-Pad Studio,D-Pad Studio
100000,90.37,Ikaruga,TREASURE,TREASURE
100000,85.38,While We Wait Here,Bad Vices Games,Bad Vices Games
200000,65.30,Fort Solis,"Fallen Leaf, Black Drakkar Games",Dear Villagers
200000,91.51,Life Goes On: Done to Death,Infinite Monkeys Entertainment Ltd.,"k-Critical, Infinite Monkeys Entertainment Ltd."
100000,74.56,9 Years of Shadows,Halberd Studios,indie.io
20000,90.24,Aeruta,FromDawn Games,GRAVITY GAME ARISE Co. Ltd.
200000,90.35,I Expect You To Die,Schell Games,Schell Games
200000,88.55,Knights of Honor,Black Sea Studios Ltd,Paradox Interactive
50000,88.34,Dusk Pub - Adult Only,YellowDuckWorks,YellowDuckWorks
200000,55.68,Legendary,Spark Unlimited,SouthPeak Games
200000,65.69,FatalZone,Midhard Games,101XP
200000,66.06,HellSign,Ballistic Interactive,Ballistic Interactive
200000,85.47,XIII - Classic,Ubisoft Paris Studio,Microids
200000,62.68,武林志（Wushu Chronicles）,JiangHu Studio,Snail Games
50000,86.46,NavalArt,Rigidbody,RZ Entertainment
100000,79.75,Not Tonight,PanicBarn,No More Robots
100000,85.70,NIMBY Rails,Weird and Wry,Weird and Wry
50000,82.96,Purple Place - Classic Games,Sam Cohle,Sam Cohle
200000,85.72,"Cook, Serve, Delicious! 2!!",Vertigo Gaming Inc.,Vertigo Gaming Inc.
50000,72.73,A Quiet Place: The Road Ahead,Stormind Games,Saber Interactive
200000,83.64,Haunt the House: Terrortown,SFB Games,SFB Games
200000,90.15,100 hidden cats,"Anatoliy Loginovskikh, Аlexandr Telminov",Anatoliy Loginovskikh
200000,76.80,Neo Cab,Chance Agency,Fellow Traveller
100000,82.68,ELDERBORN,Hyperstrange,Hyperstrange
200000,90.22,LIZARDS MUST DIE 2,"the Bratans, Smola Game Studio",Smola Game Studio
50000,89.59,Zombieville USA 3D,Mika Mobile Inc.,Mika Mobile Inc.
200000,90.28,TYRONE vs COPS,Team SNEED,Team SNEED
20000,81.54,Artis Impact,Mas,Feuxon
100000,84.52,Cat Cafe Manager,Roost Games,indie.io
50000,90.74,Rocket Rats,Gagonfe,Gagonfe
100000,88.20,Little Noah: Scion of Paradise,"Cygames Inc., Grounding Inc.",Cygames Inc.
20000,90.78,and Roger,TearyHand Studio,Kodansha
200000,83.13,Zeno Clash,ACE Team,ACE Team
50000,71.57,Lost But Found,Rogue Duck Interactive,"Rogue Duck Interactive, Gamersky Games"
20000,86.07,Unfair Flips,HEATHER FLOWERS,HEATHER FLOWERS
200000,88.92,Venba,Visai Games,Visai Games
50000,68.93,Truck & Logistics Simulator,Simula Games,Aerosoft GmbH
50000,59.35,Zoochosis,Clapperheads,"Clapperheads, Storymode"
50000,82.90,Eden Crafters,Osaris Games,Osaris Games
50000,91.97,Geometry Arena,011 Games,011 Games
50000,87.17,LONESTAR,Math Tide,Thermite Games
50000,88.98,Earn to Die 2,Toffee Games,Not Doppler
100000,84.35,Angvik,Alastair John Jack,Alastair John Jack
100000,68.76,Arctico,"Claudio Norori, Antonio Vargas","Claudio Norori, Antonio Vargas"
50000,79.68,Slasher's Keep,Damian Schloter,Damian Schloter
50000,84.06,Crashlands 2,Butterscotch Shenanigans,Butterscotch Shenanigans
1000000,48.15,Stormgate,Frost Giant Studios,Frost Giant Studios
100000,80.74,Castlevania: Lords of Shadow – Mirror of Fate HD,MercurySteam,KONAMI
500000,81.20,F1 2014,Codemasters,"Codemasters, Electronic Arts"
50000,86.23,Sailwind,Raw Lion Workshop,Raw Lion Workshop
20000,79.13,Raji: An Ancient Epic,Nodding Heads Games,Nodding Heads Games
100000,73.13,AI＊Shoujo/AI＊少女,ILLUSION,ILLUSION
50000,89.41,SteamWorld Heist II,Thunderful Development,Thunderful Publishing
20000,87.16,Hail to the Rainbow,Носков Сергей,Носков Сергей
200000,77.74,Judgment: Apocalypse Survival Simulation,Suncrash,Suncrash
100000,63.34,Junkyard Simulator,Rebelia Games,PlayWay S.A.
100000,71.04,Dead State: Reanimated,DoubleBear Productions,DoubleBear Productions
50000,89.47,Demons Roots,Quick nail Aristocrat,Kagura Games
200000,55.72,Lichdom: Battlemage,Xaviant,Xaviant Games
100000,84.78,英雄群侠传II,熊窝dodox,"熊窝dodox, RuiXiao"
200000,86.88,Full Metal Furies,Cellar Door Games,Cellar Door Games
200000,85.89,Splatter - Zombiecalypse Now,Dreamworlds,Untold Tales
20000,90.61,Aurelia,MirthalGames,Critical Bliss
20000,82.12,Incredicer,pochi,pochi
20000,90.84,Meltys Quest,Remtairy,"Remtairy, Kagura Games"
200000,71.28,Definitely Not Fried Chicken,Dope Games,Silver Lining Interactive
100000,85.48,Shenmue I & II,D3T,SEGA
20000,82.73,Moonlighter 2: The Endless Vault,Digital Sun,11 bit studios
500000,86.57,The Deed,"Pilgrim Adventures, GrabTheGames Studios","GrabTheGames, WhisperGames, TheGamesFortress"
200000,88.73,Crimsonland,10tons Ltd,10tons Ltd
100000,90.63,Cloud Gardens,Noio,Noio
200000,83.83,Boo Men,Twisted Corridor 👻,Twisted Corridor 👻
50000,90.18,千面 Melancholy Love,白露社,PeriScope Game
50000,84.52,WAVESHAPER,GAMES FOR HUMANS,GAMES FOR HUMANS
20000,83.49,Cinderia,MyACG Studio,"MyACG Studio, NPC Entertainment"
500000,81.58,Sakura Swim Club,Winged Cloud,Winged Cloud
100000,77.68,SpellForce: Conquest of Eo,Owned by Gravity,THQ Nordic
50000,70.26,Battle Cry of Freedom,Flying Squirrel Entertainment,Flying Squirrel Entertainment
50000,80.46,恋爱绮谭 不存在的真相,Never Knows Best,Never Knows Best
100000,66.41,Battletoads,Dlala Studios,"Microsoft Studios, Rare Ltd"
200000,81.98,Five Dates,"Wales Interactive, Good Gate Media",Wales Interactive
200000,81.47,Fairy Fencer F Advent Dark Force,"IDEA FACTORY, COMPILE HEART",Idea Factory International
100000,76.92,The Imperial Gatekeeper,Tengsten,Kagura Games
100000,86.00,Freeways,Captain Games,Captain Games
50000,90.99,The Political Process,Verlumino Studios LLC,Verlumino Studios LLC
200000,74.40,Planet Centauri,Permadeath,Permadeath
500000,82.14,X3: Terran Conflict,Egosoft,Egosoft
100000,80.37,Gal*Gun 2,INTI CREATES CO. Ltd.,PQube
100000,73.90,Neverending Nightmares,Infinitap Games,Infinitap Games
20000,92.28,Knights College,KAIJYU-09,KAIJYU-09
50000,65.23,Bakery Simulator,Live Motion Games,"Ultimate Games S.A., Gaming Factory"
100000,88.48,Broken Reality,Dynamic Media Triad,Digital Tribe
20000,70.02,Gamblers Table,"greenpixels, Bossforge","greenpixels, Bossforge"
50000,90.35,Reus 2,Abbey Games,Firesquid
100000,93.44,Don't Escape: 4 Days to Survive,scriptwelder,Armor Games Studios
200000,70.73,Galactic Civilizations IV,Stardock Entertainment,Stardock Entertainment
200000,91.32,We Love Katamari REROLL+ Royal Reverie,MONKEYCRAFT Co. Ltd.,Bandai Namco Entertainment
200000,88.01,Sky Force Anniversary,Infinite Dreams,Infinite Dreams
100000,69.09,Lawn Mowing Simulator,Skyhook Games,Curve Games
50000,81.65,Salt 2: Shores of Gold,Lavaboots Studios,Lavaboots Studios
200000,84.38,Desperados: Wanted Dead or Alive,Spellbound,THQ Nordic
50000,91.50,A Summer's End - Hong Kong 1986,Oracle and Bone,Oracle and Bone
200000,89.22,Siralim Ultimate,Thylacine Studios,Thylacine Studios LLC
100000,66.33,Among Trees,FJRD Interactive,FJRD Interactive
100000,81.76,Oh Deer,Cozy Cabin Studios,Cozy Cabin Studios
100000,90.40,The Legend of Heroes: Trails in the Sky the 3rd,Nihon Falcom,"XSEED Games, Marvelous USA Inc."
200000,93.46,It Steals,Zeekerss,Zeekerss
200000,83.26,Airborne Kingdom,The Wandering Band LLC,The Wandering Band LLC
50000,88.39,Citizen Sleeper 2: Starward Vector,Jump Over The Age,Fellow Traveller
100000,87.90,Boyfriend Dungeon,Kitfox Games,Kitfox Games
100000,90.76,Murder House,Puppet Combo,Puppet Combo
50000,92.92,AVICII Invector,Hello There Games,Hello There Games
200000,69.67,Megaton Rainfall,"Pentadimensional Games, SL","Pentadimensional Games, SL"
200000,71.75,Star Control®: Origins,Stardock Entertainment,Stardock Entertainment
100000,88.87,Infernax,Berzerk Studio,The Arcade Crew
200000,41.42,Cities XXL,Focus Entertainment,Focus Entertainment
20000,92.25,Smile For Me,LimboLane,"Serenity Forge, LimboLane"
200000,87.39,Castlevania Advance Collection,KONAMI,KONAMI
50000,90.95,I'm on Observation Duty,Notovia,Notovia
200000,90.63,SEUM: Speedrunners from Hell,Pine Studio,Pine Studio
20000,78.69,Hentai Police,"Podval Games, KremlinDev",GOSZAKAZ
200000,85.70,The Dark Eye: Memoria,Daedalic Entertainment,Daedalic Entertainment
20000,92.18,Teddy's Haven - A Fantasy Inspired Shop Simulator,Teddy Bear Games LLC,Teddy Bear Games LLC
100000,89.55,Patch Quest,Lychee Game Labs,Curve Games
20000,92.01,Fish to Dish: Idle Sushi,Kygua Tech,IndieArk
200000,89.16,140,Carlsen Games,Carlsen Games
50000,88.82,Wild Animal Racing,Paul Bird,Marjupi Games
100000,73.94,Raw Data,Survios,Survios
200000,92.38,COMPOUND,Bevan McKechnie,notdead
20000,91.22,Quickie: A Love Hotel Story,Oppai Games,Oppai Games
200000,60.96,Velvet Assassin,Replay Studios,Missing Link Games
200000,80.04,They Bleed Pixels,Spooky Squid Games Inc.,Spooky Squid Games Inc.
100000,75.83,Emily Wants To Play,Shawn Hitchcock,Hitchcock Games
100000,91.93,The Baby In Yellow,Team Terrible,Team Terrible
20000,79.41,Discounty,Crinkle Cut Games,PQube
50000,78.91,Flyout,Stonext Games,Stonext Games
100000,79.88,Metal Unit,JellySnow Studio,NEOWIZ
20000,80.18,Blazing Beaks,Applava,Applava
20000,70.82,Age of Reforging: The Freelands,PersonaeGame Studio,Kunpan Games
200000,88.87,Aimbeast,Focusd IO,Focusd IO
500000,87.88,Lacuna – A Sci-Fi Noir Adventure,DigiTales Interactive,"Assemble Entertainment, WhisperGames, Mayflower Entertainment"
200000,53.15,EA SPORTS™ PGA TOUR™,Electronic Arts - Tiburon,Electronic Arts
200000,83.47,The Break-In,"jorgen games Ltd, Oliver Josh",jorgen games Ltd
200000,85.15,Archvale,idoz & phops,Balor Games
200000,54.28,Project CARS 3,Slightly Mad Studios,BANDAI NAMCO Entertainment
200000,76.80,La-Mulana,NIGORO,PLAYISM
200000,80.91,EMERGENCY 20,Sixteen Tons Entertainment,Sixteen Tons Entertainment
2000000,65.34,Kholat,IMGN.PRO,IMGN.PRO
200000,77.73,Quest Hunter,2 Zombie Games,2 Zombie Games
200000,79.33,Breach & Clear,"Mighty Rabbit Studios, Gun Interactive",Gun Interactive
100000,77.12,Force of Nature 2: Ghost Keeper,A.Y.std,Crytivo
100000,82.51,Eiyuden Chronicle: Rising,NatsumeAtari,505 Games
20000,80.91,ENDLESS™ Legend 2,AMPLITUDE Studios,Hooded Horse
50000,92.35,Bing in Wonderland,Wanba Studio,"Wanba Studio, 2P Games"
50000,67.06,Enotria: The Last Song,Jyamma Games,Jyamma Games
20000,92.10,FUMES,FUMES team,FUMES team
200000,60.98,Shoppe Keep,Strange Fire,Excalibur Publishing
50000,85.99,Old School Rally,Frozen Lake Games,Astrolabe Games
50000,76.69,The Town of Light,LKA,"LKA, Wired Productions"
100000,92.68,Backyard Baseball '97,Mega Cat Studios,Playground Productions
100000,91.36,Arco,"Franek, Max Cahill, Bibiki, Fáyer",Panic
1000000,70.15,Cortex Command,Data Realms,"Data Realms, LLC"
100000,83.53,In Other Waters,Jump Over The Age,Fellow Traveller
100000,68.83,JIANGHU CHRONICLES,一品阁,方块游戏(CubeGame)
200000,83.43,The Dark Eye: Chains of Satinav,Daedalic Entertainment,Daedalic Entertainment
100000,80.96,Chef Life: A Restaurant Simulator,Cyanide Studio,Nacon
20000,85.96,Handyman Legend,SupaShinKen Studio,SupaShinKen Studio
200000,64.89,Rebirth:Beware of Mr.Wang,DSGame,DSGame
20000,78.74,SWORD x HIME,"Kazuya, tensun3d",赤いトンボ
100000,63.22,Ship Graveyard Simulator,Games Incubator,"Games Incubator, PlayWay S.A."
200000,80.64,BURIED STARS,LINE Games Corporation,LINE Games Corporation
50000,89.89,Beltmatic,Notional Games,Notional Games
100000,83.63,Dead Pixels,CSR-Studios,CSR-Studios
100000,76.81,Taur,Echo Entertainment,Echo Entertainment
100000,84.28,Psycho Patrol R,Consumer Softproducts,Consumer Softproducts
20000,82.60,ВЗЛОМ ЖОПЫ,"Filasaf Games, V means Valentina Stepanovna","Dr Robot, Kavkaz Sila Games, Vip Tajik"
50000,94.27,Dialtown: Phone Dating Sim,DirectDoggo,DirectDoggo
20000,86.18,Alchemy Factory,D5 Copperhead,Gamirror Games
100000,92.61,Save Room - Organization Puzzle,Fractal Projects,Fractal Projects
200000,84.79,Rune Factory 4 Special,Marvelous Inc.,"XSEED Games, Marvelous USA Inc., Marvelous Europe"
200000,76.73,STRIDE,Joy Way,Joy Way
200000,83.65,Lost: Find,DSGame,DSGame
200000,85.27,Goodbye Deponia,Daedalic Entertainment,Daedalic Entertainment
20000,90.61,Eriksholm: The Stolen Dream,River End Games,Nordcurrent Labs
50000,88.24,Crimson Imprint plus -Nonexistent Christmas-,Hollowings,Hollowings
20000,92.61,No Time,Lost in Days Studio,Lost in Days Studio
100000,87.45,Heave Ho,Le Cartel Studio,Devolver Digital
20000,86.87,Baby Steps,"Gabe Cuzzillo, Maxi Boch, Bennett Foddy",Devolver Digital
2000000,74.87,RaceRoom Racing Experience,KW Studios,"KW Studios, RaceRoom Entertainment AG"
200000,86.36,Shantae: Half-Genie Hero,WayForward,WayForward
100000,81.90,Drill Core,Hungry Couch Games,tinyBuild
50000,80.05,Sapiens,Majic Jungle,Majic Jungle
50000,91.72,fault - milestone two side:above,ALICE IN DISSONANCE,ALICE IN DISSONANCE
500000,62.28,BRINK,Splash Damage,Bethesda Softworks
20000,68.11,Car Dealership Simulator 2,Quadfix Games,Quadfix Games
200000,85.55,Pinstripe,"Atmos Games, LLC",Armor Games Studios
1000000,68.43,Will To Live Online,AlphaSoft LLC,AlphaSoft LLC
1000000,85.84,Sanctum,Coffee Stain Studios,Coffee Stain Publishing
20000,56.85,Dungeon Siege III,Obsidian Entertainment,"SQUARE ENIX, Eidos Interactive"
50000,94.54,Smushi Come Home,SomeHumbleOnion,Mooneye Studios
100000,89.42,STASIS: BONE TOTEM,THE BROTHERHOOD,THE BROTHERHOOD
20000000,64.84,War Thunder,Gaijin Entertainment,Gaijin Network Ltd
200000,75.34,Thea 2: The Shattering,"MuHa Games, Eerie Forest Studio",MuHa Games
500000,90.32,Race The Sun,Flippfly LLC,Flippfly LLC
100000,71.87,Deep Sky Derelicts,Snowhound Games,Fulqrum Publishing
200000,81.40,SpellForce 3 Soul Harvest,Grimlore Games,THQ Nordic
100000,88.61,Super Fancy Pants Adventure,Borne Games,2 Left Thumbs
100000,87.12,The House of Da Vinci 2,Blue Brain Games,Blue Brain Games
20000,93.09,我只是想让她们都幸福,心宿影视,心宿影视
200000,89.09,EMERGENCY 4 Deluxe,Sixteen Tons Entertainment,Sixteen Tons Entertainment
200000,59.37,Hydrophobia: Prophecy,Dark Energy Digital Ltd.,Dark Energy Digital Ltd.
50000,77.12,Amenti,Darkphobia Games,Darkphobia Games
200000,76.55,Out of Space,Behold Studios,Behold Studios
200000,78.36,Phantom Abyss,Team WIBY,Devolver Digital
50000,75.71,Ultimate Admiral: Age of Sail,Game-Labs,Game-Labs
200000,47.57,Richman 11,CMGE,SOFTSTAR ENTERTAINMENT
20000,77.69,Kotama and Academy Citadel,Atomstring Games,2P Games
50000,82.08,咸鱼殿下 / My journey,大聪明工作室,恭迎皇子驾到工作室
20000,87.11,KINGDOM HEARTS III + Re Mind (DLC),Square Enix,Square Enix
100000,91.48,Warsim: The Realm of Aslona,Huw Millward,Huw Millward
100000,86.54,Shadow Corridor,Space Onigiri Game LLC,Space Onigiri Game LLC
200000,83.46,Regions Of Ruin,Gameclaw Studio,Raw Fury
20000,80.69,SUPER ROBOT WARS Y,Bandai Namco Forge Digitals Inc.,Bandai Namco Entertainment Inc.
20000,80.76,PATAPON 1+2 REPLAY,"SAS CO.,LTD.",Bandai Namco Entertainment Inc.
20000,85.93,Silly Polly Beast,Anji,Top Hat Studios Inc.
100000,76.75,Unity of Command II,"2x2 Games, Croteam",2x2 Games
20000,90.50,Banebush,Hinterland Mood,Hinterland Mood
20000,88.94,ScootX,Mash Games,Mash Games
20000,82.54,Golden Light,Mr. Pink,Mr. Pink
50000,73.88,Salt,Lavaboots Studios,Lavaboots Studios
200000,76.30,Aerofly FS 2 Flight Simulator,IPACS,IPACS
20000,83.88,Fury Unleashed,Awesome Games Studio,Awesome Games Studio
200000,34.72,Edge of Space,Handyman Studios,Reverb Triple XP
200000,79.18,Train Station Renovation,Live Motion Games,"Live Motion Games, Frozen Way, PlayWay S.A., Frozen District"
100000,75.16,Achilles: Legends Untold,Dark Point Games,"Dark Point Games, Galaktus"
200000,85.62,Fairy Fencer F,"Idea Factory, Compile Heart",Idea Factory International
20000,72.15,IfSunSets,POLYMORPH,Smilegate
100000,79.63,Paleo Pines,Italic Pig,Maximum Entertainment
200000,56.46,Commandos 2 - HD Remaster,"Yippee! Entertainment, Pyro Studios",Kalypso Media
50000,66.46,Ultimate Fishing® Simulator 2,"Silent Bear Studio, SHINING GAMES",Ultimate Games S.A.
100000,91.44,ZeroRanger,System Erasure,System Erasure
50000,84.09,Fresh Start Cleaning Simulator,Chicken Launcher,Awaken Realms
100000,87.31,Bad Dream: Coma,Desert Fox,Desert Fox
20000,85.29,Last Report,Monopixel Games,Monopixel Games
200000,85.28,TerraScape,Bitfall Studios,"Stray Fawn Publishing, Sidekick Publishing"
500000,67.10,The Incredible Adventures of Van Helsing II,NeocoreGames,NeocoreGames
1000000,87.36,"Warhammer® 40,000: Dawn of War® II Chaos Rising","Relic Entertainment, Feral Interactive (Mac/Linux)","SEGA, Feral Interactive (Mac/Linux)"
200000,91.45,Detective Grimoire,SFB Games,SFB Games
20000,79.02,Hozy,Come On Studio,tinyBuild
200000,78.52,8-Bit Armies,Petroglyph,Petroglyph
200000,71.69,Divinity: Dragon Commander,Larian Studios,Larian Studios
100000,62.06,TerraTech Worlds,Payload Studios,"Mythwright, 4Divinity & Cube Game"
100000,81.39,Wonder Boy: The Dragon's Trap,Lizardcube,Dotemu
500000,84.39,"Warhammer® 40,000: Dawn of War® – Winter Assault",Relic Entertainment,SEGA
200000,79.83,Bus Driver,SCS Software,SCS Software
200000,72.55,American Fugitive,Fallen Tree Games Ltd,Curve Games
100000,75.66,The Escape: Together,Nightstuff Games,Nightstuff Games
50000,75.93,The Last Hero of Nostalgaia,Over The Moon,Coatsink
200000,91.22,The Crown of Leaves,Lingrimm,The Broken Horn
50000,54.77,StarDrive 2,Zero Sum Games,Iceberg Interactive
200000,74.17,The Incredible Adventures of Van Helsing: Final Cut,NeocoreGames,NeocoreGames
200000,72.91,We. The Revolution,Polyslash,Valkyrie Initiative
200000,73.79,Throne of Lies®: Medieval Politics,"PT.farm Inc., Imperium42®, LLC",PT.farm Inc.
200000,86.53,Ghostbusters: The Video Game Remastered,Saber Interactive,"Mad Dog Games, LLC"
2000000,85.56,Stories: The Path of Destinies,Spearhead Games,Spearhead Games
100000,90.09,Go-Go Town!,Prideful Sloth,Prideful Sloth
200000,81.49,Fallen ~Makina and the City of Ruins~,Another Story,Kagura Games
50000,91.86,Squirrel Stapler,David Szymanski,David Szymanski
200000,89.63,Dominions 5 - Warriors of the Faith,Illwinter Game Design,Illwinter Game Design
200000,70.13,WRATH: Aeon of Ruin,"KillPixel Games, Slipgate Ironworks","3D Realms, Fulqrum Publishing"
100000,71.38,Sea Dogs: To Each His Own,BlackMark Studio,BlackMark Studio
20000,81.90,Miss Furry,"빌리 헤링턴, Red Six Development","Red Six Publishing, Rain Fog"
100000,84.96,Myst,Cyan Worlds Inc.,Cyan Worlds Inc.
200000,90.65,Shattered Pixel Dungeon,Shattered Pixel,Shattered Pixel
100000,67.31,Battle of Empires : 1914-1918,Great War Team,Best Way Soft
500000,77.04,Rocketbirds: Hardboiled Chicken,Ratloop Asia,Reverb Publishing
500000,89.01,Overlord™: Raising Hell,Triumph Studios,"Codemasters, Electronic Arts"
5000000,52.10,Z1 Battle Royale: Test Server,Daybreak Game Company,Daybreak Game Company
200000,69.24,Trek to Yomi,"Leonard Menchiari, Flying Wild Hog",Devolver Digital
50000,71.84,Land of the Vikings,Laps Games,Iceberg Interactive
100000,91.39,Poly Bridge 3,Dry Cactus,Dry Cactus
50000,92.94,Sakuya Izayoi Gives You Advice And Dabs,Sigyaad Team,Sigyaad Team
100000,86.84,Ghost 1.0,@unepic_fran,Unepic Games
200000,52.36,FlatOut 4: Total Insanity,Kylotonn,Strategy First
50000,89.82,The Chrono Jotter,Orca Layout,"2P Games, Orca Layout"
100000,92.37,Yasuke Simulator,HistoryAccurateDevelopers,HistoryAccurateDevelopers
20000,88.74,Click and Conquer,SOCKHOUSE STUDIOS,SOCKHOUSE STUDIOS
20000,82.89,Futa Fix Dick Dine and Dash,"Cyberframe Studios, Kupaa Games",Critical Bliss
100000,72.14,Between the Stars,Isolated Games,Isolated Games
100000,85.52,House of the Dying Sun,"Marauder Interactive, LLC","Marauder Interactive, LLC"
100000,91.22,Dungeon Warfare,Valsar,Valsar
100000,85.52,Midnight Fight Express,Jacob Dzwinel,Balor Games
200000,35.68,Urban Empire,Reborn Games,Kalypso Media Digital
50000,89.90,Dollmare,"Alex Grade, gonzeek, Oxeren",Almost Done Games
200000,83.14,Screeps: World,"Screeps, LLC","Screeps, LLC"
200000,53.28,TopSpin 2K25,Hangar 13,2K Games
20000,92.30,PIGFACE,titolovesyou,DreadXP
100000,90.93,Mosa Lina,"Stuffed Wombat, Silkersoft, Lukke, Rollin'Barrel",Stuffed Wombat
100000,77.09,Miasma Chronicles,The Bearded Ladies,505 Games Official
1000000,65.19,XERA: Survival,Spotted Kiwi Interactive,Spotted Kiwi Interactive
200000,64.28,Rise of the Triad,Interceptor Entertainment,Apogee Entertainment
50000,91.38,Choice of Robots,Choice of Games,Choice of Games
200000,75.77,SONG OF HORROR COMPLETE EDITION,Protocol Games,🚀 Raiser Games
100000,74.37,Pathway,Robotality,Chucklefish
100000,73.50,Yomawari: Night Alone,Nippon Ichi Software Inc.,NIS America Inc.
100000,77.58,Cardboard Town,"Stratera Games, cukuto","Rogue Duck Interactive, Gamersky Games"
200000,85.26,Broken Sword 5 - the Serpent's Curse,Revolution Software Ltd,Revolution Software Ltd
100000,71.04,Dead Effect 2,"BadFly Interactive, a.s.",App Holdings
200000,83.29,SteamWorld Quest: Hand of Gilgamech,Image & Form Games,Thunderful Publishing
20000,89.59,The Ranch of Rivershine,Cozy Bee Games,Cozy Bee Games
2000000,77.67,Albion Online,Sandbox Interactive GmbH,Sandbox Interactive GmbH
200000,87.25,Devil May Cry 4,Capcom,Capcom
50000,70.46,Youtubers Life 2,UPLAY Online,UPLAY Online
200000,75.03,Way of the Samurai 4,ACQUIRE Corp.,Spike Chunsoft Co. Ltd.
100000,86.46,Marlow Briggs and the Mask of Death,Zootfly,505 Games
200000,74.34,Double Dragon: Neon,"WayForward, Abstraction Games","Midnight City, Majesco Entertainment"
100000,88.53,Gourdlets,AuntyGames,"Future Friends Games, AuntyGames"
50000,86.38,Garden Paws,Bitten Toast Games Inc.,Bitten Toast Games Inc.
200000,81.08,Heaven's Vault,inkle Ltd,inkle Ltd
200000,60.63,Lucius II,Shiver Games,Shiver Games
100000,82.01,Be My Horde,Polished Games,Polished Games
200000,69.60,Wurm Unlimited,Code Club AB,Plug In Digital
500000,78.11,BLACKTAIL,THE PARASIGHT,Focus Entertainment
100000,90.26,Hero of the Kingdom II,Lonely Troops,Lonely Troops
20000,84.22,Nine-Ball Roulette,WaveBox Labs,WaveBox Labs
100000,87.12,Slackers - Carts of Glory,Falling Saints,Falling Saints
100000,66.79,Towers of Aghasba,Dreamlit inc.,Dreamlit inc.
200000,91.83,Spark the Electric Jester 3,Feperd Games,Feperd Games
50000,87.32,The Nameless: Slay Dragon,The Nameless Epic,WhisperGames
200000,79.37,Waveform,Eden Industries,Eden Industries
50000,74.43,Conarium,Stormling Studios,Iceberg Interactive
200000,81.44,Carcassonne - Tiles & Tactics,Artefacts Studio,Twin Sails Interactive
100000,89.45,Ys: The Oath in Felghana,Nihon Falcom,XSEED Games
100000,74.13,Rune Factory 5,Marvelous Inc.,"XSEED Games, Marvelous USA Inc., Marvelous Europe"
100000,72.18,Dark Devotion,Hibernian Workshop,"The Arcade Crew, Maple Whispering Limited"
50000,87.79,Labyrinth Of The Demon King,J. R. Hudepohl,Top Hat Studios Inc.
100000,88.57,Children of the Sun,René Rother,Devolver Digital
20000,73.23,First Strike,Blindflug Studios AG,Blindflug Studios AG
20000,52.01,Surviving Mars: Relaunched,Haemimont Games,Paradox Interactive
100000,86.23,QUICKERFLAK,Walter Machado,Walter Machado
100000,77.77,Master Detective Archives: RAIN CODE Plus,Spike Chunsoft Co. Ltd.,Spike Chunsoft Co. Ltd.
100000,82.24,Night Raider,TSUKUYOMIC,TSUKUYOMIC
200000,87.49,Detective Girl of the Steam City,Clymenia,Kagura Games
50000,90.84,Zup! 9,Quiet River,Quiet River
100000,80.67,Sword and Fairy 3,SOFTSTAR TECHNOLOGY(SHANGHAI),SOFTSTAR ENTERTAINMENT
50000,89.74,Erenshor,Burgee Media,Burgee Media
100000,54.63,Street Fighter X Tekken,Capcom U.S.A. Inc.,Capcom U.S.A. Inc.
200000,81.37,Barro 2020,SC Jogos,SC Jogos
50000,90.83,Suikoden I&II HD Remaster Gate Rune and Dunan Unification Wars,KONAMI,KONAMI
100000,60.44,Hammerwatch II,Crackshell,Maximum Entertainment
100000,83.13,UNDER NIGHT IN-BIRTH II Sys:Celes,"FRENCH-BREAD, Arc System Works",Arc System Works
20000,52.90,DON'T SCREAM TOGETHER,Digital Cybercherries,Digital Cybercherries
50000,77.12,Founders' Fortune,Dionic Software,Dionic Software
500000,60.35,Dude Simulator,Kiddy,Kiddy
200000,77.19,Guts and Glory,HakJak,tinyBuild
100000,70.64,Railway Empire 2,Gaming Minds Studios,Kalypso Media
100000,77.82,Hard Reset Redux,Flying Wild Hog,Good Shepherd Entertainment
100000,72.93,Seek Girl Ⅳ,DSGame,DSGame
50000,76.44,Panzer Knights,樂磚Joy Brick,PQube
20000,88.32,Monument Valley 3,ustwo games,ustwo games
100000,80.84,HALF DEAD 2,Room710Games,Room710Games
50000,86.19,Rage Wars,Lemondo Games,Lemondo Games
50000,65.12,Neighbors: Suburban Warfare,Invisible Walls,Invisible Walls
50000,61.76,Ancient Cities,Uncasual Games,Uncasual Games
200000,78.59,Blue Fire,Robi Studios,Graffiti Games
50000,88.80,Hakuoki: Kyoto Winds,"Idea Factory, Design Factory",Idea Factory International
20000,53.67,Samson,Liquid Swords,Liquid Swords
20000,93.47,9-nine-:Episode 2,PALETTE,Sekai Project
20000,91.79,Majotori,Majorariatto,Majorariatto
200000,85.80,The Longest Journey,Funcom,Funcom
100000,91.06,Labyrinth City: Pierre the Maze Detective,Darjeeling,Pixmain
20000,82.41,极速营救,"优映文化, 想象颗粒",想象颗粒
200000,66.55,Dude Simulator 3,Kiddy,Kiddy
100000,90.04,Mosaique Neko Waifus 3,Lil Hentai Games,Lil Hentai Games
20000,83.69,Command & Conquer™ Generals,EA Pacific,Electronic Arts
200000,79.61,Knights of Pen and Paper +1 Edition,Behold Studios,Paradox Interactive
200000,78.90,Forward to the Sky,Animu Game,Animu Game
100000,71.62,Draugen,Red Thread Games,Red Thread Games
20000,82.81,TrackDayR,MadCow S.r.l.,MadCow S.r.l.
200000,87.95,The Bookwalker: Thief of Tales,DO MY BEST,tinyBuild
100000,87.47,ULTIMATE HARDBASS DEFENCE,Magnolia Art,Magnolia Art
100000,64.60,To The Rescue!,"Little Rock Games, indie.io",indie.io
200000,80.66,Deathtrap,NeocoreGames,NeocoreGames
200000,71.70,WRC 8 FIA World Rally Championship,KT Racing,Nacon
50000,93.06,Brutal Orchestra,"Talia bob Mair, Nicolás Delgado",Hellbent Games
1000000,77.52,Enclave,Starbreeze,Topware Interactive
100000,77.58,寄居隅怪奇事件簿 Hermitage Strange Case Files,Arrowiz,Arrowiz
50000,94.18,Monster Prom 4: Monster Con,Beautiful Glitch,Beautiful Glitch
50000,86.90,Goobies,Höganäs Spel,Höganäs Spel
20000,73.54,Sexy Mystic Survivors,Fantasize Games,"Fantasize Games, Lewdonymous"
20000,88.83,Little Nightmares Enhanced Edition,Engine Software BV,Bandai Namco Entertainment
200000,71.46,Blade Assault,TeamSuneat,NEOWIZ
100000,87.24,Super Mega Baseball 3,Metalhead Software Inc.,Electronic Arts
20000,89.34,Kaze and the Wild Masks,PixelHive,SOEDESCO
200000,82.76,BIT.TRIP RUNNER,"Gaijin Games, Choice Provisions","Gaijin Games, Choice Provisions"
200000,84.05,Evoland 2,Shiro Games,Shiro Games
50000,52.14,Warhammer Age of Sigmar: Realms of Ruin,Frontier Developments,Frontier Developments
100000,83.18,Gal*Gun: Double Peace,INTI CREATES CO. Ltd.,PQube
200000,89.32,7 Billion Humans,Tomorrow Corporation,Tomorrow Corporation
50000,84.44,Wolfpack,Usurpator AB,SUBSIM
20000,93.86,Frog Detective 3: Corruption at Cowboy County,"Grace Bruxner, Thomas Bowker","worm club, SUPERHOT PRESENTS"
100000,90.25,The Last Door - Collector's Edition,The Game Kitchen,Phoenix Online Publishing
100000,90.85,Turnip Boy Robs a Bank,Snoozy Kazoo,Graffiti Games
20000,85.14,ROMEO IS A DEAD MAN,GRASSHOPPER MANUFACTURE INC.,GRASSHOPPER MANUFACTURE INC.
50000,84.88,First Cut: Samurai Duel,Night Eyes Interactive,Night Eyes Interactive
50000,76.21,Just Dance 2017,"Ubisoft Paris, Ubisoft Pune",Ubisoft
100000,90.00,Ara Fell: Enhanced Edition,Stegosoft Games,DANGEN Entertainment
100000,82.46,Apex Point,Apex Studio,Apex Studio
2000000,80.28,Arma 2,Bohemia Interactive,Bohemia Interactive
200000,87.92,SLUDGE LIFE,"Terri Vellmann, Doseone",Devolver Digital
20000,69.25,Niffelheim,Ellada Games,Ellada Games
20000,66.66,Neon Abyss 2,Veewo Games,"Veewo Games, Kepler Ghost"
100000,79.62,Frontier Hunter: Erza’s Wheel of Fortune,IceSitruuna,IceSitruuna
50000,86.84,The Pathless,Giant Squid,Annapurna Interactive
20000,69.00,High On Life 2,Squanch Games Inc.,Squanch Games Inc.
200000,62.08,The Swords of Ditto: Mormo's Curse,onebitbeyond,Devolver Digital
50000,69.28,Tower Hunter: Erza's Trial,IceSitruuna,IceSitruuna
20000,81.99,Wrench,Missing Digit,Missing Digit
50000,90.25,Granny: Chapter Two,DVloper,DVloper
100000,79.13,Granny Remake,FerriteLabs,FerriteLabs
200000,88.06,Omno,Studio Inkyfox,"Future Friends Games, StudioInkyfox"
20000,72.12,Three Kingdoms Mushouden,NanBei Studio,Paleo
20000,72.06,Dragonkin: The Banished,Eko Software,Nacon
50000,90.73,9-nine-:Episode 1,PALETTE,Sekai Project
100000,80.16,Rise of Liberty,Sandstorm Studios Inc.,Sandstorm Studios Inc.
5000000,88.53,Kathy Rain,Clifftop Games,Raw Fury
100000,86.31,"10,000,000",EightyEightGames,EightyEightGames
100000,80.78,Silence,Daedalic Entertainment,Daedalic Entertainment
100000,80.23,The Unfinished Swan,Giant Sparrow,Annapurna Interactive
100000,84.02,Warlord: Britannia,Darkmatter Games,Darkmatter Games
100000,80.49,Oddsparks: An Automation Adventure,Massive Miniteam,HandyGames
100000,87.41,Predynastic Egypt,Clarus Victoria,Clarus Victoria
50000,89.43,Season of 12 Colors,橘子班,NVLMaker
100000,80.78,SteamWorld Build,The Station,Thunderful Publishing
50000,79.79,Block Story™,"Big Cube Interactive, LLC","Big Cube Interactive, LLC"
20000,89.78,GigaBash,Passion Republic Games,Passion Republic Games
50000,83.42,Sinister Night 2,Bug Inventors,Bug Inventors
50000,88.88,Dōkyūsei: Bangin' Summer,"Elf, Shiravune",Shiravune
50000,88.98,Shantae and the Pirate's Curse,WayForward,WayForward
50000,86.64,Military Conflict: Vietnam,Dustfade,Dustfade
100000,59.21,九劫曲：诅咒之地 NINE TRIALS,爱玩工作室,爱玩工作室
50000,78.13,Minoria,Bombservice,DANGEN Entertainment
100000,90.10,Swarmlake,Dominique Grieshofer,Dominique Grieshofer
100000,85.54,The Sapling,Wessel Stoop,Wessel Stoop
200000,84.48,Anna's Quest,Daedalic Entertainment,Daedalic Entertainment
200000,64.73,Stygian: Reign of the Old Ones,Cultic Games,Fulqrum Publishing
20000,86.57,KoboldKare,Naelstrof,Naelstrof
200000,90.52,Original War,Altar Games,Bohemia Interactive
100000,88.85,UNSIGHTED,Studio Pixel Punk,Balor Games
100000,74.73,Cuisineer,BattleBrew Productions,"Marvelous Europe, XSEED Games"
100000,72.22,Chess Ultra,Ripstone,Ripstone
50000,86.97,Love Ribbon,Razzart Visual,Razzart Visual
200000,71.93,FORCED: Slightly Better Edition,BetaDwarf,BetaDwarf
50000,89.52,Cat God Ranch,CrazyPotato Studio,CrazyPotato Studio
20000,88.13,Heart of the Machine,Arcen Games,Hooded Horse
200000,69.74,Car Dealership Simulator,Quadfix Games,Quadfix Games
20000,92.98,Ithya: Magic Studies,BlueTurtle,BlueTurtle
100000,83.50,Simmiland,Sokpop Collective,Sokpop Collective
200000,90.68,Infinifactory,Zachtronics,Zachtronics
20000,75.43,ISEKAI FRONTLINE,Studio Ginkgo,Studio Ginkgo
200000,74.12,WRC 4 FIA World Rally Championship,Milestone S.r.l.,Nacon
50000,90.91,UNREAL LIFE,"hako life, hako 生活","room6, yokaze"
100000,77.25,Love wish,Double W,Toffee Cafe
200000,67.50,Tempest: Pirate Action RPG,HeroCraft,HeroCraft PC
200000,58.63,Pandemic Express - Zombie Escape,"TALLBOYS, tinyBuild",tinyBuild
50000,80.09,Hentai Asmodeus,HEGA Studio,"HappyGames, Tora Creatives"
100000,77.92,Grow: Song of the Evertree,Prideful Sloth,505 Games
100000,72.54,DreadOut 2,Digital Happiness,Digital Happiness
100000,73.06,VR Kanojo / VRカノジョ,ILLUSION,ILLUSION
100000,88.90,SEASON: A letter to the future,Scavengers Studio,Scavengers Studio
50000,72.17,War Mongrels,Destructive Creations,"Destructive Creations, DMM Games - Asia"
200000,90.02,Timelie,Urnique Studio,Urnique Studio
100000,66.40,Road 96: Mile 0,Digixart,"Digixart, THQ Nordic"
50000,70.09,Bus World,KishMish Games,KishMish Games
100000,89.62,Aground,"Fancy Fish Games, SnöBox Studio","Fancy Fish Games, Whitethorn Games"
50000,91.25,Small Saga,Darya Noghani,Darya Noghani
20000,85.16,No Straight Roads: Encore Edition,Metronomik,Fireshine Games
100000,67.49,9 Days,MVR,MVR
50000,84.85,The Pale Beyond,Saltstone Studios,Fellow Traveller
50000,84.13,Girl and Goblin,Inverse Game,Inverse Game
20000,93.52,Endless Monday: Dreams and Deadlines,hcnone,hcnone
100000,70.93,Soulstice,Reply Game Studios,Maximum Entertainment
20000,93.52,Squeakross: Home Squeak Home,Alblune,Alblune
1000000,82.87,The LEGO® NINJAGO® Movie Video Game,"Traveller's Tales, TT Games",Warner Bros. Interactive Entertainment
200000,56.17,Dude Simulator 2,Kiddy,Kiddy
100000,82.99,Bad Guys at School,Forceight,Forceight
100000,90.05,Railbound,Afterburn,Afterburn
100000,80.13,LEGO® Bricktales,ClockStone,Thunderful Publishing
200000,85.72,Minit,"JW, Kitty, Jukio, Dom",Devolver Digital
200000,73.64,The Initial,Restory Studio,Restory Studio
100000,89.71,Ogu and the Secret Forest,"Moonlab Studio, Sinkhole Studio",Sinkhole Studio
200000,81.85,Space Run,Passtech Games,Focus Entertainment
100000,54.14,Take On Mars,Bohemia Interactive,Bohemia Interactive
20000,59.81,Yakuza Kiwami 3 & Dark Ties,Ryu Ga Gotoku Studio,SEGA
100000,90.77,PARQUET,YUZUSOFTSOUR,"NekoNyan Ltd., HIKARI FIELD"
50000,72.93,Fight Angel Special Edition,Red Fox,Red Fox
100000,68.15,Somerville,Jumpship,Jumpship
500000,86.94,Uplink,Introversion Software,Introversion Software
20000,88.63,Horripilant,"Alexandre Declos , Pas Game Studio",Black Lantern Collective
200000,69.97,STRAFE: Gold Edition,Pixel Titans,Devolver Digital
100000,87.43,Alex Jones: NWO Wars,NWO Wars Team,NWO Wars Team
50000,87.72,Jupiter Hell,ChaosForge,Hyperstrange
100000,91.33,Super Kiwi 64,Siactro,Siactro
100000,86.81,"Cook, Serve, Delicious! 3?!",Vertigo Gaming Inc.,Vertigo Gaming Inc.
50000,92.91,Travellin Cats in Italy,Travellin Cats,Travellin Cats
200000,69.90,Distrust: Polar Survival,Cheerdealers,Alawar
20000,89.10,MEMOLOGY: GOYDA,"hannibalnotdead, Gamesforfarm",Gamesforfarm
100000,91.13,Lunistice,A Grumpy Fox,Deck13
20000,76.05,Nimbatus - The Space Drone Constructor,Stray Fawn Studio,"Stray Fawn Publishing, WhisperGames"
100000,69.82,Radio Commander: Vietnam '64,Serious Sim,Slitherine Ltd.
100000,86.87,Learn Japanese To Survive! Hiragana Battle,Sleepy Duck,RIVER CROW STUDIO
100000,71.55,Remothered: Tormented Fathers,Stormind Games,Stormind Games
200000,47.74,Zelter,G1 Playground,SuperGG.com
20000,91.53,Kitty Powers' Matchmaker,Magic Notion Ltd,Magic Notion Ltd
20000,84.18,MARVEL Cosmic Invasion,Tribute Games Inc.,"Dotemu, Gamirror Games"
50000,71.04,Blood Code,"ZiX Solutions, Weixi Studio",ZiX Solutions
200000,37.09,Tom Clancy's Splinter Cell Double Agent®,Ubisoft Montreal,Ubisoft
200000,85.93,12 Labours of Hercules II: The Cretan Bull,"Jetdogs Studios, Zoom Out Games",Jetdogs Studios
200000,74.33,Guild of Dungeoneering Ultimate Edition,Gambrinous,Gambrinous
200000,78.02,Castlevania Anniversary Collection,KONAMI,KONAMI
100000,89.87,Klonoa Phantasy Reverie Series,MONKEYCRAFT Co. Ltd.,Bandai Namco Entertainment
1000000,87.93,We Were Here,Total Mayhem Games,Total Mayhem Games
500000,73.68,Greyfox RPG,Lesley Dodd,Senpai Industrial Studios
100000,86.15,Grey Hack,Loading Home,Loading Home
200000,72.29,VAIL,AEXLAB,AEXLAB
100000,77.34,D4: Dark Dreams Don’t Die -Season One-,Access Games,PLAYISM
50000,81.07,Wildmender,Muse Games,Kwalee
100000,70.15,The Shore,Ares Dragonis,Dragonis Games
100000,89.58,KILL KNIGHT,PlaySide,PlaySide
20000,91.46,Doloc Town,RedSaw Games Studio,Logoi Games
50000,89.19,Muv-Luv,aNCHOR Inc.,aNCHOR Inc.
20000,86.24,Vampire Hunters,Gamecraft Studios,Gamecraft Studios
200000,51.12,Ship Simulator Extremes,VStep,Paradox Interactive
100000,77.46,Desynced,Stage Games Inc.,Forklift Interactive
50000,75.98,Maid of Sker,Wales Interactive,Wales Interactive
50000,77.94,Cricket 22,Big Ant Studios,Nacon
50000,77.11,Gestalt: Steam & Cinder,Metamorphosis Games,Fireshine Games
100000,84.57,Nexomon,VEWO Interactive Inc.,VEWO Interactive Inc.
20000,92.80,Jacksmith: Weapons and Warriors,Flipline Studios,Flipline Studios
20000,81.63,Voyagers of Nera,Treehouse Games,Treehouse Games
200000,81.54,NIMRODS,Fiveamp,Fiveamp
100000,43.75,New Gundam Breaker,CRAFTS & MEISTER Co. Ltd.,BANDAI NAMCO Entertainment
20000,91.32,Serious Sam Classic: The Second Encounter,Croteam,Devolver Digital
200000,74.94,The Howler,"Antanas Marcelionis, Renė Petrulienė",Antanas Marcelionis
50000,89.89,q.u.q.,motijan,Nikita Kryukov
50000,88.89,Trainee Death Simulator,Bone Nail,Bone Nail
200000,85.41,Ghost Master®,Sick Puppies,Strategy First
500000,63.42,WWE 2K16,"Visual Concepts, Yuke's Co. Ltd",2K
100000,80.59,IMMORTALITY,"Sam Barlow, Half Mermaid",Half Mermaid
200000,78.44,Revita,BenStar,"Dear Villagers, Doyoyo Games"
20000,89.39,Gachi Heroes,GachiSoft,GachiSoft
50000,89.85,Ys IX: Monstrum Nox,"Nihon Falcom, PH3 GmbH, Engine Software BV",NIS America Inc.
200000,70.92,Sneak Thief,Nicholas Rizzo,Nicholas Rizzo
200000,85.80,Darkest Hour: A Hearts of Iron Game,Martin Ivanov,Paradox Interactive
50000,87.57,Bud Spencer & Terence Hill - Slaps And Beans,Trinity Team,Buddy Productions GmbH
500000,80.93,Teslagrad,Rain Games,Rain Games
20000,85.35,Finding Frankie,SUPERLOU,SUPERLOU
20000,80.41,Lust Academy - Season 1,Bear in the Night,Bear in the Night
100000,85.58,Say No! More,Studio Fizbin,Thunderful Publishing
200000,79.46,Frankenstein: Master of Death,"Jetdogs Studios, Fineway Studios",Jetdogs Studios
50000,90.33,Cabernet,Party for Introverts,Akupara Games
200000,75.16,Iron Marines,Ironhide Game Studio,Ironhide Game Studio
20000,74.63,Little Fighter 2 Remastered,"Little Fighter Co Pty Ltd, Marti Wong",Little Fighter Co Pty Ltd
200000,85.84,挂机神话,摸鱼猫工作室,摸鱼猫工作室
200000,84.08,Eldritch,Minor Key Games,Minor Key Games
20000,87.38,Trans-Siberian Railway Simulator,Pentacle,PlayWay S.A.
200000,85.92,Automobilista,Reiza Studios,Reiza Studios
200000,55.91,Worms Rumble,Team17 Digital,Team17 Digital
100000,85.08,Choice of Life: Middle Ages,Blazing Planet Studio,Blazing Planet Studio
100000,76.97,Stickman Trenches,Big Play Games,Big Play Games
50000,78.28,White Shadows,Monokel,"Thunderful Publishing, Mixtvision"
100000,88.90,Analogue: A Hate Story,Love Conquers All Games,Love Conquers All Games
50000,38.10,Wild West Legacy,Moon Punch Studio,Toplitz Productions
200000,84.27,Retro City Rampage™ DX,Vblank Entertainment Inc.,Vblank Entertainment Inc.
200000,66.91,Lost Eidolons,Ocean Drive Studio Inc.,Ocean Drive Studio Inc.
20000,87.23,Corruption of Champions II,Salamander Studios,Salamander Studios
20000,75.77,College Kings 2 - Episode 1,Undergrad Steve,Undergrad Steve
100000,85.63,"BEARS, VODKA, BALALAIKA! 🐻",Rabotiagi games,Rabotiagi games
50000,85.50,Laundry Store Simulator,Akhir Pekan Studio,PlayWay S.A.
50000,90.43,The Dishwasher: Vampire Smile,Ska Studios,Ska Studios
100000,84.85,Circuits,Digital Tentacle,Digital Tentacle
50000,89.10,Pizza Possum,"Friedemann, Noio Games",Raw Fury
200000,78.68,STASIS,THE BROTHERHOOD,THE BROTHERHOOD
50000,79.31,Death in the Water 2,Lighthouse Games Studio,Lighthouse Games Studio
20000,86.34,KeyWe,Stonewheat & Sons,Fireshine Games
50000,83.09,ЕСТЬ ДВА СТУЛА,Censored,Kavkaz Sila Games
20000,78.02,Overcrowd: A Commute 'Em Up,SquarePlay Games,SquarePlay Games
200000,70.99,Creed: Rise to Glory™,Survios,Survios
50000,89.73,Luna's Fishing Garden,"Coldwild Games, illufinch",Coldwild Games
50000,73.97,Garten of Banban 4,Euphoric Brothers,Euphoric Brothers
100000,85.08,Hadean Tactics,Emberfish Games,Emberfish Games
200000,87.29,City Game Studio: Your Game Dev Adventure Begins,Binogure Studio 🐺,Binogure Studio 🐺
200000,79.61,Valfaris,Steel Mantis,Silver Lining Interactive
100000,87.50,The Artful Escape,Beethoven and Dinosaur,Annapurna Interactive
100000,88.46,Flowers -Le volume sur printemps-,Innocent Grey,JAST
100000,85.97,Urbek City Builder,Fridus,RockGame S.A.
20000,90.78,STEINS;GATE: My Darling's Embrace,MAGES. Inc.,Spike Chunsoft Co. Ltd.
20000,83.35,Demeo,Resolution Games,Resolution Games
200000,67.86,A Game of Thrones: The Board Game - Digital Edition,Dire Wolf,Twin Sails Interactive
100000,69.07,Agarest: Generations of War,Idea Factory,Ghostlight LTD
100000,92.51,Boomerang Fu,Cranky Watermelon,Cranky Watermelon
500000,73.84,The Uncertain: Last Quiet Day,ComonGames,ComonGames
500000,82.84,Syberia II,Microids,Microids
50000,88.48,Screen Cat,Vorh Games,Vorh Games
200000,69.59,Slain: Back from Hell,Steel Mantis,Silver Lining Interactive
20000,88.76,Escape Dungeon 2,Hide Games,Hide Games
100000,87.06,Oblivion Override,Humble Mill,XD
20000,78.42,Welcome to Kowloon,"a1esska, Notex, N4bA, Admia","N4bA, Notex, a1esska, Admia"
50000,86.55,Hmmsim Metro,Jeminie Interactive,Jeminie Interactive
100000,91.63,My Brother Rabbit,Artifex Mundi,Artifex Mundi
50000,89.67,Critters for Sale,Sonoshee,Sonoshee
200000,73.19,The Whispered World Special Edition,Daedalic Entertainment,Daedalic Entertainment
100000,76.24,UNDYING - KINGDOM,Vanimals,"Skystone Games, Vanimals"
100000,86.76,Maniac,Transhuman Design,Skystone Games
50000,61.31,Darksburg,Shiro Games,Shiro Games
20000,87.31,Sunderfolk,Secret Door,Dreamhaven
20000,89.84,ROBOBEAT,Simon Fredholm,Kwalee
50000,73.71,Evil Bank Manager,Hamsters Gaming,Hamsters Gaming
20000,81.49,Decktamer,Horizon Edge,Assemble Entertainment
50000,84.58,CHAOS;HEAD NOAH,MAGES. Inc.,Spike Chunsoft Co. Ltd.
50000,61.26,Salt and Sacrifice,"Devoured Studios, Ska Studios",Ska Studios
20000,90.43,CRUEL,James Dornan,James Dornan
20000,88.67,CUCKOLD SIMULATOR: Life as a Beta Male Cuck,Team SNEED,Team SNEED
50000,84.23,Saleblazers,AIRSTRAFE INTERACTIVE,AIRSTRAFE INTERACTIVE
50000,74.94,Dawn of Defiance,Traega Entertainment,Fireshine Games
200000,72.31,Space Crew: Legendary Edition,Runner Duck,Curve Games
50000,51.87,ONE PUNCH MAN: A HERO NOBODY KNOWS,Spike Chunsoft Co. Ltd.,BANDAI NAMCO Entertainment
200000,72.17,Fallen Enchantress: Legendary Heroes,Stardock Entertainment,Stardock Entertainment
200000,77.05,Budget Cuts,Neat Corporation,"Neat Corporation, Creature Label"
1000000,66.49,Eador. Masters of the Broken World,Snowbird Games,Snowbird Games
100000,81.10,Lemon Cake,Cozy Bee Games,Cozy Bee Games
100000,79.78,Neon Drive,"Fraoula, Spiky Crumb",Fraoula
20000,90.10,Critter Cove,Gentleman Rat Studios,Gentleman Rat Studios
200000,73.34,Decay: The Mare,Shining Gate Software,Daedalic Entertainment
100000,82.78,Ideology in Friction,ONEONE1,Kagura Games
50000,73.68,MEMORIAPOLIS,5PM Studio,5PM Studio
100000,89.12,Cryptmaster,"Paul Hart, Lee Williams, Akupara Games",Akupara Games
200000,89.46,Sam & Max Save the World,Skunkape Games,Skunkape Games
100000,80.36,KeeperRL,Electric Succubi,Electric Succubi
20000,90.67,Super Amazing Wagon Adventure,sparsevector,sparsevector
100000,91.27,Islets,Kyle Thompson,Armor Games Studios
200000,51.09,AXYOS,Axyos Games,Axyos Games
50000,69.75,As Far As The Eye,Unexpected,"Goblinz Publishing, Maple Whispering Limited, Unexpected"
50000,87.40,ICBM,"SoftWarWare, K-Project",Slitherine Ltd.
20000,77.35,SAMURAI SHODOWN,SNK CORPORATION,SNK CORPORATION
50000,75.88,Genesis Noir,Feral Cat Den,Fellow Traveller
20000,88.63,Desktop Defender,Conradical Games,Poysky Productions
50000,82.18,Make America Great Again: The Trump Presidency,Maverick Game Studio,Three Guys Game Studio
50000,89.77,Kiwi Clicker - Juiced Up,Dimitri Kipper,Dimitri Kipper
100000,72.88,MY HERO ONE'S JUSTICE,Byking Inc.,BANDAI NAMCO Entertainment
50000,81.32,Azure Striker Gunvolt,INTI CREATES CO. Ltd.,INTI CREATES CO. Ltd.
100000,85.70,Vivid Knight,"Asobism.Co.,Ltd","Asobism.Co.,Ltd"
100000,83.20,NOT A HERO,Roll7,Devolver Digital
50000,64.70,My Island,SnowBaby Games,SnowBaby Games
2000000,73.39,FragPunk,Bad Guitar Studio,NetEase Games
50000,89.75,Overload,"Revival Productions, LLC","Revival Productions, LLC"
50000,91.22,Jet Island,Master Indie,Master Indie
200000,72.57,BROKE PROTOCOL,BROKE PROTOCOL,BROKE PROTOCOL
200000,84.07,Toki Tori,Two Tribes,Two Tribes Publishing
100000,78.20,SURV1V3,Candymakers,Candymakers
50000,80.63,ZEPHON,Proxy Studios,Proxy Studios
50000,85.18,Goodbye Volcano High,KO_OP,KO_OP
50000,80.72,Psalm 5:9-13,"N4bA, Notex, a1esska","N4bA, Notex, a1esska"
500000,88.44,Company of Heroes: Tales of Valor,Relic Entertainment,SEGA
20000,88.49,Happy's Humble Burger Farm,Scythe Dev Team,tinyBuild
100000,89.24,Corn Kidz 64,BogoSoft,BogoSoft
50000,85.67,Oik,Crew Lab,Crew Lab
100000,79.82,Another World – 20th Anniversary Edition,"Eric Chahi, DotEmu",The Digital Lounge
100000,88.38,"Braid, Anniversary Edition",Thekla Inc.,Thekla Inc.
200000,78.27,Volgarr the Viking,Crazy Viking Studios,Crazy Viking Studios
20000,85.66,The Adventures of Fei Duanmu 端木斐异闻录,致意,致意
20000,88.00,BIT.TRIP Presents... Runner2: Future Legend of Rhythm Alien,Gaijin Games,"Gaijin Games, Choice Provisions"
200000,75.79,Nuclear Dawn,"GameConnect, InterWave Studios",Iceberg Interactive
100000,84.15,Haydee 2,Haydee Interactive,Haydee Interactive
200000,40.56,Down To One,Gadget Games,My Way Games
50000,69.42,KILL la KILL -IF,"Arc System Works, APLUS Co. Ltd.",Arc System Works
500000,89.90,Hue,Fiddlesticks Games,Curve Games
100000,74.91,Tales & Tactics,Table 9 Studio,"Yogscast Games, Gamersky Games"
20000,60.69,Crown and Adventure,C3D Games,Luckycalf
200000,71.60,Of Orcs And Men,"Cyanide Studio, Spiders","Cyanide Studio, Nacon"
50000,83.89,Tunguska: The Visitation - Final Cut,Rotorist Workshop,Rotorist Workshop
200000,52.94,Smartphone Tycoon,Roastery Games,Roastery Games
20000,92.20,The House in Fata Morgana: A Requiem for Innocence,NOVECT,MangaGamer
100000,83.58,SPRAWL,MAETH,Kwalee
20000,78.16,Firefighting Simulator: Ignite,weltenbauer. Software Entwicklung GmbH,astragon Entertainment
20000,89.86,Kindergarten 3,"Con Man Games, Sean Young",SmashGames
50000,85.69,GRANDIA HD Remaster,"GAME ARTS Co. Ltd, Sickhead Games, LLC",GungHo Online Entertainment America Inc.
20000,75.28,Commandos: Origins,Claymore Game Studios,Kalypso Media
100000,76.17,Taboos: Cracks,DSGame,DSGame
20000,65.22,"Warhammer 40,000: Regicide",Hammerfall Publishing,Hammerfall Publishing
20000,66.38,Seafarer: The Ship Sim,astragon Development,astragon Entertainment
20000,89.47,Lucky Tower Ultimate,Studio Seufz,AMC Games
100000,70.79,The Hong Kong Massacre,VRESKI,Untold Tales
50000,65.40,Project Castaway,Mardonpol Inc.,Mardonpol Inc.
20000,81.41,Bloodshed,com8com1 Software,Headup
500000,85.45,Puzzle Agent,Telltale,Telltale
20000,83.07,Academy Love Saga: Tennis Angels EX,Tora Creatives,"Tora Creatives, Lewdonymous, Fantasize Games, Secret Labo"
20000,90.75,DEAD LETTER DEPT.,"Mike Monroe, Belief Engine",Belief Engine
20000,93.48,Sudocats,Devcats,Devcats
200000,67.73,RONIN,Tomasz Wacławek,Devolver Digital
100000,88.97,Mutilate-a-Doll 2,Rava Games,Rava Games
200000,85.85,Intrusion 2,Aleksei Abramenko,Aleksei Abramenko
100000,84.36,Winkeltje: The Little Shop,Sassybot,Sassybot
200000,79.57,Super Seducer : How to Talk to Girls,RLR Training Inc,RLR Training Inc
200000,85.40,Conquest of Elysium 5,Illwinter Game Design,Illwinter Game Design
100000,88.58,Dropsy,"Tendershoot, A Jolly Corpse",Devolver Digital
200000,87.88,Lakeview Cabin Collection,Roope Tamminen,Roope Tamminen
100000,66.35,RIOT: Civil Unrest,"Leonard Menchiari, IV Productions, Ivan Venturi Productions",Silver Lining Interactive
50000,88.42,Nyan Cat: Lost In Space,isTom Games Kft.,isTom Games Kft.
50000,78.58,CLICKOLDING,Strange Scaffold,"Strange Scaffold, Outersloth"
20000,90.62,Gnomes,DYSTOPIAN,"DYSTOPIAN, Gamersky Games"
50000,87.28,Pumping Simulator 2,Lance Games,Lance Games
100000,90.35,Chicken Police - Paint it RED!,The Wild Gentlemen,HandyGames
100000,77.74,Valakas Story,BRUTAL SOFTWARE,BRUTAL SOFTWARE
200000,93.20,Angel at Dusk,Akiragoya,"Henteko Doujin, Sanuk Inc."
50000,79.57,Drug Lord Tycoon,Duhndal,Duhndal
200000,81.47,DeadCore,5 Bits Games,5 Bits Games
100000,85.77,Forgotton Anne,Throughline Games,Throughline Games
100000,43.41,Fragmented,Above and Beyond Technologies,Above and Beyond Technologies
200000,75.42,Erica,Flavourworks,Flavourworks
200000,65.30,Omerta - City of Gangsters,Haemimont Games,Kalypso Media Digital
100000,81.64,Vagrus - The Riven Realms,Lost Pilgrims Studio,Lost Pilgrims Studios
100000,91.02,Battle Chef Brigade Deluxe,Trinket Studios,Trinket Studios
100000,72.77,Aeterna Noctis,Aeternum Game Studios S.L,Aeternum Game Studios S.L
100000,89.99,Stay Out of the House,Puppet Combo,Puppet Combo
50000,89.78,The Adventure of NAYU,ambai,ambai
100000,66.66,符文女孩/Rune Girl,AFOG,DSGame
500000,71.04,Legacy of Kain: Soul Reaver,Crystal Dynamics,Crystal Dynamics
100000000,67.30,Apex Legends™,Respawn,Electronic Arts
100000,88.74,Princess Maker 2 Refine,CFK Co. Ltd.,Bliss Brain
50000,71.80,Sixty Four,Oleg Danilov,Playsaurus
100000,76.65,InfraSpace,Dionic Software,Dionic Software
20000,91.03,Organized Inside,Meox Studio,Meox Studio
20000,83.46,The Walking Trade,Microwave Games,PlayWay S.A.
50000,93.52,Batman: Arkham City,Rocksteady Studios,Warner Bros. Interactive Entertainment
50000,83.32,Border Pioneer,Yahzj Games,"Yogscast Games, Gamersky Games"
20000,63.75,Daemon X Machina: Titanic Scion,Marvelous Inc.,"XSEED Games, Marvelous USA Inc., Marvelous Europe"
50000,74.21,Return from Core,顽核社 Funcore Club,"2P Games, Shochiku"
50000,79.66,Executive Assault 2,Hesketh Studios Ltd,Hesketh Studios Ltd
20000,86.54,City of Broken Dreamers: Book One,PhillyGames,PhillyGames
50000,55.18,Super Meat Boy Forever,Team Meat,Team Meat
200000,90.44,King of the Bridge,Finn Schuuring,Finn Schuuring
100000,69.83,Islands of Insight,Lunarch Studios,Behaviour Interactive Inc.
200000,79.19,Super Seducer 2 - Advanced Seduction Tactics,RLR Training Inc,RLR Training Inc
100000,75.91,Stellar Tactics,Don Wilkins,Maverick Games
200000,83.60,Knock-knock,Ice-Pick Lodge,Ice-Pick Lodge
50000,94.01,The Void Rains Upon Her Heart,Veyeral Games,The Hidden Levels
200000,84.31,Alien Hominid Invasion,The Behemoth,The Behemoth
500000,88.00,Minion Masters,BetaDwarf,BetaDwarf
200000,87.17,The Book of Unwritten Tales,KING Art,THQ Nordic
100000,47.60,Enforcer: Police Crime Action,Odin Game Studio,Excalibur Publishing
100000,47.88,Grand Ages: Medieval,Gaming Minds Studios,Kalypso Media Digital
200000,86.76,Hedon Bloodrite,Zan_HedonDev,Zan_HedonDev
20000,91.10,The Darkside Detective: A Fumble in the Dark,Spooky Doorway,Akupara Games
100000,90.81,坏小孩,WildMonkey,"WildMonkey, Gamirror Games"
20000,83.44,"This Ain’t Even Poker, Ya Joker",Mash,"Oro Interactive, Drillhounds"
200000,74.14,Gomo,Fishcow Studio,Daedalic Entertainment
50000,63.48,Earthfall,Holospark,Holospark
100000,87.39,APICO,"ellraiser, TNgineers",Whitethorn Games
100000,86.40,If Found...,DREAMFEEL,Annapurna Interactive
20000,90.66,恋爱吗？我家猫会后空翻,光循花火工作室,光循花火工作室
200000,76.58,Tom Clancy's Rainbow Six® Vegas,Ubisoft Montreal,Ubisoft
100000,81.11,Heads Will Roll: Reforged,1917 Studios,Valkyrie Initiative
100000,86.86,Solar 2,Murudai,Murudai
50000,89.05,Stardom 3,SOFTSTAR ENTERTAINMENT,SOFTSTAR ENTERTAINMENT
20000,79.05,Whispers from the Star,Anuttacon,Anuttacon
100000,90.89,Impossible Creatures Steam Edition,"Relic Entertainment, THQ Nordic",THQ Nordic
200000,44.22,Colin McRae Rally,Codemasters Digital,Codemasters
20000,90.00,Rock Simulator,vinoo,vinoo
100000,88.95,Showgunners,Artificer,Good Shepherd Entertainment
100000,76.14,Weapon Shop Fantasy,INDIECN,INDIECN
200000,82.84,Marvel's Guardians of the Galaxy: The Telltale Series,Telltale Games,Telltale Games
50000,79.34,KIDS,"Mario von Rickenbach, Michael Frei",Playables
100000,87.71,Thrive,Revolutionary Games Studio,Revolutionary Games Studio
50000,91.94,Higurashi When They Cry Hou - Ch.2 Watanagashi,07th Expansion,MangaGamer
100000,71.15,Richman 4,SOFTSTAR ENTERTAINMENT,SOFTSTAR ENTERTAINMENT
100000,67.71,上帝之城 I：监狱帝国 [City of God I - Prison Empire],Pixel Gangsta Studio,"Pixel Gangsta Studio, Flying Interactive"
50000,90.19,Multi Turret Academy,Yulia Games,"Yulia Games, Flashlight Games"
50000,75.79,Wild Woods,Octofox Games,Daedalic Entertainment
100000,83.91,Unrailed 2: Back on Track,Indoor Astronaut,"Indoor Astronaut, Kepler Ghost"
200000,68.75,Space Hulk,Full Control Studios,Full Control
50000,92.11,Zeepkist,Steelpan Interactive,Steelpan Interactive
100000,61.19,Industries of Titan,Brace Yourself Games,Brace Yourself Games
200000,53.69,WWE 2K18,"Visual Concepts, Yuke's Co. Ltd",2K
20000,85.92,STEINS;GATE ELITE,MAGES. Inc.,Spike Chunsoft Co. Ltd.
20000,84.63,LEGO® Voyagers,Light Brick Studio,Annapurna Interactive
200000,78.66,Star Saviors,Sharpened Edge Studios,Sharpened Edge Studios
20000,84.99,Cat's Kiss,"Narrator, STORIA","Narrator, Mango Party, Lewd Formosa"
200000,87.11,Mecha Knights: Nightmare,Damian Kubiak,Damian Kubiak
20000,86.81,I Can't Believe It's Not Gambling,Mutant Entertainment Studios,Mutant Entertainment Studios
20000,85.96,Homura Hime,Crimson Dusk,PLAYISM
200000,75.84,Spirit Hunters: Infinite Horde,Creature Cauldron,Creature Cauldron
50000,77.12,Ancient Warfare: The Han Dynasty,不秋草游戏工作室(Bamboo Games),方块游戏(CubeGame)
50000,90.04,Ancient Dungeon,Eric Thullen,Eric Thullen
100000,72.41,Above Snakes,Square Glade Games,Crytivo
50000,88.32,PAC-MAN WORLD Re-PAC,NOW PRODUCTION,Bandai Namco Entertainment
200000,85.58,Circle Empires Rivals,Luminous,Iceberg Interactive
50000,91.05,Freedom Planet 2,GalaxyTrail,GalaxyTrail
500000,77.09,Hover,"Midgar Studio, Fusty Game",Nacon
20000,89.37,Hush Hush - Only Your Love Can Save Them,Sad Panda Studios,Sad Panda Studios
20000,89.73,Skin Deep,Blendo Games,Annapurna Interactive
200000,84.00,Nosferatu: The Wrath of Malachi,Idol FX,Funbox Media Ltd
100000,72.59,Book of Travels,Might and Delight,Might and Delight
20000,92.89,Sorry We're Closed,à la mode games,Akupara Games
50000,92.21,异常 | Exception,Kunpo Games,Kunpo Games
50000,64.95,Motorcycle Mechanic Simulator 2021,Play2Chill S.A.,"PlayWay S.A., Play2Chill S.A."
50000,88.42,A Light in the Dark,"CreSpirit, STORIA, Narrator",Sekai Project
100000,60.31,Prospekt,SCT,SCT
100000,73.08,Rebel Cops,Weappy Studio,THQ Nordic
100000,75.49,State of Mind,Daedalic Entertainment,Daedalic Entertainment
200000,55.49,Shoppe Keep 2,Strange Fire,Excalibur Publishing
20000,72.82,Wall World 2,Alawar,Alawar
100000,68.21,METAL SLUG ATTACK RELOADED,SNK CORPORATION,SNK CORPORATION
100000,70.13,Builder Simulator,"Live Motion Games, Frozen Way","Live Motion Games, Frozen Way, Frozen District"
200000,80.79,Nomad Survival,The Fox Knocks,The Fox Knocks
200000,72.20,A New Beginning - Final Cut,Daedalic Entertainment,Daedalic Entertainment
100000,75.96,Voxel Tycoon,Voxel Tycoon,Voxel Tycoon
100000,88.91,D&D Lords of Waterdeep,Playdek Inc.,Playdek Inc.
50000,75.76,Die Young,IndieGala,IndieGala
20000,86.46,Dominions 6 - Rise of the Pantokrator,Illwinter Game Design,Illwinter Game Design
50000,82.89,SpellRogue,Guidelight Games,Ghost Ship Publishing
50000,82.33,Atlantic Fleet,Killerfish Games,Killerfish Games
200000,82.03,Desktop Kanojo,Neko Game,Neko Game
20000,85.15,The Wife Next Door,"雪山雞白郎, SnowGBL","Playmeow, Playmeow News"
100000,84.11,Crashday Redline Edition,Moonbyte,2tainment GmbH
20000,91.77,Angels with Scaly Wings™ / 鱗羽の天使,Radical Phi,Radical Phi
100000,72.61,Shadows: Awakening,Games Farm,Kalypso Media
50000,54.80,Re:Legend,Magnus Games Studio,505 Games
50000,91.47,Cogmind,Grid Sage Games,Grid Sage Games
20000,88.45,Cauldron,SleepyDad Games,Caketown Interactive
100000,72.48,Cooking Simulator VR,Big Cheese Studio,Big Cheese Studio
20000,85.08,Down in Bermuda,Yak & Co,Yak & Co
100000,73.57,Demolish & Build 2018,Noble Muffins,Demolish Games S.A.
50000,76.94,Slime 3K: Rise Against Despot,Konfa Games,tinyBuild
100000,84.07,Solium Infernum,League of Geeks,League of Geeks
50000,62.31,The Walking Dead: Saints & Sinners - Chapter 2: Retribution,Skydance Interactive,Skydance Interactive
50000,75.33,NALOGI,CUTE ANIME GIRLS,Tranquility games
50000,82.39,Bee Island,Lemma Arts,Lemma Arts
20000,91.25,DRAPLINE,"Vaka Game Magazine, KANAWO",Vaka Game Magazine
500000,83.72,Red Orchestra: Ostfront 41-45,Tripwire Interactive,Tripwire Interactive
100000,80.08,West Hunt,NewGen,Wandering Wizard
100000,80.23,Sakura Angels,Winged Cloud,Winged Cloud
100000,40.73,Titanfall­™,Respawn Entertainment,Electronic Arts
500000,81.50,Achievements printer,Easy game,Game for people
20000,80.58,TurretGirls,NANAIRO ENTERPRISE,"DANGEN Entertainment, Game Source Entertainment"
50000,71.51,Pine,Twirlbound,Kongregate
20000,90.21,Toree 3D,Siactro,Siactro
50000,92.22,Dog Brew,"Yuliy Oneshko, S-Grade","Yuliy Oneshko, S-Grade"
200000,85.36,Journey of a Roach,"Koboldgames, Daedalic Entertainment",Daedalic Entertainment
100000,85.67,Shantae and the Seven Sirens,WayForward,WayForward
200000,91.73,NoLimits 2 Roller Coaster Simulation,Ole Lange,O.L. Software
500000,81.25,Faeria,Abrakam Entertainment SA,"Versus Evil, tinyBuild"
100000,71.04,Kairo,Locked Door Puzzle,Lupus Studios Limited
200000,81.03,Bloodstained: Curse of the Moon 2,INTI CREATES CO. Ltd.,INTI CREATES CO. Ltd.
100000,68.97,Occult,Renderise,Renderise
200000,84.47,Colt Canyon,Retrific,Headup
100000,90.65,Stephen's Sausage Roll,increpare games,increpare games
20000,86.64,Grandpa High on Retro,Ashnell Games,Ashnell Games
500000,80.17,Manual Samuel - Last Tuesday Edition,Perfectly Paranormal,Curve Games
50000,83.36,Apsulov: End of Gods,Angry Demon Studio,Angry Demon Studio
100000,70.08,Alaloth: Champions of The Four Kingdoms,Gamera Interactive,"Gamera Interactive, Ancient Scroll"
100000,77.19,War Dust VR: 32v32 Battlefields,raptor lab,raptor lab
200000,89.79,Subsurface Circular,Bithell Games,Bithell Games
200000,63.74,Euro Fishing,Dovetail Games,Dovetail Games
20000,79.67,Garten of Banban 7,Euphoric Brothers,Euphoric Brothers
100000,80.19,Fobia - St. Dinfna Hotel,Pulsatrix Studios,Maximum Entertainment
100000,66.37,Only Up: With Friends,NoGlyph Games,NoGlyph Games
200000,83.63,Oddworld: Stranger's Wrath HD,Oddworld Inhabitants,Oddworld Inhabitants
100000,83.76,Grim Nights,Edym Pixels,Edym Pixels
100000,60.96,Stay Close,Blind Bird,Blind Bird
100000,88.38,Bleed,Ian Campbell,Ian Campbell
100000,88.10,Max Gentlemen Sexy Business!,The Men Who Wear Many Hats,The Men Who Wear Many Hats
100000,52.19,Deadliest Catch: The Game,4Fishing,Ultimate Games S.A.
200000,67.85,Vanguard Princess,Tomoaki Sugeno,eigoMANGA
20000,92.53,The Chef's Shift,Panitia GameDev,Catoptric Games
20000,79.95,Noobs Are Coming,Overboy,Overboy
50000,91.55,From Glory To Goo,Stratagem Blue,Stratagem Blue
20000,74.65,Under the Sand REDUX - a road trip simulator,IndieMax,IndieMax
50000,81.85,River City Girls 2,WayForward,"WayForward, Arc System Works"
50000,78.53,Into The Flames,Fully Involved Game Studios,PlayWay S.A.
100000,72.62,Cross Blitz,Tako Boy Studios LLC,"The Arcade Crew, Gamirror Games"
50000,78.88,G.O.P.O.T.A,"VD Games, PropilGames",VD Games
20000,84.11,Eternal Strands,Yellow Brick Games,Yellow Brick Games
20000,83.89,Tormented Souls 2,Dual Effect,PQube
200000,69.55,Revolution Ace,"Laser Guided Games, LLC","Laser Guided Games, LLC"
200000,70.97,1954 Alcatraz,"Daedalic Entertainment, Irresponsible Games",Daedalic Entertainment
50000,92.03,14 Minesweeper Variants,"Alith Games, Artless Games",Artless Games
100000,58.94,Saurian,"Urvogel Games, LLC","Urvogel Games, LLC"
100000,87.96,Kingsway,Andrew Morrish,Andrew Morrish
200000,85.66,Save Jesus,Almighty Games,My Way Games
100000,87.11,Disgaea 2 PC,Nippon Ichi Software Inc.,NIS America Inc.
200000,82.34,Edna & Harvey: The Breakout,Daedalic Entertainment,Daedalic Entertainment
200000,75.68,In Verbis Virtus,Indomitus Games,Indomitus Games
20000,85.18,Toilet Chronicles,Madi Abdykarimov,Bomi Games
50000,81.10,Project Nimbus: Complete Edition,"GameCrafterTeam, GameTomo Co. Ltd.",GameTomo Co. Ltd.
100000,82.45,Rebuild 3: Gangs of Deadsville,"Northway Games, Sarah Northway",Northway Games
200000,71.06,Good Company,Chasing Carrots,Chasing Carrots
100000,91.12,Super House of Dead Ninjas,Megadev,Bitmap Bureau
50000,91.75,Tyrion Cuthbert: Attorney of the Arcane,Diamondhenge Entertainment,Diamondhenge Entertainment
200000,81.24,Duck Season,Stress Level Zero,Stress Level Zero
100000,85.07,BloodRayne: Terminal Cut,Terminal Reality,Ziggurat
200000,89.90,Oddworld: Abe's Exoddus®,Oddworld Inhabitants,Oddworld Inhabitants
20000,93.25,420BLAZEIT 2: GAME OF THE YEAR -=Dank Dreams and Goated Memes=- [#wow/11 Like and Subscribe] Poggerz Edition,Normal Wholesome Games,Normal Wholesome Games
200000,87.16,FIGHT KNIGHT,Team Sorcerobe,Team Sorcerobe
100000,88.19,Pocket Mirror ~ GoldenerTraum,"AstralShift, VisuStella",KOMODO
50000,77.06,THE KING OF FIGHTERS '97 GLOBAL MATCH,"SNK CORPORATION, Code Mystics",SNK CORPORATION
20000,69.80,NASCAR 25,"iRacing.com Motorsport Simulations, LLC","iRacing.com Motorsport Simulations, LLC"
50000,61.88,Survisland / 实境求生,Super Trampers Studio,Easy Joy Ltd.
50000,91.29,The Ditzy Demons Are in Love With Me,SMILE,Sekai Project
50000,77.57,NBA 2K Playgrounds 2,Saber Interactive,2K
20000,91.35,How to Train Your Cock,Little Horror Studios,Little Horror Studios
50000,89.48,Baldr Sky,Sekai Project,Sekai Project
100000,79.37,Environmental Station Alpha,"Arvi Teikari, Roope Mäkinen",Hempuli Oy
100000,88.70,노베나 디아볼로스,H5DEV Games,H5DEV Games
50000,80.76,Tiny Combat Arena,"Why485, MicroProse Software",MicroProse Software
20000,91.87,Lost and Found Co.,Bit Egg Inc.,"Bit Egg Inc., Gamirror Games"
50000,67.40,Backrooms Rec.,Liminal Logic,Liminal Logic
200000,83.22,Nex Machina,Housemarque,Housemarque
100000,81.81,Fishing Adventure,MasterCode,Ultimate Games S.A.
50000,89.28,[Chilla's Art] Parasocial | パラソーシャル,Chilla's Art,Chilla's Art
200000,71.73,No-brainer Heroes 挂机吧！勇者,小团团工作室,小团团工作室
20000,89.45,Trap Shrine,No Strike,Eroge Japan
50000,91.16,The Inn-Sanity,Steppe Hare Studio,Steppe Hare Studio
100000,68.74,Storage Hustle,Broken Clock,Broken Clock
200000,68.64,Disney•Pixar Toy Story 3: The Video Game,Avalanche Software,Disney
200000,73.00,Orwell: Ignorance is Strength,Osmotic Studios,Daedalic Entertainment
100000,70.90,Never Return,YeMuNetWork,Cyberisle
200000,91.30,RetroMaze,"Durven Studios, BrazMonkey Studio",Durven Studios
200000,59.15,hack_me,"Egor Magurin, Eugene Radaev",Indovers Studio
200000,86.59,The Jackbox Party Pack,Jackbox Games Inc.,Jackbox Games Inc.
20000,87.28,Lushfoil Photography Sim,Matt Newell,Annapurna Interactive
20000,66.18,City Transport Simulator®,ViewApp,ViewApp
50000,76.81,Havendock,YYZ Studio,"Pretty Soon, IndieArk"
200000,63.81,Legends of Kingdom Rush,Ironhide Game Studio,Ironhide Game Studio
100000,93.21,Orbo's Odyssey,"Feverdream Johnny, drurylain",Feverdream Softworks
50000,91.54,POPGOES Arcade,Kane Carter,Clickteam
20000,88.82,Sand:box,smellymoo,smellymoo
50000,79.84,Disciples II: Gallean's Return,Strategy First,Strategy First
100000,90.70,Four Last Things,Joe Richardson,Akupara Games
200000,78.14,Scania Truck Driving Simulator,SCS Software,SCS Software
50000,92.09,Yellow Taxi Goes Vroom,Panik Arcade,"Xelu, Those Awesome Guys"
200000,78.40,Obscure II (Obscure: The Aftermath),Hydravision Entertainment,Mighty Rocket Studio
50000,71.23,Persona 5 Tactica,ATLUS,SEGA
200000,73.97,Galaxy on Fire 2™ Full HD,Fishlabs Entertainment GmbH,bitComposer Games
100000,81.20,Sairento VR,"Mixed Realms Pte Ltd, Swag Soft Holdings Pte Ltd",Mixed Realms Pte Ltd
50000,81.60,WW2 Rebuilder,Madnetic Games,"Madnetic Games, PlayWay S.A."
100000,70.43,Truberbrook / Trüberbrook,btf,Headup
50000,70.30,GunSoul Girl,MoeGame,HyperStar Group
100000,90.05,A Monster's Expedition,Draknek & Friends,Draknek & Friends
100000,71.67,Golfing Over It with Alva Majo,Majorariatto,Majorariatto
50000,84.62,Dreamcore,Montraluz,Tlön Industries
200000,74.28,Sixtieth Kilometer,Talentplace,KishMish Games
20000,87.11,Talented,TurtleFox Games,TurtleFox Games
100000,87.85,Blue Estate The Game,HE SAW,HE SAW
500000,68.15,Tharsis,Choice Provisions,Choice Provisions
50000,68.53,Anvil Saga,Pirozhok Studio,HeroCraft PC
100000,77.47,Power Rangers: Battle for the Grid,nWay Inc,nWay Inc
100000,59.51,The Last Haven,Thunder Devs.,Thunder Devs.
20000,91.51,Handyman Fantasy,SupaShinKen Studio,SupaShinKen Studio
200000,77.37,Event[0],Ocelot Society,"Ocelot Society, Tohu Bohu Games"
50000,92.24,KunKunNight,EMSRoy,EMSRoy
50000,69.95,Football Life Simulator,Ludu Arts,Ludu Arts
200000,93.15,Higurashi When They Cry Hou - Ch.1 Onikakushi,07th Expansion,"MangaGamer, Sunflower Ocean"
100000,73.95,Accident,"Duality Games, Spirit Games Studio","Duality Games, PlayWay S.A., HeartBeat Games"
50000,86.42,IS Defense,Destructive Creations,Destructive Creations
50000,79.33,CUSTOM ORDER MAID 3D2 It's a Night Magic,KISS,S-court
50000,85.20,Orb of Creation,MarpleGames,MarpleGames
100000,82.52,Merchant of the Skies,Coldwild Games,Coldwild Games
200000,90.79,The Jackbox Party Pack 2,Jackbox Games Inc.,Jackbox Games Inc.
200000,74.57,Big Pharma,Twice Circled,Positech Games
20000,70.76,MILF's Plaza,Texic,TopHouse Publishing
50000,82.12,Supercar Collection Simulator,Kiki Games,Kiki Games
20000,70.15,STORROR Parkour Pro,Hole in the Sleeve Game Studios,Hole in the Sleeve Game Studios
50000,89.36,Obenseuer,Loiste Interactive,Loiste Interactive
200000,72.38,Summer in Mara,Chibig,Chibig
50000,56.08,Dakar Desert Rally,Saber Porto Ltd.,Saber Interactive
20000,85.12,Sword of the Sea,Giant Squid,Giant Squid
50000,69.81,Shan Gui (山桂),Magenta Factory,Ju Cai
20000,87.98,Bits & Bops,Tempo Lab Games,Tempo Lab Games
100000,65.38,Groove Coaster,TAITO CORP.,"KOMODO, TAITO CORP."
20000,90.06,Worldless,Noname Studios,Coatsink
100000,66.09,From Space,Triangle Studios,Curve Games
50000,87.26,Doors: Paradox,Big Loop Studios,Snapbreak
20000,89.64,Butcher's Creek,David Szymanski,David Szymanski
20000,91.62,Parking Garage Rally Circuit,Walaber Entertainment LLC,Walaber Entertainment LLC
20000,80.53,Workplace Fantasy,HappyCreator,HappyCreator
20000,90.79,Friendship with Benefits,TwistedScarlett60,TwistedScarlett60
20000,91.92,Vital Shell,MarvinWizard,MarvinWizard
200000,72.96,Shark Attack Deathmatch 2,Lighthouse Games Studio,Lighthouse Games Studio
20000,93.29,Pipistrello and the Cursed Yoyo,Pocket Trap,PM Studios Inc.
20000,81.50,Vietnam War,Thorium Game Lab,Thorium Game Lab
50000,81.90,Hollowbody,Headware Games,Headware Games
100000,79.80,Unforgiving - A Northern Hymn,Angry Demon Studio,Angry Demon Studio
200000,82.13,Time Walker: Dark World,Heartfun,"Leyo Games, 2P Games"
20000,75.51,Dreams of Desire: Definitive Edition,Lewdlab,Lewdlab
200000,70.17,Driftland: The Magic Revival,Star Drifters,Star Drifters
100000,82.41,Delicious! Pretty Girls Mahjong Solitaire,Zoo Corporation,Zoo Corporation
100000,72.47,Distant Worlds: Universe,Code Force,Slitherine Ltd.
200000,62.98,Crypto Mining Simulator,Satosha Nakamoti,Satosha Nakamoti
50000,55.11,Truck Life,惊叹号游戏工作室,惊叹号游戏工作室
20000,83.26,Sixtar Gate: STARTRAIL,Starlike Inc.,"Starlike Inc., Smilegate"
20000,67.32,Call to Arms: Panzer Elite,Digitalmindsoft,Digitalmindsoft Publishing
50000,93.84,Super Lesbian Animal RPG,ponett,ponett
100000,68.01,Rogue Lords,"Leikir Studio, Cyanide Studio",Nacon
100000,75.96,Nebuchadnezzar,Nepos Games,Astra Logical
100000,83.35,The Light Remake,Носков Сергей,Носков Сергей
20000,89.44,Zueirama,Memes Games,Memes Games
50000,82.38,ANIME STANDING,Konnichiwa Games,Konnichiwa Games
50000,87.20,Spirit Island,Handelabra Games Inc.,Handelabra Games Inc.
50000,74.82,Under The Waves,Parallel Studio,Spotlight by Quantic Dream
50000,81.02,Motel Manager Simulator,Denzone Games,Denzone Games
20000,91.26,Utawarerumono: Mask of Truth,AQUAPLUS,"DMM GAMES, Shiravune"
100000,79.15,bit Dungeon II,Kinto Games LLC,Kinto Games LLC
20000,84.58,Tavern Talk - A Cozy Visual Novel,Gentle Troll Entertainment,Gentle Troll Entertainment
20000,85.71,Who's at the door?,SKONEC Entertainment,SKONEC Entertainment
20000,91.03,Love at First Sight,Creepy Cute,Sekai Project
20000,90.39,Football Coach: College Dynasty,Coach Apps,Coach Apps
100000,83.03,Stardeus,Kodo Linija,Paradox Arc
100000,76.92,Green Project,"Zerone Games, Dawson Dewulf",Zerone Games
200000,73.75,Proteus,Ed Key and David Kanaga,Twisted Tree
500000,36.24,Despair,AGC,AGC
50000,89.71,Last Train Outta' Wormtown,Get(Color) Games,Get(Color) Games
200000,73.65,Seven: Enhanced Edition,"IMGN.PRO, Fool's Theory",IMGN.PRO
100000,65.81,Interstellar Rift,Split Polygon,Iceberg Interactive
50000,61.97,Train Life: A Railway Simulator,Simteract,Nacon
20000,86.72,Instruments of Destruction,Radiangames,Secret Mode
20000,82.92,Anomalous Coffee Machine,HoruBrain Interactive,Hexapede Games
200000,82.21,Ultimate Zombie Defense,Terror Dog Studio,Terror Dog Studio
200000,84.67,Ascension: Deckbuilding Game,Playdek Inc.,Playdek Inc.
50000,85.25,Rusted Moss,"faxdoc, happysquared, sunnydaze",PLAYISM
200000,87.15,Westerado: Double Barreled,Ostrich Banditos,Ostrich Banditos
100000,86.76,Dark Deity 2,Sword & Axe LLC,"indie.io, Smilegate, Gamepoch"
20000,91.62,Undusted: Letters from the Past,5minlab Corp.,Toge Productions
20000,90.03,Is this Game Trying to Kill Me?,Stately Snail,Stately Snail
50000,82.54,High Hell,"Terri Vellmann, Doseone",Devolver Digital
50000,42.94,Beer Factory,MyceliumGames,MyceliumGames
50000,73.03,Where the Water Tastes Like Wine,"Dim Bulb Games, Serenity Forge",Good Shepherd Entertainment
50000,91.75,Mushihimesama,"CAVE Interactive CO.,LTD.",KOMODO
20000,84.59,Forefront,Triangle Factory,Triangle Factory
10000000,77.87,SMITE®,Titan Forge Games,Hi-Rez Studios
50000,86.30,Lorelai,Harvester Games,Screen 7
20000,86.41,WolfQuest: Classic,eduweb,eduweb
100000,52.18,电竞俱乐部/ESports Club,"Hangzhou Xinlan Network Technology Co.,Ltd.","Hangzhou Xinlan Network Technology Co.,Ltd."
20000,83.34,Garten of Banban 8: Anti Devil,Euphoric Brothers,Euphoric Brothers
500000,74.82,Superbrothers: Sword & Sworcery EP,"Capybara, Superbrothers, Jim Guthrie",Capybara Games
100000,75.47,Crossing Souls,Fourattic,Devolver Digital
20000,86.51,Who Needs a Hero?,"Henrique Faitta Chitolina, Pidro Soft",Baby Stone Studios
50000,92.68,9-nine-:Episode 4,PALETTE,Sekai Project
50000,80.03,Cold Fear™,Darkworks,Ubisoft
200000,72.34,Always Sometimes Monsters,Vagabond Dog,Vagabond Dog
50000,82.96,Beat Hazard 2,Cold Beam Games,Cold Beam Games
100000,73.19,Legends of Eisenwald,Aterdux Entertainment,Aterdux Entertainment
20000,86.51,Restaurats,toR Studio,Polden Publishing
100000,72.61,BZZZT,KO.DLL,CINEMAX GAMES
50000,90.94,Roman's Christmas / 罗曼圣诞探案集,SelfCrop Studio,"FawnGame , Milk Bottle Studio"
200000,78.08,Oblivity - Find your perfect Sensitivity,Poly Games,Poly Games
200000,70.30,Game of Thrones,Cyanide Studios,Cyanide Studios
50000,87.18,Make Way,Ice BEAM,Secret Mode
50000,92.54,Cattails: Wildwood Story,Falcon Development,Falcon Development
20000,83.94,Tomb Raider IV-VI Remastered,"Aspyr, Crystal Dynamics",Aspyr
20000,80.28,Touhou Ibunseki - Ayaria Dawn: ReCreation,Team L.U.R.Id Glow,Team L.U.R.Id Glow
100000,72.94,Dungeon Tycoon,Lunheim Studios,"Goblinz Publishing, Maple Whispering Limited"
100000,20.81,Kinetic Void,Badland Studio,Badland Studio
20000,60.05,Cheaters Cheetah,Acmore Games,Acmore Games
200000,71.21,Chasm,Bit Kid Inc.,Bit Kid Inc.
20000,86.73,Fischer's Fishing Journey,Cutefish,Gamersky Games
20000,85.02,Trash Goblin,Spilt Milk Studios Ltd,Spilt Milk Studios Ltd
20000,85.23,GearCity,Visual Entertainment And Technologies,Visual Entertainment And Technologies
50000,79.44,SUPER DRAGON BALL HEROES WORLD MISSION,"Dimps Corporation, SAFARI GAMES Co. Ltd.",BANDAI NAMCO Entertainment
20000,89.49,Cat in the Box,Gustav,Gustav
1000000,79.90,Darwin Project,Scavengers Studio,Scavengers Studio
20000,68.81,The NOexistenceN of Morphean Paradox : The Forest of Silver Shallots,0x0Real Studio,Nino Games
50000,81.35,Command: Modern Operations,Command Development Team,Matrix Games
50000,70.74,Chef: A Restaurant Tycoon Game,Innervoid Interactive,Digital Tribe
50000,72.63,The Last Starship,Introversion Software,Introversion Software
20000,86.62,Robolife-Days with Aino,Barance Studio,"Critical Bliss, Mango Party"
50000,78.42,Lost2,DSGame,DSGame
200000,77.69,Blood Bowl: Chaos Edition,Cyanide Studios,Cyanide Studios
100000,81.21,Zup! XS,Quiet River,Quiet River
1000000,65.35,Woodle Tree Adventures,Fabio Ferrara,Chubby Pixel
200000,71.51,King's Bounty: Dark Side,Fulqrum Publishing,Fulqrum Publishing
500000,94.30,Cube Escape: Paradox,Rusty Lake,Rusty Lake
100000,43.28,Mod and Play,bucikpro,bucikpro
200000,84.77,realMyst: Masterpiece Edition,Cyan Worlds Inc.,Cyan Worlds Inc.
200000,62.25,PRO EVOLUTION SOCCER 2018,Konami Digital Entertainment Co. Ltd.,Konami Digital Entertainment
200000,86.78,Lovely Planet,quicktequila,tinyBuild
100000,77.79,Evoland Legendary Edition,Shiro Games,Shiro Games
200000,86.77,Sakura Dungeon,Winged Cloud,Winged Cloud
200000,87.77,OPUS: Rocket of Whispers,SIGONO INC.,SIGONO INC.
20000,90.37,Umineko When They Cry - Answer Arcs,07th Expansion,MangaGamer
200000,79.91,Europa Universalis III Complete,Paradox Development Studio,Paradox Interactive
20000,87.31,Minecraft: Story Mode - Season Two,Telltale Games,Telltale Games
200000,85.80,Blitzkrieg Anthology,Nival,Nival
20000,84.84,Glory & Miserable Survivors DX,TLACHTLI,"Mango Party, Mango Party News"
200000,81.88,Deadly Days,Pixelsplit,Pixelsplit
50000,91.52,Pictopix,Tomlab Games,Tomlab Games
20000,91.74,Tametsi,Grip Top Games,Grip Top Games
20000,69.01,EverSiege: Untold Ages,Tindalos Interactive,Dear Villagers
50000,82.48,Leisure Suit Larry - Wet Dreams Don't Dry,CrazyBunch,Assemble Entertainment
100000,85.19,Garden Story,Picogram,Rose City Games
20000,91.78,Tribal Hunter,Melonsoda Soft,Melonsoda Soft
100000,78.74,Ocean's Heart,Max Mraz,Nordcurrent Labs
20000,90.66,Cat Bait,Mayni prod.,Mayni prod.
100000,55.41,江湖客栈-The Jianghu,『風林火山』工作室,Path
200000,88.90,Whispers of a Machine,"Clifftop Games, Faravid Interactive",Raw Fury
100000,86.95,Ooblets,Glumberland,Glumberland
100000,87.66,Spark the Electric Jester,Feperd Games,Feperd Games
50000,79.34,Noble Fates,"Xobermon, LLC","Xobermon, LLC"
200000,77.62,No Umbrellas Allowed,Hoochoo Game Studios,Hoochoo Game Studios
50000,88.21,Timeflow – Life Sim,Digital Geckos,Digital Geckos
100000,69.53,Running Through Russia,Spell Helix,Spell Helix
100000,85.72,Endless Alice,"HowlingRain, 台灣響雨互娛, 響雨@OSAKA","HowlingRain, 台灣響雨互娛, 響雨@OSAKA"
200000,75.42,Randal's Monday,Nexus Game Studios,Daedalic Entertainment
20000,82.99,BM General Hospital,zzzgame,zzzgame
20000,50.79,Days of War: Definitive Edition,Driven Arts,Driven Arts
20000,85.05,Just King,VISH,"VISH, IndieArk"
20000,86.88,Faerie Solitaire,Subsoap,Subsoap
50000,78.00,Landlord's Super,Minskworks,Yogscast Games
20000,72.91,Resist the succubus—The end of the female Knight,BoRoBoRoGame,BoRoBoRoGame
200000,82.19,My Little Universe,Estoty,SayGames
20000,67.24,Source of Madness,Carry Castle,Thunderful Publishing
100000,88.27,Farlands,"JanduSoft, Eric Rodríguez","JanduSoft, Anotherindie"
200000,80.21,Crisis in the Kremlin,Nostalgames,Nostalgames
200000,84.64,Toy Soldiers,Signal Studios,Signal Studios
20000,90.24,Tiny Terry's Turbo Trip,snekflat,Super Rare Originals
20000,82.15,Card Shop Simulator Multiplayer,ShaneGame,ShaneGame
50000,76.80,Microcivilization,Ondrej Homola,Ondrej Homola
200000,83.32,The Dream Machine: Chapter 1 & 2,Cockroach Inc.,The Sleeping Machine
200000,66.16,NecroVision,The Farm 51,Fulqrum Publishing
200000,72.96,Out There: Ω Edition,"Mi-Clos Studio, FibreTigre","Mi-Clos Studio, WhisperGames, Fractale"
200000,53.80,Mobile Empire,Shanghai huan zhen Info Tech Ltd,XD
100000,82.57,SIMULACRA 2,Kaigan Games,Neon Doctrine
100000,79.12,Amanda the Adventurer 2,MANGLEDmaw Games,DreadXP
20000,63.07,Rue Valley,Emotion Spark Studio,Owlcat Games
100000,82.94,Embr,Muse Games,Curve Games
200000,90.22,EXAPUNKS,Zachtronics,Zachtronics
50000,71.61,VR Dungeon Knight,Blackjard Softworks,Wolfdog Interactive
500000,76.54,Jagged Alliance 2 - Wildfire,I-deal Games,Topware Interactive
200000,85.77,Scoot,Seafront Games,Seafront Games
100000,83.18,Go! Go! Nippon! ~My First Trip to Japan~,OVERDRIVE,MangaGamer
20000,81.70,The Great Villainess: Strategy of Lily,"Alliance Arts, One or Eight, WSS Playground",Alliance Arts
200000,76.77,Project Lazarus,Terapoly,Terapoly
20000,91.50,Super Woden: Rally Edge,ViJuDa,ViJuDa
50000,85.80,"That Dragon, Cancer",Numinous Games,Numinous Games
20000,82.89,ERA ONE,Team Complex LTD,Team Complex LTD
1000000,81.69,Serial Cleaner,Draw Distance,Curve Games
200000,67.42,Werewolf: The Apocalypse - Earthblood,Cyanide Studio,Nacon
20000,66.18,Hashiriya Drifter-Online Drift Racing Multiplayer (DRIFT/DRAG/RACING),Midnight Games,Midnight Games
100000,66.91,Thief Simulator VR,GameBoom VR,PlayWay S.A.
200000,40.04,XIII,PlayMagic,Microids
50000,84.77,Topple Tactics,Braian Strak,Tewtiy
20000,94.14,Aokana - Four Rhythms Across the Blue - EXTRA2,"sprite, NekoNyan Ltd.","NekoNyan Ltd., HIKARI FIELD"
200000,80.84,Serious Sam VR: The Last Hope,Croteam VR,"Devolver Digital, Croteam"
200000,69.65,Camera Obscura,Anteater Games,"Anteater Games, BindleBot"
20000,55.52,The Midnight Walkers,Oneway Ticket Studio,Oneway Ticket Studio
20000,92.54,Dogs Organized Neatly,DU&I,DU&I
50000,81.03,Bulwark: Falconeer Chronicles,Tomas Sala,Wired Productions
20000,81.93,Outhold,Tellus Games,Tellus Games
20000,73.26,Train Sim World® 6,Dovetail Games,Dovetail Games - TSW
200000,79.66,Urban Trial Freestyle,Tate Multimedia,Tate Multimedia
20000,93.40,Beastieball,Wishes Ultd.,Klei Publishing
50000,77.10,STORY OF SEASONS: Pioneers of Olive Town,Marvelous Inc.,"XSEED Games, Marvelous USA Inc., Marvelous Europe"
50000,77.30,TRADESMAN: Deal to Dealer,AZAMATIKA,AZAMATIKA
50000,81.20,Reflex Arena,Turbo Pixel Studios,Turbo Pixel Studios
20000,87.24,Supraworld,Supra Games,Supra Games
20000,88.58,Mundaun,Hidden Fields,Annapurna Interactive
50000,87.45,Sakura Hime,GirlGames,GirlGames
20000,77.70,Overlooting,Posing Possums,Posing Possums
100000,92.06,Kinkoi: Golden Loveriche,Saga Planets,"NekoNyan Ltd., HIKARI FIELD"
20000,57.08,Port Royale 4,Gaming Minds,Kalypso Media
20000,83.34,OPUS: The Day We Found Earth,SIGONO INC.,SIGONO INC.
100000,50.03,梦江湖,侠客工作室,侠客工作室
100000,87.91,Bot Vice,DYA Games,DYA Games
50000,91.39,Commando Collection,Macrojoy,Macrojoy
100000,85.74,64.0,rebel rabbit,rebel rabbit
50000,80.13,Miss Neko: Pirates,Orangeee,Toffee Cafe
200000,87.73,Boson X,"Ian MacLarty, Jon Kerney",Shape Shop
20000,88.66,Furry Aim Trainer,Pantsu Productions,Pantsu Productions
100000,85.27,Ys VI: The Ark of Napishtim,Nihon Falcom,"XSEED Games, Marvelous USA Inc."
100000,72.25,The Stillness of the Wind,"Memory of God, Lambic Studios",Fellow Traveller
200000,77.43,MX vs ATV All Out,Rainbow Studios,THQ Nordic
50000,89.27,KILL IT WITH FIRE! 2,Casey Donnellan Games LLC,tinyBuild
50000,88.97,Mosaique Neko Waifus 5,Lil Hentai Games,Lil Hentai Games
50000,88.52,Hitler is my crush,DarkLight Studio,DarkLight Studio
20000,85.53,The Shadow of Yidhra,WhitePeach,WhitePeach
50000,85.97,Corpse Party (2021),MAGES.,"XSEED Games, Marvelous USA Inc."
100000,86.12,LUNA The Shadow Dust,Lantern Studio,"Coconut Island Games, Application Systems Heidelberg"
20000,78.87,Necrobarista,Route 59,"Route 59, Coconut Island Games, PLAYISM"
100000,80.92,Enigmatis: The Ghosts of Maple Creek,Artifex Mundi,Artifex Mundi
20000,56.78,AEW: Fight Forever,YUKE'S,"THQ Nordic, All Elite Wrestling, LLC"
20000,81.11,True Love ～Confide to the Maple～,SP-time,SP-time
100000,77.93,Foregone,Big Blue Bubble,Big Blue Bubble
50000,85.55,PewDiePie: Legend of the Brofist,Outerminds Inc.,Outerminds Inc.
100000,85.27,The Blackwell Legacy,Wadjet Eye Games,Wadjet Eye Games
100000,85.55,Pesterquest,What Pumpkin Games Inc.,Fellow Traveller
20000,72.07,BOKURA: planet,tokoronyori,Kodansha
100000,73.52,TramSim Vienna - The Tram Simulator,ViewApp,Aerosoft GmbH
50000,90.40,Capybara Spa,Cozy Bee Games,Cozy Bee Games
20000,66.95,AirportSim,"MS GAMES, MK STUDIOS",Iceberg Interactive
100000,58.03,The Long Journey Home,Daedalic Studio West,Daedalic Entertainment
100000,79.84,Breachers™,Triangle Factory,Triangle Factory
50000,87.79,Coffee Caravan,Broccoli Games,Broccoli Games
50000,67.60,KAMITSUBAKI CITY ENSEMBLE,"KAMITSUBAKI STUDIO, Studio Lalala","KAMITSUBAKI STUDIO, Studio Lalala"
200000,63.76,Mineirinho Director's Cut,Sinned Games,Sinned Games
200000,76.69,Oceanhorn: Monster of Uncharted Seas,Cornfox & Brothers Ltd.,Cornfox & Brothers Ltd.
100000,69.42,WRC 5 FIA World Rally Championship,KT Racing,Nacon
200000,67.73,YUMENIKKI -DREAM DIARY-,"KADOKAWA CORPORATION, Active Gaming Media Inc.",PLAYISM
100000,71.57,Munchkin Digital,Dire Wolf,Dire Wolf
20000,86.02,"El Paso, Elsewhere",Strange Scaffold,Strange Scaffold
100000,87.18,Synth Riders,Kluge Interactive,Kluge Interactive
50000,88.27,Isles of Sea and Sky,Cicada Games,"Cicada Games, Gamirror Games"
200000,71.44,Dungeon Souls,Lamina Studios,Lamina Studios
50000,87.99,MewnBase,Cairn4,Cairn4
100000,85.96,Game Dev Story,"Kairosoft Co.,Ltd","Kairosoft Co.,Ltd"
20000,92.40,Proverbs,Mark Ffrench,Divide The Plunder
50000,63.60,Car Manufacture,STEREO GAMES S.A.,PlayWay S.A.
200000,86.60,King's Quest,The Odd Gentlemen,"Sierra, Activision"
100000,88.07,PAC-MAN 256,"BANDAI NAMCO Studios Vancouver, Hipster Whale, 3 Sprockets",BANDAI NAMCO Entertainment
200000,89.63,Assault Android Cactus+,Witch Beam,Witch Beam
20000,90.23,Stone Simulator – Just Be a Rock,STFGames,STFGames
100000,78.30,"Please, Don't Touch Anything 3D","Escalation Studios, Four Quarters",ForwardXP
50000,61.18,TRIBES 3: Rivals,Prophecy Games,Prophecy Games
20000,87.55,Snow Daze: The Music of Winter Special Edition,Outbreak Games,Critical Bliss
100000,70.75,City of Gangsters,SomaSim,Kasedo Games
1000000,71.39,MOBIUS FINAL FANTASY™,Square Enix,Square Enix
50000,78.90,Sir Whoopass™: Immortal Death,Atomic Elbow,Atomic Elbow
20000,73.54,LOLLIPOP!,"430Games, __Ja__ga__imo__",430Games
500000,84.43,Figment,Bedtime Digital Games,Bedtime Digital Games
50000,91.09,東方幕華祭 TouHou Makuka Sai ~ Fantastic Danmaku Festival,東方幕華祭制作组,"東方幕華祭制作组, Starship Studio"
50000,61.93,Ruinarch,Maccima Games LLC,Squeaky Wheel Studio Inc
200000,76.20,The Underground Man,Mehsoft,Mehsoft
500000,75.19,TOXIKK™,Reakktor Studios,Schwiezer System GmbH
20000,80.72,Shadow Empire,VR Designs,Matrix Games
200000,68.03,Bounty Train,Corbie Games,Daedalic Entertainment
20000,90.39,AETHUS,Pawsmonaut Games,Pawsmonaut Games
200000,76.10,No Time To Explain Remastered,tinyBuild,tinyBuild
20000,60.54,Loot of Baal,Gleamer Studio,Gleamer Studio
20000,70.64,Vampires: Bloodlord Rising,Mehuman Games,Toplitz Productions
50000,92.35,IRMÃO Grande & Brasileiro 2,Virgula Leal,Jogo Joia
100000,71.09,Paratopic,Arbitrary Metric,Serenity Forge
50000,82.39,Love n War: Warlord by Chance,Reborn Entertainment,Reborn Entertainment
200000,83.46,SpellForce 3 Fallen God,Grimlore Games,THQ Nordic
50000,81.85,Tokyo Xanadu eX+,Nihon Falcom,Aksys Games
100000,86.22,Re-Volt,Acclaim Studios Teesside,"H2 Interactive Co. Ltd., SUPERDAY"
20000,79.58,Forgive Me Father 2,Byte Barrel,Fulqrum Publishing
20000,90.20,Sickly Days and Summer Traces,Sister Position,HIKARI SPARK
20000,78.90,Winter Resort Simulator 2,Simuverse Interactive,Aerosoft GmbH
20000,92.01,Omelet You Cook,"Dan Schumacher, Hjalte Tagmose","SchuBox Games, Gamersky Games"
50000,87.85,Utawarerumono: Mask of Deception,AQUAPLUS,"DMM GAMES, Shiravune"
50000,83.61,Blazing Chrome,JoyMasher,"The Arcade Crew, CE-Asia"
100000,76.28,Song of Farca,Wooden Monkeys,Alawar
20000,87.47,Vertigo Remastered,"Zach Tsiakalis-Brown, George Eracleous, Errol Bucy",Zulubo Productions
100000,83.72,GIBZ,Torrunt,Torrunt
20000,80.36,Terminator 2D: NO FATE,Bitmap Bureau,Reef Entertainment
20000,93.33,Great God Grove,LimboLane,"LimboLane, Fellow Traveller"
200000,87.15,King's Bounty: Crossworlds,Katauri Interactive,Fulqrum Publishing
50000,84.90,Alisa,Casper Croes,Casper Croes
50000,88.53,Utawarerumono: Prelude to the Fallen,AQUAPLUS,"DMM GAMES, Shiravune"
100000,84.62,Mind Over Magnet,Game Maker's Toolkit,Game Maker's Toolkit
2000000,59.42,F1 2015,"Codemasters, Feral Interactive (Linux)","Codemasters, Feral Interactive"
200000,83.87,Sang-Froid - Tales of Werewolves,Artifice Studio,Artifice Studio
500000,79.91,Breath of Death VII,Zeboyd Digital Entertainment LLC,Zeboyd Digital Entertainment LLC
200000,71.12,Deadfall Adventures,The Farm 51,THQ Nordic
100000,90.67,Frog Detective 2: The Case of the Invisible Wizard,"Grace Bruxner, Thomas Bowker","worm club, SUPERHOT PRESENTS"
20000,68.61,Xuan-Yuan Sword: The Gate of Firmament,"DOMO Studio, SOFTSTAR ENTERTAINMENT","方块游戏(CubeGame), SOFTSTAR ENTERTAINMENT"
20000,88.52,Oik 2,Crew Lab,Crew Lab
500000,80.66,SAMOLIOTIK,"Volens Nolens Games, Nikita P. Chiril G.",Volens Nolens Games
20000,93.37,Dreamlike Love with Seira,るび様崇める会,JAST
100000,81.83,The Letter - Horror Visual Novel,Yangyang Mobile,"Neon Doctrine , Yangyang Mobile"
50000,79.17,Laysara: Summit Kingdom,Quite OK Games,"Future Friends Games, Quite OK Games"
100000,81.09,H-Isekai Loves,G-Blood,G-Blood
50000,86.75,The Legend of Heroes: Kuro no Kiseki,Nihon Falcom,Clouded Leopard Entertainment
200000,64.78,Robin Hood: The Legend of Sherwood,Spellbound,Microids
50000,75.03,Song Of The Prairie,The Droplet Studio,AOE Plus
100000,80.06,Moonbreaker,Unknown Worlds Entertainment,KRAFTON Inc.
50000,80.97,Inertial Drift,Level 91 Entertainment,PQube
50000,91.38,Kindred Spirits on the Roof,Liar-soft,MangaGamer
20000,91.22,Gori: Cuddly Carnage,Angry Demon Studio,"Wired Productions, CouchPlay Interactive (Greater China)"
100000,82.85,CONVRGENCE,Monkey-With-a-Bomb,Monkey-With-a-Bomb
100000,89.62,The Bunny Graveyard,Pichon Games,Pichon Games
20000,76.89,Plutocracy,Redwood,Redwood
100000,46.24,Vigor,Bohemia Interactive,Bohemia Interactive
100000,69.94,Disciples III: Reincarnation,Akella,Kalypso Media Digital
50000,86.01,Solar Ash,Heart Machine,Annapurna Interactive
200000,84.89,Riven (1997),Cyan Worlds Inc.,Cyan Worlds Inc.
50000,79.07,Druidstone: The Secret of the Menhir Forest,Ctrl Alt Ninja Ltd.,Ctrl Alt Ninja Ltd.
50000,77.77,Lunar Mirror:The Pavilion of Desire,TUTGame,DSGame
50000,55.84,Border Officer,Cheesecake Dev,Cheesecake Dev
100000,72.60,Scars of Summer,Shinachiku-castella,Kagura Games
50000,72.42,"Yes, Your Grace 2: Snowfall",Brave At Night,Brave At Night
20000,87.16,Love and Sex: Second Base,Andrealphus Games,Andrealphus Games
50000,68.98,Naheulbeuk's Dungeon Master,Artefacts Studio,Dear Villagers
50000,89.14,Momodora III,rdein,rdein
20000,72.91,Sexual Void,Bad Vices Games,Bad Vices Games
20000,89.31,Out Of Hands,Game River,Game River
20000,85.18,Paddle Paddle Paddle,Zoroarts,Assemble Entertainment
50000,76.08,Black One Blood Brothers,Helios Studio,Helios Studio
50000,90.07,Desktop Survivors 98,Brandon Hesslau,Brandon Hesslau
200000,48.92,Digger Online,DiggerGames,DiggerGames
100000,52.03,Wild Terra 2: New Lands,Juvty Worlds,Juvty Worlds
500000,80.26,Mouse (Sneaking),Easy game,Game for people
20000,92.61,Ambidextro,Majorariatto,Majorariatto
1000000,86.76,Dark Deception,Glowstick Entertainment,Glowstick Entertainment
20000,82.57,Eroico,Kyrieru,Critical Bliss
50000,91.27,ElecHead,"NamaTakahashi, Tsuyomi",NamaTakahashi
50000,71.79,Northend Tower Defense,Northend Games,"Northend Games, Gamersky Games"
100000,73.88,FINAL FANTASY V (Old ver.),Square Enix,Square Enix
20000,80.01,Pure Rock Crawling,Maciej Kuzianik,Maciej Kuzianik
200000,61.49,Abyss Odyssey,ACE Team,SEGA
500000,84.62,Back to the Future: The Game,Telltale Games,Telltale Games
5000000,80.14,Dirty Bomb®,Splash Damage,Warchest Ltd.
200000,83.87,Ozymandias: Bronze Age Empire Sim,The Secret Games Company,"Goblinz Publishing, IndieArk"
100000,74.86,Homesick,Lucky Pause,Lucky Pause
50000,82.25,TAISHO x ALICE episode 1,Primula,pencil
20000,84.80,The Last Plague: Blight,Original Studios,Original Studios
50000,72.13,Breachway,Edgeflow Studio,Hooded Horse
20000,86.29,V-LOVER!,Hentopia,LewdLoco
2000000,73.07,Century: Age of Ashes,Playwing LTD,Playwing LTD
200000,73.83,Hotshot Racing,"Sumo Digital Ltd, Lucky Mountain Games",Curve Games
100000,85.64,Ziggurat 2,Milkstone Studios,Milkstone Studios
50000,81.22,Executive Assault,Hesketh Studios Ltd,Hesketh Studios Ltd
500000,82.48,RACE 07,SimBin,SimBin
200000,61.98,Thirty Flights of Loving,Blendo Games,Blendo Games
20000,87.44,Once Upon A KATAMARI,RENGAME,Bandai Namco Entertainment Inc.
20000,92.82,Travellin Cats in Bali,Travellin Cats,Travellin Cats
50000,80.88,South of the Circle,State of Play,11 bit studios
100000,75.74,Shio,Coconut Island Studio,Coconut Island Games
20000,79.33,Achilles: Survivor,Dark Point Games,"Dark Point Games, Galaktus"
20000,78.98,Cloudheim,Noodle Cat Games,Noodle Cat Games
50000,71.33,Spellbook Demonslayers,Xendra,"Xendra, Erabit"
20000,79.59,Bō: Path of the Teal Lotus,"Squid Shock Studios, Christopher Stair, Trevor Youngquist",Balor Games
100000,78.00,Worshippers of Cthulhu,Crazy Goat Games,Crytivo
200000,67.32,Killing Room,Alda Games,Alda Games
20000,81.71,Bloomtown: A Different Story,"Lazy Bear Games, Different Sense Games",Twin Sails Interactive
100000,81.42,Lizard Survivors: Battle for Hyperborea,Ephemeral Interaction,Agafonoff
20000,87.38,Mohrta,"Scumhead, Osiol",Scumhead
100000,84.26,Scrutinized,Reflect Studios,Reflect Studios
50000,76.53,Gal Guardians: Demon Purge,INTI CREATES CO. Ltd.,INTI CREATES CO. Ltd.
20000,92.49,The Legend of Heroes: Trails from Zero,"Nihon Falcom, PH3 GmbH",NIS America Inc.
50000,76.62,Voice of Cards: The Isle Dragon Roars,Square Enix,Square Enix
200000,83.76,Beyond a Steel Sky,Revolution Software Ltd,Revolution Software Ltd
20000,77.52,HoneySelect2Libido DX,ILLUSION,ILLUSION
200000,85.18,巅峰骑士团,熊窝dodox,"熊窝dodox, RuiXiao"
20000,83.15,Super Naughty Maid 2,KENZsoft,Denpasoft
100000,79.88,Backrooms: Lost Tape,Cortez Productions,Cortez Productions
50000,85.63,FACEMINER,Wristwork,Wristwork Ltd
200000,75.09,Necrosmith 2,Alawar,Alawar
50000,76.74,Labyrinth of Refrain: Coven of Dusk,Nippon Ichi Software Inc.,NIS America Inc.
200000,84.01,Astebreed: Definitive Edition,Edelweiss,PLAYISM
20000,77.33,Granny: Escape Together,CreepyToad,CreepyToad
100000,80.92,JudgeSim,DelusionArt Studio,DelusionArt Studio
50000,80.95,Panzer War : Definitive Edition,WindyVerse,WindyVerse
200000,82.95,The Basement Collection,"Edmund McMillen, Tyler Glaiel",Edmund McMillen
100000,78.22,Heavy Bullets,"Terri Vellmann, Doseone",Devolver Digital
20000,81.88,The Legend of Khiimori,"Aesir Interactive, NightinGames",Mindscape
100000,91.97,Slayers X: Terminal Aftermath: Vengance of the Slayer,Big Z Studios Inc.,No More Robots
200000,73.95,Shortest Trip to Earth,Interactive Fate,Interactive Fate
100000,86.30,Year Walk,Simogo,Simogo
200000,45.33,StarDrive,Zero Sum Games,Zero Sum Games
20000,70.58,Umamusume: Pretty Derby - Party Dash,"Cygames Inc., Arc System Works",Cygames Inc.
100000,79.47,TasteMaker,Jelle Booij,Jelle Booij
50000,83.17,Disciples II: Rise of the Elves,Strategy First,Strategy First
100000,81.36,Brigandine The Legend of Runersia,"Happinet, Matrix",Happinet
100000,89.67,Crimson Snow (2023),Steppe Hare Studio,Steppe Hare Studio
20000,90.40,Coming Out on Top,Obscurasoft,Obscurasoft
50000,88.22,Bright Lights of Svetlov,Vladimir Cholokyan,Vladimir Cholokyan
20000,86.78,Knightly Passions,FEYADA,"CriticalBliss, FEYADA"
500000,67.10,LARA CROFT AND THE TEMPLE OF OSIRIS™,Crystal Dynamics,Crystal Dynamics
200000,69.63,West of Dead,Upstream Arcade,Raw Fury
20000,76.07,Run!ZombieFood!,VirusSea,VirusSea
50000,85.02,The House of Da Vinci 3,Blue Brain Games,Blue Brain Games
20000,65.93,My Wife Threw Out My Card Collection (So I Bought a Dump to Find Them All) ⭐,Pmdk23,Polden Publishing
20000,92.73,Fretless - The Wrath of Riffson,Ritual Studios,Klei Publishing
200000,76.63,King's Bounty: Warriors of the North,Fulqrum Publishing,Fulqrum Publishing
200000,83.97,Gemini Rue,Joshua Nuernberger,Wadjet Eye Games
100000,87.18,Space Beast Terror Fright,nornware AB,nornware AB
200000,86.01,BlazBlue: Continuum Shift Extend,Arc System Works,H2 Interactive Co. Ltd.
20000,80.54,ADOM (Ancient Domains Of Mystery),"Thomas Biskup, Jochen Terstiege, Zeno Rogue, Krzysztof Dycha, Lucas Dieguez","Thomas Biskup, Jochen Terstiege, Zeno Rogue, Krzysztof Dycha, Lucas Dieguez"
100000,64.29,Ratty Catty,Kerim Kumbasar,Kerim Kumbasar
100000,82.12,Creepy Tale 2,Creepy Brothers,Creepy Brothers
100000,58.05,EARTH DEFENSE FORCE: IRON RAIN,YUKE'S,D3PUBLISHER
20000,86.56,Heroes of Valor,Fancy Cat Interactive,Iceberg Interactive
200000,82.78,Jets'n'Guns Gold,Rake in Grass,Rake in Grass
20000,84.60,Corpse Party,GrisGris,"XSEED Games, Marvelous USA Inc."
100000,91.52,SLUDGE LIFE 2,"Terri Vellmann, Doseone",Devolver Digital
100000,69.54,"YEAH! YOU WANT THOSE GAMES, RIGHT? SO HERE YOU GO! NOW, LET'S SEE YOU CLEAR THEM!",MONKEYCRAFT Co. Ltd.,D3PUBLISHER
20000,83.55,Sensei! I Like You So Much!,LaoO Studio (Shanghai Ou Ou Xi Network Technology Co. LTD）,"Erabit, Infini Fun"
50000,76.98,[Chilla's Art] Stigmatized Property | 事故物件,Chilla's Art,Chilla's Art
20000,88.59,Garden of Witches,Team Tapas,Team Tapas
200000,80.11,Cyber Shadow,Aarne MekaSkull Hunziker,Yacht Club Games
100000,66.28,Trigon: Space Story,Sernur.tech,Gameforge 4D GmbH
20000,84.61,BLADECHIMERA,"Team Ladybug, WSS playground","PLAYISM, WSS playground"
20000,90.42,Nova Roma,Lion Shield,Hooded Horse
100000,83.47,Mega Man Battle Network Legacy Collection Vol. 1,CAPCOM Co. Ltd.,CAPCOM Co. Ltd.
50000,92.40,Submachine: Legacy,Mateusz Skutnik,Mateusz Skutnik
500000,82.74,Sid Meier's Civilization IV: Colonization,Firaxis Games,2K
20000,84.16,Aerofly FS 4 Flight Simulator,IPACS,IPACS
100000,80.30,FlowScape,Pixel Forest Games,Pixel Forest Games
20000,88.47,Dealer's Life,Abyte Entertainment,Abyte Entertainment
20000,84.70,OHV,Przemysław Hadała,Przemysław Hadała
200000,88.77,UBERMOSH Vol.5,Walter Machado,Walter Machado
100000,87.67,Octogeddon,All Yes Good,All Yes Good
20000,52.89,Sacred 2 Remaster,"SparklingBit, Funatics, Nukklear",THQ Nordic
100000,69.68,Kitaria Fables,"Twin Hearts, Secret Level Studios",PQube
500000,81.30,Once in Yaissor,Valera Entertainment,Valera Entertainment
20000,87.25,Tangy TD,Cakez,Cakez
100000,63.89,Zengeon,IndieLeague Studio,2P Games
20000,92.15,Escape from Ever After,"Sleepy Castle Studio, Wing-It! Creative",HypeTrain Digital
20000,89.10,荒岛求生：逃出美女岛,"翱游科技AlbatrooGame, 荒岛互动娱乐",翱游科技AlbatrooGame
200000,78.70,Whispering Willows,Night Light Interactive,Akupara Games
50000,88.48,A Kiss For The Petals - Remembering How We Met,St. Michael's Girls School,MangaGamer
20000,82.93,Jenny LeClue - Detectivu,Mografi,Mografi
50000,69.80,STAND OUT VR : VR Battle Royale,raptor lab,raptor lab
50000,87.93,Hiveswap Friendsim,What Pumpkin Games Inc.,Fellow Traveller
50000,88.19,Rodina,Elliptic Games,Elliptic Games
100000,74.63,Highrise City,Fourexo Entertainment,Deck13
1000000,60.16,Overcast - Walden and the Werewolf,Microblast Games,SA Industry
100000,89.50,Zup! Zero 2,Quiet River,Quiet River
20000,93.19,Aokana - Four Rhythms Across the Blue - EXTRA1,"sprite, NekoNyan Ltd.","NekoNyan Ltd., HIKARI FIELD"
50000,69.94,WRC 6 FIA World Rally Championship,KT Racing,Nacon
200000,61.34,Telling Lies,"Sam Barlow, Half Mermaid, Furious Bee Limited",Annapurna Interactive
200000,78.02,Shadowgrounds,Frozenbyte,Frozenbyte
20000,93.23,Wagotabi: A Japanese Journey,Wagotabi Limited,Wagotabi Limited
200000,70.52,Legend of Dungeon,Robot Loves Kitty,Robot Loves Kitty
20000,83.10,In Sink: A Co-op Escape Adventure,Clock Out Games,Kwalee
100000,88.03,Kathy Rain: Director's Cut,Clifftop Games,Raw Fury
100000,80.96,Trip to Vinelands,Walter Machado,Walter Machado
200000,74.97,Hero of the Kingdom III,Lonely Troops,Lonely Troops
50000,80.33,The Impossible Game,Grip Games,Fluke Games
100000,92.76,Zortch,Mutantleg,Mutantleg
100000,73.72,DemonCrawl,Therefore Games,Therefore Games
20000,83.57,Total Chaos,Trigger Happy Interactive,Apogee Entertainment
200000,64.65,Sinister City,Jetdogs Studios,Jetdogs Studios
200000,86.33,Broken Sword 2 - the Smoking Mirror: Remastered (2010),Revolution Software Ltd,Revolution Software Ltd
100000,82.56,Over 9000 Zombies!,Loren Lemcke,Loren Lemcke
200000,71.96,Hacker Simulator,Save All Studio,Save All Studio
50000,73.57,Garten of Banban 6,Euphoric Brothers,Euphoric Brothers
50000,84.87,Marble World,Vector Interactive,Vector Interactive
50000,92.52,ARMORED HEAD,Egor Rezenov,Egor Rezenov
20000,89.31,BETON BRUTAL,Jan Malitschek,Jan Malitschek
20000,67.92,Pascal's Wager: Definitive Edition,TipsWorks,Giant Global
20000,93.49,Moonleap,guselect,guselect
50000,82.38,Nevergrind Online,Neverworks Games,Neverworks Games
50000,85.07,Ale Abbey - Monastery Brewery Tycoon,Hammer & Ravens,Shiro Unlimited
100000,83.20,Beast Battle Simulator,DOG HOGGLER,DOG HOGGLER
100000,72.43,Rock of Ages 3: Make & Break,"ACE Team, Giant Monkey Robot","Maximum Entertainment, 3goo"
100000,67.69,AO Tennis 2,Big Ant Studios,Nacon
50000,73.08,Junkyard Truck,Keystone Knight,Keystone Knight
10000000,50.29,eFootball™,KONAMI,KONAMI
500000,74.24,Strike Suit Zero,Born Ready Games Ltd.,Born Ready Games
200000,75.89,Expeditions: Conquistador,Logic Artists,THQ Nordic
20000,93.06,Snail Simulator,Mr. Snail Dev,Mr. Snail Dev
20000,81.37,Ground of Aces,Blindflug Studios AG,Blindflug Studios AG
20000,87.38,Evenicle,Alicesoft,MangaGamer
200000,84.22,Dustforce DX,Hitbox Team,Hitbox Team
20000,79.13,Hyperbolica,CodeParade,CodeParade
20000,74.81,Deconstruction Simulator,"Games Incubator, Hypnotic Ants","Games Incubator, PlayWay S.A."
50000,69.34,Lakeburg Legacies,Ishtar Games,Ishtar Games
100000,67.55,Beautiful Mystic Survivors,Fantasize Games,Fantasize Games
100000,80.94,Increlution,Gniller,Gniller
20000,86.07,Little Rocket Lab,Teenage Astronauts,No More Robots
200000,69.83,Tower Wars,SuperVillain Studios,SuperVillain Studios
20000,85.85,Vellum,Alvios Games,Alvios Inc.
50000,82.15,Wayward,Unlok,Unlok
50000,76.71,挂姬恶魔 IDLE DEVILS,GOCORE,"GOCORE, NPC Entertainment"
50000,58.01,Power & Revolution 2019 Edition,Eversim,Eversim
50000,90.07,Montaro RE,"JCKSLAP, Sherlerk, 我師父的徒兒, Eazie",02GAMES
50000,75.14,[Chilla's Art] Night Delivery | 例外配達,Chilla's Art,Chilla's Art
20000,86.44,Static Dread: The Lighthouse,solarsuit.games,Polden Publishing
100000,85.38,SquareCells,Matthew Brown,Matthew Brown
20000,80.91,Dread Flats,Ghostcase,Ghostcase
200000,62.80,The Incredible Adventures of Van Helsing III,NeocoreGames,NeocoreGames
50000,69.13,Seek Girl Ⅶ,DSGame,DSGame
100000,67.32,Meta Ghost: Breaking Show,Scarecrow Studio,"Flawless Gaming, Erabit, Starlight Gaming"
100000,90.32,Boomerang X,DANG!,Devolver Digital
100000,91.33,Reentry - A Space Flight Simulator,Lyra Creative,Lyra Creative
50000,81.09,Astrox Imperium,Jace Masula,Jace Masula
20000,93.16,Zodiacats,Devcats,Devcats
200000,79.45,Orbital Gear,Night Node,Night Node
50000,87.74,Hookah Haze,ACQUIRE Corp.,Aniplex Inc.
100000,58.83,Blood and Gold: Caribbean!,Snowbird Games,Snowbird Games
50000,57.91,Sky Haven Tycoon - Airport Simulator,Real Welders,Real Welders
100000,66.08,Conan Unconquered,Petroglyph,Funcom
100000,75.66,Fraymakers,"Team Fray, McLeodGaming","Team Fray, McLeodGaming"
20000,79.44,Karnage Chronicles,Nordic Trolls,Nordic Trolls
50000,92.67,Fractal Block World,Dan Hathaway,Fractal Block Team LLC
100000,87.61,Touhou: Scarlet Curiosity,Ankake Spa,"XSEED Games, Marvelous USA Inc."
50000,88.42,WitchSpring3 Re:Fine - The Story of Eirudy -,"KIWIWALKS, IKINAGAMES",KIWIWALKS
200000,45.06,ANAREA Battle Royale,AXC GAMES,AXC GAMES
50000,87.45,Last Call BBS,Zachtronics,Zachtronics
100000,64.31,Andarilho,SC Jogos,SC Jogos
20000,92.38,Travellin Cats in Maple Hollow 🍂,Travellin Cats,Travellin Cats
20000,80.88,DOOM 3 Resurrection of Evil,id Software,id Software
100000,78.89,The Purring Quest,Valhalla Cats,Valhalla Cats
100000,81.75,Shantae: Risky's Revenge - Director's Cut,WayForward,WayForward
20000,72.25,Flintlock: The Siege of Dawn,A44 Games,Kepler Interactive
5000000,78.62,Braveland,Tortuga Team,Tortuga Team
500000,68.51,Mercenary Kings: Reloaded Edition,Tribute Games Inc.,Tribute Games Inc.
200000,73.13,Narcosis,Honor Code Inc.,Honor Code Inc.
50000,87.61,Bloodwash,"Black Eyed Priest, Henry Hoare",Torture Star Video
20000,67.17,FREEDOM WARS Remastered,Dimps Corporation,Bandai Namco Entertainment Inc.
100000,86.14,Factory Town Idle,Erik Asmussen,Erik Asmussen
100000,69.30,Holy Potatoes! A Weapon Shop?!,Daylight Studios,"Daedalic Entertainment, Daylight Studios"
20000,93.58,Funi Raccoon Game,"Crayon, Kit ",The Crayon Eating Company
20000,93.19,Flowers -Le volume sur ete-,Innocent Grey,JAST
20000,72.19,Eador. Imperium,Snowbird Games,Snowbird Games
50000,87.40,Particle Fleet: Emergence,Knuckle Cracker,Knuckle Cracker
200000,85.47,Sentinels of the Multiverse,Handelabra Games Inc.,Handelabra Games Inc.
50000,72.79,Onee Chanbara ORIGIN,Tamsoft,D3PUBLISHER
50000,85.64,Regular Human Workshop,Dead Joker,Dead Joker
100000,89.62,Horizon's Gate,Rad Codex,Rad Codex
100000,88.26,Sanitarium,Dotemu,Ziggurat
100000,79.44,Infectonator 3: Apocalypse,Toge Productions,Armor Games Studios
20000,85.46,Half-Demon Shinobi,"樹懶叫工作室, 紳士吉娃, Maker製造機","Mango Party, LewdLoco, Mango Party News"
100000,82.68,Egypt: Old Kingdom,Clarus Victoria,Clarus Victoria
50000,71.47,The Dwarves,KING Art,"THQ Nordic, EuroVideo Medien"
100000,84.57,Journey of Greed,Dird Games,XD
20000,76.40,After Inc: Revival,Ndemic Creations,Ndemic Creations
200000,75.71,Hentai 3018,Easy game,Game for people
20000,80.14,Barro Racing,SC Jogos,SC Jogos
500000,57.12,Cities in Motion 2,Colossal Order,Paradox Interactive
100000,73.39,Vampire: The Masquerade - Shadows of New York,Draw Distance,Dear Villagers
50000,84.38,The MISSING: J.J. Macfield and the Island of Memories,White Owls Inc.,Arc System Works
200000,85.14,墨心：波云诡船,1001 Studio,1001 Studio
50000,89.98,Passpartout 2: The Lost Artist,Flamebait Games,Flamebait Games
100000,68.98,Through the Woods,Antagonist,Fulqrum Publishing
200000,70.98,Port Royale 3,Gaming Minds Studios,Kalypso Media Digital
50000,78.48,Lost Eidolons: Veil of the Witch,Ocean Drive Studio Inc.,"Ocean Drive Studio Inc., Kakao Games"
20000,91.30,My Child Lebensborn Remastered,Sarepta Studio AS,"Sarepta Studio AS, Teknopilot"
200000,88.88,Tracks - The Train Set Game,Whoop Group,Excalibur Games
20000,80.49,Find Yourself,EMIKA_GAMES,EMIKA_GAMES
20000,88.31,Driftwood,Stoked Sloth Interactive,Stoked Sloth Interactive
100000,72.64,Rustler (Grand Theft Horse),Jutsu Games,"Games Operators, Modus Games"
20000,64.43,Spirit of the Island,1M Bits Horde,META Publishing
50000,71.74,Folklore Hunter,Liquid Donkey Games,Liquid Donkey Games
20000,79.11,PAGUI打鬼,padendon,padendon
50000,86.69,Succubus Affection,Succubus Diary,Kagura Games
20000,87.32,ButtKnight,"Goblin Stew, Critical Bliss",Critical Bliss
20000,89.53,Pih,BecomeANobody,BecomeANobody
100000,71.38,Block'hood,Plethora Project,Devolver Digital
20000,77.31,Project Warlock II,Buckshot Software,Retrovibe
200000,83.48,MegaTagmension Blanc + Neptune VS Zombies (Neptunia),"IDEA FACTORY, COMPILE HEART, TAMSOFT",Idea Factory International
50000,84.09,AHEGAL,OppaiMan 2D,OppaiMan 2D
50000,53.18,Immortal Family,一起来修仙工作室,方块游戏(CubeGame)
20000,86.21,The Shell Part I: Inferno,Innocent Grey,Shiravune
50000,71.28,God's Basement,Erebus,Erebus
50000,55.57,Power & Revolution,Eversim,Eversim
200000,58.77,懒人修仙传,托更的修罗,托更的修罗
50000,84.36,Omensight: Definitive Edition,Spearhead Games,Spearhead Games
50000,73.40,Castle In The Darkness,"Matt Kap, Nicalis Inc.",Nicalis Inc.
20000,80.12,G String,Eyaura,Eyaura
20000,87.03,DrainSim,CodePeas,CodePeas
20000,83.42,Vox Machinae,Space Bullet Dynamics Corporation,Space Bullet Dynamics Corporation
50000,84.28,川建国同志想要连任/Comrade Trump's Re-election,YEARS,七彩绘色游戏
20000,85.03,Command & Conquer™ Tiberian Sun™ and Firestorm™,Westwood Studios,Electronic Arts
100000,86.71,Avernum: Escape From the Pit,Spiderweb Software,Spiderweb Software
200000,86.84,UBERMOSH Vol.3,Walter Machado,Walter Machado
100000,87.25,Tiny Town VR,Lumbernauts,Lumbernauts
100000,85.34,Station to Station,Galaxy Grove,Prismatika
500000,77.20,Snake Pass,Sumo Digital,Secret Mode
200000,83.22,Magic: The Gathering - Duels of the Planeswalkers 2013,Stainless Games,Wizards of the Coast LLC
100000,79.96,Unbound: Worlds Apart,Alien Pixel Studios,Alien Pixel Studios
100000,73.69,Supreme Ruler Ultimate,BattleGoat Studios,BattleGoat Studios
50000,93.00,Linelith,Patrick Traynor,Patrick Traynor
100000,86.27,80 Days,"inkle Ltd, Cape Guy Ltd",inkle Ltd
100000,72.14,Them and Us,TendoGames Co. Ltd.,"TendoGames Co. Ltd., Cube Game"
50000,91.48,STEINS;GATE: Linear Bounded Phenogram,MAGES. Inc.,Spike Chunsoft Co. Ltd.
20000,75.14,STORY OF SEASONS: A Wonderful Life,Marvelous Inc.,"Marvelous, Marvelous Europe, XSEED Games"
20000,91.12,One Turn Kill,DenDen,Waku Waku Games
50000,77.26,Dead Effect 2 VR,"BadFly Interactive, a.s.",App Holdings
20000,83.40,Sin Spire,Krasue Games,Krasue Games
50000,85.67,Jets'n'Guns 2,Rake in Grass,Rake in Grass
100000,57.76,Armikrog,Pencil Test Studios,"Versus Evil, tinyBuild"
20000,76.27,Big Farm Story,Goodgame Studios,Goodgame Studios
20000,68.02,My Lovely Daughter,GameChanger Studio,"Toge Productions, Neon Doctrine"
100000,84.22,Warriors of the Nile 2,Stove Studio,Gamirror Games
50000,89.43,Plantera 2: Golden Acorn,VaragtP,VaragtP
50000,90.61,I Expect You To Die 2: The Spy and the Liar,Schell Games,Schell Games
50000,78.95,It Lurks Below,Graybeard Games,Skystone Games
100000,89.06,McPixel 3,Sos Sosowski,Devolver Digital
20000,75.85,Outcast - A New Beginning,Appeal Studios,THQ Nordic
100000,82.55,Crash Wheels,Quiet River,Quiet River
20000,79.92,Moonscars,Black Mermaid,Balor Games
100000,74.48,Imperial Glory,Pyro Studios,Kalypso Media Digital
50000,78.57,Asgard's Fall — Viking Survivors,Soulpotion,"Assemble Entertainment, Sidekick Publishing"
20000,91.23,Bagel Love Story,橘子班,NVLMaker
50000,69.70,Hospital 666,Lokin,Lokin
20000,78.91,The Censor DX Edition,"Tiramisu, Big S Studio","Mango Party, Mango Party News"
100000,74.25,Deadly 30,Ignatus Zuk and Gonzalo Villagomez,Ignatus Zuk and Gonzalo Villagomez
200000,68.15,The Shrouded Isle,"Jongwoo Kim, Erica Lahaie, FX Bilodeau, Tanya Short",Kitfox Games
20000,87.38,Panzermadels: Tank Dating Simulator,DEVGRU-P,DEVGRU-P
20000,80.28,VALKYRIE DRIVE -BHIKKHUNI-,"Meteorise, HONEY∞PARADE GAMES",Marvelous
100000,74.62,Drake Hollow,The Molasses Flood,CD PROJEKT RED
50000,80.67,"Warhammer 40,000: Sanctus Reach",Straylight Entertainment,Slitherine Ltd.
20000,82.45,DAVIGO: VR vs. PC,Davigo Studio,Davigo Studio
200000,83.79,UBERMOSH:BLACK,Walter Machado,Walter Machado
100000,87.51,奇迹一刻 Surmount,猫跑工作室,CE-Asia
100000,67.38,Jurassic Park: The Game,Telltale Games,Telltale Games
200000,79.95,Dead Synchronicity: Tomorrow Comes Today,Fictiorama Studios,Daedalic Entertainment
50000,65.03,Professional Farmer: Cattle and Crops,Masterbrain Bytes,"Masterbrain Bytes, Toplitz Productions"
50000,74.33,The Shapeshifting Detective,"D'Avekki Studios Ltd, Wales Interactive",Wales Interactive
200000,66.60,Majesty 2,1C:InoCo,Paradox Interactive
100000,91.94,The Procession to Calvary,Joe Richardson,Akupara Games
100000,86.12,Granny 3,DVloper,DVloper
50000,73.05,Cardfight!! Vanguard Dear Days,"FURYU Corporation, LANCARSE Ltd.",Bushiroad Inc.
50000,82.27,Double Dragon Gaiden: Rise Of The Dragons,Secret Base,"Maximum Entertainment, Joystick"
20000,81.81,TTV2,Walter Machado,Walter Machado
20000,69.39,Duel Corp.,Dreameffect Entertainment,Dreameffect Entertainment
50000,91.46,Landlord of the Woods,Madison Karrh,Madison Karrh
20000,87.92,BUNNY GARDEN,qureate,qureate
20000,72.68,JR EAST Train Simulator,"ONGAKUKAN Co.,Ltd.",EAST JAPAN RAILWAY TRADING CO. Ltd.
100000,74.08,Dead In Vinland,Ishtar Games,Ishtar Games
100000,81.21,Fae Tactics,Endlessfluff Games,Balor Games
20000,91.27,Meg's Monster,Odencat,Odencat
20000,85.85,The Bathhouse | 地獄銭湯 Restored Edition,Chilla's Art,Chilla's Art
200000,77.95,The Textorcist: The Story of Ray Bibbia,Morbidware,Headup
50000,78.67,Hexarchy,Main Tank Software,"Yogscast Games, Gamersky Games"
20000,87.94,Cavern of Dreams,Bynine Studio,Super Rare Originals
50000,71.73,Fresh Body,LOVIGAME,LOVIGAME
50000,86.99,Rez Infinite,"Monstars Inc., Resonair",Enhance
100000,90.27,Aviary Attorney,Sketchy Logic,Sketchy Logic
200000,72.99,Contra Anniversary Collection,KONAMI,KONAMI
20000,90.39,我打不过漂亮的她们,想象颗粒,想象颗粒
20000,85.56,TouHou Makuka Sai ~ Fantastic Danmaku Festival Part III,东方幕华祭制作组,东方幕华祭制作组
50000,83.81,Dustland Delivery,Neutron Star Studio,Lilith Games
50000,73.30,Dead Age 2: The Zombie Survival RPG,Silent Dreams,Headup
200000,86.88,UBERMOSH:WRAITH,Walter Machado,Walter Machado
200000,81.26,HoloParade,Roboqlo,holo Indie
20000,87.65,The Crooked Man,Uri Games,PLAYISM
100000,80.29,Divekick,Iron Galaxy Studios,Iron Galaxy Studios
20000,85.69,Clash: Artifacts of Chaos,ACE Team,Nacon
200000,72.76,Labyronia RPG,Labyrinthine,Senpai Industrial Studios
100000,71.43,Smilemo,REXECHO,CFK Co. Ltd.
20000,91.62,Goodnight Universe,Nice Dream,Skybound Games
100000,54.45,ADR1FT,THREE ONE ZERO,505 Games
50000,70.42,Abandon Ship,Fireblade Software,Fireblade Software
100000,56.25,How To Survive: Third Person Standalone,Eko Software,505 Games
200000,84.00,Tentacle Girl,Inverse Game,Inverse Game
100000,72.39,TAPSONIC BOLD,NEOWIZ,NEOWIZ
100000,58.83,Aircraft Carrier Survival,Gambit Games Studio,CreativeForge Games
200000,79.83,Sword of the Stars: The Pit,Kerberos Productions,Kerberos Productions
50000,80.81,RAILGRADE,Minakata Dynamics,"Minakata Dynamics, Gamirror Games"
200000,80.50,Desktop Dungeons,QCF Design,QCF Design
200000,77.77,Golf Club Nostalgia,Demagog Studio,Untold Tales
20000,91.90,CBT With Yuuka Kazami,Sigyaad Team,Sigyaad Team
20000,87.73,A Juggler's Tale,kaleidoscube,Assemble Entertainment
200000,80.08,Black Mirror I,"Future Games, Unknown Identity",THQ Nordic
200000,80.71,METALLIC CHILD,Action Square(STUDIO HG),HIKE Inc.
50000,83.34,Buggos,Intrepid Marmot,Intrepid Marmot
20000,85.50,Rana Card,VisionRana,IndieArk
20000,89.70,NO-SKIN,NoEye-Soft,NoEye-Soft
50000,80.91,Espresso Tycoon,DreamWay Games,PlayWay S.A.
100000,77.16,Anemoiapolis: Chapter 1,Andrew Quist,Andrew Quist
50000,75.43,Home Wars,Insane Dreamers,Insane Dreamers
20000,89.11,Kero Blaster,Studio Pixel,PLAYISM
100000,88.42,Vangers,K-D Lab,Association K-D Lab
100000,66.54,The Dark Occult,RYM GAMES,RYM GAMES
20000,75.69,Love n War: Hero by Chance,Reborn Entertainment,Reborn Entertainment
50000,86.07,Dominions 4: Thrones of Ascension,Illwinter Game Design,Illwinter Game Design
100000,79.06,Reigns: Her Majesty,"Nerial, Synaptic Insight Technology Systems",Devolver Digital
100000,89.62,Machinika: Museum,Littlefield Studio,Dear Villagers
20000,80.52,Murder by Numbers,Mediatonic,The Irregular Corporation
200000,75.27,Convoy,Convoy Games,Indietopia Games
50000,79.00,The Yawhg,"Damian Sommer, Emily Carroll",Damian Sommer
50000,57.12,The Black Masses,Brilliant Game Studios,Brilliant Game Studios
20000,90.98,Grunn,"Sokpop Collective, Tom van den Boogaart",Sokpop Collective
20000,88.24,Fuga: Melodies of Steel,CyberConnect2,CyberConnect2
20000,51.35,DREADZONE,Eshed,Eshed
50000,78.20,Arcade Paradise,Nosebleed Interactive,Wired Productions
200000,74.54,SpyParty,"Chris Hecker, John Cimino",Chris Hecker
100000,84.97,Unholy Heights,Petit Depotto,PLAYISM
200000,28.98,Men of War: Assault Squad 2 - Cold War,Digitalmindsoft,Fulqrum Publishing
20000,61.91,Supernatural,Hitori De Productions,Hitori De Productions
20000,90.82,ISLANDERS: New Shores,The Station,"Coatsink, Thunderful Publishing"
200000,82.06,Ice Lakes,Iceflake Studios,Paradox Interactive
200000,85.60,The Jackbox Party Pack 8,Jackbox Games Inc.,Jackbox Games Inc.
50000,85.14,The Thing: Remastered,"Nightdive Studios, Computer Artworks","Nightdive Studios, Atari"
50000,89.63,Sucker for Love: Date to Die For,Akabaka,DreadXP
200000,74.86,Swarm Grinder,Last Bite Games,"Null State Protocol, Gamersky Games"
20000,88.31,我的机器人女友,时娱游戏,时娱游戏
200000,60.67,Ridge Racer™ Unbounded,BUGBEAR,BANDAI NAMCO Entertainment
20000,87.79,YAR: Forgotten Throne,Honor Games,Honor Games
50000,92.68,"Take me, Vitaly",Старый Билд,"Старый Билд, Ducat"
20000,77.06,Maktala: Slime Lootfest,Samharia Studios,Samharia Studios
100000,60.19,Stars End,Reverie World Studios,indie.io
20000,72.03,Corpse Keeper,Melancholia Studio,Thermite Games
50000,85.24,沉默的蟋蟀,蓬莱飞鱼工作室,噪点游戏 SERICA GAMES
20000,74.19,Battle Talent,Cydream,Cydream
20000,84.44,Tower Factory,Gius Caminiti,Gius Caminiti
200000,83.66,AI War 2,Arcen Games,Arcen Games
20000,92.14,Higurashi When They Cry Hou - Ch.3 Tatarigoroshi,07th Expansion,MangaGamer
50000,87.82,Attack on Toys,N7T-GAMES,N7T-GAMES
20000,80.95,Luto,Broken Bird Games,"Broken Bird Games, Selecta Play"
20000,71.93,To Pixelia,Pixeduo Studios,Crytivo
100000,59.50,- Arcane Raise -,Arcane Raise,WAX Publishing
20000,82.07,ORDER 13,Cybernetic Walrus,"Oro Interactive, Drillhounds"
20000,78.77,Onirism,Crimson Tales,Shoreline Games
20000,81.30,Taiko no Tatsujin: Rhythm Festival,Bandai Namco Amusement Lab Inc.,Bandai Namco Entertainment Inc.
20000,79.73,Microcosmum: survival of cells,Satur Entertainment,Satur Entertainment
20000,82.17,Brickadia,"Brickadia, LLC","Brickadia, LLC"
200000,59.54,Depraved,Evil Bite,Evil Bite
50000,87.47,Jet Lancer,Code Wakers,Armor Games Studios
20000,85.24,Spirit Valley,Otterside Games,Critical Bliss
50000,89.49,Papo & Yo,Minority Media Inc.,Minority Media
20000,86.50,SCP: Fragmented Minds,HST Studios,indie.io
100000,75.53,ARIA CHRONICLE,STUDIO N9,HIKE Inc.
100000,74.85,Seek Girl Ⅵ,DSGame,DSGame
20000,80.91,EXIT KUN,"IKUN&KUN, AIKUN",AIKUN
50000,76.73,CHKN,Katapult,Katapult
100000,89.60,Technobabylon,Technocrat Games,Wadjet Eye Games
100000,60.96,Blues and Bullets,A Crowd of Monsters,A Crowd of Monsters
50000,85.83,Super Trench Attack!,Retro Army Limited,paulstephendavis
100000,86.38,Umurangi Generation,ORIGAME DIGITAL,"ORIGAME DIGITAL, PLAYISM"
100000,91.15,Touhou Artificial Dream in Arcadia,Bar Holographic Otaku,"Bar Holographic Otaku, 东游鉴"
20000,84.96,Love n Life: Lucky Teacher,Reborn Entertainment,Reborn Entertainment
100000,85.18,Dungeon Warfare 2,Valsar,Valsar
20000,75.65,PHOGS!,Bit Loom Games,Coatsink
50000,84.15,Alicemare,△○□× (Miwashiba),PLAYISM
20000,76.60,The Last of Waifus,Konnichiwa Games,Konnichiwa Games
100000,76.59,TimeShift™,Saber Interactive,Activision
20000,90.43,Withering Rooms,Moonless Formless,Perp Games
50000,79.95,Starship EVO,Moonfire Entertainment,Moonfire Entertainment
500000,79.74,Frozen Synapse,Mode 7,Mode 7
100000,81.93,Lofi Ping Pong,Calvares,Calvares
100000,88.89,Dino Run DX,Pixeljam,Pixeljam
50000,82.83,Undead Horde,10tons Ltd,10tons Ltd
20000,88.85,Hotel Architect,Pathos Interactive,Wired Productions
100000,75.66,Subway Midnight,Bubby Darkstar,Aggro Crab
20000,58.11,Renown,RDBK Studios,RDBK Studios
20000,83.73,ICBM: Escalation,SoftWarWare,Slitherine Ltd.
20000,55.90,Green Hell VR,Incuvo,Incuvo
20000,66.76,Food Truck Simulator,DRAGO entertainment,"DRAGO entertainment, HeartBeat Games"
20000,84.39,Small Spaces,Niklas Tomkowitz,Pretty Soon
50000,83.97,Malware,Odd Games,Odd Games
100000,65.82,Lethis - Path of Progress,Triskell Interactive,Triskell Interactive
20000,82.89,BDSM: Big Drunk Satanic Massacre,Big Way Games,Big Way Games
200000,73.93,Metal Slug Tactics,Leikir Studio,"Dotemu, Gamirror Games"
50000,86.96,Papetura,Petums,"Petums, Galaktus"
50000,85.18,Yokai Art: Night Parade of One Hundred Demons,Secret Labo,Secret Labo
50000,93.15,A Webbing Journey,Fire Totem Games,"Future Friends Games, Fire Totem Games"
50000,77.72,Leaving Lyndow,Eastshade Studios,Eastshade Studios
20000,87.50,Epido,SekaiFrieden,SekaiFrieden
50000,87.74,The Ramp,Paul Schnepf,hyperparadise
20000,75.50,OverDrift Festival,OverDrift Crew,OverDrift Crew
200000,62.50,Men of War: Vietnam,Fulqrum Publishing,Fulqrum Publishing
20000,86.39,NEKOPARA After,NEKO WORKs,Sekai Project
200000,85.76,Atom Zombie Smasher,Blendo Games,Blendo Games
50000,73.80,Little Witch Academia: Chamber of Time,APLUS Co. Ltd,BANDAI NAMCO Entertainment
20000,86.60,The Legend of Heroes: Trails through Daybreak,"Nihon Falcom, PH3 GmbH",NIS America Inc.
50000,85.41,Glass Masquerade 3: Honeylines,Onyx Lute,Onyx Lute
50000,86.26,Taiji,Matthew VanDevander,Matthew VanDevander
200000,66.98,Relic Hunters Legend,Rogue Snail,Rogue Snail
200000,68.38,IL-2 Sturmovik: Cliffs of Dover Blitz Edition,"Team Fusion Simulations, 1C: Maddox Games",Fulqrum Publishing
20000,67.62,We Are The Dwarves,Whale Rock Games,Whale Rock Games
200000,80.63,Blitzkrieg 2 Anthology,Nival,Nival
100000,67.85,My Little Blacksmith Shop,"Dasius, Noble Games Studio",Noble Games Studio
20000,77.34,FrostBound,Lyra Studio,Shelly Technology
100000,84.40,Pan'orama,Chicken Launcher,Awaken Realms
100000,52.24,METAL SLUG XX,SNK CORPORATION,SNK CORPORATION
20000,91.64,Fear the Spotlight,Cozy Game Pals,Blumhouse Games
50000,78.94,Redout 2,34BigThings srl,34BigThings srl
50000,86.55,eversion,Zaratustra Productions,Zaratustra Productions
100000,81.92,KIBORG,Sobaka Studio,Sobaka Studio
50000,87.40,New Star™ GP,New Star Games Ltd.,Five Aces Publishing Ltd.
20000,89.75,Mutazione,Die Gute Fabrik,Akupara Games
200000,83.58,PARTICLE MACE,Andy Makes,Andy Makes
20000,89.19,IronWolf VR,Ionized Studios,Ionized Studios
50000,72.51,Crea,Siege Games,Siege Games
20000,75.58,Slitterhead,Bokeh Game Studio lnc., Spike Chunsoft Co. Ltd.
50000,73.85,Beneath Oresa,Broken Spear Inc.,Goblinz Publishing
200000,83.08,Streamer Daily,Mehan Games,Mehan Games
100000,92.08,Enigmatis 2: The Mists of Ravenwood,Artifex Mundi,Artifex Mundi
100000,84.54,METAL SLUG 2,"SNK CORPORATION, Dotemu",SNK CORPORATION
100000,83.67,Project Sparrow,Inspire Game Studios,Inspire Game Studios
100000,85.93,九州：商旅（Nine Provinces: Caravan）,"BigLight.Games, Xbgzs","BigLight.Games, NPC Entertainment"
20000,88.57,The Horrorscope,Randumb Studios,Randumb Studios
200000,77.03,Gamedec - Definitive Edition,Anshar Studios,Anshar Publishing
20000,51.70,Novus Inceptio,McMagic Productions,McMagic Productions
50000,79.93,Xuan-Yuan Sword: Mists Beyond the Mountains,"DOMO Studio, SOFTSTAR ENTERTAINMENT","方块游戏(CubeGame), Gamirror Games"
20000,88.33,PLAYNE : The Meditation Game,Krish Shrikumar,Vismaya
50000,79.93,The TakeOver,Pelikan13,Pelikan13
50000,86.59,qop,Quiet River,Quiet River
20000,80.35,"JASON, Coming of Age",Coeur de cochon,Coeur de cochon
20000,86.14,Chippy,Facepunch Studios,Facepunch Studios
100000,87.81,The Magic Circle,Question,Question
20000,88.97,Lil' Guardsman,Hilltop Studios,"Versus Evil, tinyBuild"
50000,73.49,Lumencraft,2Dynamic Games,"Star Drifters, Surefire.Games"
100000,87.31,True Fear: Forsaken Souls Part 1,Goblinz Enterprises Ltd,The Digital Lounge
20000,78.59,Bootstrap Island,Maru VR,Maru VR
20000,71.66,Knightica,Mad Mango Games,"Goblinz Publishing, WR game"
20000,82.74,As We Descend,Box Dragon,Coffee Stain Publishing
50000,84.25,Graviteam Tactics: Mius-Front,Graviteam,Graviteam
100000,72.89,MOTHERGUNSHIP,"Terrible Posture Games, Grip Digital",Terrible Posture Games
200000,86.42,King's Bounty: Armored Princess,Katauri Interactive,Fulqrum Publishing
20000,92.45,Catto's Post Office,In Shambles Studio,In Shambles Studio
50000,75.77,"Badlands Crew - Drive, Command, Conquer",Runner Duck,Curve Games
20000,86.62,My Neighbor's Lonely Wife 2,YASANIKI,"Mango Party, Mango Party News"
100000,86.24,Dungeonmans,Adventurepro Games LLC,Adventurepro Games LLC
20000,84.22,小小侠客模拟器,小小游戏,小小游戏
100000,70.77,Citystate II,Andy Sztark,Andy Sztark
20000,90.02,Q-UP,Everybody House Games,Everybody House Games
100000,80.48,Let Them Come,Tuatara Games,"Versus Evil, tinyBuild"
200000,81.70,Final DOOM,id Software,id Software
20000,87.14,Candleman: The Complete Journey,Candleman Games,Candleman Games
20000,78.33,Harold Halibut,Slow Bros.,Slow Bros.
100000,78.84,Dread Templar,T19 Games,Fulqrum Publishing
20000,77.34,ANIME - World War II,Konnichiwa Games,Konnichiwa Games
50000,52.08,Alien Shooter 2 - The Legend,Sigma Team Inc.,Sigma Team Inc.
20000,78.82,Tangledeep,Impact Gameworks,"Impact Gameworks, Doyoyo Games"
200000,80.20,Dreamfall: The Longest Journey,Funcom,Funcom
20000,88.45,Cooking Companions,Deer Dream Studios,Serenity Forge
200000,78.30,FURIDASHI: Drift Cyber Sport,Drift Physics Crew,Drift Physics Crew
20000,92.26,A Shelter Full of Cats,Devcats,Devcats
100000,85.86,Koi x Shin Ai Kanojo,Us:track,HIKARI FIELD
20000,86.67,Cats and the Other Lives,Cultic Games,"Cultic Games, Maple Whispering Limited"
20000,84.46,The Light Brigade,Funktronic Labs,"Funktronic Labs, Creature Label"
50000,88.75,Hatsune Miku Logic Paint S,Crypton Future Media,KOMODO
100000,81.93,SAELIG,Atorcoppe Games,Atorcoppe Games
100000,71.49,Car Detailing Simulator,"Games Incubator, GameFormatic S.A.","Games Incubator, PlayWay S.A."
20000,90.07,Bladesong,SUN AND SERPENT creations,Mythwright
100000,91.58,沉睡的法则 Things as They Are,四块二茶会,四块二茶会
200000,67.84,The Chosen RPG,Little Big Lee,Senpai Industrial Studios
200000,52.27,Destiny Warriors RPG,ninjalex,Senpai Industrial Studios
200000,57.58,Cities XL Platinum,Focus Entertainment,Focus Entertainment
20000,93.32,YKMET: Strade,Gatobob,Gatobob
50000,90.43,Kathy Rain 2: Soothsayer,Clifftop Games,Raw Fury
20000,85.75,Fill Up The Hole,Fluffy Lotus,Fluffy Lotus
50000,76.64,Line War,Studio Centurion,Studio Centurion
50000,85.92,Climbey,Brian Lindenhof,ShadowBrain Games
50000,88.57,Orion Sandbox Enhanced,y8.com,y8.com
20000,88.90,Dungeons of Blood and Dream,Lori Vornoy,Lori Vornoy
20000,72.70,Trainz Railroad Simulator 2022,N3V Games,N3V Games
20000,60.74,Warhammer Underworlds - Shadespire Edition,"Steel Sky Productions, Tin Man Games",Steel Sky Productions
100000,82.07,Before the Echo,Iridium Studios,Iridium Studios
20000,81.05,Touge Shakai,Raiyon Studios Pte Ltd,Raiyon Studios Pte Ltd
50000,34.43,Garbage Day,Svajūnas Žemaitis,Svajūnas Žemaitis
50000,71.52,Model Builder: Complete Edition,Moonlit S.A.,Green Man Gaming Publishing
100000,52.20,Penumbra: Requiem,Frictional Games,Frictional Games
50000,90.60,DRAINUS,"Team Ladybug, WSS playground","WSS playground, Alliance Arts"
50000,83.72,PUSS!,teamcoil,teamcoil
100000,74.10,Miasmata,IonFx,IonFX Studios
20000,69.57,吞食孔明传 Tunshi Kongming Legends,Sunny Show,Phoenix Games
50000,81.45,Uncle Chop's Rocket Shop,Beard Envy,Kasedo Games
20000,69.65,LOST EPIC,"One or Eight, Team EARTHWARS",One or Eight
100000,75.86,Dust to the End,"Haojoy Game, Zjoy Game",2P Games
20000,88.94,The Legend of Heroes: Trails into Reverie,"Nihon Falcom, PH3 GmbH",NIS America Inc.
200000,71.22,Majesty 2 Collection,1C:InoCo,Paradox Interactive
50000,85.25,The Eternal Cylinder,ACE Team,Good Shepherd Entertainment
20000,88.05,Loco Motive,Robust Games,Chucklefish
20000,83.83,Metal Bringer,ALPHAWING Inc.,PLAYISM
20000,69.36,Summer~Life in the Countryside~,Dieselmine,Dieselmine
50000,85.39,Hell Pie,Sluggerfly,Headup
50000,72.31,AK-xolotl: Together,2Awesome Studio,Playstack
50000,81.38,Aquarium Designer,Sigur Studio,"Games Operators, PlayWay S.A."
50000,71.63,Card Survival: Fantasy Forest,WinterSpring Games,WinterSpring Games
200000,87.89,Indie Game: The Movie,BlinkWorks Media,BlinkWorks Media
100000,80.25,Swords and Sandals Immortals,Whiskeybarrel Studios,eGames.com
20000,86.90,Level Devil,Unept,Unept
100000,84.50,The Deadly Tower of Monsters,ACE Team,SEGA
50000,61.24,Survive on Raft,Megame LLC,Megame LLC
50000,87.51,狼と香辛料VR/Spice&WolfVR,SpicyTails,SpicyTails
20000,91.15,Paquerette Down the Bunburrows,Bunstack,Abiding Bridge
20000,88.57,Starship Troopers: Ultimate Bug War!,Auroch Digital,"Dotemu, Game Source Entertainment"
100000,88.12,Tinyfolks,Pierre Vandermaesen,VANDERMAESEN GAMES
20000,89.19,Race of Life - Act 1,Underground Studio,Underground Studio
20000,87.85,Chasing Sunsets,Stone Fox Studios,Stone Fox Studios
50000,83.05,Dandy Ace,Mad Mimic,NEOWIZ
20000,56.75,Aces of Thunder,Gaijin Entertainment,Gaijin Network Ltd
100000,90.61,Grim Legends: The Forsaken Bride,Artifex Mundi,Artifex Mundi
50000,81.05,Mail Time,Kela van der Deijl,indie.io
100000,89.72,FALL IN LABYRINTH,JUKKAKU GAMES,OTAKU Plan
200000,83.89,Evan's Remains,maitan69,Whitethorn Games
100000,62.91,WWE 2K17,"Visual Concepts, Yuke's Co. Ltd",2K
20000,80.90,Rise of Gun,PimpGameStudio,PimpGameStudio
100000,54.20,Nancy Drew®: Midnight in Salem,HeR Interactive Inc.,HeR Interactive Inc.
200000,87.50,Marble It Up! Ultra,"Blueteak, The Engine Company, Shapes and Lines, Arcturus Interactive, The Quantum Astrophysicists Guild","Alvios Inc., Bad Habit Productions"
100000,92.09,Pajama Sam: No Need to Hide When It's Dark Outside,Humongous Entertainment,"Humongous Entertainment, Nightdive Studios"
20000,78.90,AWAKEN - Astral Blade,Dark Pigeon Games,ESDigital Games
20000,85.62,PerfectLover,MIGI STUDIO,"Hide Games, MIGI STUDIO"
100000,74.89,Madness Cubed,"epic dreams, diman production, nobodyshot",diman production
20000,81.10,THRESHOLD,Julien Eveillé,CRITICAL REFLEX
20000,84.72,蓝宝石般的被害妄想少女/Damsel with persecutory delusion,橙光游戏,橙光游戏
100000,85.21,Exiled Kingdoms,4 Dimension Games,4 Dimension Games
20000,87.40,Death Howl,The Outer Zone,11 bit studios
20000,82.22,Pepper Grinder,"Ahr Ech, MP2 Games",Devolver Digital
100000,88.64,3030 Deathwar Redux - A Space Odyssey,Bird in Sky,Crunchy Leaf Games
20000,89.82,NanoApostle,18Light Game Ltd.,PQube
100000,87.53,Sky Rogue,Fractal Phase,Fractal Phase
200000,75.79,FEMINAZI: The Triggering,"hyperboreanGames, Svarog Studios",Back To Basics Gaming
20000,80.23,Hello Neighbor: Hide and Seek,Dynamic Pixels,tinyBuild
200000,50.34,Daylight,Zombie Studios,Zombie Studios
20000,82.35,Deck of Haunts,Mantis,"DANGEN Entertainment, Game Source Entertainment"
20000,92.25,Soul Touch,URAYAHA,URAYAHA
20000,75.59,Seed of the Dead,TeamKRAMA,Eroge Japan
20000,87.92,Midnight Castle Succubus DX,"pixelteishoku, Libra Heart",Critical Bliss
20000,87.59,挂机手游模拟器,天光,天光
100000,86.52,KARAKARA,calme,Sekai Project
50000,65.80,SILENT BREATH,EXODIAC STUDIOS,EXODIAC STUDIOS
50000,85.60,"Calm Down, Stalin",Cartboard Games,Cartboard Games
50000,77.94,Furnish Master,Alex Blintsov,Alex Blintsov
20000,90.24,BRUTALISTICK VR,Kubunautilus,Kubunautilus
20000000,88.08,Path of Exile,Grinding Gear Games,Grinding Gear Games
50000,70.00,ZONE OF THE ENDERS THE 2nd RUNNER : M∀RS / アヌビス ゾーン・オブ・エンダーズ : マーズ,"KONAMI, Cygames Inc.",KONAMI
50000,79.00,DEPLOYMENT,Whale Rock Games,Whale Rock Games
50000,81.53,The Colonists,Codebyfire,Mode 7
50000,87.19,Spellmasons,Octavia Blue,Octavia Blue
20000,86.20,Adios,Mischief,Mischief
50000,76.98,Lords of Xulima,Numantian Games,Numantian Games
50000,86.72,Kingdom Under Fire: The Crusaders,Blueside,Blueside Incredi Soft
20000,88.67,The Big Con,Mighty Yell,Skybound Games
20000,88.00,Cozy Caravan,5 Lives Studios,5 Lives Studios
20000,89.17,We Know the Devil,"Pillow Fight, Worst Girls Games",Pillow Fight
50000,82.09,Fireboy & Watergirl: Elements,Oslo Albet,Oslo Albet
20000,86.80,USAC: Code Breach,Questions Factory,Questions Factory
50000,53.85,GRAVEN,Slipgate Ironworks™,"3D Realms, Fulqrum Publishing"
200000,73.61,Shadwen,Frozenbyte,Frozenbyte
200000,69.35,TT Isle of Man: Ride on the Edge,KT Racing,Nacon
100000,90.09,Love Love School Days,OTL GAME,"OTL GAME, Waku Waku Games"
100000,87.24,Here Comes Niko!,Frog Vibes,Gears for Breakfast
20000,74.98,Sex Chess,Evil Boobs Cult,Evil Boobs Cult
50000,86.97,Hero of the Kingdom: The Lost Tales 1,Lonely Troops,Lonely Troops
50000,60.25,Diluvion: Resubmerged,Arachnid Games,Good Shepherd Entertainment
50000,81.25,[Chilla's Art] Shinkansen 0 | 新幹線 0号,Chilla's Art,Chilla's Art
20000,85.59,CYAN BRAIN,NEKOUJI,"Mango Party, Mango Party News"
100000,86.76,SanctuaryRPG: Black Edition,Black Shell Media,Plug In Digital
100000,80.81,Tin Can,Tin Can Studio,Tin Can Studio
50000,83.97,Devolver Bootleg,doinksoft,Devolver Digital
100000,69.89,反转21克,想象颗粒,想象颗粒
20000,65.09,AMNESIA,Super Alex,Super Alex
200000,72.46,SpellForce 2 - Anniversary Edition,"Phenomic, THQ Nordic",THQ Nordic
20000,84.36,OVIS LOOP,LIFUEL,LIFUEL
100000,84.13,Carrier Deck,Every Single Soldier,Every Single Soldier
20000,89.41,你好！我们还有场恋爱没谈-番外篇,念念而忘(Indelible Studio),盛澜互娱
50000,86.63,Pronty,"18Light Game Ltd., FunZone Games","18Light Game Ltd., CE-Asia, 樂磚 Joy Brick, Mayflower Entertainment"
200000,70.30,Jagged Alliance - Back in Action,"Coreplay GmbH, Bigmoon Studios",THQ Nordic
200000,75.27,Intergalactic Bubbles,Hellscape Games,Hellscape Games
100000,80.80,Cube Destroyer,Freedomize Studio,Freedomize Studio
50000,73.35,1979 Revolution: Black Friday,"iNK Stories, N-Fusion Interactive",iNK Stories
50000,61.15,Fade to Silence,Black Forest Games,THQ Nordic
100000,87.97,Hustle Cat,Date Nighto,Date Nighto
200000,29.15,HomeWork Is Crazy / 作业疯了,三脚猫,Gamirror Games
20000,91.74,A Building Full of Cats 2,Devcats,Devcats
50000,87.52,The Fruit of Grisaia,Frontwing,Frontwing USA
100000,77.57,Starblast,Neuronality,Neuronality
50000,84.57,Twilight Survivors,DORIDORI STUDIO,DORIDORI STUDIO
50000,74.99,Симулятор Прыгания по Гаражам,Sovietpunk 1991,Kavkaz Sila Games
20000,72.44,Corsairs Legacy - Pirate Action RPG & Sea Battles,Mauris,Mauris Games OU
50000,70.47,Supernormal,Hitori de Productions,Hitori de Productions
100000,74.06,Hundred Days - Winemaking Simulator,Broken Arms Games,Broken Arms Games
50000,83.77,BlazeRush,Targem Games,Targem Games
50000,79.56,The Gallery - Episode 1: Call of the Starseed,Cloudhead Games Ltd.,Cloudhead Games Ltd.
50000,70.44,Shenmue III,YS NET,ININ
20000,91.00,Symphonic Rain,KOGADO STUDIO,KOMODO
50000,89.69,Evil Nun: The Broken Mask,"Keplerians, Carlos Coronado",Keplerians
20000,76.72,Tales Of Glory,BlackTale Games,BlackTale Games
50000,85.41,Crash Drive 2,M2H,M2H
20000,73.51,Death end re;Quest,"Idea Factory, Compile Heart",Idea Factory International
20000,63.00,Castle Flipper,▲ Pyramid Games,"Gaming Factory, Ultimate Games S.A."
100000,85.76,Nitroplus Blasterz: Heroines Infinite Duel,EXAMU,"XSEED Games, Marvelous USA Inc., Marvelous"
100000,83.66,Faces of War,Best Way,Fulqrum Publishing
100000,88.81,MageQuit,Bowlcut Studios,Bowlcut Studios
100000,90.50,Cats in Time,Pine Studio,Pine Studio
20000,76.67,Dollar,DollarDev,DollarPublisher
20000,91.55,Tree Simulator 2022,Revmatek,Revmatek
20000,83.57,[Chilla's Art] Aka Manto | 赤マント,Chilla's Art,Chilla's Art
20000,75.94,Night Swarm,Fubu Games,"Mad Mushroom, Gamersky Games"
50000,86.70,Shadows of Forbidden Gods,Bobby Two Hands,Forbidden Oak Games Limited
20000,89.70,On-Together: Virtual Co-Working,GigaPuff,Future Friends Games
200000,82.56,Super Sanctum TD,Coffee Stain Studios,Coffee Stain Publishing
50000,86.77,NITE Team 4 - Military Hacking Division,Alice & Smith,Alice & Smith
50000,82.39,PuzzleQuest: Challenge of the Warlords,Infinite Interactive,D3Publisher of America Inc.
20000,91.84,Little Busters! English Edition,VisualArts/Key,VisualArts
100000,77.48,Fantasy General II,Owned by Gravity,Slitherine Ltd.
20000,89.06,My Card Is Better Than Your Card!,Utu Studios,Utu Studios
100000,63.25,Surviving the Abyss,Rocket Flair Studios,Paradox Arc
20000,77.10,"Lewd Girls, Leave Me Alone! I Just Want to Play Video Games and Watch Anime! ~ Hentai Edition",azaly,azaly
50000,89.24,The Scourge | Tai Ương,"Rare Reversee, Beaztek","Rare Reversee (Global), LICOGAME (China Publishing)"
20000,73.64,Nitro Express,Grayfax Software,PLAYISM
200000,84.20,Beyond Blue,E-Line Media,E-Line Media
100000,75.38,Vampire's Fall: Origins,Early Morning Studio,Early Morning Studio
50000,73.47,Brewmaster: Beer Brewing Simulator,Auroch Digital,Fireshine Games
20000,82.21,HIVESWAP: ACT 2,What Pumpkin Games Inc.,What Pumpkin Games Inc.
20000,90.80,Fatum Betula,Bryce Bucher,Bryce Bucher
20000,71.82,Skydance's BEHEMOTH,Skydance Games,Skydance Games
200000,82.13,Half Minute Hero: Super Mega Neo Climax Ultimate Boy,Opus,Marvelous
200000,68.67,NBA Playgrounds,Saber Interactive,"Mad Dog Games, LLC"
50000,81.11,Sketchy's Contract,Dimensionless Games,Dimensionless Games
20000,83.46,H-SNIPER: Middle East,Konnichiwa Games,Konnichiwa Games
20000,85.86,Anomaly Exit,ExamlGuy,ExamlGuy
20000,60.05,EVERYBODY'S GOLF HOT SHOTS,HYDE Inc.,Bandai Namco Entertainment Inc.
20000,87.41,Camper Van: Make it Home,Malapata Studio,"Malapata Studio, Wings "
200000,79.99,Terrorhedron Tower Defense,Dan Walters,Dan Walters
20000,87.65,Blaster Master Zero,INTI CREATES CO. Ltd.,INTI CREATES CO. Ltd.
20000,80.32,Beach Invasion 1944,AIx2 Games,AIx2 Games
200000,74.76,Giana Sisters: Twisted Dreams,Black Forest Games,"HandyGames, Black Forest Games"
50000,82.28,BUTCHER,"Phobia Game Studio, Transhuman Design",Crunching Koalas
50000,52.57,Lucius III,Shiver Games,Shiver Games
50000,76.45,Penny’s Big Breakaway,Evening Star,Private Division
50000,81.78,Motesolo : No Girlfriend Since Birth,INDICAVA INTERACTIVE,INDICAVA INTERACTIVE
20000,87.14,Doodle Empires,Turtle Stack Games,Turtle Stack Games
20000,74.64,СИМУЛЯТОР ОДИНОЧЕСТВА В РУССКОЙ ДЕРЕВНЕ,Guilty Pleasure Games,Guilty Pleasure Games
50000,70.26,No More Heroes 2: Desperate Struggle,GRASSHOPPER MANUFACTURE INC.,"XSEED Games, Marvelous USA Inc., Marvelous Europe"
200000,67.33,Transport INC,DIGIFOX,"Games Operators, PlayWay S.A."
50000,78.40,Seablip,Jardar Solli,Vibedy
200000,74.77,Despotism 3k,Konfa Games,Konfa Games
100000,48.85,Fantasy Blacksmith,Heaven Brotherhood,GrabTheGames
100000,75.78,Splendor,Days of Wonder,"Twin Sails Interactive, Days of Wonder"
20000,84.77,Catlateral Damage,"Manekoware, Fire Hose Games",Manekoware
100000,77.40,Nidhogg 2,Messhof,Messhof
20000,83.88,CONVERGENCE: A League of Legends Story™,Double Stallion,Riot Forge
50000,85.92,Near Death,Orthogonal Games,Orthogonal Games
500000,84.06,Anomaly: Warzone Earth,11 bit studios,11 bit studios
20000,82.63,LEGO® Party!,SMG Studio,Fictions
100000,83.35,Draw a Stickman: EPIC 2,Hitcents,Hitcents
20000,81.99,Father's Day,EMIKA_GAMES,EMIKA_GAMES
50000,77.99,Blueprint Tycoon,Endless Loop Studios,Endless Loop Studios
50000,86.26,Clone Drone in the Hyperdome,Doborog Games,Doborog Games
200000,51.97,Red Faction II,Volition,Deep Silver
20000,86.84,Tingus Goose,SweatyChair,"Playsaurus, UltraPlayers"
50000,81.80,Chinatris,"仓鼠动力, Args Studio",Gamirror Games
50000,76.17,Lunar Mirror,DSGame,DSGame
50000,74.78,RDS - The Official Drift Videogame,Drift Physics Crew,Drift Physics Crew
200000,82.84,Samurai Bringer,ALPHAWING Inc.,PLAYISM
2000000,72.69,RIFT,gamigo US Inc.,gamigo US Inc.
500000,81.74,Teleglitch: Die More Edition,Test3 Projects,Paradox Interactive
50000,73.11,Subterrain,Pixellore Inc,Pixellore Inc
100000,88.15,Duck Season PC,Stress Level Zero,Stress Level Zero
200000,86.84,Rift Wizard,Dylan White,Dylan White
100000,57.40,Deceit 2,World Makers,World Makers
50000,72.43,Demigod,Gas Powered Games,Stardock Entertainment
100000,74.81,YIIK: A Postmodern RPG,Ackk Studios,Ysbryd Games
20000,79.36,Nucleares,Iván Marcelo Pretti,MicroProse Software
500000,82.79,Warlock - Master of the Arcane,Ino-Co Plus,Paradox Interactive
100000,75.60,Fight The Dragon,3 Sprockets,3 Sprockets
20000,86.54,Castle in The Clouds DX,"pixelteishoku, Libra Heart",Critical Bliss
20000,80.34,Zetria,Karne,PixelBee
200000,80.56,Q.U.B.E. 2,Toxic Games,Trapped Nerve Games
50000,40.88,Alone in the Dark (2008),"Eden Games, Hydravision Entertainment",THQ Nordic
200000,67.70,Warlock 2: The Exiled,Ino-Co Plus,Paradox Interactive
100000,83.51,Portal Dungeon,DuskDogStudio,DuskDogStudio
50000,77.80,GoNNER,Art in Heart,Raw Fury
20000,85.67,Love Esquire - RPG/Dating Sim/Visual Novel,Yangyang Mobile,Yangyang Mobile
200000,91.44,Toree 2,Siactro,Siactro
20000,89.56,Golf Peaks,Afterburn,Afterburn
200000,83.66,Myths of Rules,Sugarcane Games,Sugarcane Games
20000,52.81,Raiders of Blackveil,Wombo Games,Wombo Games
200000,75.84,Blades of Time,Gaijin Entertainment Corporation,Gaijin Entertainment Corporation
100000,72.13,Doodle God,JoyBits Ltd.,JoyBits Ltd.
200000,76.64,The Almost Gone,Happy Volcano,"Playdigious Originals, XD"
500000,71.80,Hell is Others,"Strelka Games, Yonder",A List Games
20000,88.64,One-Eyed Likho,Morteshka,Morteshka
50000,64.80,Infectonator: Survivors,Toge Productions,Toge Productions
20000,79.21,轮回修仙传,Collider Studio,OKJOY
20000,91.46,Scalak,Hamster On Coke Games,Hamster On Coke Games
20000,89.46,The Confession,Randumb Studios,Randumb Studios
20000,92.01,Far Fishing,LostVolBytes,LostVolBytes
200000,78.83,AI War: Fleet Command,Arcen Games,Arcen Games
20000,76.86,Equinox: Homecoming,Blue Scarab Entertainment,Blue Scarab Entertainment
20000,90.69,沙雕之路,馆叔,馆叔
100000,85.72,Quiplash,Jackbox Games Inc.,Jackbox Games Inc.
20000,87.14,SENRAN KAGURA Bon Appétit! - Full Course,Meteorise,"XSEED Games, Marvelous USA Inc., Marvelous"
100000,86.45,Eliza,Zachtronics,Zachtronics
100000,84.02,The Mooseman,Morteshka,Morteshka
50000,70.36,Gunsmith,SCT,SCT
50000,78.14,Kayak VR: Mirage,Better Than Life,Better Than Life
20000,75.32,Spooky Milk Life,"MangoMango, Studio Ginkgo",Studio Ginkgo
200000,80.15,Stuck In Time,Housemade Inc.,Housemade Inc.
200000,52.92,Shroud of the Avatar: Forsaken Virtues,Catnip Games,Catnip Games
50000,81.61,My Cute Fuhrer,CUTE ANIME GIRLS,Tranquility games
20000,89.74,寇莎梅特：困世迷情 Consummate:Missing World,冷笑黑妖,冷笑黑妖
20000,73.69,ESCAPE FROM BOYKISSER,akhsotoen,akhsotoen
50000,75.65,Used Cars Simulator,DreamWay Games,PlayWay S.A.
50000,83.35,Escape Academy,Coin Crew Games,iam8bit Presents
50000,14.71,SuperPower 3,GolemLabs,THQ Nordic
50000,68.45,Master of Magic,"MuHa Games, Eerie Forest Studio",Slitherine Ltd.
20000,86.34,Mists of Aiden,Steppe Hare Studio,Steppe Hare Studio
50000,65.70,Dungeons of Edera,Monster Tooth Studios,Monster Tooth Studios
20000,88.60,There Are No Orcs,BaseTrade Studio,Gamirror Games
50000,50.44,道衍诀,宁德动游网络科技有限公司,宁德动游网络科技有限公司
200000,49.10,Gothic 3: Forsaken Gods Enhanced Edition,"Trine Studios, G3 Community Patch Team, Mad Vulture Games",THQ Nordic
100000,72.96,Drunkn Bar Fight,The Munky,The Munky
100000,73.92,Oddworld: Munch's Oddysee,Oddworld Inhabitants,Oddworld Inhabitants
50000,72.18,Caligo,Krealit,Krealit
50000,90.16,Waves,Squid In A Box Ltd,Squid In A Box Ltd
50000,65.33,Tinkertown,Headup,Headup
20000,85.72,Sex and the Furry Titty,Furlough Games,Furlough Games PBS
100000,83.54,Wayout,Konstructors,"Hook Games, GrabTheGames"
20000,85.55,Red Matter,Vertical Robot,Vertical Robot
50000,68.09,Do Not Feed the Monkeys 2099,Fictiorama Studios,Joystick Ventures
50000,76.70,The Executive - Movie Industry Tycoon,Aniki Games,"Goblinz Publishing, Maple Whispering Limited"
20000,80.96,Anodyne,"Melos Han-Tani, Marina Kittaka",Analgesic Productions
20000,62.69,VR HOT,VR HOT,VR HOT
50000,86.08,S.W.I.N.E. HD Remaster,Kite Games,"Assemble Entertainment, WhisperGames"
20000,76.40,Escape the Ayurok,DeadlyCrow Games,DeadlyCrow Games
100000,86.09,Christmas Massacre,Puppet Combo,Puppet Combo
50000,80.87,Vaporum,"Fatbot Games, s. r. o.","Fatbot Games, s. r. o."
50000,63.82,Magical Battle Cry,羲和工作室,羲和工作室
20000,90.09,D'LIRIUM,B52 Development Team,B52 Development Team
20000,44.97,Bus-Simulator 2012,TML-Studios,astragon Entertainment
20000,83.35,Lunavania,白狼游戏,Gamirror Games
100000,65.00,Welcome to ParadiZe,Eko Software,Nacon
20000,89.65,A Gentlemen's Dispute,Blast Furnace Games,Blast Furnace Games
100000,82.47,Oik 3,Crew Lab,Crew Lab
50000,81.13,Cursorblade,RealPeach,RealPeach
200000,75.11,Toy Soldiers: Complete,"Signal Studios, Krome Studios",Signal Studios
200000,72.87,The Moon Sliver,David Szymanski,David Szymanski
20000,79.76,Tyrant's Realm,Team Tyrant,Skystone Games
50000,81.42,The Station,The Station Game ltd,The Station Game ltd
50000,88.59,Ark Mobius: Censored Edition,YellowDuckWorks,YellowDuckWorks
200000,89.32,Paradigm,Jacob Janerka,Jacob Janerka
50000,56.67,Survival Zombies The Inverted Evolution,Racing Bros,ANPA.US
20000,79.10,Lyca,Syphono4,"Syphono4, Pretty Soon"
20000,71.06,Soundfall,Drastic Games,Noodlecake
20000,73.58,Harvest Moon: Light of Hope Special Edition,"TABOT Inc., Natsume Inc.",Natsume Inc.
50000,77.14,Degrees of Separation,Moondrop,Maximum Entertainment
50000,83.42,Enter The Backrooms,Justin Kroh,Cosmic Crow Creations
20000,86.51,That Which Gave Chase,Aslak,Fremmed
20000,90.63,The Price Of Flesh,Gatobob,Gatobob
50000,84.24,Dead Signal,Reflect Studios,Reflect Studios
100000,86.48,China: Mao's legacy,Nostalgames,Nostalgames
200000,87.63,The Adventure Pals,Massive Monster,Armor Games Studios
200000,70.71,Influent Language Learning Game,Rob Howland,Three Flip Studios
100000,63.60,Garbage,Homebased,"GrabTheGames, UpgradePoint"
20000,82.84,RUNGORE,"YOUR_MOM'S_HP, RavenJm","GrabTheGames, Gamera Games, UpgradePoint"
20000,86.70,Villages & Dungeons,CaCaFrog Studio,Morax Games
100000,78.74,VirtuaVerse,Theta Division,Blood Music
20000,84.41,My Little Life,9FingerGames,9FingerGames
100000,81.69,Nexus - The Jupiter Incident,Mithis Games,HandyGames
100000,79.61,TT Isle of Man: Ride on the Edge 2,KT Racing,Nacon
50000,89.59,Five Nights At Floppa,FreezyCat,FreezyCat
100000,79.18,Affogato,Befun Studio,Spiral Up Games
100000,84.35,The Silver Case,"GRASSHOPPER MANUFACTURE INC., PLAYISM",GRASSHOPPER MANUFACTURE INC.
50000,68.91,Godhood,Abbey Games,Abbey Games
20000,83.24,Dice Gambit,Chromatic Ink,"Spelkollektivet, WhisperGames"
20000,78.24,Succumate,Dojin Otome,Kagura Games
200000,79.94,Halcyon 6: Starbase Commander,Massive Damage Inc.,Massive Damage Inc.
20000,87.15,Bogos Binted?,underbadger,"GameDev.ist, underbadger"
20000,86.22,Cowboy Life Simulator,Odd Qubit,RockGame S.A.
50000,66.69,Robin Hood - Sherwood Builders,MeanAstronauts,"PlayWay S.A., Ritual Interactive"
20000,90.28,DoDonPachi Resurrection,"CAVE Interactive CO.,LTD.",KOMODO
100000,80.00,They Breathe,The Working Parts,The Working Parts
50000,78.40,Neptunia x SENRAN KAGURA: Ninja Wars,"Idea Factory, Compile Heart, Tamsoft",Idea Factory International
20000,88.67,Burnhouse Lane,Harvester Games,Harvester Games
20000,89.31,Utopia Must Fall,Pixeljam,Pixeljam
20000,65.34,Venture Seas,Virtuous Development,Critical Bliss
20000,84.21,Summer Pockets REFLECTION BLUE,VISUAL ARTS/Key,VISUAL ARTS
100000,59.36,Anna - Extended Edition,Dreampainters,Kalypso Media Digital
20000,61.76,Space Hulk: Tactics,Cyanide Studio,Focus Entertainment
20000,84.15,The Scouring,Orc Group,Orc Group
100000,76.00,Signal Simulator,Blagovest Penev,Blagovest Penev
50000,73.52,Nickelodeon All-Star Brawl 2,Fair Play Labs,GameMill Entertainment
200000,83.70,Silent Storm Gold Edition,Nival,THQ Nordic
20000,66.34,Tower! Simulator 3,FeelThere,FeelThere
100000,86.95,Conan the mighty pig,Mihai Morosanu,Mihai Morosanu
100000,82.89,Children of Silentown,"Elf Games, Luna2 Studio",Daedalic Entertainment
20000,61.69,The Fisherman - Fishing Planet,Fishing Planet LLC,Fishing Planet LLC
200000,79.42,Ghost Song,Old Moon,Balor Games
100000,52.03,Cyanide & Happiness - Freakpocalypse (Episode 1),"Explosm, Skeleton Crew Studios",Serenity Forge
100000,73.58,Dragon Marked For Death,INTI CREATES CO. Ltd.,INTI CREATES CO. Ltd.
100000,76.11,Wings of Vi,Grynsoft,Grynsoft
100000,84.01,Endgame of Devil,MiniWhale,Anotherindie
100000,70.60,American Theft 80s,Noble Muffins,PlayWay S.A.
20000,38.03,Project Motor Racing,Straight4 Studios,GIANTS Software
100000,49.58,Dementium II HD,Memetic Games,Missing Link Games
100000,61.81,Blightbound,Ronimo Games,Devolver Digital
50000,91.14,JellyCar Worlds,Walaber Entertainment LLC,Walaber Entertainment LLC
20000,88.12,Yooka-Replaylee,Playtonic Games,"PM Studios Inc., Playtonic Friends"
20000,72.32,Escape from Yandere,VorhGames,VorhGames
20000,90.67,Bookshop Simulator,Blep Games,Blep Games
20000,83.76,月球坠落时 Moon Fall,"Xihe Animation, JasminsSummer Project",Horo Games
20000,88.29,RAIDOU Remastered: The Mystery of the Soulless Army,ATLUS,SEGA
100000,61.76,Toren,Swordtales,Versus Evil
100000,65.87,Evil Dead: The Game,Saber Interactive,"Saber Interactive, Boss Team Games, LLC"
50000,75.63,Rise of Insanity,Red Limb Studio,Red Limb Studio
20000,82.87,PLATiNA :: LAB,HIGH-END Games,HIGH-END Games
200000,70.23,Zanzarah: The Hidden Portal,Funatics Software,Daedalic Entertainment
200000,83.86,Commandos: Beyond the Call of Duty,Pyro Studios,Kalypso Media Digital
100000,82.01,变量 Variables,Asteroid Game Studio,Asteroid Game Studio
100000,71.94,Fingered,"Edmund McMillen, James Id","Edmund McMillen, James Id"
200000,71.03,UNLOVED,BlueEagle Productions,Paul Schneider
100000,82.89,KarmaZoo,Pastagames,Devolver Digital
50000,91.58,BROK the InvestiGator,COWCAT,COWCAT
50000,74.37,BloodRayne 2: Terminal Cut,Terminal Reality,Ziggurat
100000,84.52,ARCADE GAME SERIES: PAC-MAN,BANDAI NAMCO Studios Inc.,BANDAI NAMCO Entertainment
50000,87.60,Dream Car Builder,RoKo0 (Roman Konyukhov),RoKo0 (Roman Konyukhov)
20000,81.11,Let Them Trade,Spaceflower,"ByteRockers' Games, Gamersky Games"
20000,87.28,YOHANE THE PARHELION -BLAZE in the DEEPBLUE-,INTI CREATES CO. Ltd.,INTI CREATES CO. Ltd.
20000,86.81,Koi-Koi Japan [Hanafuda playing cards],Zoo Corporation,Zoo Corporation
20000,74.01,GetsuFumaDen: Undying Moon,"KONAMI, GuruGuru",KONAMI
20000,82.57,LOOPERS,VisualArts/Key,VisualArts
20000,87.15,Shaolin vs Wutang,J.Bowman,J..Bowman
500000,73.99,Galactic Civilizations® II: Ultimate Edition,Stardock Entertainment,Stardock Entertainment
20000,85.63,夜永 Eternal Love,白露社,PeriScope Game
20000,83.51,Aotenjo: Infinite Hands,XO Cat,XD
50000,40.07,Real Horror Stories Ultimate Edition,GameORE,Strategy First
200000,58.22,INSOMNIA: The Ark,Mono Studio,HeroCraft PC
100000,88.69,tomorrow won't come for those without ██████,etherane,etherane
200000,48.14,Cosmonautica,Chasing Carrots,Chasing Carrots
100000,82.11,Myst: Masterpiece Edition,Cyan Worlds Inc.,Cyan Worlds Inc.
20000,85.58,Hymer 2000,doBell,indienova
20000,92.04,Amairo Chocolate,Cabbage Soft,Sekai Project
1000000,73.11,Gear Up,Doctor Entertainment AB,Doctor Entertainment AB
200000,73.15,Bridge Constructor,ClockStone,Headup
100000,74.54,Alchemy Mysteries: Prague Legends,Jetdogs Studios,Jetdogs Studios
20000,89.14,Sumerian Six,Artificer,Devolver Digital
20000,85.12,Better Mart Simulator,Exanticx Studio,Exanticx Studio
100000,59.13,War Hospital,Brave Lamb Studio S.A.,Nacon
20000,86.52,Panty Party,Animu Game,Animu Game
20000,78.37,Latex Dungeon,"GODNASK, ZXC","Mango Party, Mango Party News"
20000,66.59,Neverinth,CreAct Games,Neon Doctrine
50000,76.59,RESONANCE OF FATE™/END OF ETERNITY™ 4K/HD EDITION,tri-Ace,tri-Ace
50000,80.36,Vestaria Saga I: War of the Scions,Vestaria Project,"DANGEN Entertainment, Gamirror Games"
20000,88.92,SpongeBob SquarePants: Titans of the Tide,Purple Lamp,THQ Nordic
50000,75.75,Pathless Woods,AniYa Games Studio,AniYa Games Studio
20000,77.72,Animal Shelter 2,Games Incubator,"Games Incubator, PlayWay S.A."
20000,53.50,Another Try 2,Hoki Wolf Studio,Hoki Wolf Studio
20000,65.20,Ticket to Ride®,Marmalade Game Studio Ltd,Marmalade Game Studio Ltd
200000,82.65,Suits: A Business RPG,Technomancy Studios,Technomancy Studios
200000,63.65,"Warhammer 40,000: Space Wolf",HeroCraft PC,HeroCraft PC
20000,78.18,Battle Shapers,Metric Empire,"Metric Empire, Kepler Ghost"
100000,74.93,8Doors: Arum's Afterlife Adventure,Rootless Studio,NEOWIZ
50000,85.73,Astalon: Tears of the Earth,LABS Works,DANGEN Entertainment
20000,79.84,VR Paradise - Steam Edition,Totem Entertainment,Totem Entertainment
100000,84.88,StrikeForce Kitty,Creepy Brothers,Creepy Brothers
100000,69.61,Last Room,Quantum Forge Studios,Quantum Forge Studios
50000,82.96,Unforeseen Incidents,"Backwoods Entertainment, Application Systems Heidelberg",Application Systems Heidelberg
20000,81.71,BUSTAFELLOWS,NIPPON CULTURAL BROADCASTING EXTEND INC.,PQube
20000,57.25,The Shimmering Horizon and Cursed Blacksmith,Ason,"Ason, 072 Project, RMAsia, Lewd Formosa"
50000,79.90,Warlords Battlecry III,Infinite Interactive,"Retroism, Enlight Software Limited"
200000,95.43,Juice Galaxy,Fishlicka,J4D3D LLC
20000,83.40,The Bible,Bible Games,Bible Games
50000,76.39,七人杀阵 - Seven Sacrifices,章鱼罐头制作组,章鱼罐头制作组
200000,62.36,The Uncertain: Light At The End,ComonGames,META Publishing
50000,80.29,Stick RPG 2: Director's Cut,XGen Studios,XGen Studios
20000,90.95,Linelight,My Dog Zorro,My Dog Zorro
200000,75.35,Battlevoid: Harbinger,Bugbyte Ltd.,Bugbyte Ltd.
100000,50.24,Starship Theory,Reconnect Software,Reconnect Software
50000,68.37,X-Plane 10 Global - 64 Bit,Laminar Research,Aerosoft GmbH
50000,78.94,Sunrider Academy,Love in Space,Sekai Project
50000,85.08,What Comes After,"Pikselnesia, Rolling Glory Jam",Rolling Glory Jam
20000,73.46,Mind Scanners,The Outer Zone,Brave At Night
100000,85.94,Gabriel Knight: Sins of the Fathers 20th Anniversary Edition,"Phoenix Online Studios, Pinkerton Road Studio",Pinkerton Road Studio
100000,74.26,Pile Up!,Remoob,"Catoptric Games, IndieArk"
100000,90.99,Iron Meat,"Ivan Valeryevich Suvorov, Retroware",Retroware
100000,74.60,Reigns: Game of Thrones,Nerial,"Devolver Digital, Big Fan Games"
500000,60.82,Commandos 3: Destination Berlin,Pyro Studios,Kalypso Media Digital
20000,74.93,Witchy Life Story,Sundew Studios,Sundew Studios
50000,47.83,The Walking Dead Onslaught,Survios,Survios
20000,86.21,Vacation Simulator,Owlchemy Labs,Owlchemy Labs
20000,75.97,Fishing Sim World®: Pro Tour,Dovetail Games,Dovetail Games
20000,91.81,Higurashi When They Cry Hou - Ch.5 Meakashi,07th Expansion,MangaGamer
100000,70.58,Morbid: The Seven Acolytes,Still Running,Silver Lining Interactive
100000,48.43,On The Road - The Truck Simulator,tox² interactive GmbH,Aerosoft GmbH
100000,58.76,Warhammer Age of Sigmar: Storm Ground,Gasket Games,Focus Entertainment
20000,69.20,Bye Sweet Carole,Little Sewing Machine,Maximum Entertainment
200000,75.80,Isle of Arrows,Gridpop,Gridpop
100000,82.00,Soldiers: Heroes of World War II - Enhanced Edition,Best Way,Fulqrum Publishing
200000,65.18,Marble Mayhem: Fragile Ball,"Bimboosoft Co.,Ltd.",Senpai Industrial Studios
20000,82.85,Troublemaker,Gamecom Team,indie.io
50000,82.34,Mighty Goose,"Blastmode, MP2 Games",PLAYISM
50000,78.00,"Warhammer 40,000: Armageddon","Flashback Games, The Lordz Games Studio",Slitherine Ltd.
50000,87.89,Doll Impostor,David Gallardo,HeadArrow
50000,90.71,Chicken Invaders 5,InterAction studios,InterAction studios
20000,87.20,Ys: Memories of Celceta,Nihon Falcom,"XSEED Games, Marvelous USA Inc."
100000,67.20,Silver Chains,Cracked Heads Games,Headup
100000,49.55,Battle Ranch: Pigs vs Plants,Playboom,Senpai Industrial Studios
20000,87.26,Assault Spy,Wazen,NIS America Inc.
20000,91.89,Kukoro: Stream chat games,HeyNau,HeyNau
100000,80.78,Prime of Flames,RAYKA STUDIO,RAYKA STUDIO
100000,74.15,Twin Mirror,DON'T NOD,DON'T NOD
50000,85.95,Once Again,RB Wolf Design,RB Wolf Games
200000,64.84,Blackguards 2,Daedalic Entertainment,Daedalic Entertainment
20000,82.42,Fruitbus,Krillbite Studio,"Krillbite Studio, iterco"
50000,67.74,Vade Retro : Exorcist,Forceight,Forceight
20000,80.68,Skoof Simulator,PropilGames,"PropilGames, VD Games"
50000,82.71,INCISION,SmoothBrainDev,Hyperstrange
200000,77.74,Gorky 17,Metropolis Software,TopWare Interactive
50000,73.08,GET EVEN,The Farm 51,BANDAI NAMCO Entertainment
50000,89.97,Botany Manor,Balloon Studios,Whitethorn Games
20000,88.93,The Boba Teashop,Mike Ten,Mike Ten
20000,92.23,The Legend of Heroes: Trails to Azure,"Nihon Falcom, PH3 GmbH",NIS America Inc.
200000,75.55,Monday Night Combat,Uber Entertainment,Uber Entertainment
50000,75.15,DCL - The Game,"Drone Champions AG, Climax Studios","Drone Champions League, THQ Nordic"
20000,86.32,Ys SEVEN,Nihon Falcom,"XSEED Games, Marvelous USA Inc."
200000,86.69,Contraption Maker,Kevin Ryan,Top Meadow
20000,74.91,Grimlord,"Metalcat Interactive Co.,Ltd","Metalcat Interactive Co.,Ltd"
20000,88.02,Disc Room,"Terri, Dose, Kitty, JW",Devolver Digital
50000,75.28,Rogue Waters,Ice Code Games,Tripwire Presents
20000,81.95,The Many Pieces of Mr. Coo,"Gammera Nest, Nacho Rodríguez","Meridiem Games, Astrolabe Games"
50000,67.49,Shining Resonance Refrain,SEGA,SEGA
100000,64.40,SunnySide,Aftabi Games,Aftabi Games
20000,83.08,Decarnation,Atelier QDB,"Shiro Unlimited, East2West Games(Greater China)"
100000,89.48,GAROU: MARK OF THE WOLVES,"SNK CORPORATION, Code Mystics",SNK CORPORATION
100000,75.76,Easy Red,Marco Amadei,Corvostudio di Amadei Marco
200000,79.14,CRYPTARK,Alientrap,Alientrap
100000,84.51,The Inner World,Studio Fizbin,Headup
100000,62.41,Real Boxing™,Vivid Games S.A.,Vivid Games S.A.
100000,78.60,Bad Dream: Fever,Desert Fox,Desert Fox
100000,69.55,Lead and Gold: Gangs of the Wild West,Fatshark,Fatshark
100000,77.77,Tengami,Nyamyam,Nyamyam
20000,50.81,Ambulance Life: A Paramedic Simulator,Aesir Interactive,Nacon
200000,75.26,DreadOut: Keepers of The Dark,Digital Happiness,Digital Happiness
20000,79.59,Aquarist,FreeMind S.A.,"PlayWay S.A., FreeMind S.A."
200000,60.42,Realpolitiks,Jujubee S.A.,Fulqrum Publishing
200000,75.12,Candle,Teku Studios,Silver Lining Interactive
200000,81.56,NaissanceE,Limasse Five,Limasse Five
200000,78.83,Zombie Shooter,Sigma Team Inc.,Sigma Team Inc.
100000,62.03,Rebel Galaxy Outlaw,Double Damage Games,"Double Damage Games, SNEG"
100000,82.88,Earth Defense Force: Insect Armageddon,Vicious Cycle Software Inc.,D3Publisher of America Inc.
100000,66.50,Warhammer Quest,"Rodeo Games, Twistplay",Chilled Mouse
20000,75.24,Onechanbara Z2: Chaos,Tamsoft,D3PUBLISHER
200000,81.90,BARRIER X,Noclip,HypeTrain Digital
100000,79.19,The Way,Puzzling Dream,"PlayWay S.A., Ultimate Games S.A."
20000,90.42,Hakuoki: Edo Blossoms,"Idea Factory, Design Factory",Idea Factory International
200000,83.92,Sudeki,Climax Studios,Climax Group
100000,62.02,Extremely Powerful Capybaras,Studio Bravarda,"PM Studios Inc., Logoi Games"
50000,74.92,Cart Racer,HFM Games,HFM Games
100000,89.21,Gem Defender: Soyjak Survivors,"Coby Dox, Chudd Howard",GoonCorp Inc.
100000,66.01,Dice Legacy,DESTINYbit,"DESTINYbit, Amplifier Studios"
20000,88.08,Mago,Dream Potion Games,Dream Potion Games
200000,67.92,Ninja Stealth,SC Jogos,SC Jogos
50000,73.39,Sigma Theory: Global Cold War,"Mi-Clos Studio, Goblinz Studio, FibreTigre","Goblinz Publishing, Fractale"
50000,85.45,Adventure Time: Pirates of the Enchiridion,Climax Studios,Outright Games Ltd.
20000,83.73,Eryi's Action,Xtal Sword,Xtal Sword
20000,89.31,Blood Typers,Outer Brain Studios,Outer Brain Studios
5000000,74.29,Crossout,Targem Games,Gaijin Network Ltd
50000,88.31,Snakebird,Noumenon Games,Noumenon Games
200000,74.89,Age of Wonders,Triumph Studios,Paradox Interactive
20000,77.20,BBQ Simulator: The Squad,CubeCube Sports Ltd.,CubeCube Sports Ltd.
50000,72.99,Airship: Kingdoms Adrift,Revolution Industry,"indie.io, Gamersky Games"
2000000,68.63,The Red Solstice,Ironward,Ironward
20000,78.57,The Backrooms: Survival,RE:CODE,RE:CODE
20000,53.61,Ultimate General: American Revolution,Game-Labs,Game-Labs
50000,69.56,Firmament,Cyan Worlds Inc.,Cyan Worlds Inc.
50000,86.68,Super Blood Hockey,Loren Lemcke,Loren Lemcke
100000,82.20,Mages of Mystralia,Borealys Games,Borealys Games
50000,82.68,Slash It 2,EGAMER,SA Industry
100000,66.59,Three Heroes,Cats Who Play,Cats Who Play
50000,78.66,The Red Lantern,Timberline Studio,Kepler Interactive
50000,72.48,Empire of the Ants,Tower Five,Microids
50000,70.13,Home Sweet Home EP2,YGGDRAZIL GROUP PUBLIC CO. Ltd.,Ningbo Inception Media Co. Ltd. 
20000,83.52,My Furry Protogen 🐾,Dirty Fox Games,Dirty Fox Games
200000,76.13,Draw a Stickman: EPIC,Hitcents,Hitcents
200000,88.04,Swords 'n Magic and Stuff,Kindred Games,Kindred Games
200000,83.10,Magic: The Gathering - Duels of the Planeswalkers 2012,Stainless Games Ltd,Wizards of the Coast LLC
100000,88.95,Ex-Zodiac,MNKY,Pixeljam
100000,71.75,The Slater,Laina Interactive,Laina Interactive
100000,71.62,Need For Drink,Room710Games,Room710Games
100000,62.04,Starmancer,Ominux Games,Chucklefish
50000,57.03,Camping Simulator: The Squad,CubeCube Sports Ltd.,CubeCube Sports Ltd.
200000,78.26,Still Life,Microids,Microids
20000,89.10,Figment 2: Creed Valley,Bedtime Digital Games,"Bedtime Digital Games, 4Divinity"
100000,68.73,Brothers: A Tale of Two Sons Remake,Avantgarden SRL,505 Games
20000,87.15,NEO: The World Ends with You,"Square Enix, h.a.n.d.",Square Enix
50000,87.02,Superdimension Neptune VS Sega Hard Girls,"IDEA FACTORY, COMPILE HEART, FELISTELLA",Idea Factory International
500000,79.08,Q.U.B.E: Director's Cut,Toxic Games,Toxic Games
20000,74.28,PropHunter,Alone Fox Games,Alone Fox Games
200000,54.43,恋爱模拟器 Love Simulation,"橘子班, 大好网",PeriScope Game
20000,75.78,Darkwater,Targon Studios,Playstack
100000,74.81,Super Neptunia RPG,Artisan Studios,Idea Factory International
20000,81.45,Russian Village Simulator,"VD Games, PropilGames",VD Games
50000,69.35,Deck of Ashes,AYGames,ESDigital Games
50000,64.01,Otherworld Legends,ChillyRoom,ChillyRoom
200000,73.95,STORM AREA 51: AYY LMAO EDITION,Agafonoff,Agafonoff
200000,68.43,Flesh Eaters,S.C. 16 BIT NIGHTS S.R.L.,S.C. 16 BIT NIGHTS S.R.L.
20000,72.97,Cookie Cutter: Overkill Edition,Subcult Joint LTD,Subcult Joint LTD
50000,66.59,Investigator,AdroVGames,AdroVGames
50000,73.34,CATGIRL LOVER,CUTE ANIME GIRLS,Tranquility games
200000,66.39,Frontlines™: Fuel of War™,Kaos Studios,THQ Nordic
200000,80.83,State of Anarchy,Lapovich,New Reality Games
50000,88.75,Levelhead,Butterscotch Shenanigans,Butterscotch Shenanigans
20000,93.54,Seal World,SealDev,SealDev
20000,61.91,GreedFall: The Dying World,Spiders,Nacon
20000,89.16,Haven Park,Bubblebird Studio,"Bubblebird Studio, Mooneye Studios"
200000,77.35,Yooka-Laylee and the Impossible Lair,Playtonic Games,Team17 Digital Ltd
20000,86.99,Tiny Lands,Hyper Three Studio,Maple Whispering Limited
50000,84.23,Shantae: Half-Genie Hero Ultimate Edition,WayForward,WayForward
200000,80.32,Sins Of The Demon RPG,Chandler Rounsley,Senpai Industrial Studios
500000,92.37,Neon Beats,OKYO GAMES,OKYO GAMES
50000,90.58,Home Sheep Home: Farmageddon Party Edition,"Aardman Animations, Mobile Pie, Black Smoke Studios","Greenlight Games, Black Smoke Studios"
50000,84.53,The Cat Games,M. Hanka,Liu Lidan
20000,80.58,MOMO.EXE,Dymchick1,Dymchick1
100000,75.15,The Path,Tale of Tales,Tale of Tales
100000,78.22,Ancient Planet Tower Defense,Moonlight Mouse,Moonlight Mouse
100000,69.03,Mirror Maker,KAGAMI WORKs,Paradise Project
50000,81.08,One Hand Clapping,Bad Dream Games,HandyGames
20000,91.24,Snacko,Bluecurse Studios,Armor Games Studios
200000,84.25,Mr. Shifty,Team Shifty,tinyBuild
50000,83.75,Odallus: The Dark Call,JoyMasher,JoyMasher
100000,83.37,Virtual Rides 3 - Funfair Simulator,Pixelsplit Simulations,"Pixelsplit Simulations, Pixelsplit"
100000,63.79,MIND: Path to Thalamus Enhanced Edition,"Pantumaca Barcelona, @CarlosGameDev, Dani Navarro, Luka Nieto",Talking About Media
100000,81.69,Industry Giant 2,"Fancy Bytes, Reactor",Toplitz Productions
500000,42.82,New kind of adventure,Mint Age Studios,Back To Basics Gaming
1000000,70.06,Pixel Sketch,mimicryTeam,mimicryTeam
20000,86.82,Just Another Night Shift,JANS Dev Team,JANS Dev Team
100000,85.10,Tesla vs Lovecraft,10tons Ltd,10tons Ltd
100000,75.33,Wordle,PreoNus Games,Gigantum Games
20000,83.47,Fashion Police Squad,Mopeful Games,No More Robots
20000,82.98,Paranormal Cleanup,Manic Mice,Manic Mice
20000,79.55,Tales of Seikyu,ACE Entertainment,Fireshine Games
100000,82.86,H-SNIPER: World War II,Konnichiwa Games,Konnichiwa Games
500000,72.79,ARMA: Gold Edition,Bohemia Interactive,Bohemia Interactive
100000,72.53,Ymir,Thibaud Michaud,Thibaud Michaud
200000,80.34,Final Exam,Mighty Rocket Studio,Focus Entertainment
20000,62.16,Cafe Owner Simulator,Second Reality,RockGame S.A.
100000,86.45,A Guidebook of Babel,StarryStarry,Thermite Games
50000,87.43,Memory Oblivion Box,DreaMory,NVLMaker
20000,89.01,Squirreled Away,Far Seas,"Amplifier Studios, THQ Nordic"
20000,87.00,Dordogne,"UN JE NE SAIS QUOI, UMANIMATION",Focus Entertainment
20000,59.74,Snowtopia: Ski Resort Builder,TeaForTwo,"Goblinz Publishing, Maple Whispering Limited"
500000,87.53,Screencheat,Samurai Punk,Samurai Punk
20000,71.90,Destroyer: The U-Boat Hunter,Iron Wolf Studio S.A.,Daedalic Entertainment
50000,86.57,Adam Wolfe,Mad Head Games,Mad Head Games
20000,88.97,Hitler Waifu,Who We Are Games,Who We Are Games
200000,78.06,You Must Build A Boat,EightyEightGames,EightyEightGames
200000,74.35,WE ARE FOOTBALL,Winning Streak Games,THQ Nordic
200000,54.91,Alpha Prime,Black Element,Bohemia Interactive
100000,80.24,Symphony,Empty Clip Studios,Empty Clip Studios
20000,84.76,RealFlight Evolution,"Horizon Hobby, LLC","Horizon Hobby, LLC"
50000,81.73,Fling to the Finish,SplitSide Games,Daedalic Entertainment
50000,77.13,Dandara: Trials of Fear Edition,Long Hat House,Raw Fury
50000,90.21,GYLT,"Haven Media, Parallel Circles",Parallel Circles
20000,66.73,Endzone 2,Gentlymad Studios,Assemble Entertainment
50000,80.01,Gray Dawn,Interactive Stone,Interactive Stone
100000,66.70,Phoning Home,ION LANDS,ION LANDS
100000,90.06,Broken Sword - Shadow of the Templars: Reforged,Revolution Software Ltd,Revolution Software Ltd
50000,86.53,Praetorians - HD Remaster,"Torus Games, Pyro Studios",Kalypso Media
20000,74.66,Kao the Kangaroo,Tate Multimedia,Tate Multimedia
50000,44.51,Maia,Simon Roth,Machine Studios
50000,90.09,TSIOQUE,"OhNoo Studio, Smile",OhNoo Studio
20000,84.09,Halcyon Days at Taoyuan,BotanX,方块游戏(CubeGame)
100000,90.58,Grim Legends 2: Song of the Dark Swan,Artifex Mundi,Artifex Mundi
20000,91.42,Otome Riron to Sono Shuuhen -École de Paris-,Navel,HIKARI FIELD
50000,85.73,LOVE,Fred Wood,Fred Wood
100000,88.84,Golf Around!,Abracadabra Arts,Abracadabra Arts
1000000,85.18,Tropico 3,Haemimont Games,Kalypso Media Digital
20000,90.81,Arzette: The Jewel of Faramore,Seedy Eye Software,Limited Run Games
100000,63.12,SINNER: Sacrifice for Redemption,DARK STAR,Neon Doctrine
100000,76.80,The Last Tinker™: City of Colors,Mimimi Games,Daedalic Entertainment
100000,85.76,Abyss: The Wraiths of Eden,Artifex Mundi,Artifex Mundi
100000,71.28,TransOcean: The Shipping Company,Deck13 Hamburg,astragon Entertainment
100000,84.22,Astronarch,Dale Turner,Dale Turner
50000,71.05,Close To The Sun,Storm in a Teacup,Wired Productions
100000,65.84,Tiny Bridge: Ratventure,Estelion,Senpai Industrial Studios
20000,81.06,PIT OF GOBLIN,Friendly Foe,"Friendly Foe, Bright Gambit"
200000,78.16,Munin,Gojira,Daedalic Entertainment
100000,68.52,Townsmen - A Kingdom Rebuilt,HandyGames,HandyGames
20000,77.94,Fantasy Grounds VTT,"SmiteWorks USA, LLC","SmiteWorks USA, LLC"
20000,71.28,BLACK CLOVER: QUARTET KNIGHTS,ILINX Inc.,BANDAI NAMCO Entertainment
20000,83.95,Rule the Waves 3,Naval Warfare Simulations,Matrix Games
50000,76.75,Delivery from the Pain:Survival / 末日方舟:生存,HuaYiTianXin,DigiPotato
500000,72.48,Drawful 2,Jackbox Games Inc.,Jackbox Games Inc.
200000,60.54,Ampu-Tea,ProjectorGames,KISS ltd
100000,72.23,Chaos Reborn,Snapshot Games Inc.,Snapshot Games Inc.
100000,74.97,Monster Loves You!,"Radial Games Corp, Dejobaan Games, LLC",Radial Games Corp
200000,72.28,恶魔迷宫 | Evil Maze,ZOV GAME STUDIO,ZOV GAME STUDIO
20000,73.53,Garden Life: A Cozy Simulator,stillalive studios,Nacon
500000,75.84,KAKU: Ancient Seal,BINGOBELL,BINGOBELL
200000,75.83,Monster Slayers,Nerdook Productions,Nerdook Productions
20000,81.79,Oozi: Earth Adventure,Awesome Games Studio,Awesome Games Studio
200000,73.28,PixelJunk™ Nom Nom Galaxy,Q-Games Ltd.,Q-Games Ltd.
100000,74.57,Unity of Command: Stalingrad Campaign,2x2 Games,2x2 Games
100000,85.33,Penguins Arena: Sedna's World,Frogames,Frogames
100000,41.35,The Lord of the Rings: Gollum™,Daedalic Entertainment,"Daedalic Entertainment, Nacon"
200000,73.94,Disc Jam,High Horse Entertainment,High Horse Entertainment
1000000,86.67,Company of Heroes: Opposing Fronts,Relic Entertainment,SEGA
100000,84.13,Cosmic Star Heroine,Zeboyd Digital Entertainment LLC,Zeboyd Digital Entertainment LLC
50000,75.58,Ad Infinitum,Hekate,Nacon
50000,73.05,Hentai Shooter 3D,KuKo,KuKo
100000,60.92,Dungeon Rushers,Goblinz Studio,"Goblinz Publishing, WhisperGames"
100000,48.23,Carrier Command: Gaea Mission,Bohemia Interactive,Bohemia Interactive
100000,81.74,12 Labours of Hercules III: Girl Power,"Jetdogs Studios, Zoom Out Games",Jetdogs Studios
20000,89.07,Touch Some Grass,jpm_games,jpm_games
50000,53.85,Double Dragon Trilogy,Dotemu,Dotemu
100000,76.16,Sakura Beach,Winged Cloud,Winged Cloud
100000,64.18,Starsand,Tunnel Vision Studio,Toplitz Productions
100000,81.03,La-Mulana 2,NIGORO,PLAYISM
50000,66.26,The Signal From Tölva,Big Robot Ltd,Big Robot Ltd
50000,56.85,Forged Battalion,Petroglyph,Petroglyph
50000,75.65,Jack Move,So Romantic,HypeTrain Digital
50000,61.04,Park Beyond,Limbic Entertainment,Bandai Namco Europe S.A.S.
50000,59.54,RIPOUT,Pet Project Games,3D Realms
50000,88.56,Escape From Mystwood Mansion,Lost Sock Studio,Lost Sock Studio
200000,77.89,Werewolf: The Apocalypse — Heart of the Forest,Different Tales,"Different Tales, Pretty Soon"
50000,79.02,Frederic: Resurrection of Music,Forever Entertainment S. A.,Forever Entertainment S. A.
100000,87.67,Enigmatis 3: The Shadow of Karkhala,Artifex Mundi,Artifex Mundi
50000,69.87,ACTION SANDBOX,Vona Soft,Vona Soft
50000,80.03,Golf Gang,Lazy Monday Games,Curve Games
50000,87.82,Infinitode 2 - Infinite Tower Defense,Prineside,Prineside
100000,84.33,Bardbarian,TreeFortress Games,TreeFortress Games
20000,76.63,Darwinia,Introversion Software,Introversion Software
100000,92.60,Hello Charlotte EP2: Requiem Aeternam Deo,etherane,etherane
20000,79.74,A.I.L.A,Pulsatrix Studios,"Fireshine Games, The Iterative Collective"
200000,80.14,Post Apocalyptic Mayhem,Steel Monkeys,Next Dimension Game Adventures Ltd.
100000,66.69,Imperivm RTC - HD Edition Great Battles of Rome,"Dinamic Software, Imperivm World",Dinamic Software
500000,91.03,Soda Dungeon,"AN Productions, Poxpower",Armor Games Studios
100000,68.87,Barro GT,SC Jogos,SC Jogos
50000,71.79,Godlike Burger,Liquid Pug,Daedalic Entertainment
100000,81.87,Still There,GhostShark,Iceberg Interactive
50000,81.00,Slash It,EGAMER,SA Industry
100000,49.78,Guncraft,Exato Games Studio,Reverb Triple XP
50000,85.78,Zombie Kill of the Week - Reborn,Still Running,"Merge Games, Tagstar Games"
1000000,61.68,Terra Incognita Chapter One: The Descendant,Back To Basics Gaming,Back To Basics Gaming
50000,83.26,Cosmic DJ,Gl33k,Devolver Digital
100000,77.09,Furry Feet,bhungry,bhungry
500000,83.76,Space Pilgrim Episode I: Alpha Centauri,"Pilgrim Adventures, GrabTheGames Studios","GrabTheGames, TheGamesFortress"
50000,79.72,Through the Darkest of Times,Paintbucket Games,HandyGames
5000000,88.20,Clicker Heroes,Playsaurus,Playsaurus
200000,56.57,Autobahn Police Simulator 2,Z-Software,Aerosoft GmbH
20000,88.31,Chair F*cking Simulator,SoSorrySoft,SoSorrySoft
200000,69.59,A Mortician's Tale,Laundry Bear Games,Laundry Bear Games
200000,59.25,Wild Terra Online,Juvty Worlds,Juvty Worlds
200000,70.05,Earth 2160,Reality Pump Studios,"Topware Interactive, ACE"
100000,72.31,Blood Bowl - Legendary Edition,Cyanide Studios,Cyanide Studios
100000,80.63,Foretales,Alkemi,Dear Villagers
100000,60.70,Rocket Arena,Final Strike Games,Electronic Arts
20000000,64.01,War Robots: Frontiers,MY.GAMES,MY.GAMES
50000,61.55,LEGO® 2K Drive,Visual Concepts,2K
100000,83.59,SkyDrift,Digital Reality,HandyGames
200000,82.94,Football Manager 2020 Touch,Sports Interactive,SEGA
100000,80.94,Toki Tori 2+,Two Tribes,Two Tribes
200000,58.98,Bionic Commando: Rearmed,Capcom,Capcom
200000,83.96,Aquaria,"Bit Blot, LLC","Bit Blot, LLC"
200000,80.89,Lone Survivor: The Director's Cut,Jasper Byrne,Superflat Games
50000,84.39,Creepy Tale 3: Ingrid Penance,Creepy Brothers,Creepy Brothers
200000,72.46,Prime World: Defenders,Nival,Nival
2000000,78.54,Back to Bed,Bedtime Digital Games,Bedtime Digital Games
100000,74.58,Kung Fu Strike - The Warrior's Rise,Qooc Software,"Qooc Software, XD"
50000,79.51,Lone Fungus,BASTI GAMES,BASTI GAMES
100000,55.63,"Warhammer 40,000: Kill Team",Nomad Games,SEGA
20000,90.48,Teacup,Smarto Club,Whitethorn Games
20000,79.05,Escape First Alchemist ⚗️,OnSkull Games,OnSkull Games
100000,71.56,Bee Simulator,VARSAV Game Studios,Untold Tales
200000,83.13,ToeJam & Earl: Back in the Groove!,HumaNature Studios,HumaNature Studios
20000,87.25,Super Panda Adventures,BlueEagle Productions,Paul Schneider
50000,74.34,Outcast - Second Contact,Appeal Studios,Nacon
100000,82.55,The Journey Down: Chapter One,SkyGoblin,SkyGoblin
100000,76.61,WE ARE FOOTBALL 2024,Winning Streak Games,"HandyGames, THQ Nordic"
200000,75.24,Zeno Clash 2,ACE Team,SEGA
50000,68.67,Nowhere Prophet,Sharkbomb Studios,No More Robots
200000,84.39,Stealth Bastard Deluxe,Curve Studios,Curve Games
200000,49.75,Red Lake,Talentplace,KishMish Games
200000,86.46,Trick and Treat - Visual Novel,Eternal Night Studios,"Alberto Herrera, Ziel Graywords, Stw projects"
1000000,77.01,Art of War: Red Tides,Game Science,Game Science
50000,85.20,Magical Diary: Horse Hall,Hanako Games,Hanako Games
100000,82.47,Sakura Fantasy,Winged Cloud,Winged Cloud
5000000,88.55,No More Room in Hell,No More Room in Hell Team,Lever Games
20000,83.18,My Friend Peppa Pig,Petoons Studio,Outright Games Ltd.
50000,74.49,Ultros,Hadoque,Kepler Interactive
20000,85.36,Kraken Academy!!,Happy Broccoli Games,Fellow Traveller
20000,87.25,Chicken Assassin: Reloaded,OneShark,Akupara Games
5000000,83.56,DCS World Steam Edition,Eagle Dynamics SA,Eagle Dynamics SA
100000,78.62,Field of Glory II,Byzantine Games,Slitherine Ltd.
200000,76.40,2064: Read Only Memories,"MidBoss, LLC.",Chorus Worldwide Games
20000,36.53,Underworld Ascendant,OtherSide Entertainment,505 Games
200000,81.11,Runestone Keeper,Blackfire,Cimugames
200000,69.45,CAT Interstellar,Ionized Games,Ionized Games
100000,86.20,Ikenfell,Happy Ray Games,Balor Games
100000,64.41,Fish Idle 2: Underwater Mystery,Multicast,MulticastGames
20000,82.69,Underhero,Paper Castle Games,Paper Castle Games
20000,84.83,Psycholonials,Andrew Hussie,None
100000,85.72,9 Clues: The Secret of Serpent Creek,Tap It Games,Artifex Mundi
20000,83.77,Iris and the Giant,Louis Rigaud,"Goblinz Publishing, Maple Whispering Limited, Mugen Creations"
20000,72.08,Quadrober Simulator,PropilGames,"PropilGames, VD Games"
200000,81.93,Osmos,Hemisphere Games,Hemisphere Games
200000,73.98,Cities in Motion,Colossal Order,Paradox Interactive
1000000,96.46,ENA: Dream BBQ,ENA Team,Joel G
100000,78.98,FootLOL: Epic Soccer League,HeroCraft,HeroCraft PC
200000,71.09,8BitBoy™,AwesomeBlade,AwesomeBlade
100000,83.59,Carmageddon Max Pack,Stainless Games Ltd,THQ Nordic
50000,86.51,Windosill,Vectorpark,Vectorpark
200000,50.04,Killing Floor: Incursion,Tripwire Interactive,Tripwire Interactive
100000,73.94,Caravan,it Matters Games,Daedalic Entertainment
100000,82.93,Crumble,BRUTE FORCE,BRUTE FORCE
200000,54.41,Valhalla Hills,Funatics Software,Daedalic Entertainment
20000,81.65,Inkulinati,Yaza Games,Daedalic Entertainment
50000,90.84,Hexologic,MythicOwl,MythicOwl
100000,86.12,Gurumin: A Monstrous Adventure,"Nihon Falcom, Mastiff",Mastiff
200000,57.96,Mini World: CREATA,MINOVATE HONG KONG LIMITED,MINOVATE HONG KONG LIMITED
20000,55.82,Monster Crown,Studio Aurum,SOEDESCO
50000,71.13,Just Ignore Them,Stranga Games,GrabTheGames
100000,49.88,Pizza Connection 3,Gentlymad Studios,Assemble Entertainment
100000,77.76,Alfred Hitchcock - Vertigo,Pendulo Studios,Microids
200000,87.24,Super Blue Boy Planet,NanningsGames,NanningsGames
20000,70.28,Battle vs Chess,Targem Games,Topware Interactive ACE
200000,62.22,Space Run Galaxy,Passtech Games,Focus Entertainment
100000,85.64,The Bug Butcher,Awfully Nice Studios,Awfully Nice Studios
200000,78.04,Revenge of the Titans,Puppygames,Puppygames
100000,66.91,The Lamplighters League,Harebrained Schemes,Paradox Interactive
100000,43.41,The Walking Dead: Destinies,Flux Games,GameMill Entertainment
100000,83.60,Card City Nights,Ludosity,Ludosity
100000,82.37,11-11 Memories Retold,"Aardman Animations, Digixart",BANDAI NAMCO Entertainment Europe
200000,87.48,Altitude,Nimbly Games,Nimbly Games
500000,72.86,Dark Sector,Digital Extremes,Digital Extremes
200000,87.68,Lightmatter,Tunnel Vision Games,Aspyr
50000,90.02,A Good Snowman Is Hard To Build,"Alan Hazelden, Benjamin Davis",Draknek & Friends
200000,88.59,Shatter,Sidhe,PikPok
200000,84.20,Waking Mars,Tiger Style,Tiger Style
500000,89.81,Jamestown,Final Form Games,Final Form Games
100000,73.44,Through Abandoned: The Underground City,Igor Krutov,Conglomerate 5
100000,63.97,Who Pressed Mute on Uncle Marcus?,"Wales Interactive, Good Gate Media",Wales Interactive
50000,86.70,Tales From Space: Mutant Blobs Attack,Drinkbox Studios,Drinkbox Studios
1000000,82.26,Sinking Simulator,Wicpar,Pac0master
50000,86.80,Synergy,Leikir Studio,"Goblinz Publishing, H2 Interactive Co. Ltd."
500000,68.01,Particula,Microblast Games,SA Industry
50000,78.94,Cube Runner,EGAMER,SA Industry
50000,86.80,Synergy,Leikir Studio,"Goblinz Publishing, H2 Interactive Co. Ltd."
20000,79.77,9.03m,Space Budgie,Space Budgie
50000,82.06,Hellslave,Ars Goetia,"Dear Villagers, Gamersky Games"
100000,78.31,Secret of the Magic Crystals,Artery Games,Artery Games
100000,74.17,Dwarfs!?,Power of 2,Tripwire Interactive
200000,77.14,PixelJunk™ Monsters Ultimate,"Double Eleven, Q-Games Ltd.",Double Eleven
100000,87.01,Clockwork Tales: Of Glass and Ink,Artifex Mundi,Artifex Mundi
50000,58.93,Remothered: Broken Porcelain,Stormind Games,Stormind Games
100000,65.63,V-Rally 4,KT Racing,Nacon
20000,74.01,FURRY HITLER,Furry Tails,Furry Tails
100000,46.94,The Anacrusis,Stray Bombay,Stray Bombay
200000,72.28,SpellForce 3 Versus Edition,Grimlore Games,THQ Nordic
50000,78.91,Turbo Golf Racing,Hugecalf Studios,Hugecalf Studios
200000,68.14,Masked Shooters 2,Nightbinder,My Way Games
200000,82.75,Tesla Effect: A Tex Murphy Adventure,Big Finish Games,Big Finish Games
50000,71.40,Big Helmet Heroes,Exalted Studio,Dear Villagers
50000,68.38,Secret Ponchos,Switchblade Monkeys Entertainment,Switchblade Monkeys Entertainment
500000,79.89,Hide and Shriek,Funcom,Funcom
200000,66.40,Sacred Citadel,Southend,THQ Nordic
50000,69.19,There Is No Light: Enhanced Edition,Zelart,HypeTrain Digital
200000,82.64,Lumino City,State of Play,State of Play
100000,73.57,Bravery and Greed,Rekka Games,Team17
20000,83.24,Mika and The Witch's Mountain,"Chibig, Nukefist",Chibig
50000,71.64,Popup Dungeon,Triple.B.Titles,Balor Games
100000,77.59,Gun Metal,Rage Software,Funbox Media Ltd
50000,83.31,The Norwood Suite,Cosmo D,Alliance
20000,73.36,Guns of Icarus Alliance,Muse Games,Muse Games
200000,86.81,Rocksmith™,Ubisoft - San Francisco,Ubisoft
50000,73.63,198X,Hi-Bit Studios,Hi-Bit Studios
100000,66.34,Paranautical Activity: Deluxe Atonement Edition,Digerati Distribution,Digerati
2000000,85.69,The Descendant,Gaming Corps AB,"Microids Indie, Microids"
50000,87.75,Splasher,Splashteam,Dear Villagers
20000,75.34,Backseat Drivers,"GhostJam Games, Deadcat Studios",GhostJam Games
500000,82.76,Puzzle Agent 2,Telltale,Telltale
5000000,65.88,Counter-Strike Nexon,"Valve, NEXON",NEXON
100000,80.56,Fairy Bloom Freesia,Edelweiss,"XSEED Games, Marvelous USA Inc."
200000,72.70,Capsized,Alientrap,Alientrap
200000,80.98,BLACKHOLE,FiolaSoft Studio,Fulqrum Publishing
500000,35.92,Ampersand,PiGravity,Back To Basics Gaming
5000000,79.54,PlanetSide 2,Rogue Planet Games,Daybreak Game Company
100000,82.65,Bulb Boy,Bulbware,Bulbware
100000,75.96,Defend Your Life: TD,Alda Games,Alda Games
50000,41.83,Devil's Hunt,Layopi Games,Fulqrum Publishing
50000,18.34,Identity,Asylum Entertainment Inc.,Asylum Entertainment Inc.
200000,72.16,Overture,Black Shell Games,Plug In Digital
50000,76.41,Type:Rider,"Ex Nihilo, ARTE France",ARTE France
50000,57.44,Grass Simulator,Daniel Davies,Daniel Davies
1000000,87.06,Crush Crush,Sad Panda Studios,Sad Panda Studios
200000,80.54,Cute Cats,KuKo,KuKo
100000,82.04,BOMJMAN,Unique Media,Unique Media
50000,69.77,Spin Hero,Sphere Studios,"Goblinz Publishing, Maple Whispering Limited"
500000,83.13,Skyborn,Dancing Dragon Games,Dancing Dragon Games
100000,71.66,The Novelist,Orthogonal Games,Orthogonal Games
5000000,58.19,theHunter Classic,"Expansive Worlds, Avalanche Studios","Expansive Worlds, Avalanche Studios"
100000,82.38,GOAT OF DUTY,34BigThings srl,🚀 Raiser Games
50000,91.22,Cave Crawler,Technomancy Studios,Technomancy Studios
200000,67.89,PAC-MAN™ CHAMPIONSHIP EDITION 2,BANDAI NAMCO Studios Inc.,BANDAI NAMCO Entertainment
500000,93.03,Everlasting Summer,Soviet Games,Soviet Games
100000,43.78,16bit Trader,Forever Entertainment S. A.,Forever Entertainment S. A.
500000,60.39,Reign of Guilds,Atlant Games ltd,Atlant Games ltd
200000,75.87,Order of Battle: World War II,The Artistocrats,Slitherine Ltd.
20000,86.35,Neon Chrome,10tons Ltd,10tons Ltd
500000,73.36,Pixel Puzzles Ultimate Jigsaw Puzzles,Pixel Puzzles,Pixel Puzzles
200000,71.20,AaaaaAAaaaAAAaaAAAAaAAAAA!!! for the Awesome,"Dejobaan Games, LLC, Owlchemy Labs","Dejobaan Games, LLC"
100000,68.76,The First Templar - Steam Special Edition,Haemimont Games,Kalypso Media Digital
200000,77.17,HOARD,"Big Sandwich Games, Stratecade LLC",Stratecade LLC
50000,77.51,The Deed: Dynasty,Pilgrim Adventures,"GrabTheGames, WhisperGames"
200000,80.16,Full Mojo Rampage,Over the Top Games,Over The Top Games
200000,76.90,Tower of Guns,Terrible Posture Games,Terrible Posture Games
500000,72.33,Face It - A game to fight inner demons,"Tlön Studios, Ilex Games",Gamestorming
500000,70.69,Pool Nation FX Lite,Cherry Pop Games,Cherry Pop Games
20000,78.55,Little Racers STREET,Milkstone Studios,Milkstone Studios
5000000,86.26,AdVenture Capitalist,Hyper Hippo Games,Hyper Hippo Games
500000,82.93,Idle Slayer,Pablo Leban,Pablo Leban
200000,31.72,Autobahn Police Simulator,Z-Software,Aerosoft GmbH
500000,81.85,Distant Space,PixelMouse,PixelMouse
100000,73.43,I am not a Monster: First Contact,Cheerdealers,Alawar
100000,82.78,Bear With Me - Episode One,Exordium Games,Miyagi Games
200000,87.12,Ittle Dew,Ludosity,Ludosity
2000000,86.94,Divide By Sheep,"Victor Solodilov, Denis Novikov",tinyBuild
200000,46.30,Weapons Genius,"JDM4iK, Droid Riot",Conglomerate 5
2000000,89.68,Fistful of Frags,Fistful of Frags Team,Fistful of Frags Team
200000,60.18,Fantasy Strike,Sirlin Games,Sirlin Games
2000000,86.71,Guild Wars 2®,ArenaNet®,"ArenaNet®, NCSOFT"
20000,66.76,Alchemy Garden,MadSushi Games,MadSushi Games
100000,44.99,WARMACHINE: Tactics,WhiteMoon Dreams,Privateer Press Interactive
50000,62.20,Expedition Agartha,Matrioshka Games,Wandering Wizard
100000,62.30,Blood Knights,Deck 13,Kalypso Media Digital
100000,79.53,RIVE,Two Tribes,Two Tribes Publishing
2000000,68.51,The I of the Dragon,Primal,TopWare Interactive
50000,84.83,Plasma,"Dry Cactus, Licorice ehf",Dry Licorice
500000,95.97,Our Life: Beginnings & Always,GB Patch Games,GB Patch Games
200000,76.08,Nova-Life: Amboise,TeamNova,TeamNova
200000,75.16,Earth 2150 Trilogy,Reality Pump Studios,"Topware Interactive, ACE"
200000,77.49,CAYNE,THE BROTHERHOOD,THE BROTHERHOOD
1000000,80.19,BRAIN / OUT,Desertkun,Desertkun
200000,71.34,Caveman World: Mountains of Unga Boonga,GrabTheGames Studios,GrabTheGames
200000,63.75,Tiny Tina's Assault on Dragon Keep: A Wonderlands One-shot Adventure,"Gearbox Software, Stray Kite Studios",2K
200000,75.60,Anomaly 2,11 bit studios,11 bit studios
200000,64.94,Demonicon,Noumena Studios,Kalypso Media Digital
5000000,95.33,Doki Doki Literature Club!,Team Salvato,Team Salvato
200000,73.03,The 39 Steps,The Story Mechanics,The Secret Experiment
1000000,74.78,Torque Drift,Grease Monkey Games,Grease Monkey Games
500000,78.15,Pixel Puzzles: Japan,Pixel Puzzles,Pixel Puzzles
1000000,74.76,Turbo Pug DX,"SnowFlame, Back To Basics Gaming",Back To Basics Gaming
1000000,56.62,SUPER PEOPLE,Wonder People,Wonder Games
100000,64.89,Hacker Evolution,exosyphen studios,exosyphen studios
100000,86.41,GNOG,KO_OP,KO_OP
1000000,91.68,The Lab,Valve,Valve
200000,88.26,The Lion's Song: Episode 1 - Silence,Mi'pu'mi Games GmbH,Mi'pu'mi Games GmbH
1000000,46.76,Make it indie!,Sometimes You,Sometimes You
200000,80.52,UpGun,"MaxEstLa, Zino",MaxEstLa
500000,85.11,Megabyte Punch,Team Reptile,Team Reptile
2000000,58.29,BLOCKADE 3D,Novalink,Novalink
2000000,96.33,Helltaker,vanripper,vanripper
200000,70.73,Tap Heroes,VaragtP,VaragtP
200000,72.15,Beatbuddy: Tale of the Guardians,Threaks,Threaks
20000,60.21,Nephise Begins,Tonguç Bodur,Tonguç Bodur
200000,27.14,Guardians of Middle-earth,Zombie Studios,Warner Bros. Interactive Entertainment
100000,55.61,WWE 2K BATTLEGROUNDS,Saber Interactive,2K
20000,96.39,Travellin Cats in Paris,Travellin Cats,Travellin Cats
1000000,54.60,Capcom Arcade Stadium,CAPCOM Co. Ltd.,CAPCOM Co. Ltd.
500000,82.34,Of Guards And Thieves,"Subvert Games, Polygon Moon","Subvert Games, Polygon Moon"
200000,61.80,Iron Sky: Invasion,Reality Pump,Topware Interactive
200000,70.42,Hammerfight,Konstantin Koshutin,KranX Productions
1000000,70.94,Freebie,"Free Games Info, hyperboreanGames",Back To Basics Gaming
1000000,57.53,Heaven Island - VR MMO,"Fabio Ferrara, Giulia Airoldi",Chubby Pixel
1000000,62.44,Murderous Pursuits,Blazing Griffin,Blazing Griffin
500000,95.32,A Date with Death,Two and a Half Studios,Two and a Half Studios
100000,59.99,Mini Thief,"Stranga Games, TommahGames",GrabTheGames
500000,55.67,Rise of Flight United,"1C Game Studios, 777 Studios",FOR-GAMES CR LTD
200000,63.73,Guild Quest,Hyper Hippo Games,Hyper Hippo Games
20000,56.99,RiMS Racing,Nacon Studio Milan,Nacon
1000000,86.91,Emily is Away,Kyle Seeley,Kyle Seeley
200000,70.28,Magrunner: Dark Pulse,Frogwares,Frogwares
500000,46.33,Dream Pinball 3D,ASK Homework,TopWare Interactive
500000,81.66,Crayon Physics Deluxe,Kloonigames,Kloonigames
200000,76.25,Polygoneer,NukGames,NukGames
200000,68.13,KnightShift,Reality Pump,Topware Interactive
5000000,62.80,APB Reloaded,Little Orbit,Little Orbit
20000,78.08,Noob - The Factionless,"BlackPixel Studio, Olydri Games","Olydri Studio, Microids"
1000000,88.92,Bloons TD Battles,Ninja Kiwi,Ninja Kiwi
2000000,82.37,World of Guns: Gun Disassembly,Noble Empire Corp.,Noble Empire Corp.
200000,67.82,And Yet It Moves,Broken Rules,Broken Rules
50000,73.05,Spoiler Alert,MEGAFUZZ,tinyBuild
5000000,63.51,The Cycle: Frontier,YAGER,YAGER
2000000,72.34,Shadowverse CCG,Cygames Inc.,"Cygames Inc., Cygames Korea Inc."
200000,71.25,Loot Hero DX,VaragtP,VaragtP
50000,50.73,Cibele,Star Maid Games,Star Maid Games
1000000,61.37,WARMODE,Novalink,Novalink
100000,82.68,Estranged: The Departure,Alan Edwardes,Alan Edwardes
200000,55.17,The Archotek Project,The Archotek Project Team,The Archotek Project Team
200000,66.52,Empires Apart,DESTINYbit,Slitherine Ltd.
500000,50.58,The Next Door,Labory,SA Industry
2000000,95.20,Iron Snout,SnoutUp,SnoutUp
500000,79.43,月圆之夜 (Night of Full Moon),Giant Games,Giant Games
10000000,56.66,Street Warriors Online,Crazy Rocks Studios,Crazy Rocks Studios
100000,78.39,Aaero,Mad Fellows,Wired Productions
50000,77.23,Scheming Through The Zombie Apocalypse: The Beginning,Entertainment Forge,GrabTheGames
100000,75.81,Air Brawl,Landfall,Landfall
500000,70.62,Planets Under Attack,Targem Games,Topware Interactive
200000,83.91,NightSky,Nicalis Inc.,Nicalis Inc.
200000,55.88,Steel Rats™,Tate Multimedia,Tate Multimedia
200000,84.96,Drop Alive,Invi Games,Ipsilon Developments
20000,82.20,GUNTOUCHABLES,Game Swing,Ghost Ship Publishing
2000000,92.61,Alien Swarm,Valve,Valve
5000000,87.52,Cry of Fear,Team Psykskallar,Team Psykskallar
200000,21.22,Uriel's Chasm,Rail Slave Games,KPL
100000,79.05,Blackout Z: Slaughterhouse Edition,NukGames,NukGames
5000000,76.41,Neverwinter,Cryptic Studios,Arc Games
500000,80.10,Pid,Might and Delight,Might and Delight
500000,74.63,Supraball,Supra Games,Supra Games
200000,81.74,Midas Gold Plus - Idle Clicker,Holyday Studios,Holyday Studios
500000,76.04,10 Second Ninja X,Four Circle Interactive,Curve Games
200000,38.79,SUPER DISTRO,KITATUS STUDIOS,My Way Games
2000000,82.95,Codename CURE,Raptor Byte,Raptor Byte
200000,81.07,Adventures of Shuggy,Smudged Cat Games Ltd,Smudged Cat Games Ltd
500000,91.70,Transmissions: Element 120,"Shokunin, Thomas M. Visser, Vincent Thiele",Self Published
20000,94.04,of the Devil,nth Circle Studios,nth Circle Studios
200000,43.14,The Sandbox Evolution - Craft a 2D Pixel Universe!,PIXOWL INC.,PIXOWL INC.
20000,47.10,Toy Tinker Simulator,Turquoise Revival Games,"GrabTheGames, WhisperGames"
200000,74.97,Acceleration of SUGURI 2,Orange_Juice,Fruitbat Factory
200000,62.96,Stronghold Kingdoms,Firefly Studios,Firefly Studios
1000000,91.66,Sven Co-op,Sven Co-op team,Sven Co-op team
500000,79.10,Onmyoji,NetEase Games,NetEase Games
20000,95.14,An Arcade Full of Cats,Devcats,Devcats
100000,76.65,Distant Space 2,PixelMouse,PixelMouse
50000,74.37,Fire & Maneuver,"Armchair Interactive, Targon Studios",Armchair Interactive
10000000,29.81,Overwatch®,Blizzard Entertainment Inc.,Blizzard Entertainment Inc.
2000000,86.28,Transformice,Atelier 801,Atelier 801
200000,72.47,Adorables,White Rabbit,Volens Nolens Games
2000000,90.28,Aimlabs,Statespace,Statespace
500000,83.64,Unfortunate Spacemen,"Geoff 'Zag' Keene, Deep Field Games","Deep Field Games, New Blood Interactive"
200000,63.40,Pankapu,Too Kind Studio,Dear Villagers
1000000,78.90,Enlisted,Darkflow Software,Gaijin Network Ltd
20000,91.64,Wednesdays,"Pierre Corbinais, The Pixel Hunt, exaheva, Christophe Galati",ARTE France
200000,71.03,Space Farmers,BumpkinBrothers,BumpkinBrothers
20000,88.96,Mimpi Dreams,"Dreadlocks Mobile, Silicon Jelly","Dreadlocks Mobile, Silicon Jelly, Dreadlocks Ltd."
200000,38.77,Greed of Man,NIK,NIK
20000,87.61,Sword and Fairy 4,SOFTSTAR TECHNOLOGY(SHANGHAI),SOFTSTAR ENTERTAINMENT
200000,72.22,The Culling Of The Cows,DL Softworks,DL Softworks
1000000,81.31,Sakura Clicker,Winged Cloud,Winged Cloud
100000,70.92,Crime Simulator: Playgrounds,Ultimate Games S.A.,"Ultimate Games S.A., PlayWay S.A."
200000,63.44,Crystals of Time,"RVL Games, exosyphen studios",exosyphen studios
500000,94.69,Eternal Senia,Sanctum Games,Sanctum Games
500000,71.35,Closers,Naddic Games,Naddic Games
200000,72.48,Really Big Sky,Boss Baddie,Ripstone
100000,86.74,Press Any Button,Eugene Zubko,Eugene Zubko
1000000,71.85,Fortified,Siege Camp,Siege Camp
1000000,79.16,DC Universe™ Online,Dimensional Ink Games,Daybreak Game Company
200000,90.60,PRICE,YETU GAME,YETU GAME
20000,70.41,Pinball FX,Zen Studios,Zen Studios
200000,77.32,Zaccaria Pinball,Magic Pixel Kft.,Magic Pixel Kft.
2000000,52.64,Bless Unleashed,VALOFE,VALOFE
200000,93.91,Find Love or Die Trying,Sunseeker Games,Sunseeker Games
200000,76.59,AtmaSphere,Mazen Games,GrabTheGames
100000,65.67,True or False,Vladimir Maslov,Vladimir Maslov
200000,72.61,Scrap Garden,"Egidijus Bachur, Alexey Davydov",Flazm
200000,38.65,Mysterious School,DuoDuoDog,DuoDuoDog
2000000,71.46,Star Conflict,Star Gem Inc.,Gaijin Network Ltd
1000000,50.68,WWII Online,Cornered Rat Software,Playnet Inc.
20000,81.03,Bendy: Lone Wolf,Joey Drew Studios,Joey Drew Studios
50000,91.94,Dreams of Aether,Lepioid LLC,Aether Studios
200000,62.34,Eden Rising,"The Wall Productions Inc., Meridian4",The Wall Productions Inc.
500000,81.46,Realm of the Mad God Exalt,"Wild Shadow Studios, Deca Live Operations GmbH",Deca Live Operations GmbH
1000000,66.10,Capcom Arcade 2nd Stadium,CAPCOM Co. Ltd.,CAPCOM Co. Ltd.
100000,68.57,Chicken Shoot Gold,ToonTRAXX Studios,Topware Interactive
500000,69.69,Champions Online,Cryptic Studios,Arc Games
200000,79.12,Chip,Coatsink,Coatsink
500000,75.16,Eternal Card Game,Dire Wolf,Dire Wolf
20000,88.68,WhiteLily 1：丽丽公主,游学者狐狸,游学者狐狸
200000,86.47,Pleasure Puzzle:Portrait 趣拼拼：肖像画,冷笑黑妖,冷笑黑妖
100000,86.57,Kyle is Famous: Complete Edition,John Szymanski,John Szymanski
1000000,90.34,Shakes and Fidget,Playa Games GmbH,Playa Games GmbH
500000,74.56,Reversion - The Escape (1st Chapter),3f Interactive,3f Interactive
2000000,82.01,Spiral Knights,Grey Havens,Grey Havens
200000,71.47,Pixel Puzzles 2: Anime,Pixel Puzzles,Pixel Puzzles
50000,63.49,Epigenesis,Dead Shark Triplepunch,Dead Shark Triplepunch
2000000,79.15,Mitos.is: The Game,Freakinware Studios,Freakinware Studios
500000,90.24,The Plan,Krillbite Studio,Krillbite Studio
100000,74.75,Tumblestone,"Ty Taylor, Spotted Zebra, Justin Nafziger, Vega Castañeda",The Quantum Astrophysicists Guild
2000000,94.76,The Expendabros,Free Lives,Devolver Digital
2000000,79.81,The Lord of the Rings Online™,Standing Stone Games,Daybreak Game Company LLC
2000000,88.21,TrackMania Nations Forever,Nadeo,Ubisoft
200000,83.15,Star Realms,"Wise Wizard Games, LLC","Wise Wizard Games, LLC"
50000,74.94,The Bonerooms,Jasozz Games,Jasozz Games
1000000,88.19,Moonbase Alpha,"Virtual Heroes, Army Game Studio",NASA
100000,63.52,A grande bagunça espacial - The big space mess,RMAL,RMAL
200000,87.08,Kabounce,Stitch Heads Entertainment,Stitch Heads Entertainment
5000000,90.16,Splitgate,1047 Games,1047 Games
200000,91.69,MANDAGON,Blind Sky Studios,Blind Sky Studios
20000,87.22,Rogue Glitch Ultra,"Rarebyte, Lino Slahuschek",Rarebyte
100000,61.55,Isle of Jura,EM Games,"EM Games, GrabTheGames"
500000,63.36,AdVenture Communist,Hyper Hippo Games,Hyper Hippo Games
50000,77.56,MicroWorks,Agiriko,Agiriko
500000,58.88,War Trigger 3,"Rocketeer Games Studio, LLC","Rocketeer Games Studio, LLC"
2000000,68.71,KARDS - The WW2 Card Game,1939 Games,1939 Games
2000000,78.35,MechWarrior Online™ Legends,Piranha Games Inc.,Piranha Games Inc.
200000,75.01,Aegis Defenders,GUTS Department,Balor Games
500000,90.54,"Dr. Langeskov, The Tiger, and The Terribly Cursed Emerald: A Whirlwind Heist",Crows Crows Crows,Crows Crows Crows
1000000,67.26,Orcs Must Die! Unchained,Robot Entertainment,Robot Entertainment
500000,53.13,Spacelords,MercurySteam,Mercury Steam Entertainment s.l.
1000000,90.34,Spooky's Jump Scare Mansion,Lag Studios,Lag Studios
20000000,74.76,VRChat,VRChat Inc.,VRChat Inc.
1000000,74.42,WAKFU,Ankama Studio,Ankama Games
2000000,78.21,RISK: Global Domination,SMG Studio,SMG Studio
2000000,86.30,Toribash,Nabi Studios,Nicalis Inc.
100000,82.64,Varenje,Play Cute,JoyBits Ltd.
200000,70.77,Freestyle 2: Street Basketball,JOYCITY,JOYCITY
50000,86.62,Paragnosia,Sine Coda,Sine Coda
200000,59.12,Endorlight,Old Games,Old Games
500000,50.93,Head Shot,Indie Game Group,Indie Game Group
500000,84.85,Drunken Wrestlers 2,Oleg Skutte,WAYONE GAMES
500000,60.83,Tabletopia,Tabletopia,Tabletopia
50000,51.94,Zomborg,GameDevLab,GrabTheGames
200000,41.46,Slingshot people,StalkerAlex,StalkerAlex.
1000000,90.47,Double Action: Boogaloo,"Double Action Factory, Jorge Rodriguez",Double Action Factory
50000,83.49,Party Quiz,White Ink,White Ink
500000,89.26,Viridi,"Zoe Vartanian, Kevin Maxon, Isa Hutchinson, Michael Bell",Ice Water Games
200000,70.38,Hunger Dungeon,No Stuck Game Studio,No Stuck Game Studio
100000,87.83,Project Rhombus,SEROSOO,PsychoFlux Entertainment
20000,88.76,College Kings - The Complete Season,Undergrad Steve,Undergrad Steve
200000,84.92,Lost Lands: A Hidden Object Adventure,FIVE-BN GAMES,FIVE-BN GAMES
2000000,77.08,America's Army: Proving Grounds,U.S. Army,U.S. Army
200000,66.77,Polyball,Studio Monolith,Studio Monolith
500000,69.87,Party Club,Lucid11 Interactive,"GameDev.ist, Gamersky Games, Lucid11 Interactive"
200000,86.55,Carpe Diem,Moonlit Works,Moonlit Works
500000,87.95,The Desolate Hope,Scott Cawthon,Scott Cawthon
200000,72.46,Stealth Inc 2: A Game of Clones,Carbon,Curve Games
50000,65.82,LASERS,Straight Back Games,Straight Back Games
500000,66.43,The Four Kings Casino and Slots,Digital Leisure Inc.,Digital Leisure Inc.
1000000,77.39,Prismata,Lunarch Studios,Lunarch Studios
20000,80.56,Skillshot City,Ben Johnson (bencelot),Nik Nak Studios
20000,56.59,Vertiginous Golf,Kinelco & Lone Elk Creative,Fellow Traveller
200000,84.28,Missing Translation,"AlPixel Games, Luis Diaz, Gustavo Santos, Albert Fernandez, Tice Thomason",GamesBoosters
20000,71.63,Fearless Fantasy,Enter Skies,tinyBuild
2000000,87.68,Rec Room,Rec Room,Rec Room
2000000,50.50,Knight Online,"Noah System, Mgame",NTTGame
500000,83.91,Blush Blush,Sad Panda Studios,Sad Panda Studios
20000,92.52,The Test: Secrets of the Soul,Randumb Studios,Randumb Studios
5000000,75.06,Eternal Return,Nimble Neuron,"Nimble Neuron, SapStaR Games"
20000,92.39,A Park Full of Cats,Devcats,Devcats
20000,92.50,Dagon: by H. P. Lovecraft,Bit Golem,Bit Golem
500000,80.09,The Pirate: Caribbean Hunt,Home Net Games,Home Net Games
500000,62.17,KUBOOM,nobodyshot,nobodyshot
20000000,76.33,Marvel Rivals,NetEase Games,NetEase Games
10000000,77.67,THE FINALS,Embark Studios,Embark Studios
5000000,90.15,SCP: Secret Laboratory,Northwood Studios,Northwood Studios
10000000,92.26,Muck,Dani,Dani
10000000,76.67,Once Human,Starry Studio,"Starry Studio, NetEase Games"
5000000,90.26,Crab Game,Dani,Dani
5000000,57.08,The First Descendant,NEXON Games Co. Ltd.,NEXON
5000000,85.93,Where Winds Meet,Everstone Studio,NetEase Games
1000000,86.42,Limbus Company,ProjectMoon,ProjectMoon
5000000,71.56,Yu-Gi-Oh! Master Duel,KONAMI,KONAMI
1000000,72.68,STALCRAFT: X,EXBO,EXBO
5000000,95.15,Bongo Cat,"Marcel Zurawka, Julius Krüger",Irox Games
20000000,80.85,Banana,"Sky, AestheticSpartan, O'Brian",Sky
5000000,81.19,Dota Underlords,Valve,Valve
2000000,93.06,Supermarket Together,DeadDevsTellNoLies,DeadDevsTellNoLies
1000000,94.68,TO THE MOON,GEORGIOS SYKIOTIS,GEORGIOS SYKIOTIS
5000000,58.36,Russian Fishing 4,FishSoft LLC,FishSoft LLC
5000000,64.29,Dark and Darker,IRONMACE,IRONMACE
10000000,74.99,Black Squad,"VALOFE, NS STUDIO",VALOFE
2000000,86.64,Fallout Shelter,Bethesda Game Studios,Bethesda Softworks
20000000,85.32,Goose Goose Duck,Gaggle Studios Inc.,Gaggle Studios Inc.
5000000,59.60,Business Tour - Board Game with Online Multiplayer,8Floor,8Floor
1000000,11.68,War of the Three Kingdoms,le8 stdio,le8 stdio
1000000,95.38,Inside,HeadArrow,HeadArrow
1000000,73.46,Icarus,Denis Evans,Japster's Cavern
2000000,93.24,Ultimate Custom Night,Scott Cawthon,Scott Cawthon
1000000,90.76,Limbo,鱼俞,鱼俞
2000000,75.81,Vampire: The Masquerade - Bloodhunt,Sharkmob AB,Sharkmob AB
1000000,77.58,PROJECT: PLAYTIME,Mob Entertainment,Mob Entertainment
5000000,75.22,Farlight 84,Farlight Games,Farlight Games
1000000,92.19,Umamusume: Pretty Derby,Cygames Inc.,Cygames Inc.
20000,95.55,Counter-Strike:Global Offensive,Valve,Valve
2000000,96.45,VPet-Simulator,LB Game,LB Game
2000000,89.77,One-armed robber,Duhndal,Duhndal
2000000,84.78,graveyard keeper,Magic Cat,Magic Cat
1000000,91.85,My Singing Monsters,Big Blue Bubble,Big Blue Bubble
1000000,54.40,Hero's Land,钢之直男工作室,Orienjoy
1000000,66.61,Pixel Gun 3D: PC Edition,Cubic Games Studio,Cubic Games Studio
2000000,81.65,Yu-Gi-Oh! Duel Links,KONAMI,KONAMI
1000000,86.77,DDNet,DDNet Team,DDNet Team
1000000,87.91,Wuthering Waves,KURO GAMES,KURO GAMES
1000000,82.70,FPS Chess,Meta Fork,DigiPen Institute of Technology
1000000,45.70,Highguard,Wildlight Entertainment Inc.,Wildlight Entertainment Inc.
1000000,84.85,Palia,Singularity 6 Corporation,Singularity 6 Corporation
1000000,97.01,HoloCure - Save the Fans!,KayAnimate,KayAnimate
2000000,77.52,CRSED: Cuisine Royale,"Darkflow Software, Matter Team",Gaijin Network Ltd
1000000,92.28,Journey,African boy Keita studio,African boy Keita studio
1000000,74.13,POLYGON,Redaster Studio,Redaster Studio
1000000,88.75,Super Auto Pets,Team Wood Games,Team Wood Games
5000000,60.03,KurtzPel,KOG,KOG
1000000,82.88,Bloons TD Battles 2,Ninja Kiwi,Ninja Kiwi
2000000,91.84,Freddy Fazbear's Pizzeria Simulator,Scott Cawthon,Scott Cawthon
5000000,89.74,One-armed cook,Duhndal,Duhndal
1000000,84.07,Quantum Break,morbo,morbo
500000,67.73,Stay Out,MOBITECH LLC,MOBITECH LLC
5000000,59.64,War Robots,MY.GAMES,MY.GAMES
1000000,73.44,Strinova,iDreamSky,iDreamSky
1000000,81.99,SCP: Containment Breach Multiplayer,Fusion Creators Studio,"Fusion Creators Studio, Mixarar"
1000000,59.53,Mecha BREAK,Amazing Seasun Games,Amazing Seasun Games
2000000,69.09,Dead Frontier 2,Creaky Corpse Ltd,Creaky Corpse Ltd
1000000,55.50,Lost Light,NetEase Games,NetEase Games
2000000,80.67,RuneScape ®,Jagex Ltd,Jagex Ltd
1000000,87.77,Cell to Singularity - Evolution Never Ends,Computer Lunch,Computer Lunch
1000000,92.12,Leaf Blower Revolution - Idle Game,Humble North,Humble North
1000000,73.10,Rogue Company,First Watch Games,Hi-Rez Studios
200000,95.48,Pineapple on pizza,Majorariatto,Majorariatto
1000000,64.29,GrandChase,KOG,KOG
2000000,67.28,MY HERO ULTRA RUMBLE,Byking Inc.,Bandai Namco Entertainment
500000,94.83,The Murder of Sonic the Hedgehog,SEGA,SEGA
500000,47.21,Artifact,Mesmerizers,Mesmerizers
2000000,92.75,Aperture Desk Job,Valve,Valve
2000000,66.09,GeoGuessr Steam Edition,GeoGuessr,GeoGuessr
1000000,83.85,SUPERVIVE,Theorycraft Games,"Theorycraft Games, NetEase Games"
500000,29.91,Shadowverse: Worlds Beyond,Cygames Inc.,Cygames Inc.
2000000,82.78,Omega Strikers,Odyssey Interactive,Odyssey Interactive
200000,92.78,Alien Swarm: Reactive Drop,Reactive Drop Team,Reactive Drop Team
1000000,83.72,War Selection,Glyph Worlds,Glyph Worlds
2000000,85.39,Sky: Children of the Light,thatgamecompany,thatgamecompany
200000,93.22,Indigo Park: Chapter 1,UniqueGeese,UniqueGeese
1000000,74.12,Caliber,1C Game Studios,FOR-GAMES CR LTD
20000,93.37,死寂（Deathly Stillness）,谌嘉诚,谌嘉诚
200000,96.44,Sheepy: A Short Adventure,MrSuicideSheep,MrSuicideSheep
1000000,62.94,SPLITGATE: Arena Reloaded,1047 Games,1047 Games
500000,90.79,Redmatch 2,Rugbug Redfern,Rugbug Redfern
500000,92.89,NIGHT-RUNNERS™ PROLOGUE,PLANET JEM,PLANET JEM
20000,23.32,MOBILE SUIT GUNDAM BATTLE OPERATION 2,Bandai Namco Forge Digitals Inc.,Bandai Namco Entertainment Inc.
20000,76.55,Bro Falls,Boros Bros,Boros Bros
20000,52.37,UNDECEMBER: 4th Anniversary,Needs Games,LINE Games Corporation
1000000,54.57,Astral Party,STAR ENGINE PROJECT,Neverland Entertainment
20000,90.04,Blue Archive,NEXON Games,NEXON Korea
1000000,81.05,Old School RuneScape,Jagex Ltd,Jagex Ltd
1000000,93.89,STRAFTAT,"Sirius Lemaitre, Léonard Lemaitre",Lemaitre Bros
1000000,76.32,Trackmania,Nadeo,Ubisoft
2000000,75.72,Operation: Harsh Doorstop,Drakeling Labs,Drakeling Labs
2000000,63.13,Spectre Divide,Mountaintop Studios,Mountaintop Studios
20000,68.82,Torchlight: Infinite,XD,XD
1000000,81.37,Action Taimanin,LiLith,Infini-Brain inc.
1000000,74.62,Real Pool 3D - Poolians,Poolians.com,Poolians.com
20000,94.04,Awaria,vanripper,vanripper
500000,89.50,Mr.Mine,Playsaurus,Playsaurus
20000,79.55,Blood Strike,NetEase Games,NetEase Games
500000,87.00,Banana Shooter,CodingDaniel,CodingDaniel
1000000,76.54,Shop Titans,Kabam Games Inc.,Kabam Games Inc.
1000000,47.94,Catan Universe,Client/Frontend: Endava  / Backend: SuperNimbus,USM
500000,94.87,Outcore: Desktop Adventure,Doctor Shinobi,Doctor Shinobi
20000,94.11,Arrow a Row,Lonerangerix,Lonerangerix
20000,92.61,Monster Girl Island: Prologue,Redamz,Redamz
20000,81.37,Remember Me,CurnurX,CurnurX
20000,73.98,Fellowship,Elraim Studio,Elraim Studio
1000000,73.31,BLOCKPOST LEGACY,Skullcap Studios,Skullcap Studios
200000,89.52,Quaver,Swan,Swan
1000000,92.79,OpenTTD,OpenTTD,OpenTTD
20000,90.65,Turmoil,KiwiClockWork Studios,KiwiClockWork Studios
500000,93.52,missed messages.,Angela He,Angela He
20000,90.39,Baldi's Basics Classic Remastered,Basically Games,"Basically Games, LLC"
1000000,75.62,Idle Champions of the Forgotten Realms,Codename Entertainment Inc.,Codename Entertainment Inc.
20000,64.53,MIR4,Wemade Next,Wemade
2000000,89.23,Just Cause 2: Multiplayer Mod,Avalanche Studios,Square Enix
500000,95.81,Grimm's Hollow,ghosthunter,ghosthunter
500000,81.48,Slapshot: Rebound,Oddshot Games,Oddshot Games
500000,85.38,Walking Zombie 2,Alda Games,Alda Games
20000,61.84,Paragon: The Overprime,Netmarble F&C Team SoulEve,Netmarble
20000,83.57,Egg,SHA YAN NETWORK TECHNOLOGY,SHA YAN NETWORK TECHNOLOGY
500000,93.01,NGU IDLE,4G,4G
20000,66.15,Heartopia,XD,XD
200000,89.32,"I Love You, Colonel Sanders! A Finger Lickin’ Good Dating Simulator",Psyop,KFC
1000000,72.64,Pixel Strike 3D,Vulcron,Vulcron
200000,52.50,Garten of Banban,Euphoric Brothers,Euphoric Brothers
1000000,85.37,BLEACH Brave Souls,KLab Inc.,KLab Inc.
1000000,79.06,Escape Room - Der kranke Kollege,Bitbeast Games,Bitbeast Games
200000,96.52,The WereCleaner,Howlin' Hugs,USC Games
20000,57.70,The Seven Deadly Sins: Origin,Netmarble F&C,Netmarble
20000,94.81,东北之夏,庄不纯工作室,庄不纯工作室
20000,55.27,Lust Goddess,Pochemu LTD,Pochemu LTD
1000000,65.55,Tower of Fantasy,Hotta Studio,Perfect World Games
20000,75.66,Summoners War: Chronicles,Com2uS,Com2uS
1000000,73.23,BLOCKADE,Novalink,Novalink
100000,86.78,Paunch,Kozhakov,Kozhakov
1000000,73.23,The Elder Scrolls®: Legends™,"Sparkypants Studios, LLC",Bethesda Softworks
200000,91.93,Learn to Fly 3,Light Bringer Games inc.,Light Bringer Games inc.
200000,94.78,Virtual Cottage,DU&I,DU&I
20000,51.24,Argo,RocRac,RocRac
1000000,82.00,AirMech,Carbon Games,Carbon Games
500000,84.64,Deepest Sword,Cosmic Adventure Squad,Cosmic Adventure Squad
1000000,69.28,Soulworker,VALOFE,G・O・P
1000000,76.94,Gems of War - Puzzle RPG,Infinity Plus 2,505 Games
20000,93.59,The Planet Crafter: Prologue,Miju Games,Miju Games
2000000,65.09,GunZ 2: The Second Duel,Masangsoft,Masangsoft
20000,84.18,Revolution Idle,"Oni Gaming, Nu Games",Oni Gaming
200000,81.44,Amorous,Team Amorous,Snaggletooth Studios
20000,96.38,Travellin Cats in Jingle Jam,Travellin Cats,Travellin Cats
1000000,87.70,CS2D,Unreal Software,Unreal Software
20000,87.26,FUCK HITLER,Sunday's Games,Sunday's Games
500000,78.66,Angel Legion,Shanghai SilverMoon Network Technology Co.Ltd,Shanghai SilverMoon Network Technology Co.Ltd
20000,87.36,Fears to Fathom - Home Alone,Rayll,Rayll
20000,87.04,Breeders of the Nephelym,DerelictHelmsman,DerelictHelmsman
500000,84.21,Pool 2D - Poolians,Poolians.com,Poolians.com
20000,70.18,Summoners War,Com2uS,Com2uS
20000,88.52,Grapples Galore,Zoteling,Zoteling
500000,91.41,Yume Nikki,kikiyama,PLAYISM
20000,67.56,SMASH LEGENDS,5minlab Corp.,"5minlab Corp., KRAFTON Inc."
20000,71.43,Honkai Impact 3rd,COGNOSPHERE PTE. LTD.,COGNOSPHERE PTE. LTD.
500000,94.24,Samsara Room,Rusty Lake,Rusty Lake
20000,91.37,Nothing,Huaty,Huaty
20000,64.42,DRAGON BALL GEKISHIN SQUADRA,GANBARION Co. Ltd.,Bandai Namco Entertainment
20000,54.87,Infinity Nikki,Infold Games,Infold Games
20000,88.09,Chill Corner,Low-Hi Tech,Low-Hi Tech
20000,85.84,Zumbi Blocks 2 Open Alpha,Adrian Kaminski,Adrian Kaminski
20000,71.78,Snowbreak: Containment Zone,Amazing Seasun Games,Amazing Seasun Games
200000,79.58,AdventureQuest 3D,"Artix Entertainment, LLC","Artix Entertainment, LLC"
1000000,83.75,SAS: Zombie Assault 4,Ninja Kiwi,Ninja Kiwi
20000,90.32,The Complex: Found Footage,pgWave,pgWave
20000,82.92,Tap Ninja - Idle game,Broken Glass,Broken Glass
200000,85.43,Walking Simulator,Pugscape,Pugscape
20000,66.97,Brighter Shores,Fen Research Ltd,Fen Research Ltd
1000000,86.64,RetroArch,Libretro,Libretro
20000,83.48,Late Shift,{CRYTIME},{CRYTIME}
200000,77.10,King of Crabs,"Robot Squid, Spilt Milk Studios Ltd",Robot Squid
20000,95.61,Steam Engine Simulator,Ektorom Software Inc.,Ektorom Software Inc.
20000,88.02,The one who pulls out the sword will be crowned king,Majorariatto,Majorariatto
20000,95.61,20 Small Mazes,FLEB,FLEB
20000,84.28,Loading Screen Simulator,Blaze Games,Blaze Games
500000,90.16,TheDawn,LIMITED,LIMITED
20000,93.72,UNBEATABLE [white label],D-CELL GAMES,D-CELL GAMES
500000,93.10,Coloring Pixels,ToastieLabs,ToastieLabs
500000,81.40,Prominence Poker,Pipeworks Studios,Pipeworks Studios
20000,88.87,Galaxy Life,Phoenix Network,Phoenix Network
200000,89.50,When the Darkness comes,Sirhaian,Sirhaian
20000,94.12,100 Asian Cats,"100 Cozy Games, Cats",100 Cozy Games
1000000,83.33,Bombergrounds: Reborn,Gigantic Duck Games,Gigantic Duck Games
20000,95.87,Paper Lily - Chapter 1,Leef 6010,Leef 6010
200000,77.40,Vegas Infinite by PokerStars,Lucky VR Inc.,The Stars Group Inc.
20000,95.08,Z.A.T.O. // I Love the World and Everything In It,Ferry // Nopanamaman,Ferry // Nopanamaman
1000000,83.85,Scribble It!,Detach Entertainment,Detach Entertainment
20000,94.35,BABBDI,"Sirius Lemaitre, Léonard Lemaitre",Lemaitre Bros
20000,94.01,At Home Alone Final,阿正不经,0Cube
20000,91.99,Farmer Against Potatoes Idle,Oni Gaming,Oni Gaming
1000000,68.26,Zula Global,Madbyte Games,"Madbyte Games, Joygame Select"
500000,82.51,Zombie Panic! Source,Zombie Panic! Team,Zombie Panic! Team
1000000,69.88,Dungeons & Dragons Online®,Standing Stone Games,Daybreak Game Company LLC
1000000,47.60,A.V.A Global,Valiant,Valiant
20000,86.81,VANQUISH,GreenOrb,GreenOrb
20000,95.20,Magic Archery,Barribob,Barribob
20000,96.05,Poco,Whalefall,Micah Boursier
1000000,71.78,ArcheBlade™,CodeBrush Games,Codebrush Games
1000000,59.02,Fallen Earth Classic,Little Orbit,Little Orbit
20000,89.47,Distance,Blue Fire Mugs,Blue Fire Mugs
100000,74.55,Pixel Worlds: MMO Sandbox,Social First Oy,Social First Oy
1000000,75.09,Gigantic,Motiga Inc.,Perfect World Entertainment
20000,73.48,School Days,MDickie,MDickie
200000,93.73,There Is No Game: Jam Edition 2015,Draw Me A Pixel,Draw Me A Pixel
20000,94.32,Psychopomp,Fading Club,Fading Club
1000000,84.31,Realm Grinder,Divine Games,Kongregate
500000,93.87,Star Fetchers,Svavelstickan,Svavelstickan
20000,93.48,REFLEXIA Prototype ver.,MAHOUMAIDEN,Nikita Kryukov
20000,75.45,The Lost Village,CODE BELL,CODE BELL
100000,95.41,Buy a Croquette!,越青,Eternal Dream
20000,88.29,Ocean World: Eden Crafters Prologue,Osaris Games,Osaris Games
20000,92.02,Bitburner,"Fulcrum Games, Hydroflame, over 250 github contributors",Fulcrum Games
500000,94.66,SuchArt: Creative Space,Goose Minded,HypeTrain Digital
500000,84.98,UNDEFEATED,"UNDEFEATED Games, Indie-us Games",Vantan Game Academy
500000,83.60,PickCrafter,Fiveamp,Fiveamp
20000,94.74,巫兎 - KANNAGI USAGI -,Tonoji,Tonoji
20000,57.66,Warhaven,NEXON,NEXON
1000000,89.36,Endless Sky,Michael Zahniser,Michael Zahniser
20000,94.45,第七号列车 - Train No. 7,水野的四叶草,Eternal Dream
20000,93.43,Nightmare Kart,LWMedia,LWMedia
100000,61.04,Tanki Online,Alternativa Game Ltd.,APL Publishing Ltd.
500000,73.79,Blood of Steel,YC Games,YC Games
20000,94.70,100 hidden frogs,Anatoliy Loginovskikh,Anatoliy Loginovskikh
500000,54.79,League of Maidens®,Maiden Gaming Inc.,Maiden Gaming Inc.
1000000,90.12,Relic Hunters Zero: Remix,Rogue Snail,Akupara Games
20000,91.09,Bronzebeard's Tavern,The Mermaid MenZ,The Mermaid MenZ
20000,63.24,Girls' Frontline,SUNBORN Information Co. Ltd.,Darkwinter Software Limited
500000,75.33,Firestone – Idle Clicker Online RPG,Holyday Studios,Holyday Studios
200000,94.39,Bloody Hell,Pun Intended,Pun Intended
20000,88.52,Valley,Observer Interactive,Observer Interactive
20000,89.17,Upload Labs,EnigmaDev Studios,EnigmaDev Studios
20000,68.11,GRID,Unelma Labs,Unelma Labs
20000,67.79,Sneak Out,FrozenYetiGames,FrozenYetiGames
200000,90.33,Marie's Room,Kenny Guillaume,Kenny Guillaume
20000,67.06,Dreadnought,"B.V.S, P.V.S",Retro Box Game Studio
200000,88.16,Bloons Monkey City,Ninja Kiwi,Ninja Kiwi
50000,75.06,Serena,Senscape,Senscape
20000,94.56,Illusion Carnival,KiZ,KiZ
20000,68.01,EMERGENCY,Sixteen Tons Entertainment,Sixteen Tons Entertainment
200000,92.66,We Become What We Behold [Fan-Made Port],"Mismatch Studio, Nicky Case (Originally)",Mismatch Studio
500000,86.18,Super Crate Box,Vlambeer,Vlambeer
20000,73.04,World of Sea Battle,Thera Interactive,Thera Interactive
200000,83.46,Kidnapped Girl,TroyHolman,TroyHolman
1000000,85.83,McOsu,McKay,McKay
1000000,73.06,LET IT DIE,"GRASSHOPPER MANUFACTURE INC., SUPERTRICK GAMES Inc.",GungHo Online Entertainment America Inc.
20000,80.71,Ricochet,Sam,sam
500000,69.98,Supremacy: Call of War 1942,Bytro Labs GmbH,Bytro Labs GmbH
20000,94.32,Disfigure,Cold Brew Entertainment,Cold Brew Entertainment
100000,84.18,Hello Neighbor 2 Alpha 1.5,"Eerie Guest, tinyBuild",tinyBuild
1000000,72.37,The Way of Life Free Edition,"CyberCoconut, Fabio Ferrara",CyberCoconut
1000000,85.08,Pirates Vikings & Knights II,Octoshark Studios,Octoshark Studios
20000,85.05,Just Act Natural,"Conor Garity, Liam Kerrigan",Conor Garity
500000,90.61,Friday the 13th: Killer Puzzle,Blue Wizard Digital,Blue Wizard Digital
20000,59.77,ヘブンバーンズレッド,"WRIGHT FLYER STUDIOS, VisualArts/Key",WRIGHT FLYER STUDIOS
20000,89.95,Bubble People,Liujiajun,Gamirror Games
20000,88.33,Grocery Store Simulator,CustomDev,CustomDev
20000,93.91,Alpaca Stacka,"Sebastian Baracaldo, Michelle Ma",Spookulele Games
500000,61.03,Only If,Creability,Creability
20000,85.93,Haven,Leap of Faith Studios,Leap of Faith Studios
20000,91.82,Cheese Rolling,The Interviewed,The Interviewed
20000,81.45,Escape Memoirs: Mini Stories,0 Deer Soft,0 Deer Soft
20000,87.38,In Sink: A Co-Op Escape Prologue,Clock Out Games,Kwalee
500000,81.07,Hello Neighbor Alpha 4,Dynamic Pixels,tinyBuild
20000,75.94,Toram Online,Asobimo Inc.,Asobimo Inc.
200000,73.30,SUPREMACY: WORLD WAR 3,Dorado Games,Dorado Games
500000,90.86,Propagation VR,WanadevStudio,WanadevStudio
1000000,88.02,Himno,David Moralejo Sánchez,"GrabTheGames, UpgradePoint"
500000,90.95,Battle for Wesnoth,The Battle for Wesnoth Project,Wesnoth Inc.
20000,90.75,Idol Showdown,Besto Game Team,holo Indie
20000,95.64,Project Kat - Paper Lily Prologue,Leef 6010,Leef 6010
20000,95.45,"Please, Touch The Artwork 2",Thomas Waterzooi,Thomas Waterzooi
20000,94.68,The Mr. Rabbit Magic Show,Rusty Lake,Rusty Lake
20000,93.64,Snake Force,Team Soda,Team Soda
20000,86.07,Amarillo's Butt Slapper,AmarilloArts,AmarilloArts
200000,79.44,the static speaks my name,the whale husband,the whale husband
500000,86.40,Devolverland Expo,Flying Wild Hog,Devolver Digital
200000,89.72,You Have to Win the Game,Minor Key Games,Minor Key Games
500000,90.26,Ninja Kiwi Archive,Ninja Kiwi,Ninja Kiwi
20000,83.11,Screw Drivers,Creactstudios,Headup
500000,59.90,Dungeon Fighter Online,Neople,Neople
20000,87.78,Contrast,Orlaith Nic Cába,Orlaith Nic Cába
500000,90.89,Soda Dungeon 2,"AN Productions, Poxpower",Armor Games Studios
20000,90.89,TCG Card Shop Simulator: Prologue,OPNeon Games,OPNeon Games
20000,85.49,Dark Hours: Prologue,Piece of Cake studios,"Piece of Cake studios, Kepler Ghost"
20000,82.45,The Two of Us,Flow State Games,Flow State Games
20000,81.33,Slappyball,Amelore,Amelore
50000,85.46,Selene ~Apoptosis~,"Viscum key, Nupu Neko Dev",Nupu Neko Dev
500000,91.15,OLDTV,Creability,Creability
200000,85.26,Boring Man - Online Tactical Stickman Combat,Spasman Games,Spasman Games
200000,79.62,SUCCUBUS: Prologue,Madmind Studio,Madmind Studio
200000,74.70,Retail Royale,DarxDev,DarxDev
20000,85.81,NEKOPARA - Catboys Paradise,NEKO WORKs,Sekai Project
200000,88.39,Lost Lands: Mahjong,FIVE-BN GAMES,FIVE-BN GAMES
20000,91.70,How Fish Is Made,"Wrong Organ, Johanna Kasurinen, Jeffrey Tomec, Martin Halldin","Wrong Organ, CRITICAL REFLEX"
20000,91.40,Crime Scene Cleaner: Prologue,President Studio,"PlayWay S.A., President Studio"
20000,89.28,Rental,"Nine Levitzki, Igor Polochev, Jacob Williams, Amber Williams",Wild Card Rogues
100000,94.07,Katawa Shoujo,Four Leaf Studios,Four Leaf Studios
500000,82.81,Card Hunter,The Knights of Unity,The Knights of Unity
20000,86.45,Chair Simulator,MSCHF Product Studio Inc,MSCHF Product Studio Inc
1000000,62.82,Armored Warfare,"Obsidian Entertainment, Wishlist Games",Wishlist Games
200000,77.46,Left on Read,Weston Bell-Geddes,Spookulele Games
500000,77.76,MONMUSU,Tentacle Games,NEKO WORKs
200000,92.34,Narcissu 1st & 2nd,stage-nana,Sekai Project
20000,87.09,ROOT,SJR Team,SJR Team
20000,82.80,Puck,NS7,NS7
20000,92.17,Samorost 1,Amanita Design,Amanita Design
1000000,71.43,BrainBread 2,Reperio Studios,Reperio Studios
1000000,64.87,Panzar,Panzar Studio,OVALIS INVESTMENTS LIMITED
200000,91.83,BirdGut,Micah Boursier,Micah Boursier
500000,81.31,Blameless,Vaclav Hudec,Blameless Games
200000,91.14,What Never Was,Acke Hallgren,Acke Hallgren
20000,92.33,[Nightmare Files] Clap Clap,Raycastly,Raycastly
20000,44.33,CROWZ,ROYALCROW,THUMBAGE
20000,81.43,"Poker Master - Texas Hold'em, Roulette, Blackjack, Baccarat, Omaha, Slots, Teen Patti",NGIN LIMITED,NGIN LIMITED
20000,77.87,Waven,Ankama Studio,"Ankama Games, New Tales"
500000,91.64,I Wanna Maker,The Elephant Crew,The Elephant Crew
1000000,57.79,VEGA Conflict,KIXEYE,KIXEYE
20000,80.37,BAPBAP,Maison Bap,Maison Bap
20000,83.81,Calico,Reshiramoo,Reshiramoo
20000,46.10,ASTRA: Knights of Veda,FLINT,DRIMAGE
200000,33.40,Unplagued,Euphoric Brothers,Euphoric Brothers
20000,95.06,Purrgatory,Niv,Niv
20000,93.26,枝江往事,A-SOUL GameMaker Project,A-SOUL GameMaker Project
200000,89.28,Have a Nice Dream,榭季生,榭季生
100000,90.24,Confess My Love,LR Studio,LR Studio
20000,89.48,Come Home,R.J. Rhodes,R.J. Rhodes
20000,89.16,ERROR143,Jenny Vi Pham,Jenny Vi Pham
200000,84.70,Moe Era,Comfy Company,Comfy Company
200000,92.79,Meteor 60 Seconds!,AvoCavo,AvoCavo
1000000,73.06,Dead Maze,Atelier 801,Atelier 801
500000,77.75,HD Poker: Texas Hold'em,Z4,Z4
200000,81.83,Puzzle Together Multiplayer Jigsaw Puzzles,IronZog,IronZog
200000,82.74,We Went Back,Dead Thread Games,Dead Thread Games
500000,84.02,Quake II RTX,Lightspeed Studios™,NVIDIA
50000,87.48,*NEW* SCUFFED EPIC BHOP SIMULATOR 2023 (POG CHAMP),Scuffed Development,shanaz game studios
20000,89.58,click to ten,"funl, cheman","funl, cheman"
20000,49.36,DARKEST DAYS,NHN,NHN
20000,90.24,Ale & Tale Tavern: First Pints,Scienart Games,"GrabTheGames, UpgradePoint"
500000,78.84,Worm.is: The Game,Freakinware Studios,Freakinware Studios
20000,93.34,Outpath: First Journey,David Moralejo Sánchez,"GrabTheGames, UpgradePoint"
200000,84.19,Bloons Adventure Time TD,Ninja Kiwi,Ninja Kiwi
20000,59.40,NOMAD,Gregg Rahuba,Gregg Rahuba
20000,76.24,Royal Quest Online,Lesta Games,Lesta Games
20000,73.00,Sword of Convallaria,XD,XD
50000,92.95,I commissioned some bees 0,Follow the fun,I commissioned some series
20000,90.07,Supermarket Simulator: Prologue,Nokta Games,Nokta Games
20000,75.39,Cats,"100 Cozy Games, Cats","100 Cozy Games, Cats"
200000,66.85,ONE PIECE Bounty Rush,SEGA,Bandai Namco Entertainment Inc.
50000,91.16,Hello Neighbor Alpha 2,Dynamic Pixels,tinyBuild
200000,85.03,"Kid,napper: Gosh, I'm Kidnapped by a Pupil",Catnip,Catnip
500000,74.18,Never Split the Party,Legend Studio,Legend Studio
20000,71.75,Aeons Echo,Aeons Studio,Nutaku Publishing
20000,69.39,Rake,Jeb_1232,Jeb_1232
20000,79.01,Eternium,"Dream Primer, Making Fun",Making Fun
1000000,85.56,Teeworlds,Teeworlds Team,Teeworlds Team
500000,79.10,SCP: Labrat,Bezbro Games,Bezbro Games
500000,58.83,Skyforge,Innova Co SARL,Innova Co SARL
100000,94.68,The Supper,White Blanket Games,Octavi Navarro
20000,79.24,War of Dots,TeaAndPython,TeaAndPython
20000,86.45,Deducto,Red Fox Studios,Red Fox Studios
20000,59.31,8BitMMO,Archive Entertainment,Archive Entertainment
20000,75.42,Shift Happens,JajaCodes,JajaCodes
20000,93.50,我的小鲨鱼,Warma,Warma
20000,94.09,DORONKO WANKO,"Bandai Namco Studios Inc., Bandai Namco Online Inc.",Phoenixx Inc.
20000,88.94,Antimatter Dimensions,"Hevipelle, Omsi, Razenpok, Spectralflame, WaitingIdly","Hevipelle, Makopaz"
20000,90.13,Reverse: 1999,"BLUEPOCH GAMES CO., LIMITED","BLUEPOCH GAMES CO., LIMITED"
500000,72.16,Cubic Castles,Cosmic Cow LLC,Cosmic Cow LLC
200000,83.89,The Perfect Tower II,Fire Sword Studios,Fire Sword Studios
200000,71.91,Supremacy: 1914,Bytro Labs GmbH,Bytro Labs GmbH
20000,83.23,Gas Station Simulator: Prologue - Early Days,DRAGO entertainment,"Movie Games S.A., HeartBeat Games"
20000,85.95,SIGame,Vladimir Khil,Vladimir Khil
500000,65.07,Animal Jam,WildWorks Inc.,WildWorks Inc.
500000,90.21,Zero-K,Zero-K Team,Zero-K Team
20000,61.52,3on3 FreeStyle: Rebound,Joycity,Joycity
20000,57.20,STEEL HUNTERS,Wargaming Group Limited,Wargaming Group Limited
500000,74.19,Professional Fishing,MasterCode,Ultimate Games S.A.
200000,87.85,b,u&i,u&i
200000,89.34,家有大貓 Nekojishi,"Studio Klondike, Team Nekojishi","Studio Klondike, Orange Juice Dog"
50000,87.46,Gladio and Glory,Adi Zhavo,Adi Zhavo
200000,91.85,10 Minutes Till Dawn,flanne,"flanne, Erabit"
500000,71.72,Pinball Arcade,FarSight Studios,FarSight Studios
100000,88.39,Cloud Climber,Two Star Games,Two Star Games
200000,91.77,The Riftbreaker: Prologue,EXOR Studios,"EXOR Studios, Surefire.Games"
200000,92.46,Cinderella Phenomenon - Otome/Visual Novel,Dicesuki,Dicesuki
200000,92.86,Tails Noir: Prologue,EggNut,Raw Fury
20000,54.77,Neon Echo,Lcc,Lcc
20000,70.30,Kingdoms,"Change Studios, LLC","Change Studios, LLC"
200000,89.03,Hello Neighbor Alpha 1,Dynamic Pixels,tinyBuild
200000,83.31,Battle Grounds III,The Battle Grounds Game Development Team,The Battle Grounds Game Development Team
20000,89.29,Unnamed Space Idle,Sylv,Jdog Corp
20000,69.51,Garten of Banban 0,Euphoric Brothers,Euphoric Brothers
20000,80.75,College Bound - Episode 1,FOZ,FOZ
200000,59.54,Depression Quest,"The Quinnspiracy, Patrick Lindsey, Isaac Schankler",The Quinnspiracy
200000,93.97,Grimhook,Unlimited Fries,Unlimited Fries
20000,92.37,OnlyCans: Thirst Date,OnlyCans Team,OnlyCans Team
200000,93.44,Tukoni: Prologue,"Dream Operator, Oksana Bula",Dream Operator
200000,88.60,Coloring Game,L. Stotch,L. Stotch
20000,88.90,Prince of Suburbia - Part 1,ViM Studios,ViM Studios
20000,83.71,100 Christmas Cats,"100 Hidden Animals, Cats",100 Cozy Games
20000,88.78,Martial Law,FIXER,FIXER
500000,91.83,Floating Point,Suspicious Developments,Suspicious Developments
20000,79.87,Morimens,B.I.A.V. Studio,B.I.A.V. Studio
100000,89.39,Perfect Vermin,"Talia bob Mair, Angad Matharoo",ItsTheTalia
20000,85.20,Chaos,Ellipses Studios,Ellipses Studios
500000,79.25,Hero Zero - Multiplayer RPG,Playata GmbH,Playata GmbH
20000,93.51,100 Capitalist Cats,"100 Hidden Animals, Cats",100 Cozy Games
20000,48.21,Dungeon Stalkers,ONEUNIVERSE Co. Ltd.,ONEUNIVERSE Co. Ltd.
200000,91.34,Island Saver,Stormcloud Games Limited,National Westminster Bank plc
200000,87.74,Chicken Invaders Universe,InterAction studios,InterAction studios
200000,92.31,Mitoza,Gal Mamalya,Second Maze
20000,74.30,SCP: Nine-Tailed Fox,Third Subdivision Studios,Third Subdivision Studios
20000,84.64,The fall,Knight-HD,Knight-HD
20000,82.05,Shelter,9900Studio,9900Studio
20000,81.83,Mahjong Soul,Catfood Studio,YOSTAR HONG KONG LIMITED
200000,63.42,BEACHED,Gradient Studios,Gradient Studios
20000,89.08,瘟疫清零计划 Project Zero,Breaker Games,Breaker Games
100000,57.84,Booty Calls,3X Entertainment Limited,Nutaku Publishing
200000,79.18,PICO PARK:Classic Edition,TECOPARK,TECOPARK
20000,94.66,The Children of Clay,Balazs Ronyai,Balazs Ronyai
20000,82.18,Missing Hiker,Gemezl,Gemezl
200000,77.64,The Backrooms Game FREE Edition,Pie On A Plate Productions,Pie On A Plate Productions
200000,77.00,Fingerbones,David Szymanski,David Szymanski
500000,68.58,NosTale - Anime MMORPG,Entwell Co. Ltd.,Gameforge 4D GmbH
200000,92.93,Coloring Game 2,L. Stotch,L. Stotch
500000,93.10,异化之恶〇Abnormal Treatment,Eternal Dream,"Eternal Dream, 迷糊的安安"
200000,63.37,SCP: Escape Together,SCP: Escape Together development team,SCP: Escape Together development team
20000,64.12,Mini Royale,IndigoBlue,IndigoBlue
20000,92.34,PUMPKIN PANIC,Bilalaika,Bilalaika
500000,61.21,Rakion Chaos Force,Neosonyx Co. Ltd.,Neosonyx Co. Ltd.
200000,92.10,RED HOT VENGEANCE,Bros Before Giraffes,Bros Before Giraffes
20000,89.49,Cave Crawlers,Heroic Pyxel LLC,Heroic Pyxel LLC
20000,90.67,Landfall Archives,landfall,landfall
20000,67.78,PUBG: BLINDSPOT,"ARC Team, PUBG Corporation",KRAFTON Inc.
20000,91.21,Aurora Hills: Chapter 1,NovaSoft Interactive Ltd.,NovaSoft Interactive Ltd.
20000,93.69,英雄黄昏-文字三国志&曹贼模拟器,三国迷.隐隐狗,三国迷.隐隐狗
500000,74.75,Infinity Wars: Animated Trading Card Game,Lightmare Studios,Lightmare Studios
20000,80.21,Eraser,Legion Infinity Interactive,Legion Infinity Interactive
500000,73.80,Battle Islands,DR Studios,505 Games
500000,60.32,Villagers and Heroes,Mad Otter Games,Mad Otter Games
20000,83.05,The Elder Scrolls II: Daggerfall,Bethesda Softworks,Bethesda Softworks
20000,90.06,vivid/stasis,Team Vividstasis,"Hajimeli, SKY HOUR WORKS"
20000,49.68,Everlusting Life,Pochemu LTD,Pochemu LTD
200000,90.75,FrostRunner,Think Arcade,Think Arcade
20000,88.32,TELEFORUM,Monumental Collab,CRITICAL REFLEX
100000,87.28,Shinobi Warfare,TechnoTal,TechnoTal
20000,59.86,FINAL FANTASY VII EVER CRISIS,"Square Enix, Applibot Inc.",Square Enix
200000,50.20,"Warhammer 40,000: Warpforge",Everguild Ltd.,Everguild Ltd.
20000,55.86,Wizardry Variants Daphne,Drecom Co. Ltd.,Drecom Co. Ltd.
20000,79.68,Achievement Clicker,Barlow Studio,Barlow Studio
20000,86.67,Home,Mr.Spoon,Mr.Spoon
20000,86.67,Home,Mr.Spoon,Mr.Spoon
20000,88.41,Kota`s New Journey,KotaMota Games,KotaMota Games
200000,86.52,The Old Tree,Red Dwarf Games,Red Dwarf Games
500000,80.52,My Lands: Black Gem Hunting,"Gravvit Ltd, Forbes  Consult Ltd",ELYLAND  INVESTMENT COMPANY Ltd
20000,93.44,Unsorted Horror,Mike Klubnika,Mike Klubnika
500000,77.78,Bit Heroes Quest,Juppiomenz,Kongregate
20000,71.82,Soccer Manager 2026,Invincibles Studio Ltd,Invincibles Studio Ltd
20000,67.62,Heartwood Online,E Bros,E Bros
20000,89.60,PAPERHEAD EP.0,Paperhead te4m,HypeTrain Digital
20000,89.51,THE BUTTON by Elendow,Elendow,Elendow
500000,81.92,Bigscreen Beta,Bigscreen Inc.,Bigscreen Inc.
1000000,57.32,Ragnarok Online 2,Gravity Inc.,Gravity Interactive
500000,61.05,WGT Golf,"World Golf Tour, LLC","World Golf Tour, LLC"
200000,83.88,3D Aim Trainer,3D Aim Trainer,"3D Aim Trainer, SteelSeries"
20000,87.77,The Big Catch: Tacklebox,Filet Group,"Filet Group, XSEED Games, Marvelous USA Inc."
20000,75.29,造梦西游：无双,造梦工作室,造梦工作室
500000,59.89,Warhammer The Horus Heresy: Legions,Everguild Ltd.,Everguild Ltd.
200000,84.36,Long Live Santa!,Doborog Games,Doborog Games
100000,91.59,"one night, hot springs",npckc,npckc
20000,69.32,Airline Manager,Trophy Games,Trophy Games
100000,76.84,Super Bernie World,Gamedevs for Bernie,Kitsune Games
500000,70.25,Warspear Online,Titulum Enterprises Limited,Titulum Enterprises Limited
100000,93.84,Cureocity,Bread On Board,GCORES PUBLISHING
500000,53.75,BlackShot: Mercenary Warfare FPS,Vertigo Games America,"Papaya Play, Vertigo Games America"
20000,72.46,The Timeless Child - Prologue,Timeless Tale,Timeless Tale
200000,80.00,Crusaders of the Lost Idols,Codename Entertainment Inc.,Codename Entertainment Inc.
500000,65.66,Insanity Clicker,PlayFlock,PlayFlock
200000,85.07,Burning Daylight,Burning Daylight Team,Burning Daylight Team
20000,46.38,Warborne Above Ashes,Qooland Games,Qooland Games
500000,71.07,Soccer Manager 2022,Invincibles Studio Ltd,Invincibles Studio Ltd
200000,53.16,雀姬/姫麻雀,Jack Tech,Smile Tech
20000,68.87,Town of Sins,Hooligapps,Nutaku Publishing
200000,81.65,MINDNIGHT,No Moon,No Moon
500000,52.05,Mortal Online,Star Vault AB,Star Vault AB
200000,82.96,Radiator 2: Anniversary Edition,Robert Yang,Robert Yang
200000,77.73,Awkward Dimensions Redux,StevenHarmonGames,StevenHarmonGames
500000,76.06,RPG MO,Marxnet,Marxnet
20000,76.00,Prison Life,AO Games,AO Games
20000,48.73,Heat,Detail Software,Detail Software
200000,91.02,Vecter,Taranasus,Taranasus
500000,71.03,Pixel Starships,SavySoda,SavySoda
200000,93.44,Princess Remedy in a World of Hurt,"Ludosity, Remar Games",Ludosity
200000,85.69,Prison Simulator Prologue,Baked Games,Baked Games
200000,67.31,BattleRush,TB Games,TB Games
500000,67.58,Age of Conan: Unchained,Funcom,Funcom
500000,65.71,Copa Petrobras de Marcas,Reiza Studios,Reiza Studios
200000,91.76,Duck Simulator 2,Orius Games,Orius Games
100000,91.47,The Good Time Garden,Coal Supper,Coal Supper
200000,78.46,IOSoccer,IOSoccer Team,IOSoccer Team
200000,76.01,Grim Clicker,EvilCharm Games,"EvilCharm Games, Aleksandr Golovkin"
20000,93.09,The New Flesh,"Freshly Baked Games LLC, Red Vox",Freshly Baked Games LLC
20000,94.44,Handshakes,"Pet Pumpkin, Damaskino, Trumpetguy",Pet Pumpkin
20000,87.83,Planet S,Glimmerlight Games,Glimmerlight Games
20000,72.62,Skill Legends Royale,ZGGame,ZGGame
20000,77.59,SCP: Containment Breach 2,"Euclid Labs, UE team, Undertow Games, Third Subdivision Studios",Mixarar
500000,88.40,Sunrider: Mask of Arcadius,Love in Space,Sekai Project
500000,78.82,Age of Conquest IV,Noble Master LLC,Noble Master LLC
20000,85.45,With You,Carol Mertz,Insatiable Cycle
20000,65.47,Kingdom Wars,Obsidiagon,Obsidiagon
20000,83.22,Waifu Fighter,Gameholic,Gameholic
200000,76.99,Poker Championship,BBstudio Inc.,BBstudio Inc.
200000,90.65,Peggle Extreme,PopCap Games Inc.,Electronic Arts
20000,94.16,Mizi NO!,DU&I,DU&I
20000,67.79,Boundless,DMS. Long,Beijing Film Academy
50000,90.26,Brief Karate Foolish,D.C.S,Henteko Doujin
100000,90.56,Frog Fractions: Game of the Decade Edition,Twinbeard Inc.,Twinbeard Inc.
200000,89.65,Cheeky Chooks,Trilum Studios,"Trilum Studios, RSPCA"
200000,77.30,Kagura Survivors: Endless Night,"Big Bang Studio, Swaps4 Productions",Kagura Games
20000,93.72,DOGWALK,Blender Studio,Blender Studio
50000,86.04,hexceed,ToastieLabs,ToastieLabs
200000,73.85,Antenna,LWNA,LWNA
100000,90.15,A Raven Monologue,Mojiken,Toge Productions
20000,89.98,Ann,Rong Rong,Rong Rong
20000,89.76,修仙小屋,Doge Game,Doge Game
200000,75.20,Just Cause™ 3: Multiplayer Mod,nanos GbR,"nanos GbR, Square Enix"
20000,88.68,Frostrain,"STEWDIO, nemonan",Jungle Game Lab
500000,83.54,Istrolid,treeform,treeform
20000,91.92,"If On A Winter's Night, Four Travelers",Dead Idle Games,Dead Idle Games
20000,82.94,Holo X Break,KayAnimate,holo Indie
500000,89.45,Aimtastic,Pixel Pointer Studios,Pixel Pointer Studios
200000,70.56,Hades' Star,Parallel Space Inc,Parallel Space Inc
20000,79.80,花妖物语/Flower girl,9Garden,9Garden
20000,93.25,100 Ninja Cats,"100 Cozy Games, Cats",100 Cozy Games
500000,75.89,EverQuest,Darkpaw Games,Daybreak Game Company
20000,73.67,Dragon Knight,MachNone,MachNone
20000,65.37,MICROVOLTS: Recharged,Masangsoft,Masangsoft
20000,80.12,Maelstrom,Sam Lantinga,Sam Lantinga
20000,88.09,Miscrits: World of Creatures,Lightning Ball Studios,Lightning Ball Studios
20000,84.35,SOVL: Fantasy Warfare,Dalen Studios,Dalen Studios
200000,76.98,Your Chronicle,Samurai Games,Samurai Games
500000,80.06,Mr. Prepper: Prologue,Rejected Games,"PlayWay S.A., Rejected Games"
20000,92.51,Arisen Force: Life Devotee - Initial Ver.,Lemport,Lemport
20000,93.50,The Powder Toy,The Powder Toy Team,The Powder Toy Team
20000,93.11,Lily's Well,PureIceBlue,PureIceBlue
200000,88.70,Accounting (Legacy),"Crows Crows Crows, Squanch Games",Crows Crows Crows
20000,61.99,StarSavior,Studiobside,Studiobside
100000,88.76,Open World Game: the Open World Game,Morning Person Games,Morning Person Games
20000,88.21,You Will (Not) Remain,Bedtime Phobias,"No way, we're indie baby of course we don't have a publisher"
20000,92.47,D1AL-ogue,CherryPicker,Jungle Game Lab
100000,81.32,how do you Do It?,"Nina Freeman, Emmett Butler, Decky Coss, Joni Kittaka",none
500000,61.47,Wurm Online,Code Club AB,Code Club AB
200000,56.87,Mighty Party,By Aliens L.L.C-FZ,By Aliens L.L.C-FZ
20000,65.27,Texas Hold'em Poker: Pokerist,KamaGames Entertainment Group Limited,KamaGames Ltd.
20000,85.62,WooLoop,ToastieLabs,ToastieLabs
200000,86.48,Neon Boost,Sample Text Studio,Sample Text Studio
20000,68.43,Super Sus,GIANT INTERACTIVE HK LIMITED,GIANT INTERACTIVE HK LIMITED
100000,80.78,SEPTEMBER 1999,98DEMAKE,98DEMAKE
200000,90.46,Aircar,"Giant Form Entertainment, LLC","Giant Form Entertainment, LLC"
20000,71.38,Deadswitch 3,Wilkin Games,Wilkin Games
20000,77.67,The Elder Scrolls: Arena,Bethesda Softworks,Bethesda Softworks
20000,79.80,No More Heroes,生汽橘子,生汽橘子
20000,90.83,Rock Life: The Rock Simulator,BGNB Studios,BGNB Studios
100000,92.72,Swallow the Sea,"Talia bob Mair, Nicolás Delgado",ItsTheTalia
20000,30.37,HAWKEN REBORN,505 Games,505 Games
200000,91.97,Trick & Treat,Rabbiton,Rabbiton
1000000,69.07,Ragnarok Online,Gravity Interactive,Gravity Interactive
200000,76.39,ChilloutVR,ChilloutVR Team,ChilloutVR Team
20000,82.78,Motorcycle Mechanic Simulator 2021: Prologue,Play2Chill S.A.,"Play2Chill S.A., PlayWay S.A."
200000,86.90,Hello Neighbor Pre-Alpha,Dynamic Pixels,tinyBuild
200000,90.54,OMFG: One Million Fatal Guns,Gun Hit Wonders,DigiPen Institute of Technology
20000,91.52,Moonring,"Fluttermind, LLC","Fluttermind, LLC"
50000,88.27,Legend of Keepers: Prologue,Goblinz Studio,Goblinz Publishing
20000,34.48,"THE CUBE, SAVE US",XLGAMES,XLGAMES
20000,59.11,Rise of Eros,THE SHADOW STUDIO,PINKCORE
20000,77.14,Hentai Furry,UwU,UwU
200000,92.40,Epic Battle Fantasy 3,Matt Roszak,Matt Roszak
20000,91.90,Nightmare House: The Original Mod,We Create Stuff,We Create Stuff
20000,68.53,Idle Skilling,Lavaflame2,Lavaflame2
200000,86.31,SYNTHETIK: Arena,Flow Fire Games,Flow Fire Games
20000,91.02,Blood Spear,Blood Spear Dev,Blood Spear Dev
20000,79.61,ConsTance,cr0cq,cr0cq
20000,90.40,Cookard,"Panitia GameDev, Cliffbite Game","Panitia GameDev, Cliffbite Game"
20000,69.30,Dodgy Deliveries,"Tomas Gonzalez, German Rieck",Deliver Games
500000,85.78,Cube Racer,Simon Blasen,Simon Blasen
20000,86.90,Through The Ages,Dylan Browne,Dylan Browne
200000,89.13,TREE,The Strangers,The Strangers
20000,86.60,Smithworks,Ardent Games,Kenny Doan
20000,29.16,Growtopia,Ubisoft Abu Dhabi,Ubisoft
200000,85.50,Warfork,Team Forbidden,Team Forbidden
200000,82.80,Marbles on Stream,Pixel by Pixel Studios Inc.,Pixel by Pixel Studios Inc.
20000,91.68,Leap Of Faith,Whoopsy,Whoopsy
500000,75.00,Wrecked,Marco Amadei,Corvostudio di Amadei Marco
20000,87.80,Edge,TEStudio,TEStudio
100000,90.68,Tiny Bunny: Prologue,Saikono,Saikono
20000,60.97,The Deer,Dodo Digital,Dodo Digital
20000,91.47,Bouncemasters,"Playgendary, JoyBits Ltd.","JoyBits Ltd., Azur Games"
20000,56.46,Badlanders,101.Studio,101.Studio
20000,83.58,Taora : Beginning,Tulpar Games,"Tulpar Games, GrabTheGames, TheGamesFortress"
20000,49.84,Zombie Gunship Survival,Flaregames,Flaregames
20000,68.17,Basement,Defeng Games,Defeng Games
20000,90.19,INARI,1HP STUDIO,1HP STUDIO
100000,82.17,The Genesis Project,Perfectly Generic Team,Perfectly Generic Team
500000,61.30,Inferna,INFERNA UG (haftungsbeschränkt),INFERNA UG (haftungsbeschränkt)
20000,89.68,Fortify,Holgersson Entertainment,Holgersson Entertainment
200000,76.96,Puzzle Pirates,Grey Havens,Grey Havens
20000,60.04,ANVIL,Sixstudios,Sixstudios
500000,66.57,Anarchy Arcade,Elijah Newman-Gomez,Elijah Newman-Gomez
20000,84.56,"Warhammer 40,000: Boltgun - Words of Vengeance",Auroch Digital,Auroch Digital
100000,82.48,Operation: Tango - Friend Pass,Clever Plays,Clever Plays
100000,90.78,"OH MY GOD, LOOK AT THIS KNIGHT",Foxoft,AZAMATIKA
100000,85.38,Kill or Love,Andy Church,Andy Church
20000,85.91,Vampire's Fall 2,Early Morning Studio,Early Morning Studio
20000,81.76,Hamster Playground,Mass Creation,We Dig Games
20000,92.86,Resonance of the Ocean,"Image Labo, Heaviside Creations",Image Labo
500000,59.26,Tales of Escape,OnSkull Games,OnSkull Games
500000,55.78,METAL SLUG DEFENSE,SNK CORPORATION,SNK CORPORATION
20000,46.75,Milky Way Idle,cheze,cheze
200000,83.44,Seduce Me the Otome,Michaela Laws,Michaela Laws
200000,76.10,Prime World: Defenders 2,Nival,Nival
100000,87.60,Kill It With Fire: HEATWAVE,Casey Donnellan Games LLC,tinyBuild
500000,80.65,Zombie Defense,Home Net Games,Home Net Games
200000,84.92,Lurk in the Dark : Prologue,IDEA FRUITION,IDEA FRUITION
200000,83.09,Dominion,Temple Gates Games,Temple Gates Games
20000,77.50,Flower girl 2,9Garden,9Garden
200000,70.33,The Braves,101XP GAME STUDIOS,101XP
20000,91.17,House,Yo!Games,Yo!Games
20000,79.31,Bendy: Secrets of the Machine,Gent Corporation,Joey Drew Studios
20000,78.36,MAiZE,Absidy Publishing Company,Absidy Publishing Company
20000,89.30,Beecarbonize,Charles Games,Charles Games
20000,82.52,The Spike Cross,SUNCYAN Inc.,SUNCYAN Inc.
20000,64.17,SWAT Commander: Prologue,"Red Mountain Games, Ritual Interactive",Ritual Interactive
20000,63.12,Drakensang Online,Bigpoint GmbH,Bigpoint GmbH
20000,85.68,Impact Point,Kontrollable,Kontrollable
200000,81.42,Idling to Rule the Gods,Shugasu GmbH,Shugasu GmbH
20000,80.16,100 Istanbul Cats,"100 Cozy Games, Cats",100 Cozy Games
100000,77.04,Chex Quest HD,"Team Chex Quest HD, Flight School Studio",General Mills
20000,93.11,last seen online,Sochin Studio,Sochin Studio
100000,83.90,The Monster Inside,Random Seed Games,Random Seed Games
20000,91.26,100 Dino Cats,"100 Cozy Games, Cats",100 Cozy Games
500000,72.09,Soccer Manager 2021,Invincibles Studio Ltd,Invincibles Studio Ltd
50000,89.94,Jaded,ShellSnore Games,ShellSnore Games
20000,88.09,Pyroworks,Deepest Inertia Studio,Deepest Inertia Studio
20000,85.17,Office Life,Cicada_Dancing,Cicada_Dancing
20000,82.24,Vigil,Singularity Studios,Singularity Studios
20000,51.04,Grapple,Barji,Barji
200000,51.59,Home Sweet Home : Online,YGGDRAZIL GROUP PUBLIC COMPANY LIMITED,Shift Now
200000,91.64,The Life and Suffering of Sir Brante — Chapter 1&2,"Sever, Schisma Games",101XP
20000,85.13,战姬军团,Fcgame,Fcgame
20000,66.30,Flash Party,XD,XD
20000,91.00,100 Aliens Cats,"100 Cozy Games, Cats",100 Cozy Games
100000,84.42,Without Within,InvertMouse,InvertMouse
100000,85.20,Red Trigger,Bold Spirit Game Studio,Bold Spirit Game Studio
20000,89.86,It gets so lonely here,ebi-hime,ebi-hime
500000,66.23,ANOTHER EDEN,WFS Inc.,WFS Inc.
20000,86.24,Eternal Edge+ Prologue,"Righteous Weasel Games, Ignatios Prouctions LLC","Sedoc LLC, GrabTheGames"
200000,73.62,Maurice: In The Predator's Nest,Lucas Cavataio,Lucas Cavataio
20000,70.39,Horizon Walker,Gentlemaniac,Gentlemaniac
20000,81.27,Beer Factory - Prologue,AKEL,CreativeForge Games
20000,68.89,Streamline,Watson Digital,Watson Ventures
200000,75.85,Gridiron,1336 Studios,1336 Studios
100000,83.72,A Date in the Park,Cloak and Dagger Games,Cloak and Dagger Games
20000,66.13,Banana & Cucumber,"cem99, slh99",Bull Games
20000,74.67,Dreamland,KALPAKHCHEV,KALPAKHCHEV
50000,79.39,United heist,No more Sleep,No more Sleep
20000,72.21,Cooking Live - Italian Kitchen Simulator,Matryoshka,Matryoshka
100000,90.48,There is No GreenDam,格林达姆136工程团,格林达姆136工程团
20000,80.18,FarmD,Softscale,Softscale
20000,90.58,Krypta FM,Under The Sink Studio,Under The Sink Studio
20000,77.28,Burger,Hard Shark Games,Hard Shark Games
100000,83.06,Arid,Sad Viscacha Studio,Breda University of Applied Sciences
500000,71.28,Project Torque - Free 2 Play MMO Racing Game,"Invictus Games Ltd., JOGARA LTD",JOGARA LTD
100000,42.89,Their Land,Thomas Förg,Thomas Förg
20000,86.47,Anonymous Hacker Simulator: Prologue,Sicarius,G-DEVS.com
20000,86.92,Animal Shelter: Prologue,Games Incubator,"Games Incubator, PlayWay S.A."
200000,83.59,Hellbound: Survival Mode,Saibot Studios,Saibot Studios
20000,76.49,Dragon's Dogma 2 Character Creator & Storage,CAPCOM Co. Ltd.,CAPCOM Co. Ltd.
20000,90.52,The Happyhills Homicide,Copperbolt,Copperbolt
200000,81.99,Paint Warfare,bananadev.,bananadev.
20000,61.36,Shelter 69 🔞[ADULT NSFW],JNT Games,😈 Horny Collective 😈
200000,45.76,Canyon Capers,CrazyMoo Games,Sunset Sugar Studios
200000,81.25,At Home Alone,阿正不经,0Cube
100000,80.06,Escape the Game,Simon Fredholm,Simon Fredholm
50000,84.75,Run Zeus Run,GamerzDan,GamerzDan
20000,88.26,Amalgam,Triple Kill Interactive,Triple Kill Interactive
200000,77.31,Electrician Simulator - First Shock,Take IT Studio!,"Gaming Factory, Ultimate Games S.A."
20000,86.19,Eronoctosis: Put Yourself Together,Dream Toaster Games,Dream Toaster Games
100000,76.63,Star Crusade CCG,ZiMAD Inc.,ZiMAD Inc.
20000,94.16,Ye Guild Clerk!,"Devclerk, chek, Alex Beteta, Megan Bustamante, rattyreevus, Precious Osorio/Garcia, Ishan Gupta","Devclerk, Jayden Chung, chek"
200000,81.43,The Darkest Tales — Into the Nightmare,Trinity Team,101XP
200000,34.21,Genesis Online,Shumkov Dmitriy,Shumkov Dmitriy
200000,45.93,PlanetSide Arena,Daybreak Game Company,Daybreak Game Company
100000,81.10,Oasis VR,Oasis VR,Oasis VR Inc.
20000,68.04,The Bunker,Cyber752,indie.io
20000,85.80,Above Snakes: Prologue,Square Glade Games,Crytivo
20000,89.46,Nothing Together,VacuumDev,VacuumDev
200000,88.10,Disturbed,iBlackpen,iBlackpen
20000,79.81,Idle Fishing,AO Games,AO Games
20000,72.74,Aviators,Chronospace,Instytut Pamięci Narodowej
100000,91.61,DYO,"Team DYO, Josia Roncancio",Team DYO
20000,77.04,Idle Spiral,"Idle System Inc., Yayu, Sumito.O",Idle System Inc.
20000,65.14,World War Legion,Alfa Bravo Inc,Alfa Bravo Inc
20000,56.87,Shadow Fight Arena,Nekki Limited,Nekki Limited
100000,87.87,Coloring Game 4,L. Stotch,L. Stotch
200000,80.82,Idle Research,Considera Games LLC,Considera Core LLC
200000,67.56,Minds Eyes,Stanislaw Truchowski,TurnVex
20000,81.65,Lights Off!,TheDollarGameStore,TheDollarGameStore
200000,72.50,Hello Neighbor Alpha 3,Dynamic Pixels,tinyBuild
200000,70.68,Battle Nations,Madrona Games Inc,Madrona Games Inc
100000,88.90,Mr. Hopp's Playhouse,Moonbit,Moonbit
20000,74.20,Echo,Mistway,Mistway
20000,87.30,Crisis: The Third Way,DUALITY,DUALITY
20000,41.62,Myrmidon,Studio Popote,Rubika Supinfogame
20000,92.34,Nova Lands: Emilia's Mission,BEHEMUTT,HypeTrain Digital
20000,93.17,Cats and Seek: Osaka,Noobzilla,Noobzilla
100000,85.41,Off-Peak,Cosmo D,Cosmo D Studios
20000,71.53,Come with Me,Xin Ye,Spookulele Games
200000,89.81,Picross Touch,Jon Gallant,jgallant
20000,66.27,Warface,Astrum Oyun,Astrum Oyun
20000,77.74,Drift Legends 2,Black Fox Entertainment,Black Fox Entertainment
500000,76.57,Eldevin,Hunted Cow Games,Hunted Cow Games
200000,81.71,Zombidle : REMONSTERED,Berzerk Studio,Berzerk Studio
20000,36.69,Robocraft 2,Freejam,Freejam
20000,82.79,Rat Quest,ratin time studios,ratin time studios
200000,89.67,Soldat,"Transhuman Design, Soldat Team",Transhuman Design
20000,92.73,I MAED A GAM3 W1TH Z0MB1ES 1N IT!!!1,"Ska Studios, OMNIViOLET",Ska Studios
20000,71.78,Duelyst II,Dream Sloth Games,Dream Sloth Games
200000,76.25,Dev Guy,Daniel Jonathan Bourke,Project Tranquil
500000,72.40,ONRAID,Pragmatix Ltd,Pragmatix Ltd
20000,92.77,A Taste of the Past,Sondering Studio,Sondering Studio
20000,60.07,DETOUR,A La Fresca Studio,A La Fresca Studio
200000,82.51,Warplanes: WW2 Dogfight,Home Net Games,Home Net Games
200000,81.47,404Sight,Retro Yeti Games,Retro Yeti Games
100000,88.68,Jigoku Kisetsukan: Sense of the Seasons,Emad,Emad
20000,77.49,Innocence Or Money Season 1 - Episodes 1 to 3,MarcialART,MarcialART
50000,91.83,Micro Platformer,Daveyyy,Daveyyy
200000,82.59,Idle Wizard,TwoWizards,TwoWizards
200000,87.01,Summerland,"FYRE Games, Conner Rush",FYRE Games
20000,90.01,Island,Woody-21,Woody-21
20000,52.84,SWORD OF JUSTICE,ZhuRong Studio,ZhuRong Studio
200000,52.23,Fog Of War - Free Edition,Monkeys Lab.,Monkeys Lab.
100000,91.02,Sprout,"Jeff Nusz, Mindful Mammoth",Mindful Mammoth
200000,71.23,Get Off My Lawn!,Digital Leisure Inc.,Digital Leisure Inc.
20000,46.51,Uncharted Waters Origin,"KOEI TECMO GAMES CO. Ltd., LINE Games Corporation, Motif Co.,Ltd.",LINE Games Corporation
20000,50.85,BATTLE CRUSH,NCSOFT,NCSOFT
50000,91.59,Mushroom Cats,Anatoliy Loginovskikh,Anatoliy Loginovskikh
500000,81.73,Bloodline Champions,Stunlock Studios,Stunlock Studios
20000,76.02,Hero's Journey,Good Boy Studios,Good Boy Studios
200000,64.62,The Lost Mythologies,Basaltic studio,Basaltic studio
200000,75.59,Metal Waltz: Anime tank girls,WuL Game Studio,WuL Game Studio
200000,62.38,Sniper 3D Assassin: Free to Play,Fun Games For Free,Fun Games For Free
20000,83.42,Desert Bus VR,Dinosaur Games,"Gearbox Software, LLC"
20000,83.94,Slipstream,Daisy Chain Games Inc.,Daisy Chain Games Inc.
20000,91.91,垃圾桶军团,房子猫,房子猫
20000,80.82,Thief Simulator 2: Prologue,"CookieDev, Ultimate Games S.A.",PlayWay S.A.
20000,89.69,Urbek City Builder: Prologue,Estudios Kremlinois,RockGame S.A.
200000,89.26,Durka Simulator,Crucial Experiment,Unknown Softwares Lab
20000,78.17,Journey to the West,WHM,WHM
200000,75.62,Territory Idle,Aleksandr Golovkin,Aleksandr Golovkin
200000,63.71,Passing Pineview Forest,VIS-Games,United Independent Entertainment
500000,81.78,Dwarfs - F2P,Power of 2,Tripwire Interactive
200000,62.96,Allods Online RU,ASTRUM LAB,ASTRUM LAB
200000,64.11,Blackjack Championship,BBstudio Inc.,BBstudio Inc.
100000,78.96,SlipSlop: World's Hardest Platformer Game,10F,10F
200000,72.61,LoveBeat,CRAZYDIAMOND CO. Ltd.,CRAZYDIAMOND CO. Ltd.
20000,82.36,Mushy,Barji,Barji
20000,87.10,Bakso Simulator,Akhir Pekan Studio,Akhir Pekan Studio
20000,87.92,Pact with a witch,jonnymelabo,jonnymelabo
50000,89.80,Magic Rampage,Asantee Games,Asantee Games
20000,74.52,Return to campus,聂宇星,聂宇星
20000,71.87,Arena of Kings,Villain Games LLC,Villain Games LLC
20000,78.64,Terroro,Melt,Melt
20000,93.07,Stray Cats in Cozy Town,Devcats,"Travellin Cats, Devcats"
200000,59.33,The Forgotten Ones,Bernt Andreas Eide,Bernt Andreas Eide
100000,90.30,NERTS! Online,Zachtronics,Zachtronics
20000,92.19,100 March Cats,"100 Cozy Games, Cats",100 Cozy Games
20000,93.70,Catgirl,City Girl,City Girl Games
20000,92.45,100 Funny Cats,"100 Cozy Games, Cats",100 Cozy Games
100000,84.86,Oxygen: First Breath,Turquoise Revival Games,"GrabTheGames, UpgradePoint"
20000,53.77,UNLIGHT:Revive,UNLIGHT LLC,UNLIGHT LLC
20000,72.88,Alone in the Dark Prologue,Pieces Interactive,THQ Nordic
20000,88.94,Pocket Waifu: Desktop Pet,Mon Amiral,Silvervale
50000,75.13,Zoo 2: Animal Park,KING Art,upjers
20000,86.95,Kill It With Fire: Ignition,Casey Donnellan Games LLC,tinyBuild
200000,71.36,They Can't Stop All Of Us,"B Michael B, ChainWave Games, Blake Gillman",ChainWave Games
20000,93.24,Homicipher: Demo,八名木Games,Gamera Games
20000,89.41,Downfall,Rawhand Games,CFK Co. Ltd.
200000,88.08,Shadow Warrior Classic (1997),3D Realms,Devolver Digital
20000,89.83,Escape Memoirs: Questionable Side Stories,0 Deer Soft,0 Deer Soft
20000,69.62,Incremental Epic Hero 2,Hapiwaku,Idle System Inc.
200000,79.00,Rebel Forces,FreezeNova,FreezeNova
200000,70.86,TrenchesWIP,Big OOF Games PTY LTD,Big OOF Games PTY LTD
20000,65.42,FreestyleFootball R,JOYCITY Corporation,"HOGA INFORMATION TECHNOLOGY CO.,LTD"
100000,60.03,Escape From School,Tudor Sandru,Tudor Sandru
200000,78.70,Rise of Legions,Broken Games,Crunchy Leaf Games
200000,77.86,Holyday City: Reloaded,Holyday Studios,Holyday Studios
20000,85.50,Bloody Painter Dating Sim,DeluCat Productions,DeluCat Productions
50000,78.97,Will Glow the Wisp,PartTimeIndie,PartTimeIndie
100000,82.23,Jesus Christ RPG Trilogy,Wholetone Games,Wholetone Games
200000,85.52,Warzone 2100,"Pumpkin Studios, Underdone Gaming, Warzone 2100 Project",Underdone Gaming
20000,73.78,Faaast Penguin,historia Inc.,historia Inc.
200000,64.60,Battle Tanks: World War II,XDEVS LTD,XDEVS LTD
100000,80.08,Pew Dew Redemption,Enki,Enki
200000,82.21,Aperture Hand Lab,Cloudhead Games Ltd.,Valve
20000,85.85,Rabbit Hole,"ShortCake_Cafe, Moai Music",Engi_ee
100000,88.93,Lovers of Aether,"Dan Fornace, Pizza Freak",Aether Studios
200000,81.33,Gunsmith Simulator: Prologue,GameHunters,PlayWay S.A.
200000,51.38,Headsnatchers,IguanaBee,Iceberg Interactive
20000,34.64,Project F,"Fractal Games, kamasu.jp",Fractal Games
20000,91.33,Gun Devil,Agelvik,Agelvik
200000,86.81,"Mýrdalssandur, Iceland",Matt Newell,Matt Newell
500000,69.86,Cadria Item Shop,Moehaus Co. Ltd,BEST KIRIN GLOBAL LIMITED
20000,77.53,Ink,cpsoft,cpsoft
100000,86.69,Zardy's Maze,Full Trek Media,Full Trek Media
200000,57.67,Dis The Game,Leaf,DisStream
50000,74.44,NGU INDUSTRIES,4G,4G
100000,85.94,Postmouse,Critters Collective,The Animation Workshop
20000,70.40,Mist Legacy,Virtys,Virtys
20000,84.19,Welcome to Free Will - Episode 1,Mr Strangelove,Mr Strangelove
100000,85.65,Frosty Kiss,"2Chance Projects, IIchan Eroge Team",2Chance Projects
100000,76.95,愤怒的孙子们,李鸡蛋,李鸡蛋
20000,93.61,"South Scrimshaw, Part One",Nathan O. Marsh,Nathan O. Marsh
500000,73.61,Soccer Manager 2020,Soccer Manager Ltd,Soccer Manager Ltd
20000,84.09,Fallen Arena,Ambrus Studio,Ambrus Studio
200000,88.39,Gladiator Guild Manager: Prologue,Entertainment Forge,"GrabTheGames, Gamera Games, UpgradePoint"
20000,77.06,Car Dealer Simulator: Prologue - Early Days,Garage Monkeys,Garage Monkeys
20000,55.20,Bloons Card Storm,Ninja Kiwi,Ninja Kiwi
20000,79.71,Life Makeover,Archosaur Games,Archosaur Games
20000,88.98,Chess for idiots,Polish Hacker,Polish Hacker
200000,79.73,Ultimate Tic-Tac-Toe,Tigerish Games,Tigerish Games
50000,88.88,Knell of St. Godhrkar,二律背反,旅人计划
100000,68.74,Enemy On Board,Windwalk Games,Windwalk Games
20000,88.43,Different Strokes,Different Folks,Different Folks
20000,67.87,Dirty League 🔞,Flushee 💘,Flushee 💘
20000,75.55,He Needs His Medicine,Euphoric Bros,Euphoric Bros
200000,68.11,Bombix,Pragmatix Ltd,Pragmatix Ltd
100000,90.10,Coloring Game 3,L. Stotch,L. Stotch
20000,84.93,Soak & Splash,Hosthood Studio,Hosthood Studio
200000,80.46,BombTag,David Schneider,David Schneider
20000,88.73,memories,guiyyu,Spookulele Games
200000,67.00,Runes of Magic,Runewaker Entertainment,Gameforge 4D GmbH‬
20000,86.77,Police Stories: The Academy,HypeTrain Digital,HypeTrain Digital
20000,62.75,Kebab Simulator: Prologue,Biotech Gameworks,Biotech Gameworks
20000,85.20,Klaus Veen's Treason,Tomorrow Software,Klaus Veen
20000,82.01,Bakery Magnate: Beginning,GidAzGames,GidAzGames
20000,84.24,Spiral Clicker,Changer,"Changer, Shady Corner Games"
20000,80.93,Reminiscence,Ambling Alpaca Studio,Ambling Alpaca Studio
20000,57.87,Sword and Fairy 5,SOFTSTAR TECHNOLOGY(BEIJING),SOFTSTAR ENTERTAINMENT
100000,76.71,Bloody Walls,L. Stotch,L. Stotch
200000,63.15,Dragon Saga,Gravity Interactive,Gravity Interactive
20000,82.32,Glass,Logarhythmics,Logarhythmics
20000,93.11,枝江畔之梦,枝江梦游社,枝江梦游社
20000,66.13,Small World,Meng Liufei,Meng Liufei
200000,64.05,Star Trek Timelines,Tilting Point,Tilting Point
20000,57.29,Duet Night Abyss,Pan Studio,Hero Games
20000,71.74,Idle Clans,Isam Games,Isam Games
20000,66.46,BustyBiz,3X Entertainment Limited,Nutaku Publishing
20000,62.53,HELLBOUND,Ninety-Nine Studios,Ninety-Nine Studios
100000,92.51,NOeSIS01_诉说谎言记忆物语,Classic Chocolat,Hikare 个人汉化
200000,75.87,Rushdown Revolt,Vortex Games,Vortex Games
100000,84.76,Spellsworn,Frogsong Studios,Frogsong Studios
200000,87.73,NEKOPALIVE,NEKO WORKs,Sekai Project
20000,89.37,Trapped with Jester,Anta,Neoclassic Games
20000,77.80,Resonite,"Yellow Dog Man Studios, Frooxius",Yellow Dog Man Studios
100000,90.79,Touhou Fantasia / 东方梦想曲,SlimeSmile,SlimeSmile
20000,70.17,Sex Coach: Hot Yoga - Prologue,Juicy Peach Games 🍑,Taboo Tales 💘
20000,66.08,Global Strike,Quzhou Wooduan Network Technologies Ltd.,"Quzhou Wooduan Network Technologies Ltd., STARCORE NEXUS"
200000,52.19,Blind Trust,"Viswanath Atlu, Laurie Banks, Rohan Bhukan, Nick Burnham, Avinash Kalapala, Yash Kapani, Katharine Marsh, Ankur Rathore, Hardit Singh, Anoop Nihar Srinivas, Ryan Guanyuhao Jiang, Robert Zhu",Good Vibration Games
500000,81.95,One Troll Army,FlyAnvil,tinyBuild
100000,88.26,Vectorio Classic,Ben Nichols,BN Games
100000,78.13,FurryFury: Smash & Roll,"Demibug, SUPER PICKLE GAMES",SUPER PICKLE GAMES
20000,71.70,Play Together,"HAEGIN Co.,Ltd.","HAEGIN Co.,Ltd."
100000,90.05,狐の旅路,狐の旅路制作组,DZ
100000,83.76,pla_toon,SoundAndFuryGames,SoundAndFuryGames
500000,57.50,CaesarIA,rdt.32,rdt.32
200000,62.18,Aberoth,"Jarbit, Castle art by Yuriy Gusev",Jarbit
20000,84.33,Pathologic 3: Quarantine,Ice-Pick Lodge,HypeTrain Digital
20000,74.55,Industry Idle,FishPond,Fish Pond Studio
200000,86.87,Shooty Skies,Mighty Games,Mighty Games
20000,64.11,Cafe Owner Simulator: Prologue,Second Reality,RockGame S.A.
20000,86.05,Scratch Inc.,Makopaz,Makopaz
200000,65.97,Among Ripples,Eat Create Sleep,Eat Create Sleep
20000,89.96,Wires And Whiskers,"Yohann Blanchard, Anaïs Garzend, Tristan Rouillon-Leperd, Rémi Trotereau, Victor Birlian, Charles Defoy, Jeanne Duprez, Marie Gouin, Raphaël Daubelcour, Paul Guehl",ISART DIGITAL MONTREAL
20000,90.13,TRY AGAIN,the Rejects,the Rejects
200000,89.87,Unsung Warriors - Prologue,Osarion,Osarion
20000,38.97,Kiki,Stak Games,Stak Games
200000,60.13,Einar,DreamPunks,"DreamPunks, WolffWare"
20000,73.78,Disintegration Technical Beta,V1 Interactive Inc.,Private Division
20000,86.22,Trimps,Greensatellite,Greensatellite
20000,85.33,Crypt,Z1c,Z1c
20000,88.69,fishy,I Choose Paradise,I Choose Paradise
100000,62.38,Angeldust,Frank Lucas,Metagaming B.V.
200000,81.28,FPS Game: Dev Test,jackal_dev_test,jackal_dev_test
500000,56.94,CosmicBreak Universal,CyberStep Inc.,CyberStep Inc.
20000,77.94,Fap Queen,Yaluar,Yaluar
20000,59.48,Be Funny Now!,Galvanic Games,Jack Douglass
200000,83.69,Heroine's Quest: The Herald of Ragnarok,Crystal Shard,Crystal Shard
20000,88.22,Halls of Torment: Prelude,Chasing Carrots,Chasing Carrots
20000,83.95,Buriedbornes - Dungeon RPG,Nussygame,Nussygame
100000,54.85,ETHYRIAL,Oath Games,Oath Games
20000,82.61,Phobies,Phobies Holdings Inc.,Phobies Holdings Inc.
20000,70.41,Garbage: Hobo Prophecy,Homebased,"GrabTheGames, UpgradePoint"
20000,87.73,Bioprototype,Emprom Game,Emprom Game
20000,74.07,Nin Online,Hitspark,Hitspark
50000,92.88,像素女友,HIROKO IMAKI,Pujia8 Studio
100000,90.59,Khimera: Destroy All Monster Girls,Suits & Sandals,Suits & Sandals
100000,89.57,Explore Fushimi Inari,Matt Newell,Matt Newell
200000,75.77,Trials on Tatooine,ILMxLAB,ILMxLAB
20000,92.69,Perspective,Dean Jackson,Dean Jackson
20000,53.23,DARK,VHS STUDIO,VHS STUDIO
20000,74.62,Locked Up,Coyote's Corpse,Akiyamy
200000,89.33,EMPTY SHELL: PROLOGUE,CC ARTS,Hyperstrange
100000,71.67,Spellweaver,Dream Reactor,Dream Reactor
20000,70.44,Caribbean Crashers,Bloxhill,Bloxhill
20000,58.50,Dragon And Home,HIG,HIG
20000,91.74,My Sticker Book,ElementSu,ElementSu
200000,82.01,中华三国志 the Three Kingdoms of China,中三之家,中三之家
20000,66.60,Mecharashi,BlackJack Studio,HK TEN TREE LIMITED
20000,88.89,Unreal World,Yuthung,Yuthung
20000,92.31,Jerma's Big Adventure,worblir,worblir
20000,67.64,Global City,Red Brix Wall,MY.GAMES
20000,79.15,Crystal Clash,Crunchy Leaf Games,Crunchy Leaf Games
20000,70.45,The Search,Richard Junior Nathan Chinomona,Universe 21
20000,67.76,Marvel Contest of Champions,Kabam Games Inc.,Kabam Games Inc.
500000,75.68,Destination Sol,MovingBlocks,MovingBlocks
100000,79.56,Dark Fracture: Prologue,Twisted II Studio,"Twisted II Studio, Feardemic"
20000,86.25,Darkenstein 3D,Rowye,MicroProse Software
100000,84.48,You Have 10 Seconds,tamationgames,tamationgames
20000,67.84,CHASER,Waterboat,Waterboat
200000,62.60,Granado Espada,"IMCGAMES Co.,Ltd.","IMCGAMES Co.,Ltd."
200000,64.50,Karos,Galaxy Gate,GameXP.com
20000,44.41,RENNSPORT,"Teyon, Competition Company",Competition Company
20000,92.05,My succubus Kukula,火鸡头工作室,火鸡头工作室
20000,68.21,BELOW,Pix3l,Pix3l
200000,71.48,Fruit Postal Service,Fruit Postal Service,Green Door Labs
200000,81.28,Mythgard,"Monumental, LLC","Monumental, LLC"
200000,68.94,"Shardbound: Forge Your Path, Master Your Strategy",Bazooka Tango,Bazooka Tango
20000,69.32,雀皇麻雀,Loyujer Studio,Loyujer Studio
20000,89.97,Pleh!,Jester Games,Jester Games
100000,84.08,Crypto Miner Tycoon Simulator Starter Edition,Bigosaur,Bigosaur
100000,87.51,SKYE,DeCoded Production,Breda University of Applied Sciences
20000,88.18,Paradise Cleaning!,PIXEL MINT,PRODUCTION PENCIL
20000,91.25,URBO: Dream One,Door 407,Door 407
20000,77.05,EarthKart: Google Maps Driving Simulator,Colton Hutchins,Cold Hut Games
200000,45.88,All Is Dust,Mannequin Games LLC,Mannequin Games LLC
50000,86.45,My Friend is a Raven,Two Star Games,Two Star Games
100000,81.27,Adolescent Santa Claus,TALESSHOP Co. Ltd.,"TALESSHOP Co. Ltd., Smilegate"
20000,92.29,A Space For The Unbound - Prologue,Mojiken,"Toge Productions, Cube Game"
20000,93.10,花火与幽灵少女 - Hanabi and Ghost girl,Tiram1su Games,Tiram1su Games
200000,45.44,Racer 8,30.06 Studios Ltd,KPL
20000,61.52,Maximum Football,Maximum Entertainment,Maximum Entertainment
200000,68.31,Underworld Idle,Aleksandr Golovkin,Aleksandr Golovkin
100000,82.76,CUPID - A free to play Visual Novel,Fervent,Afterthought Studios
1000000,72.98,AX:EL - Air XenoDawn,Alex Piola,KISS ltd
20000,82.03,BEAN,Two Dudes Studio,JeroniGames
200000,75.21,StarBreak,Crunchy Games,Crunchy Games
50000,66.60,Cakey's Twisted Bakery,TinyMindz,TinyMindz
20000,85.80,Obama Maze,Obama Maze Team,Stainton Studios
50000,80.33,NO STRANGERS,Xeirel Software,Xeirel Software
200000,70.34,Color Symphony,REMIMORY,REMIMORY
20000,67.19,BLACK STIGMA,BoldPlay Games,BoldPlay Games
20000,85.44,Astrometica: Prologue,BeryMery,RockGame S.A.
20000,58.67,WHAT THE PAK?!,"Wendigo Games, Broken Lyre Entertainment",OYA Play
200000,87.63,Mansions of Madness,Fantasy Flight Games,Fantasy Flight Games
20000,80.92,theBlu,Wevr Inc,Wevr Inc
20000,74.61,SEXTS,"BonjourAI, NSFW18 Games",NSFW18 Games
200000,81.29,Beavers Be Dammed,Wallflower Games,Wallflower Games
100000,83.84,Port of Call,Underdog Games,Underdog Games
20000,89.04,Toy Shire: Room One,Bluespy Studios,Catoptric Games
20000,77.54,SimRail - The Railway Simulator: Prologue,SimRail S.A.,PlayWay S.A.
50000,90.27,High Entropy: Challenges,Álvaro García (binarynonsense),Álvaro García (binarynonsense)
20000,82.15,Check it Out!,Open Alpha,Open Alpha
20000,85.12,rush,rush,rush
100000,87.57,Voices from the Sea,Zeiva Inc,Zeiva Inc
20000,67.39,100 Space Cats,"100 Cozy Games, Cats",100 Cozy Games
20000,52.92,Might & Magic Fates - Heroes TCG,Ubisoft,Ubisoft
20000,90.22,Kami,Alfish Games,Alfish Games
20000,89.86,Jigsaw Puzzle Dreams,That's Nice Games,That's Nice Games
200000,64.13,Gunscape,Blowfish Studios,Blowfish Studios
100000,76.46,Memories of a Vagabond,Darkelite Studio Inc,SA Industry
20000,79.62,The Flood,Ondrej Angelovic,Ondrej Angelovic
20000,63.60,Havoc,RAKTWO Games,RAKTWO Games
200000,70.40,Strike.is: The Game,Freakinware Limited,Freakinware Limited
20000,62.87,Joe 'n Jo,"Ethan Robichaux, Dean Goodson, Ryan Powers",Vultive Entertainment
20000,46.87,Double Shoulders,Double Shoulders Team,Rubika Supinfogame
20000,83.40,Pickle Clicker,Shard,Shard
100000,78.85,Untrusted,playuntrusted.com,evolvedlabs
20000,79.17,Alpha League,Beaveroid Entertainment,Beaveroid Entertainment
20000,91.42,this game will end in 205 clicks.,insertdisc5,insertdisc5
100000,88.78,Fausts Alptraum,LaboRatStudio,LaboRatStudio
100000,74.69,cyberpunkdreams,Late Night Games,Late Night Games
50000,58.83,Ice World,CoolRabbit Games,CoolRabbit Games
200000,64.50,Darza's Dominion,Ripple Studio,Ripple Studio
20000,73.57,Idle Monster TD: Evolved,Monstermob USA Inc,Monstermob USA Inc
20000,75.63,Car Detailing Simulator: Prologue,"Games Incubator, GameFormatic S.A.","Games Incubator, PlayWay S.A."
200000,75.20,Holodrive,BitCake Studio,Versus Evil
20000,64.28,Egg Surprise,SQRT Games,SQRT Games
100000,78.24,The Average Everyday Adventures of Samantha Browne,Lemonsucker Games,Lemonsucker Games
20000,49.82,Away,NipoBox,NipoBox Publishing
50000,85.12,PANZER BALL,Oz,Oz
20000,79.21,Clatter,Glyph Games,Glyph Games
50000,50.11,My boss is weird,9garden,9garden
20000,85.18,Clothing Store Simulator,Nema Studio,Nema Studio
200000,66.22,Champions of Regnum,Nimble Giant Entertainment,Nimble Giant Entertainment
20000,68.88,Onigiri,CyberStep Inc.,CyberStep Inc.
200000,71.71,Trophy Fishing 2,Overgroup,Overgroup
100000,75.97,The Call of Karen,Trumbus,Trumbus
50000,90.76,Ultra Fight Da ! Kyanta 2,羽良麻セルフ,羽良麻セルフ
200000,65.02,Jet Racing Extreme: The First Encounter,Real Dynamics,Real Dynamics
20000,58.11,SinVR,SinVR,SinVR
200000,67.57,Stormbound,"Paladin Studios, Stormbound Games",Stormbound B.V.
100000,77.55,Dark Roll: Free Kick Challenge,Artbarian Games,Artbarian Games
20000,87.57,TM - Prologue,UntitledStudio,"UntitledStudio, WhisperGames"
50000,92.11,永冻之壳 The Shell of Permafrost,YUMMI Studio,迷糊的安安
100000,88.08,Arcade Moonlander,Daniel Paul Griffin,Back Of Nowhere Studios
20000,71.59,Deconstruction Simulator: Prologue,"Games Incubator, Hypnotic Ants","Games Incubator, PlayWay S.A."
200000,73.90,Split or Steal,Rootpew,Rootpew
100000,51.73,Second Galaxy,Zilong Game Limited,Zilong Game Limited
20000,54.30,King of Kinks,DPH Studio,Nutaku Publishing
100000,73.68,Haunted Gas Station,JubleLemonSeed,JubleLemonSeed
20000,71.40,Tales of Rein Ravine,Maia the Horsegirl,Maia the Horsegirl
200000,86.48,Sigils of Elohim,Croteam,Devolver Digital
20000,77.55,Monster Hunter Rise: Sunbreak Demo,CAPCOM Co. Ltd.,CAPCOM Co. Ltd.
20000,34.55,BACKROOMS NO RETURN: Prologue,FriedGPU,FriedGPU
200000,54.06,Warhammer: Chaos And Conquest,Hunted Cow Games,Tilting Point
200000,50.74,Clown House (Palyaço Evi),"gord10, Aslan Game Studio",Aslan Game Studio
20000,85.64,Classic Marathon,Aleph One Developers,Aleph One Developers
200000,84.68,Light Bearers,"FAT BOMB STUDIOS, LLC","FAT BOMB STUDIOS, LLC"
50000,90.00,Liquidators,Gray Unit,"Gray Unit, Juggernaut Entertainment"
20000,74.30,Spirit Realm,"Matthew Reed, James Raymond",Magic House Creative
20000,92.50,daydream 白日夢,Alright Peaches Studio,Alright Peaches Studio
20000,57.00,Depths Of Horror: Mushroom Day,TakeThem.Games,TakeThem.Games (Creative)
20000,86.83,Watermelon Game,MomSesImSpcl,MomSesImSpcl
20000,50.78,Grand Fantasia : ORIGIN,X-Legend Entertainment Co. Ltd.,X-Legend Entertainment Co. Ltd.
20000,89.13,SuperTux,The SuperTux Team,The SuperTux Team
100000,82.40,Hell Wedding 夜嫁,Phoenix Game Studio,Ggame Studio
20000,80.44,Finn Dorset's Institute For Livestock Replication,CarlMorganArt,CarlMorganArt
20000,76.92,The Void,"The Horsemen Four, Jeffy Zachariah",The Horsemen Four
20000,68.00,Aircraft Carrier Survival: Tutorial,CreativeForge Games,CreativeForge Games
20000,73.82,WASTED,"Studio Alona Rodeh, Eagle Wu, Rachid Moro, Federico Zurani, Rachel Kinrot",Studio Alona Rodeh
20000,91.87,Cats and Seek: Kyoto,Noobzilla,Noobzilla
20000,84.67,Obama,Monkey And Rat Software,Monkey And Rat Software
20000,91.86,冬日树下的回忆,"午后零时, MagicaLuv",黎羽科技LICOGAME
100000,79.39,Kinoko,ThunderLime,ThunderLime
100000,65.78,Big Bang Empire,Synapse Group Limited,Synapse Group Limited
20000,91.93,Travellin Cats in Christmas,Travellin Cats,Travellin Cats
20000,74.43,Burg,Barji,Barji
100000,81.22,Hobs,Teneke Kafalar,Teneke Kafalar
20000,58.20,Windbound,夏风游戏工作室,夏风游戏工作室
200000,76.38,Wolvesville,Wolvesville GmbH & Co. KG,Wolvesville GmbH & Co. KG
200000,58.14,War Rock,Dream Execution,Papaya Play
20000,92.04,FIND KITTENS: The last of cats,Very Very LITTLE Studio,Very Very LITTLE Studio
20000,74.05,Saturn,Ninsar Games,Ninsar Games
50000,92.79,DOTOKOI / 像素男友,HIROKO IMAKI,Pujia8 Studio
20000,56.51,Habbo Hotel: Origins,Sulake Oy,Sulake Oy
200000,62.06,M.A.R.S.,YingPei Games,SubaGames
50000,86.92,The Mammoth: A Cave Painting,inbetweengames,inbetweengames
20000,71.36,The ball,NVgames,NVgames
20000,81.75,Reflex,AlternativeRealities,AlternativeRealities
20000,72.09,Galaxy Idle Clicker,Soehnle,TimeLost Gaming
100000,84.62,One Thousand Lies,Keinart Lobre,Keinart Lobre
20000,88.82,Hog Hunter 2021,Moth Interactive,Moth Interactive
100000,70.89,100 Doors Game - Escape from School,Peaksel,Peaksel
20000,80.42,Second Chance,GvH Universe,GvH Universe
200000,70.87,VALKYRIE CONNECT,Ateam Entertainment Inc.,Ateam Entertainment Inc.
100000,55.52,Gravewood High,HeroCraft PC,HeroCraft PC
1000000,54.66,RADical ROACH Remastered,DL Softworks,DL Softworks
100000,80.94,Dystopia,Puny Human,Puny Human
50000,78.04,Lost girl`s [diary],SmoleVN,SmoleVN
20000,76.24,Citywars Tower Defense,01 Studio,01 Studio
20000,85.30,Trans-Siberian Railway Simulator: Prologue,Pentacle,PlayWay S.A.
50000,92.30,坦率的小红帽和爱说谎的狼,USAGI STORE,Pujia8 Studio
20000,82.06,That One Otter Game,Crayon Coded,ARTFX - GAME
50000,76.31,Lynne,ebi-hime,ebi-hime
20000,75.57,A.W.O.L.,Shotspark Studios,Shotspark Studios
20000,61.60,Billies Wheelie,M4DOOM,M4DOOM
20000,90.79,FALLSTRUKTUR,"Fynn Levy, Rollin'Barrel, Stuffed  Wombat",Stuffed Wombat
50000,80.64,POOSTALL Royale,RWS C Team,Running With Scissors
20000,86.65,Milo and the Christmas Gift,Johan Scherft,Second Maze
200000,74.61,Medusa's Labyrinth,Guru Games,Guru Games
100000,89.40,Super Jigsaw Puzzle: Generations,Flat Cat Games,Flat Cat Games
20000,54.89,Infinity Kingdom,YOUZU (SINGAPORE) PTE. LTD.,YOUZU (SINGAPORE) PTE. LTD.
200000,83.59,Talvisota - Winter War,Talvisota Team,Tripwire Interactive
20000,86.12,100 Robo Cats,"100 Cozy Games, Cats",100 Cozy Games
20000,89.61,Lemonade Apocalypse,Juggler Interactive,"Juggler Interactive, Adventales"
20000,89.20,Love Sucks: Night One,Art Witch Studios,Critical Bliss
20000,89.76,The Last Sovereign,Sierra Lee,Sierra Lee
20000,51.20,Overlewd,Supadoge,Horny Capybara Studio
20000,90.87,Lots of Cats in Every Moment,MELOVITY,MELOVITY
200000,82.29,Adventure Escape Mysteries,Haiku Games Co,Haiku Games Co
200000,69.93,Wild Warfare,Hyper Hippo Games,Hyper Hippo Games
50000,91.11,Shotgun Witch,"Asephy, Dementori, Jchoco",Asephy
50000,87.82,Locke(d),KigyoDev,KigyoDev
200000,72.72,270 | Two Seventy US Election,Political Games LLC,Political Games LLC
20000,80.74,HENTAI MINESWEEPER,SEKTOR GAMES,SEKTOR GAMES
200000,86.52,TaskPals,Ascalon Games,Ascalon Games
20000,65.36,PANOPTYCA : Idle RPG Manager,"Tesseract Studio, Nugem Studio",Tesseract Studio
100000,88.28,The Cat and the Coup,Peter Brinson and Kurosh ValaNejad,"Peter Brinson and Kurosh ValaNejad, USC Games"
200000,84.49,The Defender: Farm and Castle,Kobsoft Kitti,Kobsoft Kitti
50000,89.39,The Lar,MarvelSushi,MarvelSushi
20000,63.37,Fake Lay,Timeless SP,Nutaku Publishing
20000,65.20,KAIJU NO. 8 THE GAME,Akatsuki Games Inc.,Akatsuki Games Inc.
50000,87.67,Sisyphus Reborn,"Edwin Montgomery, Myshkin Entertainment",Myshkin Entertainment
20000,86.22,Mad Adventures,Nel,Nel
20000,79.54,Born Again,"Unnamed Studios, LLC","Unnamed Studios, LLC"
20000,79.13,Idle Hero TD - Tower Defense,Swell Games LLC,Swell Games LLC
20000,59.87,A Story About Farting,Lizard Games Studio,Lizard Games Studio
20000,79.34,Barji Kart,Barji,Barji
20000,89.26,100 Korea Cats,"100 Cozy Games, Cats",100 Cozy Games
20000,84.05,Alien Removal Division,Enchanted Bean Studios,Breda University of Applied Sciences
20000,78.94,Robin Hood - Sherwood Builders - Bandit's Trail,MeanAstronauts,"PlayWay S.A., Ritual Interactive"
20000,85.59,DRACOMATON,Gun Jumpers,Gun Jumpers
100000,76.56,Idle Cave Miner,Cold Hours,Cold Hours
200000,78.43,Apotheon Arena,Alientrap,Alientrap
20000,80.62,Intoxicated Driver,Game Barrier,Game Barrier
200000,57.26,Metal War Online: Retribution,GDT Limited,GDT Limited
20000,72.20,Elsword Free-to-Play,KOG Co. Ltd.,Gameforge 4D GmbH
20000,90.96,The Aquarium does not dance,"橙々, Gotcha Gotcha Games",Gotcha Gotcha Games
20000,79.94,Wanderer,RentugNetic,RentugNetic
200000,65.17,Cyrano Story,Alice & Smith,Alice & Smith
20000,87.95,LOEK,Ulbe,Ulbe
100000,79.09,Piratopia,"Adi Zhavo, Project 99 Games",Project 99 Games
20000,89.67,100 Romantic Cats,"100 Cozy Games, Cats","100 Cozy Games, Cats"
100000,88.50,Coloring Game: Little City,L. Stotch,L. Stotch
500000,82.07,Empires Mod,Empires,Empires
200000,71.86,KROSMAGA,Ankama Studio,Ankama Games
20000,90.58,Children of Silentown: Prologue,"Elf Games, Luna2 Studio",Daedalic Entertainment
50000,82.60,Summer in Mara Prologue,Chibig,Chibig
20000,80.80,Moral Dilemma: The Interview,Hectic,Hectic
20000,73.74,"Yes, Master!",sexandglory,Ktulhu Solutions
20000,69.07,Storm Striker,SuperStormStudio,SuperStormStudio
20000,71.11,Prosperous Universe,simulogics,simulogics
200000,65.28,Evil Inside - Prologue,JanduSoft,JanduSoft
20000,93.23,DFHack - Dwarf Fortress Modding Engine,The DFHack Team,The DFHack Team
100000,89.32,Friendly Fire,The Cat Hive Developers,The Cat Hive Developers
100000,85.34,Lucid9: Inciting Incident,Fallen Snow Studios,Fallen Snow Studios
50000,67.20,TeraBlaster,Black Shell Games,Black Shell Games
100000,71.67,Engine Evolution 2022,Petr Šimůnek,Petr Šimůnek
100000,69.30,Sevgilim Olur musun ?,Proximity Games,Proximity Games
20000,77.00,Golgotha,Craig Lawrence,LockleyGames
20000,87.93,Flicker of Hope,Studio Whip,Studio Whip
200000,85.04,The Orville - Interactive Fan Experience,Messy Desk Interactive,Messy Desk Interactive
20000,83.41,Nuts,Nut,Nut
20000,77.87,Babble Royale,Everybody House Games,Everybody House Games
20000,62.67,Lost in Anomaly,Aximus Games,Aximus Games
20000,78.69,Fap Queen 2,Yaluar01,Yaluar01
20000,90.19,100 New Year Cats,"100 Cozy Games, Cats",100 Cozy Games
200000,48.11,Anno Online,Blue Byte,Ubisoft
20000,86.40,Lucid Dream,Ragdall_,Ragdoll_
200000,63.31,Atlantica Global,"VALOFE, NEXON",VALOFE
20000,56.19,Star Hunter - Infinite Lagrange,NetEase Games,NetEase Games
200000,65.80,Grimoire: Manastorm,Omniconnection,Omniconnection
200000,78.58,Kreedz Climbing,ObsessionSoft,ObsessionSoft
20000,69.46,Halfway,"Three Old Pals, Tony Xie",Three Old Pals
20000,68.77,Kinky Cats 🔞,Bulka Games,Flushee 💘
20000,85.03,2024: Mosaic Retrospective,Mark Ffrench,Divide The Plunder
20000,82.95,Dave's Fun Algebra Class: Remastered,Moldy Games,Moldy Games
20000,79.15,Yesterday,Triple Tree Studio,indienova
200000,72.36,Scrap Garden - The Day Before,"Egidijus Bachur, Alexey Davydov",Flazm
100000,66.07,Incremental Cubes,Idle System Inc.,Idle System Inc.
20000,90.09,Tag: The Power of Paint,Tag Team,DigiPen Institute of Technology
20000,87.74,My Catgirl Maid Thinks She Runs the Place,Uncle Artie,Uncle Artie
100000,87.56,Pink Hour,Studio Pixel,PLAYISM
20000,73.60,OneShift,Mazen Games,"GrabTheGames, Mazen Games"
50000,89.13,Tailor Tales,Celianna,Pixanna
20000,86.84,Circle of Sumo: Online Rumble!,"Yonder, Strelka Games",Strelka Games
20000,51.14,天月麻雀 (Amatsuki Mahjong),Cyber Alice Limited,Cyber Alice Limited