game_name,release_year,price$,steam_genres,player_type,supported_platforms
Counter-Strike 2,2012,Free,"Action, ",Multi-player,"windows, linux"
PUBG: BATTLEGROUNDS,2017,Free,"Action, Adventure, Massively Multiplayer, ",Multi-player,windows
Tom Clancy's Rainbow Six Siege,2015,Free,"Action, ",Single&Multi-player,windows
NARAKA: BLADEPOINT,2021,Free,"Action, Adventure, Massively Multiplayer, ",Multi-player,windows
Z1 Battle Royale,2018,Free,"Action, Adventure, , Massively Multiplayer",Multi-player,windows
Destiny 2,2019,Free,"Action, Adventure, ",Single&Multi-player,windows
Life is Strange - Episode 1,2015,Free,"Action, Adventure",Single-player,"windows, mac, linux"
Team Fortress 2,2007,Free,"Action, ",Multi-player,"windows, linux"
Poppy Playtime,2021,Free,"Action, Adventure, Indie",Single-player,windows
Crusader Kings II,2012,Free,"RPG, Simulation, Strategy, ",Single&Multi-player,"windows, mac, linux"
World War 3,2022,Free,"Action, ",Multi-player,windows
Life is Strange 2,2018,Free,Adventure,Single-player,"windows, mac, linux"
Battlerite,2017,Free,"Action, ",Single&Multi-player,windows
Blackwake,2020,Free,"Action, Casual, Indie, Strategy, ",Multi-player,"windows, mac"
Infestation: The New Beginning,2012,Free,"Action, Indie, Massively Multiplayer, RPG, ",Multi-player,windows
Totally Accurate Battlegrounds,2018,Free,"Action, Indie, ",Multi-player,windows
Dota 2,2013,Free,"Action, Strategy, ",Multi-player,"windows, mac, linux"
BATTALION: Legacy,2019,Free,"Action, ",Multi-player,windows
Paladins®,2018,Free,"Action, Adventure, Massively Multiplayer, Strategy, ",Multi-player,windows
Predecessor,2024,Free,"Action, Indie, Massively Multiplayer, RPG, Strategy, ",Single&Multi-player,windows
SMITE 2,2024,Free,"Action, Adventure, Casual, Massively Multiplayer, RPG, Strategy, , Early Access",Multi-player,windows
EVE Online,2010,Free,"Action, Massively Multiplayer, RPG, Strategy, ",Multi-player,"windows, mac"
Yet Another Zombie Defense,2014,Free,"Action, Casual, Indie, Strategy",Single&Multi-player,windows
Unturned,2017,Free,"Action, Adventure, Casual, Indie, ",Single&Multi-player,"windows, mac, linux"
Super Animal Royale,2021,Free,"Action, Adventure, Casual, Indie, Massively Multiplayer, ",Multi-player,"windows, mac"
Quake Champions,2022,Free,"Action, ",Multi-player,windows
Kingdom: Classic,2015,Free,"Indie, Simulation, Strategy",Single-player,"windows, mac, linux"
Tree of Savior (English Ver.),2016,Free,"Massively Multiplayer, RPG, ",Multi-player,windows
Planet Explorers,2016,Free,"Action, Adventure, Indie, RPG, Simulation",Single-player,"windows, mac, linux"
Last Year,2019,Free,"Action, ",Multi-player,windows
Secret World Legends,2017,Free,"Action, Adventure, Massively Multiplayer, RPG, ",Multi-player,windows
Killer Instinct,2017,Free,"Action, ",Single&Multi-player,windows
The Council,2018,Free,"Adventure, RPG",Single-player,windows
Conqueror's Blade,2020,Free,"Action, Massively Multiplayer, RPG, Strategy, ",Multi-player,windows
Thunder Tier One,2021,Free,"Action, Simulation, ",Single&Multi-player,windows
Yi Xian: The Cultivation Card Game,2024,Free,"Casual, Indie, Strategy, ",Single&Multi-player,"windows, mac, linux"
Town of Salem 2,2023,Free,"Action, Casual, RPG, Strategy, ",Multi-player,"windows, mac"
BEEP,2011,Free,"Adventure, Indie",Single-player,windows
Seek Girl,2019,Free,"Action, Casual, Indie",Single-player,windows
Zenith: Nexus,2022,Free,"Action, Adventure, Indie, Massively Multiplayer, RPG, , Early Access",Multi-player,windows
Ylands,2019,Free,"Adventure, Casual, ",Single&Multi-player,windows
Life is Feudal: MMO,2018,Free,"Action, Adventure, Massively Multiplayer, RPG, Simulation, Early Access",Multi-player,windows
Battlerite Royale,2019,Free,"Action, , Massively Multiplayer",Single&Multi-player,windows
Dungeon Defenders II,2017,Free,"Action, Indie, RPG, Strategy, ",Single&Multi-player,windows
Brawlhalla,2017,Free,"Action, Indie, ",Single&Multi-player,"windows, mac"
Warframe,2013,Free,"Action, RPG, ",Single&Multi-player,windows
Blade Symphony,2014,Free,"Action, Indie",Multi-player,"windows, mac, linux"
Blockstorm,2015,Free,"Action, Indie",Multi-player,"windows, mac, linux"
Knightfall: A Daring Journey,2022,Free,"Action, Indie, Racing, ",Multi-player,windows
King Arthur's Gold,2013,Free,"Action, Indie, ",Single&Multi-player,"windows, linux"
Line of Sight,2017,Free,"Action, , Indie, Massively Multiplayer",Single&Multi-player,windows
Hired Ops,2021,Free,"Action, , Massively Multiplayer",Multi-player,windows
POSTAL,1997,Free,"Action, Indie",Single-player,"windows, mac, linux"
Infestation: The New Z,2016,Free,"Action, Indie, Massively Multiplayer, RPG, ",Multi-player,windows
Stormgate,2025,Free,"Action, Strategy, ",Single&Multi-player,windows
RaceRoom Racing Experience,2013,Free,"Racing, Simulation, sports, ",Single&Multi-player,windows
BRINK,2011,Free,"Action, ",Single&Multi-player,windows
Will To Live Online,2018,Free,"Action, Indie, Massively Multiplayer, RPG, , Early Access",Multi-player,windows
War Thunder,2013,Free,"Action, Massively Multiplayer, Simulation, ",Single&Multi-player,"windows, mac, linux"
Throne of Lies®: Medieval Politics,2017,Free,RPG,Multi-player,windows
Z1 Battle Royale: Test Server,2016,Free,Massively Multiplayer,Multi-player,windows
XERA: Survival,2021,Free,"Action, Adventure, Indie, Massively Multiplayer, Simulation, Strategy, ",Multi-player,windows
Albion Online,2018,Free,"Massively Multiplayer, RPG, ",Multi-player,"windows, mac, linux"
九劫曲：诅咒之地 NINE TRIALS,2019,Free,"Action, Adventure, , Massively Multiplayer, RPG, Early Access",Multi-player,windows
Pandemic Express - Zombie Escape,2019,Free,"Action, Indie, Massively Multiplayer",Multi-player,windows
We Were Here,2017,Free,"Action, Adventure, Indie, ",Multi-player,"windows, mac"
VAIL,2024,Free,"Action, Casual, Strategy, ",Multi-player,windows
The Howler,2014,Free,"Casual, Indie, Simulation, Strategy",Single-player,windows
FragPunk,2025,Free,"Action, ",Multi-player,windows
BROKE PROTOCOL,2024,Free,"Action, Adventure, Casual, Indie, Massively Multiplayer, RPG, Simulation, ",Single&Multi-player,windows
Apex Legends™,2020,Free,"Action, Adventure, ",Multi-player,windows
Minion Masters,2019,Free,"Action, Adventure, Indie, RPG, Strategy, ",Single&Multi-player,"windows, mac"
Higurashi When They Cry Hou - Ch.1 Onikakushi,2015,Free,Adventure,Single-player,"windows, mac, linux"
SMITE®,2015,Free,"Action, Adventure, Casual, Indie, Massively Multiplayer, RPG, Simulation, Strategy, ",Multi-player,windows
Darwin Project,2020,Free,"Action, Indie, ",Multi-player,windows
Cube Escape: Paradox,2018,Free,"Adventure, , Indie",Single-player,"windows, mac"
江湖客栈-The Jianghu,2024,Free,"Action, Adventure, Indie, Massively Multiplayer, ",Single&Multi-player,windows
Reflex Arena,2017,Free,"Action, Indie, ",Multi-player,windows
King's Quest,2015,Free,Adventure,Single-player,windows
TOXIKK™,2016,Free,"Action, , Indie",Single&Multi-player,windows
Sang-Froid - Tales of Werewolves,2013,Free,"Action, Adventure, Indie, RPG, Strategy",Single-player,windows
Vigor,2024,Free,"Action, Adventure, ",Multi-player,windows
Dark Deception,2018,Free,"Action, Adventure, Indie, ",Single-player,windows
Dirty Bomb®,2015,Free,"Action, ",Multi-player,windows
Century: Age of Ashes,2021,Free,"Action, Indie, Racing, ",Multi-player,windows
eFootball™,2021,Free,"Simulation, sports, ",Single&Multi-player,windows
Orbital Gear,2014,Free,"Action, Indie, Simulation, ",Single&Multi-player,"windows, mac, linux"
CHKN,2016,Free,"Adventure, Casual, Indie, Early Access",Single&Multi-player,"windows, mac, linux"
Lofi Ping Pong,2019,Free,Indie,Single&Multi-player,windows
Path of Exile,2013,Free,"Action, Adventure, Indie, Massively Multiplayer, RPG, ",Single&Multi-player,"windows, mac"
RIFT,2011,Free,"Action, Adventure, Massively Multiplayer, RPG, ",Multi-player,windows
Deceit 2,2023,Free,"Action, ",Multi-player,windows
Shroud of the Avatar: Forsaken Virtues,2018,Free,"Adventure, , Massively Multiplayer, RPG",Single&Multi-player,"windows, mac, linux"
Waves,2011,Free,"Action, Indie",Single-player,windows
Gear Up,2015,Free,"Action, , Indie",Multi-player,"windows, mac, linux"
Starship Theory,2017,Free,"Indie, Simulation, Strategy, Early Access",Single-player,"windows, mac, linux"
Bad Dream: Fever,2018,Free,"Adventure, Indie, ",Single-player,"windows, mac"
NaissanceE,2014,Free,"Adventure, Indie",Single-player,windows
Crossout,2017,Free,"Action, Adventure, Massively Multiplayer, Racing, ",Multi-player,windows
Otherworld Legends,2024,Free,"Action, Indie, RPG, ",Single&Multi-player,windows
Neon Beats,2019,Free,"Indie, ",Single-player,"windows, mac"
Pixel Sketch,2017,Free,"Casual, Indie, ",Multi-player,"windows, mac"
Phoning Home,2017,Free,"Action, Adventure, Indie",Single-player,windows
Fantasy Grounds VTT,2020,Free,"Indie, RPG, Strategy, ",Single&Multi-player,"windows, mac, linux"
Infinitode 2 - Infinite Tower Defense,2021,Free,"Indie, Strategy, ",Single-player,"windows, linux"
Hello Charlotte EP2: Requiem Aeternam Deo,2016,Free,"Adventure, Indie, RPG",Single-player,windows
Soda Dungeon,2017,Free,"Casual, RPG, ",Single-player,windows
Guncraft,2013,Free,"Action, Indie, ",Single&Multi-player,windows
Space Pilgrim Episode I: Alpha Centauri,2015,Free,"Adventure, Indie",Single-player,windows
Clicker Heroes,2015,Free,"Adventure, Casual, Indie, RPG, Simulation, Strategy, ",Single-player,"windows, mac"
Wild Terra Online,2017,Free,"Action, Adventure, Indie, Massively Multiplayer, RPG, ",Multi-player,"windows, mac, linux"
War Robots: Frontiers,2025,Free,"Action, Simulation, ",Multi-player,windows
Trick and Treat - Visual Novel,2016,Free,"Casual, , Indie, Simulation",Single-player,"windows, mac, linux"
Art of War: Red Tides,2016,Free,"Indie, Strategy, Early Access",Multi-player,windows
No More Room in Hell,2013,Free,"Action, Indie, ",Multi-player,"windows, linux"
DCS World Steam Edition,2013,Free,"Simulation, ",Single&Multi-player,windows
Fish Idle 2: Underwater Mystery,2024,Free,"Adventure, Casual, Indie, ",Single-player,windows
Psycholonials,2021,Free,"Adventure, Casual, Indie, ",Single-player,"windows, mac, linux"
ENA: Dream BBQ,2025,Free,"Adventure, Indie",Single-player,"windows, mac, linux"
Mini World: CREATA,2018,Free,"Adventure, Casual, Massively Multiplayer, Simulation, ",Single&Multi-player,windows
Super Blue Boy Planet,2016,Free,"Indie, ",Single-player,windows
Altitude,2009,Free,"Action, Casual, , Indie, Simulation, Strategy",Single&Multi-player,"windows, mac, linux"
Synergy,2025,Free,"Indie, Simulation, Strategy",Single-player,"windows, mac"
Synergy,2025,Free,"Indie, Simulation, Strategy",Single-player,"windows, mac"
9.03m,2013,Free,Indie,Single-player,windows
SpellForce 3 Versus Edition,2020,Free,"RPG, Strategy, ",Multi-player,windows
Hide and Shriek,2017,Free,"Action, ",Multi-player,windows
Counter-Strike Nexon,2014,Free,"Action, Casual, Indie, Massively Multiplayer, ",Single&Multi-player,windows
PlanetSide 2,2012,Free,"Action, Massively Multiplayer, ",Multi-player,windows
Crush Crush,2016,Free,"Casual, Indie, ",Single-player,"windows, mac, linux"
BOMJMAN,2020,Free,"Action, Indie",Single-player,windows
theHunter Classic,2014,Free,"Action, Adventure, , Simulation, sports",Single&Multi-player,windows
Cave Crawler,2023,Free,Indie,Single-player,"windows, linux"
Everlasting Summer,2014,Free,"Adventure, Casual, Indie, ",Single-player,"windows, mac, linux"
Reign of Guilds,2025,Free,"Action, Adventure, Indie, Massively Multiplayer, RPG, ",Multi-player,windows
Order of Battle: World War II,2015,Free,"Simulation, Strategy, ",Single&Multi-player,windows
Pixel Puzzles Ultimate Jigsaw Puzzles,2022,Free,"Casual, Indie, Simulation, Strategy, ",Single-player,windows
Pool Nation FX Lite,2015,Free,"Casual, , Indie, Simulation, sports, Strategy",Single&Multi-player,windows
AdVenture Capitalist,2015,Free,"Casual, Indie, ",Single-player,"windows, mac, linux"
Idle Slayer,2020,Free,"Casual, Indie, Strategy, ",Single-player,windows
Bear With Me - Episode One,2016,Free,"Adventure, Indie",Single-player,"windows, mac, linux"
Fistful of Frags,2014,Free,"Action, , Indie",Multi-player,"windows, mac, linux"
Fantasy Strike,2019,Free,"Action, Casual, , Indie",Single&Multi-player,"windows, mac, linux"
Guild Wars 2®,2022,Free,"Adventure, Massively Multiplayer, RPG, ",Multi-player,windows
WARMACHINE: Tactics,2014,Free,"Indie, Strategy",Single&Multi-player,windows
Expedition Agartha,2023,Free,"Action, Adventure, Indie, RPG, ",Single&Multi-player,windows
Plasma,2023,Free,"Indie, Simulation, ",Single-player,windows
Our Life: Beginnings & Always,2020,Free,"Casual, Indie, ",Single-player,"windows, linux"
Nova-Life: Amboise,2019,Free,"Action, Indie, Simulation, , Early Access",Multi-player,windows
CAYNE,2017,Free,"Adventure, Indie, ",Single-player,"windows, mac, linux"
BRAIN / OUT,2017,Free,"Action, , Indie, Massively Multiplayer",Multi-player,"windows, mac, linux"
Doki Doki Literature Club!,2017,Free,"Casual, , Indie",Single-player,"windows, mac"
Torque Drift,2021,Free,Racing,Single&Multi-player,windows
Pixel Puzzles: Japan,2014,Free,"Casual, Indie, Simulation",Single-player,windows
SUPER PEOPLE,2022,Free,"Action, Casual, Massively Multiplayer, , Early Access",Multi-player,windows
The Lab,2016,Free,,Single-player,windows
The Lion's Song: Episode 1 - Silence,2016,Free,"Adventure, Indie",Single-player,"windows, linux"
UpGun,2021,Free,"Action, Casual",Multi-player,windows
BLOCKADE 3D,2014,Free,"Action, , Early Access",Multi-player,windows
Helltaker,2020,Free,"Adventure, , Indie",Single-player,"windows, mac, linux"
Travellin Cats in Paris,2023,Free,"Casual, Indie, ",Single-player,windows
Capcom Arcade Stadium,2021,Free,"Action, ",Single&Multi-player,windows
Of Guards And Thieves,2014,Free,"Action, Casual, , Indie, Massively Multiplayer, Racing, Strategy, Early Access",Multi-player,windows
Hammerfight,2009,Free,"Action, Indie",Single-player,"windows, mac, linux"
A Date with Death,2023,Free,"Indie, Simulation, ",Single-player,"windows, mac, linux"
Rise of Flight United,2013,Free,"Simulation, ",Single&Multi-player,windows
Guild Quest,2017,Free,"Casual, , Indie, RPG, Simulation, Strategy, Early Access",Single-player,"windows, mac"
Emily is Away,2015,Free,"Adventure, Casual, , Indie, Simulation",Single-player,"windows, mac, linux"
APB Reloaded,2011,Free,"Action, Massively Multiplayer, ",Multi-player,windows
Bloons TD Battles,2016,Free,"Action, Strategy, ",Multi-player,"windows, mac"
World of Guns: Gun Disassembly,2014,Free,"Action, Casual, Indie, Simulation, Strategy, ",Single-player,"windows, mac, linux"
Shadowverse CCG,2016,Free,"Strategy, ",Single&Multi-player,"windows, mac"
WARMODE,2019,Free,"Action, ",Multi-player,windows
The Archotek Project,2017,Free,"Casual, Indie, Simulation, Strategy, Early Access",Multi-player,windows
Empires Apart,2018,Free,", Strategy",Single&Multi-player,windows
Iron Snout,2016,Free,"Action, Indie, ",Single-player,"windows, mac, linux"
月圆之夜 (Night of Full Moon),2019,Free,"Adventure, Indie, Strategy, ",Single-player,windows
Air Brawl,2015,Free,"Action, Indie",Multi-player,"windows, mac, linux"
Drop Alive,2016,Free,"Casual, , Indie",Single-player,windows
Alien Swarm,2010,Free,"Action, ",Single&Multi-player,windows
Cry of Fear,2013,Free,"Action, Adventure, Indie",Single&Multi-player,windows
Neverwinter,2013,Free,"Action, Adventure, Massively Multiplayer, RPG, ",Single&Multi-player,windows
Supraball,2019,Free,"Action, Casual, Indie, sports, ",Single&Multi-player,windows
Midas Gold Plus - Idle Clicker,2017,Free,"Casual, Indie, RPG, ",Single-player,"windows, mac"
Codename CURE,2017,Free,"Action, ",Single&Multi-player,"windows, linux"
Transmissions: Element 120,2016,Free,"Action, , Indie",Single-player,"windows, linux"
of the Devil,2025,Free,"Adventure, Indie",Single-player,"windows, mac"
The Sandbox Evolution - Craft a 2D Pixel Universe!,2016,Free,"Action, , Indie, Simulation",Single-player,windows
Stronghold Kingdoms,2012,Free,"Massively Multiplayer, Strategy, ",Multi-player,windows
Sven Co-op,2016,Free,"Action, Casual, Indie, ",Single&Multi-player,"windows, linux"
Onmyoji,2018,Free,"Adventure, RPG, Strategy",Multi-player,windows
An Arcade Full of Cats,2023,Free,"Casual, Indie, ",Single-player,"windows, linux"
Overwatch®,2023,Free,"Action, ",Multi-player,windows
Transformice,2015,Free,", Indie, Massively Multiplayer",Multi-player,"windows, mac, linux"
Aimlabs,2023,Free,"Action, Adventure, Casual, Indie, Simulation, ",Single-player,windows
Unfortunate Spacemen,2020,Free,"Action, Indie, Strategy, ",Single&Multi-player,windows
Enlisted,2024,Free,"Action, Massively Multiplayer, ",Multi-player,"windows, linux"
Mimpi Dreams,2016,Free,"Adventure, Indie",Single-player,"windows, mac, linux"
Greed of Man,2023,Free,"Action, Adventure, Indie, Massively Multiplayer, RPG, Simulation, Early Access",Multi-player,windows
Sakura Clicker,2015,Free,"Casual, , Indie",Single-player,windows
Eternal Senia,2015,Free,"Action, , Indie, RPG",Single-player,windows
Closers,2018,Free,"Action, Massively Multiplayer, RPG, ",Single&Multi-player,windows
DC Universe™ Online,2011,Free,"Action, Adventure, Massively Multiplayer, RPG, ",Multi-player,windows
PRICE,2016,Free,"Adventure, Casual, Indie",Single-player,windows
Pinball FX,2023,Free,"Simulation, ",Single&Multi-player,windows
Zaccaria Pinball,2025,Free,"Action, Casual, Indie, Racing, Simulation, sports, ",Single&Multi-player,"windows, mac, linux"
Bless Unleashed,2021,Free,"Action, Massively Multiplayer, RPG, ",Multi-player,windows
Mysterious School,2023,Free,"Casual, Indie, Massively Multiplayer, ",Single&Multi-player,windows
Star Conflict,2013,Free,"Action, Adventure, Massively Multiplayer, RPG, Simulation, ",Multi-player,"windows, mac, linux"
WWII Online,2023,Free,"Action, Casual, Indie, Massively Multiplayer, RPG, Simulation, Strategy, ",Multi-player,"windows, mac"
Eden Rising,2019,Free,"Action, Adventure, Indie, Strategy",Single&Multi-player,windows
Realm of the Mad God Exalt,2012,Free,"Action, Adventure, Indie, Massively Multiplayer, RPG, ",Multi-player,"windows, mac"
Capcom Arcade 2nd Stadium,2022,Free,"Action, ",Single&Multi-player,windows
Champions Online,2011,Free,"Massively Multiplayer, RPG, ",Multi-player,windows
Eternal Card Game,2018,Free,"Casual, Massively Multiplayer, Strategy, ",Single&Multi-player,"windows, mac"
Shakes and Fidget,2016,Free,"Adventure, Casual, Indie, Massively Multiplayer, RPG, Strategy, ",Single&Multi-player,"windows, mac"
Spiral Knights,2011,Free,"Action, Adventure, Casual, Indie, Massively Multiplayer, RPG, ",Single&Multi-player,"windows, mac"
Epigenesis,2014,Free,"Action, Indie, sports",Single&Multi-player,windows
Mitos.is: The Game,2015,Free,"Casual, Simulation, ",Multi-player,"windows, mac"
The Plan,2014,Free,"Casual, , Indie",Single-player,"windows, mac, linux"
The Expendabros,2014,Free,"Action, Adventure, Indie, ",Single&Multi-player,"windows, mac"
The Lord of the Rings Online™,2012,Free,"Action, Adventure, Massively Multiplayer, RPG, ",Multi-player,windows
TrackMania Nations Forever,2008,Free,Racing,Single&Multi-player,windows
Star Realms,2016,Free,Strategy,Single&Multi-player,windows
The Bonerooms,2024,Free,"Action, Casual, Indie, ",Single&Multi-player,windows
Moonbase Alpha,2010,Free,"Adventure, Simulation, Strategy",Single&Multi-player,windows
Splitgate,2019,Free,"Action, , Indie",Single&Multi-player,"windows, linux"
MANDAGON,2016,Free,"Adventure, Indie, ",Single-player,"windows, mac"
AdVenture Communist,2016,Free,"Casual, Indie, Simulation, Strategy, , Early Access",Single-player,"windows, mac"
MicroWorks,2022,Free,"Action, Casual, Indie, ",Single&Multi-player,windows
War Trigger 3,2015,Free,"Action, Casual, Indie, Simulation, ",Multi-player,"windows, mac"
KARDS - The WW2 Card Game,2020,Free,"Casual, Indie, Strategy, ",Single&Multi-player,windows
MechWarrior Online™ Legends,2015,Free,"Action, Massively Multiplayer, Simulation, Strategy, ",Multi-player,windows
"Dr. Langeskov, The Tiger, and The Terribly Cursed Emerald: A Whirlwind Heist",2015,Free,", Indie",Single-player,"windows, mac"
Orcs Must Die! Unchained,2017,Free,"Action, , Strategy",Single&Multi-player,windows
Spacelords,2017,Free,"Action, Adventure, Casual, , Indie, Massively Multiplayer, Strategy",Single&Multi-player,windows
Spooky's Jump Scare Mansion,2015,Free,"Action, Adventure, , Indie",Single-player,windows
VRChat,2017,Free,"Adventure, Casual, Massively Multiplayer, Simulation, sports, , Early Access",Multi-player,windows
WAKFU,2014,Free,"Action, Adventure, Casual, Indie, Massively Multiplayer, RPG, Strategy, ",Multi-player,"windows, mac, linux"
RISK: Global Domination,2020,Free,"Casual, Strategy, ",Single&Multi-player,"windows, mac"
Toribash,2014,Free,"Action, Indie, Strategy, ",Single&Multi-player,"windows, mac, linux"
Varenje,2018,Free,"Adventure, Casual, Indie, ",Single-player,"windows, mac, linux"
Freestyle 2: Street Basketball,2015,Free,"Action, Casual, Massively Multiplayer, sports, ",Multi-player,windows
Tabletopia,2016,Free,"Casual, Indie, RPG, Simulation, Strategy, ",Single&Multi-player,"windows, mac"
Double Action: Boogaloo,2014,Free,"Action, Indie, ",Multi-player,"windows, linux"
Viridi,2015,Free,"Casual, Indie, Simulation, ",Single-player,"windows, mac, linux"
Hunger Dungeon,2016,Free,"Action, Adventure, , Indie, RPG, Strategy",Single&Multi-player,"windows, mac, linux"
Project Rhombus,2017,Free,"Action, Casual, Indie, ",Single-player,windows
College Kings - The Complete Season,2021,Free,"Adventure, Casual, Indie, ",Single-player,"windows, mac, linux"
Lost Lands: A Hidden Object Adventure,2015,Free,"Adventure, Casual, ",Single-player,"windows, mac"
America's Army: Proving Grounds,2013,Free,"Action, ",Single&Multi-player,windows
Carpe Diem,2015,Free,"Casual, Indie, ",Single-player,"windows, mac, linux"
The Desolate Hope,2014,Free,"Action, Adventure, Indie, RPG",Single-player,windows
The Four Kings Casino and Slots,2015,Free,"Casual, Massively Multiplayer, Simulation, ",Multi-player,"windows, mac"
Prismata,2018,Free,", Indie, Simulation, Strategy, Early Access",Single&Multi-player,"windows, mac"
Skillshot City,2017,Free,"Action, Indie, , Early Access",Single&Multi-player,"windows, linux"
Missing Translation,2015,Free,"Adventure, Casual, , Indie",Single-player,"windows, mac"
Rec Room,2021,Free,"Adventure, Casual, Massively Multiplayer, ",Multi-player,windows
Knight Online,2016,Free,"Action, Adventure, , Massively Multiplayer, RPG",Single&Multi-player,windows
Blush Blush,2020,Free,"Casual, Indie, Simulation, ",Single-player,"windows, mac, linux"
The Test: Secrets of the Soul,2023,Free,"Adventure, Casual, Indie, RPG, Simulation, ",Single-player,windows
Eternal Return,2023,Free,"Indie, Strategy, ",Multi-player,windows
A Park Full of Cats,2024,Free,"Casual, Indie",Single-player,"windows, linux"
Dagon: by H. P. Lovecraft,2021,Free,"Adventure, Casual, Indie, ",Single-player,windows
The Pirate: Caribbean Hunt,2016,Free,"Action, Adventure, Indie, Simulation, Strategy, ",Single&Multi-player,"windows, mac, linux"
KUBOOM,2016,Free,"Action, Adventure, Indie, Massively Multiplayer, ",Multi-player,windows
Marvel Rivals,2024,Free,"Action, ",Multi-player,windows
THE FINALS,2023,Free,"Action, ",Multi-player,windows
SCP: Secret Laboratory,2017,Free,"Action, Casual, Indie, RPG, ",Multi-player,windows
Muck,2021,Free,"Action, Adventure, , Indie",Single&Multi-player,"windows, mac, linux"
Once Human,2024,Free,"Action, Adventure, RPG, Simulation, Strategy, ",Multi-player,windows
Crab Game,2021,Free,"Action, Casual, , Indie, Racing",Multi-player,"windows, mac, linux"
The First Descendant,2024,Free,"Action, Adventure, RPG, ",Single&Multi-player,windows
Where Winds Meet,2025,Free,"Action, Adventure, RPG, ",Single&Multi-player,windows
Limbus Company,2023,Free,,Single-player,windows
Yu-Gi-Oh! Master Duel,2022,Free,"Simulation, Strategy, ",Single&Multi-player,windows
STALCRAFT: X,2022,Free,"Action, Adventure, Massively Multiplayer, RPG, ",Multi-player,windows
Bongo Cat,2025,Free,"Casual, Indie, Massively Multiplayer, Simulation, ",Single&Multi-player,"windows, mac"
Banana,2024,Free,"Adventure, Casual, Indie, Simulation, Strategy, ",Single-player,"windows, linux"
Dota Underlords,2019,Free,"Casual, Strategy, ",Single&Multi-player,"windows, mac, linux"
Supermarket Together,2024,Free,"Casual, Indie, Simulation, ",Single&Multi-player,windows
Russian Fishing 4,2021,Free,"Adventure, Casual, Massively Multiplayer, RPG, Simulation, sports, ",Single&Multi-player,windows
Dark and Darker,2024,Free,"Action, RPG, , Early Access",Multi-player,windows
Black Squad,2019,Free,"Action, ",Multi-player,windows
Fallout Shelter,2017,Free,"RPG, Simulation, ",Single-player,windows
Goose Goose Duck,2021,Free,"Casual, Indie, Massively Multiplayer, Strategy, ",Multi-player,"windows, mac"
Business Tour - Board Game with Online Multiplayer,2017,Free,"Adventure, Casual, Indie, Massively Multiplayer, Simulation, Strategy, ",Single&Multi-player,"windows, mac"
War of the Three Kingdoms,2019,Free,"Casual, Indie, Strategy",Single&Multi-player,windows
Ultimate Custom Night,2018,Free,"Action, , Indie",Single-player,windows
Vampire: The Masquerade - Bloodhunt,2022,Free,"Action, ",Multi-player,windows
PROJECT: PLAYTIME,2022,Free,"Action, Indie, , Early Access",Multi-player,windows
Farlight 84,2023,Free,"Action, Adventure, Massively Multiplayer, ",Multi-player,windows
Umamusume: Pretty Derby,2025,Free,"Simulation, sports, ",Single&Multi-player,windows
Counter-Strike:Global Offensive,2012,Free,"Action, ",Multi-player,"windows, linux"
VPet-Simulator,2023,Free,"Casual, Indie, RPG, Simulation, ",Single&Multi-player,windows
One-armed robber,2023,Free,"Action, Indie, Simulation, Strategy, ",Single&Multi-player,windows
graveyard keeper,2022,Free,"Casual, Indie, Strategy",Single-player,windows
My Singing Monsters,2021,Free,"Casual, Simulation, ",Single&Multi-player,windows
Hero's Land,2023,Free,"Action, Adventure, Massively Multiplayer, RPG, ",Multi-player,windows
Pixel Gun 3D: PC Edition,2024,Free,"Action, Adventure, Massively Multiplayer, ",Single&Multi-player,"windows, mac"
Yu-Gi-Oh! Duel Links,2017,Free,"Strategy, ",Single&Multi-player,windows
DDNet,2020,Free,"Action, Indie, ",Single&Multi-player,"windows, mac, linux"
Wuthering Waves,2025,Free,"Action, Adventure, RPG, ",Single-player,windows
FPS Chess,2022,Free,"Action, Casual, , Strategy",Multi-player,windows
Palia,2024,Free,"Adventure, Casual, Indie, RPG, Simulation, ",Single&Multi-player,windows
HoloCure - Save the Fans!,2023,Free,"Action, Adventure, Casual, Indie",Single-player,windows
CRSED: Cuisine Royale,2018,Free,"Action, Massively Multiplayer, ",Single&Multi-player,windows
POLYGON,2020,Free,"Action, Indie, Massively Multiplayer, , Early Access",Multi-player,windows
Super Auto Pets,2021,Free,", Strategy",Multi-player,"windows, mac, linux"
KurtzPel,2019,Free,"Action, , Early Access",Multi-player,windows
Bloons TD Battles 2,2021,Free,"Action, Casual, Indie, Strategy, ",Multi-player,"windows, mac"
Freddy Fazbear's Pizzeria Simulator,2017,Free,", Indie, Simulation",Single-player,windows
One-armed cook,2022,Free,"Casual, Simulation, ",Single&Multi-player,windows
Stay Out,2019,Free,"Action, Indie, Massively Multiplayer, RPG, , Early Access",Multi-player,windows
War Robots,2018,Free,"Action, ",Multi-player,windows
Strinova,2024,Free,"Action, Massively Multiplayer, ",Multi-player,windows
SCP: Containment Breach Multiplayer,2021,Free,"Indie, Massively Multiplayer, ",Single&Multi-player,windows
Mecha BREAK,2025,Free,"Action, Massively Multiplayer, ",Multi-player,windows
Dead Frontier 2,2019,Free,"Action, Indie, Massively Multiplayer, RPG, ",Single&Multi-player,windows
Lost Light,2022,Free,"Action, Massively Multiplayer, ",Multi-player,windows
RuneScape ®,2020,Free,"Massively Multiplayer, RPG, ",Multi-player,"windows, mac"
Cell to Singularity - Evolution Never Ends,2021,Free,"Casual, Simulation, ",Single-player,"windows, mac"
Leaf Blower Revolution - Idle Game,2020,Free,"Casual, Indie, ",Single-player,windows
Rogue Company,2021,Free,"Action, ",Multi-player,windows
Pineapple on pizza,2023,Free,"Casual, Indie, ",Single-player,"windows, mac, linux"
GrandChase,2021,Free,"Action, Casual, ",Multi-player,windows
MY HERO ULTRA RUMBLE,2023,Free,"Action, Casual, ",Single&Multi-player,windows
The Murder of Sonic the Hedgehog,2023,Free,"Casual, Indie, Simulation, ",Single-player,"windows, mac"
Artifact,2022,Free,"Adventure, Casual, Indie, RPG, Simulation, Strategy, Early Access",Single-player,windows
Aperture Desk Job,2022,Free,"Action, Adventure, Casual, ",Single-player,"windows, linux"
GeoGuessr Steam Edition,2025,Free,"Action, Casual, , Early Access",Multi-player,windows
Shadowverse: Worlds Beyond,2025,Free,"Casual, RPG, Strategy, ",Single&Multi-player,windows
Omega Strikers,2023,Free,"Action, Strategy, ",Multi-player,windows
Alien Swarm: Reactive Drop,2017,Free,"Action, ",Single&Multi-player,windows
War Selection,2019,Free,"Indie, Massively Multiplayer, Strategy, , Early Access",Single&Multi-player,"windows, linux"
Sky: Children of the Light,2024,Free,"Adventure, Casual, Indie, Massively Multiplayer, RPG, , Early Access",Single&Multi-player,windows
Indigo Park: Chapter 1,2024,Free,"Action, Adventure, Casual, Indie, ",Single-player,windows
Caliber,2023,Free,"Action, Massively Multiplayer, ",Multi-player,windows
死寂（Deathly Stillness）,2021,Free,"Action, Adventure, Casual, Indie, ",Single-player,windows
Sheepy: A Short Adventure,2024,Free,"Adventure, Casual, Indie, ",Single-player,windows
SPLITGATE: Arena Reloaded,2025,Free,"Action, ",Single&Multi-player,windows
Redmatch 2,2021,Free,"Action, Indie, ",Multi-player,windows
NIGHT-RUNNERS™ PROLOGUE,2024,Free,"Racing, Simulation",Single-player,windows
MOBILE SUIT GUNDAM BATTLE OPERATION 2,2023,Free,"Action, ",Single&Multi-player,windows
Bro Falls,2021,Free,"Action, Casual, , Indie, Massively Multiplayer, Racing",Multi-player,windows
UNDECEMBER: 4th Anniversary,2022,Free,"Action, Adventure, RPG, ",Single&Multi-player,windows
Astral Party,2024,Free,"Casual, Indie, RPG, Strategy",Multi-player,windows
Blue Archive,2025,Free,"Adventure, Casual, RPG, Strategy, ",Single-player,windows
Old School RuneScape,2021,Free,"Adventure, Massively Multiplayer, RPG, ",Multi-player,"windows, mac"
STRAFTAT,2024,Free,Action,Multi-player,"windows, mac, linux"
Trackmania,2023,Free,Racing,Single&Multi-player,windows
Operation: Harsh Doorstop,2023,Free,"Action, Casual, Indie, Simulation, Strategy, , Early Access",Single&Multi-player,windows
Torchlight: Infinite,2023,Free,"Action, Adventure, RPG, ",Single&Multi-player,windows
Action Taimanin,2020,Free,"Action, Adventure, RPG, ",Single&Multi-player,windows
Real Pool 3D - Poolians,2018,Free,"Action, Casual, Indie, Massively Multiplayer, Simulation, sports, Strategy, ",Single&Multi-player,windows
Awaria,2024,Free,"Action, Indie, ",Single-player,windows
Mr.Mine,2020,Free,"Adventure, Casual, Indie, RPG, Simulation, Strategy, ",Single-player,"windows, mac"
Blood Strike,2025,Free,"Action, Adventure, Massively Multiplayer, Strategy, ",Multi-player,windows
Banana Shooter,2022,Free,"Action, Casual, Indie, ",Multi-player,windows
Shop Titans,2020,Free,"Adventure, Casual, RPG, Simulation, ",Single&Multi-player,windows
Catan Universe,2017,Free,"Casual, Strategy",Single&Multi-player,"windows, mac"
Outcore: Desktop Adventure,2022,Free,"Action, Adventure, Indie, RPG, Simulation, ",Single-player,windows
Arrow a Row,2023,Free,"Casual, , Indie, Strategy",Single-player,windows
Monster Girl Island: Prologue,2019,Free,"Adventure, , Indie",Single-player,windows
BLOCKPOST LEGACY,2019,Free,"Action, Indie, ",Multi-player,windows
Quaver,2022,Free,"Casual, Indie, ",Single&Multi-player,"windows, mac, linux"
missed messages.,2019,Free,"Casual, Indie, Simulation, ",Single-player,"windows, mac, linux"
Baldi's Basics Classic Remastered,2022,Free,"Action, Indie, Strategy",Single-player,"windows, mac, linux"
Idle Champions of the Forgotten Realms,2020,Free,"Action, Adventure, Indie, Strategy, ",Single-player,"windows, mac"
MIR4,2021,Free,"Action, Adventure, Massively Multiplayer, RPG, ",Multi-player,windows
Just Cause 2: Multiplayer Mod,2013,Free,"Action, Adventure",Single&Multi-player,windows
Grimm's Hollow,2019,Free,"Adventure, , Indie, RPG",Single-player,windows
Slapshot: Rebound,2024,Free,"Action, Casual, Indie, sports, ",Single&Multi-player,windows
Walking Zombie 2,2019,Free,"Action, Adventure, Indie, RPG",Single-player,windows
Egg,2026,Free,Casual,Single-player,windows
NGU IDLE,2019,Free,"Adventure, Indie, Simulation, ",Single-player,windows
Heartopia,2026,Free,"Casual, Simulation, ",Single&Multi-player,windows
"I Love You, Colonel Sanders! A Finger Lickin’ Good Dating Simulator",2019,Free,"Casual, Indie, Simulation",Single-player,"windows, mac"
Pixel Strike 3D,2020,Free,"Action, Adventure, Indie, RPG, ",Single&Multi-player,windows
Garten of Banban,2023,Free,"Action, Adventure, Casual, Indie, ",Single-player,windows
BLEACH Brave Souls,2020,Free,"Action, Casual, RPG, ",Single&Multi-player,windows
Escape Room - Der kranke Kollege,2020,Free,"Adventure, Casual, ",Single&Multi-player,windows
The WereCleaner,2024,Free,"Action, Casual, Indie, Strategy, ",Single-player,windows
The Seven Deadly Sins: Origin,2026,Free,"Action, Adventure, Massively Multiplayer, RPG, Simulation, ",Single&Multi-player,windows
东北之夏,2023,Free,", RPG",Single-player,windows
Lust Goddess,2024,Free,"Action, Adventure, Massively Multiplayer, RPG, Strategy, ",Single&Multi-player,"windows, mac"
Tower of Fantasy,2022,Free,"Action, Massively Multiplayer, RPG, ",Multi-player,windows
Summoners War: Chronicles,2022,Free,"Action, Adventure, Massively Multiplayer, RPG, Strategy, ",Multi-player,"windows, mac"
BLOCKADE,2019,Free,"Action, Indie, Massively Multiplayer, ",Multi-player,windows
Paunch,2019,Free,"Action, Indie, Massively Multiplayer, RPG, sports, ",Multi-player,windows
Learn to Fly 3,2017,Free,"Action, Adventure, Casual, , Indie, Simulation, Strategy",Single-player,windows
Virtual Cottage,2020,Free,"Casual, Indie, Simulation, ",Single-player,"windows, mac, linux"
Argo,2023,Free,"Casual, Indie, RPG, ",Single-player,windows
AirMech,2018,Free,"Action, Indie, Strategy, ",Single&Multi-player,windows
Deepest Sword,2021,Free,Indie,Single-player,"windows, mac"
Soulworker,2021,Free,"Action, Massively Multiplayer, RPG, ",Single&Multi-player,windows
Gems of War - Puzzle RPG,2014,Free,"Action, Adventure, Casual, RPG, Strategy, ",Single&Multi-player,windows
The Planet Crafter: Prologue,2021,Free,Adventure,Single-player,windows
GunZ 2: The Second Duel,2014,Free,"Action, Indie, ",Multi-player,windows
Revolution Idle,2025,Free,"Casual, Indie, Simulation, ",Single-player,windows
Amorous,2018,Free,", Indie, Simulation",Single-player,"windows, mac, linux"
Travellin Cats in Jingle Jam,2023,Free,"Casual, Indie, ",Single-player,windows
CS2D,2017,Free,"Action, Casual, Indie, ",Single&Multi-player,"windows, linux"
FUCK HITLER,2022,Free,"Action, Casual, Indie, Simulation, ",Single-player,"windows, linux"
Angel Legion,2020,Free,"Adventure, RPG, Strategy, ",Single&Multi-player,"windows, mac"
Fears to Fathom - Home Alone,2021,Free,"Adventure, Casual, Indie, ",Single-player,windows
Breeders of the Nephelym,2019,Free,"Adventure, Indie, , Early Access",Single-player,windows
Pool 2D - Poolians,2019,Free,"Casual, Indie, Massively Multiplayer, Simulation, sports, ",Single&Multi-player,windows
Summoners War,2024,Free,"RPG, Strategy, ",Multi-player,windows
Grapples Galore,2025,Free,"Action, Indie, ",Multi-player,windows
Yume Nikki,2018,Free,"Adventure, Casual, Indie, ",Single-player,windows
SMASH LEGENDS,2021,Free,"Action, Casual, ",Multi-player,windows
Honkai Impact 3rd,2021,Free,"Action, Adventure, RPG, ",Single&Multi-player,windows
Samsara Room,2020,Free,"Adventure, , Indie",Single-player,"windows, mac"
DRAGON BALL GEKISHIN SQUADRA,2025,Free,"Action, ",Multi-player,windows
Infinity Nikki,2025,Free,"Action, Adventure, Casual, RPG, Simulation, ",Single&Multi-player,windows
Chill Corner,2021,Free,"Casual, Indie, Simulation, ",Single&Multi-player,windows
Zumbi Blocks 2 Open Alpha,2023,Free,"Action, ",Single&Multi-player,windows
Snowbreak: Containment Zone,2023,Free,"Action, Adventure, RPG",Single&Multi-player,windows
AdventureQuest 3D,2022,Free,"Action, Adventure, Casual, , Indie, Massively Multiplayer, RPG",Multi-player,"windows, mac"
SAS: Zombie Assault 4,2017,Free,"Action, RPG, ",Single&Multi-player,"windows, mac"
The Complex: Found Footage,2022,Free,"Adventure, Indie, Simulation, ",Single-player,windows
Tap Ninja - Idle game,2022,Free,"Action, Casual, Indie, RPG, ",Single-player,"windows, mac, linux"
Walking Simulator,2020,Free,"Adventure, , Indie, Simulation",Single-player,windows
Brighter Shores,2024,Free,"Adventure, Indie, Massively Multiplayer, RPG, , Early Access",Single&Multi-player,"windows, mac"
RetroArch,2022,Free,,Single&Multi-player,"windows, mac, linux"
King of Crabs,2023,Free,"Action, Casual, Massively Multiplayer, ",Single&Multi-player,windows
Steam Engine Simulator,2023,Free,Simulation,Single-player,windows
The one who pulls out the sword will be crowned king,2022,Free,"Adventure, Casual, Indie, ",Single&Multi-player,"windows, mac, linux"
20 Small Mazes,2024,Free,"Adventure, Casual, Indie",Single-player,"windows, mac"
Loading Screen Simulator,2023,Free,Simulation,Single-player,windows
TheDawn,2020,Free,"Action, Adventure, , Indie",Single-player,windows
UNBEATABLE [white label],2021,Free,"Action, Adventure, Indie",Single-player,windows
Coloring Pixels,2018,Free,"Casual, Indie, ",Single-player,"windows, mac, linux"
Prominence Poker,2016,Free,"Casual, Massively Multiplayer, Simulation, Strategy, ",Single&Multi-player,windows
Galaxy Life,2022,Free,"Strategy, ",Multi-player,"windows, linux"
When the Darkness comes,2019,Free,"Adventure, , Indie",Single-player,windows
100 Asian Cats,2023,Free,"Action, Adventure, Casual, Indie, RPG, Simulation, sports, Strategy, ",Single-player,windows
Bombergrounds: Reborn,2022,Free,"Action, Adventure, Indie, Massively Multiplayer, Strategy, ",Single&Multi-player,"windows, mac"
Paper Lily - Chapter 1,2024,Free,"Adventure, Indie, RPG, ",Single-player,windows
Vegas Infinite by PokerStars,2023,Free,"Casual, Strategy, ",Multi-player,windows
Z.A.T.O. // I Love the World and Everything In It,2025,Free,"Adventure, Indie, ",Single-player,"windows, mac, linux"
Scribble It!,2020,Free,"Casual, Indie, ",Single&Multi-player,"windows, mac, linux"
BABBDI,2022,Free,"Adventure, Casual, ",Single-player,"windows, mac, linux"
At Home Alone Final,2021,Free,"Adventure, Casual, Indie, RPG, Simulation, Strategy, ",Single-player,windows
Farmer Against Potatoes Idle,2024,Free,"Casual, , Indie, RPG, Simulation",Single-player,windows
Zula Global,2018,Free,"Action, Massively Multiplayer, ",Multi-player,windows
Zombie Panic! Source,2008,Free,"Action, Adventure, Casual, Indie, ",Multi-player,"windows, linux"
Dungeons & Dragons Online®,2012,Free,"Action, Adventure, Massively Multiplayer, RPG, ",Multi-player,windows
A.V.A Global,2022,Free,"Action, Massively Multiplayer, ",Multi-player,windows
VANQUISH,2022,Free,"Action, Adventure, Indie, ",Single-player,windows
Magic Archery,2024,Free,"Casual, Indie, RPG, Simulation, ",Single-player,windows
Poco,2025,Free,"Adventure, Casual, Indie, ",Single-player,"windows, mac"
ArcheBlade™,2014,Free,"Action, , Indie",Multi-player,windows
Fallen Earth Classic,2012,Free,", Massively Multiplayer, RPG",Multi-player,windows
Pixel Worlds: MMO Sandbox,2017,Free,"Adventure, Indie, Massively Multiplayer, ",Multi-player,"windows, mac"
There Is No Game: Jam Edition 2015,2020,Free,"Adventure, Casual, , Indie",Single-player,"windows, mac"
Psychopomp,2024,Free,"Adventure, Indie, ",Single-player,windows
Realm Grinder,2017,Free,", RPG, Strategy",Single-player,"windows, mac"
Star Fetchers,2020,Free,"Action, Adventure, Indie, ",Single-player,windows
REFLEXIA Prototype ver.,2022,Free,"Casual, Indie, ",Single-player,"windows, linux"
Buy a Croquette!,2024,Free,"Adventure, Casual, Indie, RPG, Strategy, ",Single-player,windows
Ocean World: Eden Crafters Prologue,2024,Free,"Adventure, Indie, Simulation, Strategy, ",Single&Multi-player,windows
Bitburner,2021,Free,,Single-player,"windows, mac, linux"
SuchArt: Creative Space,2021,Free,"Action, Adventure, Casual, Indie, Simulation, ",Single-player,windows
UNDEFEATED,2019,Free,"Action, Indie, ",Single-player,windows
PickCrafter,2017,Free,"Adventure, Casual, Indie, RPG, Simulation, Strategy, ",Single-player,"windows, mac"
GRAVITAS,2026,Free,"Casual, Indie",Single-player,windows
巫兎 - KANNAGI USAGI -,2023,Free,"Action, Indie",Single-player,windows
Endless Sky,2015,Free,"Action, Adventure, Indie, RPG, Simulation, ",Single-player,"windows, mac, linux"
第七号列车 - Train No. 7,2021,Free,"Casual, Indie, RPG, ",Single-player,windows
Nightmare Kart,2024,Free,"Racing, ",Single&Multi-player,windows
Tanki Online,2017,Free,"Action, Massively Multiplayer, ",Multi-player,"windows, mac, linux"
Blood of Steel,2020,Free,"Action, Massively Multiplayer, Strategy, ",Multi-player,windows
100 hidden frogs,2021,Free,"Adventure, Casual, , Indie",Single-player,windows
League of Maidens®,2025,Free,"Action, Adventure, Casual, Indie, RPG, Strategy, ",Single-player,windows
Relic Hunters Zero: Remix,2015,Free,"Action, Indie, ",Single&Multi-player,"windows, mac, linux"
Bronzebeard's Tavern,2023,Free,"Casual, Indie, Simulation, ",Multi-player,windows
Girls' Frontline,2025,Free,"RPG, Strategy, ",Single-player,windows
Firestone – Idle Clicker Online RPG,2024,Free,"Casual, Indie, RPG, ",Single&Multi-player,"windows, mac, linux"
Bloody Hell,2023,Free,"Action, Adventure, Indie, ",Single-player,windows
Upload Labs,2025,Free,"Simulation, ",Single-player,"windows, linux"
Sneak Out,2024,Free,"Casual, Indie, Strategy",Single-player,"windows, mac"
Marie's Room,2018,Free,"Adventure, Casual, Indie, ",Single-player,windows
Bloons Monkey City,2020,Free,"Action, Strategy, ",Single-player,"windows, mac"
Serena,2014,Free,"Adventure, Indie",Single-player,"windows, mac, linux"
Illusion Carnival,2024,Free,"Adventure, Indie, RPG, ",Single-player,"windows, mac"
EMERGENCY,2023,Free,"Action, Strategy, ",Single&Multi-player,windows
We Become What We Behold [Fan-Made Port],2019,Free,"Casual, Indie",Single-player,"windows, mac"
Super Crate Box,2012,Free,"Action, Indie, ",Single-player,"windows, mac, linux"
World of Sea Battle,2025,Free,"Action, Massively Multiplayer, RPG, , Early Access",Multi-player,windows
Kidnapped Girl,2020,Free,"Adventure, Casual, Indie, Simulation, ",Single-player,windows
McOsu,2017,Free,Indie,Single-player,"windows, linux"
LET IT DIE,2018,Free,"Action, ",Single-player,windows
Supremacy: Call of War 1942,2017,Free,"Massively Multiplayer, Simulation, Strategy, ",Multi-player,"windows, mac"
Disfigure,2023,Free,"Action, Indie",Single-player,windows
Hello Neighbor 2 Alpha 1.5,2020,Free,"Adventure, Indie, Strategy",Single-player,windows
The Way of Life Free Edition,2016,Free,", Indie",Single-player,"windows, mac, linux"
Pirates Vikings & Knights II,2010,Free,"Action, Indie, ",Multi-player,"windows, linux"
Just Act Natural,2022,Free,"Action, Casual, Indie, ",Multi-player,"windows, mac"
ヘブンバーンズレッド,2022,Free,"Adventure, RPG, ",Single-player,windows
Bubble People,2021,Free,"Indie, Simulation",Single-player,windows
Alpaca Stacka,2021,Free,"Adventure, Casual, , Indie",Single-player,"windows, mac"
Only If,2014,Free,"Adventure, Indie, ",Single-player,"windows, mac, linux"
Cheese Rolling,2025,Free,"Action, Casual, Indie, ",Single&Multi-player,"windows, mac"
Escape Memoirs: Mini Stories,2022,Free,"Adventure, Casual, Indie, ",Single&Multi-player,windows
In Sink: A Co-Op Escape Prologue,2023,Free,"Adventure, Casual, Indie, ",Multi-player,windows
Hello Neighbor Alpha 4,2019,Free,"Adventure, Indie, Strategy",Single-player,windows
Toram Online,2021,Free,"Massively Multiplayer, RPG, ",Multi-player,windows
SUPREMACY: WORLD WAR 3,2018,Free,"Indie, Massively Multiplayer, Strategy, ",Multi-player,"windows, mac"
Propagation VR,2020,Free,Action,Single-player,windows
Himno,2019,Free,"Adventure, Casual, Indie, ",Single-player,"windows, mac, linux"
Battle for Wesnoth,2018,Free,"Indie, Strategy, ",Single&Multi-player,"windows, mac, linux"
Idol Showdown,2023,Free,"Action, Indie",Single&Multi-player,windows
Project Kat - Paper Lily Prologue,2021,Free,"Adventure, Indie, RPG, ",Single-player,windows
"Please, Touch The Artwork 2",2024,Free,"Adventure, Casual, Indie",Single-player,"windows, mac, linux"
The Mr. Rabbit Magic Show,2025,Free,"Adventure, Indie, ",Single-player,"windows, mac"
Snake Force,2021,Free,"Action, , Indie",Single-player,"windows, mac"
Amarillo's Butt Slapper,2024,Free,"Casual, Simulation, ",Single-player,windows
the static speaks my name,2015,Free,"Adventure, Indie, RPG, ",Single-player,"windows, mac, linux"
Devolverland Expo,2020,Free,"Action, Adventure, , Indie",Single-player,windows
You Have to Win the Game,2014,Free,"Action, Indie",Single-player,"windows, mac, linux"
Ninja Kiwi Archive,2020,Free,"Action, Casual, Strategy",Single&Multi-player,windows
Screw Drivers,2024,Free,"Action, Indie, Racing, Simulation, , Early Access",Single&Multi-player,windows
Dungeon Fighter Online,2016,Free,"Action, Adventure, Massively Multiplayer, RPG, ",Multi-player,windows
Soda Dungeon 2,2020,Free,"Casual, Indie, RPG, ",Single-player,"windows, mac"
TCG Card Shop Simulator: Prologue,2024,Free,"Simulation, ",Single-player,windows
Dark Hours: Prologue,2024,Free,"Action, Adventure, ",Single&Multi-player,windows
The Two of Us,2021,Free,"Casual, Indie, Strategy, ",Multi-player,windows
Slappyball,2024,Free,"Casual, , sports",Single&Multi-player,windows
Selene ~Apoptosis~,2023,Free,Adventure,Single-player,"windows, mac, linux"
OLDTV,2017,Free,"Indie, ",Single-player,"windows, mac"
Boring Man - Online Tactical Stickman Combat,2015,Free,"Action, Indie, Massively Multiplayer, ",Multi-player,"windows, linux"
SUCCUBUS: Prologue,2020,Free,"Action, Adventure, , Indie",Single-player,windows
NEKOPARA - Catboys Paradise,2021,Free,"Adventure, Casual, Indie",Single-player,windows
Lost Lands: Mahjong,2016,Free,"Adventure, Casual, ",Single-player,"windows, mac"
How Fish Is Made,2022,Free,Indie,Single-player,windows
Crime Scene Cleaner: Prologue,2024,Free,"Action, Simulation",Single-player,windows
Katawa Shoujo,2024,Free,"Casual, Indie, ",Single-player,"windows, mac, linux"
Card Hunter,2015,Free,"RPG, Strategy, ",Single&Multi-player,"windows, mac"
Chair Simulator,2021,Free,"Casual, , Simulation",Single-player,"windows, mac"
Armored Warfare,2017,Free,"Action, Massively Multiplayer, Simulation, ",Multi-player,windows
Left on Read,2020,Free,"Adventure, Casual, , Indie, RPG, Simulation",Single-player,"windows, mac"
MONMUSU,2018,Free,"Casual, , Indie",Single-player,windows
Narcissu 1st & 2nd,2015,Free,Indie,Single-player,"windows, mac, linux"
Puck,2025,Free,"Indie, Simulation, sports, ",Single&Multi-player,windows
Samorost 1,2021,Free,"Adventure, Casual, Indie",Single-player,"windows, mac"
BrainBread 2,2022,Free,"Action, Adventure, Indie, ",Single&Multi-player,"windows, mac, linux"
Panzar,2013,Free,"Action, Massively Multiplayer, RPG, ",Multi-player,windows
BirdGut,2019,Free,"Adventure, Casual, , Indie",Single-player,"windows, mac"
Blameless,2016,Free,"Adventure, , Indie",Single-player,"windows, mac"
What Never Was,2019,Free,"Adventure, Casual, , Indie",Single-player,"windows, mac, linux"
[Nightmare Files] Clap Clap,2024,Free,"Adventure, Indie, ",Single-player,windows
"Poker Master - Texas Hold'em, Roulette, Blackjack, Baccarat, Omaha, Slots, Teen Patti",2020,Free,"Casual, Massively Multiplayer, Simulation, sports, Strategy, ",Multi-player,"windows, mac, linux"
Waven,2023,Free,"Adventure, RPG, Strategy, , Early Access",Single&Multi-player,"windows, mac"
I Wanna Maker,2023,Free,"Indie, ",Single-player,windows
VEGA Conflict,2015,Free,"Massively Multiplayer, Strategy, ",Multi-player,"windows, mac"
BAPBAP,2025,Free,"Action, Strategy, ",Multi-player,windows
ASTRA: Knights of Veda,2024,Free,"Action, RPG, ",Single&Multi-player,windows
Purrgatory,2021,Free,"Adventure, Casual, Indie, ",Single-player,windows
枝江往事,2021,Free,"Casual, ",Single-player,"windows, mac"
Have a Nice Dream,2021,Free,", Indie, RPG",Single-player,windows
Confess My Love,2017,Free,"Adventure, , Indie, RPG",Single-player,windows
Come Home,2021,Free,"Casual, Indie, , Early Access",Single-player,"windows, mac, linux"
ERROR143,2022,Free,"Casual, , Indie, Simulation",Single-player,"windows, mac, linux"
Moe Era,2020,Free,"Casual, , Indie",Single-player,"windows, mac, linux"
Meteor 60 Seconds!,2018,Free,"Action, Casual, , Indie, Simulation",Single-player,"windows, mac"
Dead Maze,2018,Free,"Action, , Massively Multiplayer",Multi-player,"windows, mac, linux"
HD Poker: Texas Hold'em,2018,Free,"Casual, , Massively Multiplayer, Simulation, Strategy",Multi-player,"windows, mac"
Puzzle Together Multiplayer Jigsaw Puzzles,2020,Free,"Casual, , Indie",Single&Multi-player,"windows, mac"
We Went Back,2020,Free,"Adventure, , Indie",Single-player,windows
Quake II RTX,2019,Free,"Action, ",Single-player,"windows, linux"
*NEW* SCUFFED EPIC BHOP SIMULATOR 2023 (POG CHAMP),2020,Free,"Action, Adventure, Casual, Indie, Simulation, ",Single&Multi-player,"windows, mac, linux"
click to ten,2022,Free,"Action, Adventure, Casual, , Indie, Strategy",Single-player,windows
DARKEST DAYS,2025,Free,"Action, Adventure, Massively Multiplayer, RPG, ",Single&Multi-player,windows
Ale & Tale Tavern: First Pints,2024,Free,"Action, Adventure, Casual, Indie, Simulation, ",Single&Multi-player,windows
Worm.is: The Game,2016,Free,"Casual, ",Multi-player,"windows, mac"
Outpath: First Journey,2022,Free,"Adventure, Casual, Indie",Single-player,windows
Bloons Adventure Time TD,2019,Free,"Action, Strategy",Single-player,"windows, mac"
Royal Quest Online,2024,Free,"Adventure, Massively Multiplayer, RPG, ",Multi-player,windows
Sword of Convallaria,2024,Free,"RPG, Strategy, ",Single-player,windows
I commissioned some bees 0,2023,Free,"Casual, Indie, ",Single-player,windows
Supermarket Simulator: Prologue,2024,Free,"Casual, Indie, Simulation, ",Single-player,windows
Cats,2024,Free,"Action, Casual, Indie, Simulation, ",Single-player,windows
ONE PIECE Bounty Rush,2024,Free,"Action, ",Single&Multi-player,windows
Hello Neighbor Alpha 2,2019,Free,"Adventure, Indie, Strategy",Single-player,windows
"Kid,napper: Gosh, I'm Kidnapped by a Pupil",2018,Free,"Adventure, Casual, , Indie",Single-player,"windows, mac, linux"
Never Split the Party,2019,Free,"Action, Adventure, Indie, RPG, Simulation, ",Multi-player,"windows, mac, linux"
Aeons Echo,2024,Free,"Action, Casual, RPG, ",Single&Multi-player,windows
Eternium,2023,Free,"Action, Adventure, Indie, RPG, ",Single-player,windows
Teeworlds,2015,Free,"Action, , Indie",Multi-player,"windows, mac, linux"
SCP: Labrat,2022,Free,"Action, Adventure, Indie, ",Single&Multi-player,windows
The Supper,2020,Free,"Adventure, Casual, Indie, ",Single-player,windows
War of Dots,2026,Free,"Casual, Indie, Strategy, ",Single&Multi-player,windows
Deducto,2022,Free,"Casual, , Indie, Simulation, Strategy",Multi-player,windows
8BitMMO,2015,Free,"Action, Adventure, , Indie, Massively Multiplayer, RPG",Multi-player,"windows, mac, linux"
我的小鲨鱼,2024,Free,"Casual, Indie, Simulation, ",Single-player,windows
DORONKO WANKO,2024,Free,"Action, Casual, Simulation, ",Single-player,windows
Antimatter Dimensions,2022,Free,"Casual, , Indie, Strategy",Single-player,"windows, mac"
Reverse: 1999,2024,Free,"RPG, ",Single-player,windows
Cubic Castles,2014,Free,"Action, Adventure, Casual, , Indie, Massively Multiplayer",Multi-player,windows
The Perfect Tower II,2025,Free,"Action, Indie, Strategy, ",Single-player,windows
Supremacy: 1914,2019,Free,"Massively Multiplayer, Simulation, Strategy, ",Multi-player,"windows, mac"
Gas Station Simulator: Prologue - Early Days,2021,Free,"Casual, Simulation",Single-player,windows
SIGame,2025,Free,"Indie, ",Single&Multi-player,windows
Animal Jam,2025,Free,"Adventure, Casual, Massively Multiplayer, Simulation",Multi-player,windows
Zero-K,2018,Free,"Indie, Simulation, Strategy, ",Single&Multi-player,"windows, linux"
3on3 FreeStyle: Rebound,2020,Free,"Action, Casual, Indie, RPG, sports, ",Single&Multi-player,windows
Professional Fishing,2018,Free,"Action, Casual, Massively Multiplayer, Simulation, sports, ",Multi-player,windows
b,2017,Free,"Casual, Indie, ",Single-player,windows
家有大貓 Nekojishi,2017,Free,"Indie, ",Single-player,"windows, mac, linux"
Gladio and Glory,2021,Free,"Action, , Indie, Simulation, Strategy, Early Access",Single&Multi-player,"windows, mac"
Pinball Arcade,2013,Free,", Simulation",Single&Multi-player,"windows, mac"
Cloud Climber,2021,Free,"Adventure, Casual, Indie, ",Single-player,windows
The Riftbreaker: Prologue,2020,Free,"Action, Adventure, Indie, RPG, Simulation, Strategy",Single-player,windows
Cinderella Phenomenon - Otome/Visual Novel,2017,Free,", Indie, Simulation",Single-player,"windows, mac, linux"
Tails Noir: Prologue,2019,Free,"Adventure, Indie, RPG, ",Single-player,windows
Hello Neighbor Alpha 1,2019,Free,"Adventure, Indie, Strategy",Single-player,windows
Battle Grounds III,2024,Free,"Action, , Indie",Multi-player,windows
Unnamed Space Idle,2023,Free,"Casual, Simulation, , Early Access",Single-player,"windows, linux"
Garten of Banban 0,2025,Free,"Action, Adventure, Casual, Indie, ",Single-player,windows
College Bound - Episode 1,2021,Free,"Casual, Indie, ",Single-player,"windows, mac, linux"
Depression Quest,2014,Free,", Indie, RPG, Simulation",Single-player,"windows, mac, linux"
Grimhook,2023,Free,"Action, Adventure, Indie",Single-player,windows
OnlyCans: Thirst Date,2021,Free,", Indie, Simulation",Single-player,windows
Tukoni: Prologue,2020,Free,"Adventure, Casual, Indie",Single-player,windows
Coloring Game,2019,Free,"Casual, Indie, ",Single-player,windows
Prince of Suburbia - Part 1,2023,Free,Indie,Single-player,"windows, mac, linux"
100 Christmas Cats,2023,Free,"Action, Adventure, Casual, Indie, RPG, Simulation, sports, Strategy, ",Single-player,windows
Martial Law,2021,Free,"Adventure, Indie, ",Single-player,"windows, mac, linux"
Floating Point,2014,Free,"Casual, , Indie",Single-player,"windows, mac"
Morimens,2024,Free,"RPG, Strategy, ",Single&Multi-player,windows
Perfect Vermin,2020,Free,"Action, Adventure, Casual, Indie, ",Single-player,windows
Chaos,2024,Free,"Action, Adventure, Indie",Single-player,windows
Hero Zero - Multiplayer RPG,2016,Free,"Adventure, Casual, Indie, Massively Multiplayer, RPG, Strategy, ",Single&Multi-player,windows
100 Capitalist Cats,2024,Free,"Action, Adventure, Casual, Indie, RPG, Simulation, sports, Strategy, ",Single-player,windows
Dungeon Stalkers,2025,Free,"Action, Adventure, RPG",Multi-player,windows
Island Saver,2020,Free,"Action, Adventure, ",Single-player,windows
Chicken Invaders Universe,2022,Free,"Action, Casual, Indie, Massively Multiplayer, ",Multi-player,windows
Mitoza,2021,Free,"Adventure, Indie",Single-player,"windows, mac"
SCP: Nine-Tailed Fox,2022,Free,"Action, Adventure, Indie, , Early Access",Single&Multi-player,windows
Mahjong Soul,2024,Free,"Casual, Strategy",Multi-player,windows
BEACHED,2021,Free,"Action, Adventure, Casual, Indie, Massively Multiplayer, Early Access",Multi-player,windows
瘟疫清零计划 Project Zero,2022,Free,"Action, Adventure, Indie, Strategy, ",Single&Multi-player,windows
Booty Calls,2018,Free,"Casual, Indie, RPG, Simulation, Strategy, ",Single-player,"windows, mac"
PICO PARK:Classic Edition,2016,Free,"Action, Casual, Indie",Multi-player,windows
The Children of Clay,2025,Free,"Adventure, Indie, Simulation, ",Single-player,"windows, linux"
Missing Hiker,2023,Free,"Adventure, Indie, ",Single-player,windows
The Backrooms Game FREE Edition,2019,Free,"Adventure, Casual, Indie, Simulation, ",Single-player,"windows, linux"
Fingerbones,2015,Free,"Adventure, Indie, ",Single-player,windows
NosTale - Anime MMORPG,2017,Free,"Action, Adventure, Massively Multiplayer, RPG, ",Multi-player,windows
Coloring Game 2,2020,Free,"Casual, Indie, ",Single-player,windows
异化之恶〇Abnormal Treatment,2019,Free,"Adventure, Indie, RPG, ",Single-player,windows
SCP: Escape Together,2021,Free,"Action, Adventure, , Indie, Strategy, Early Access",Multi-player,"windows, linux"
Mini Royale,2025,Free,"Action, Adventure, Indie, , Early Access",Multi-player,"windows, linux"
PUMPKIN PANIC,2024,Free,"Adventure, Indie, Simulation, ",Single-player,windows
Rakion Chaos Force,2020,Free,"Action, Adventure, Indie, Massively Multiplayer, RPG, sports, Strategy, ",Single&Multi-player,windows
RED HOT VENGEANCE,2019,Free,"Action, , Indie",Single-player,windows
Cave Crawlers,2023,Free,"Action, Adventure, Indie, RPG, Strategy, , Early Access",Single&Multi-player,windows
Landfall Archives,2023,Free,"Action, Adventure, Casual, Indie, Simulation, Strategy, ",Single&Multi-player,windows
Aurora Hills: Chapter 1,2024,Free,"Adventure, Casual, Indie, ",Single-player,"windows, mac"
英雄黄昏-文字三国志&曹贼模拟器,2021,Free,"Indie, RPG, Simulation, Strategy, ",Single-player,windows
Infinity Wars: Animated Trading Card Game,2014,Free,"Action, Adventure, Casual, Indie, Massively Multiplayer, RPG, Strategy, ",Single&Multi-player,windows
Eraser,2023,Free,"Action, Indie",Single-player,windows
Battle Islands,2014,Free,", Simulation, Strategy",Single&Multi-player,windows
Villagers and Heroes,2014,Free,"Indie, Massively Multiplayer, RPG, ",Multi-player,windows
The Elder Scrolls II: Daggerfall,2022,Free,"Action, RPG",Single-player,windows
vivid/stasis,2025,Free,Indie,Single-player,windows
Everlusting Life,2025,Free,"Action, Adventure, Massively Multiplayer, RPG, Strategy, ",Single&Multi-player,"windows, mac"
FrostRunner,2019,Free,"Action, , Indie",Single-player,windows
TELEFORUM,2023,Free,"Adventure, Indie, ",Single-player,"windows, mac"
Shinobi Warfare,2022,Free,"RPG, ",Multi-player,windows
FINAL FANTASY VII EVER CRISIS,2023,Free,"Adventure, RPG",Single&Multi-player,windows
"Warhammer 40,000: Warpforge",2024,Free,"Strategy, ",Single&Multi-player,"windows, mac"
Wizardry Variants Daphne,2025,Free,RPG,Single-player,windows
Home,2025,Free,"Adventure, Indie",Single-player,windows
Home,2025,Free,"Adventure, Indie",Single-player,windows
Kota`s New Journey,2024,Free,"Adventure, Indie, ",Single-player,windows
The Old Tree,2015,Free,"Adventure, Casual, , Indie",Single-player,"windows, mac"
My Lands: Black Gem Hunting,2014,Free,"Casual, , Indie, Massively Multiplayer, Strategy",Multi-player,windows
Unsorted Horror,2023,Free,Simulation,Single-player,windows
Bit Heroes Quest,2017,Free,"Adventure, , Massively Multiplayer, RPG",Single&Multi-player,windows
Soccer Manager 2026,2024,Free,"Simulation, sports, ",Single-player,windows
Heartwood Online,2023,Free,"Action, Adventure, Casual, , Indie, Massively Multiplayer, RPG, Early Access",Single&Multi-player,windows
PAPERHEAD EP.0,2024,Free,"Action, Indie, ",Single-player,windows
THE BUTTON by Elendow,2023,Free,"Simulation, Strategy, ",Single-player,"windows, linux"
Bigscreen Beta,2016,Free,"Action, , Simulation",Single&Multi-player,windows
Ragnarok Online 2,2013,Free,", Massively Multiplayer, RPG",Single&Multi-player,windows
WGT Golf,2020,Free,"Simulation, sports, , Early Access",Single&Multi-player,"windows, mac"
3D Aim Trainer,2021,Free,"Action, Adventure, Casual, Indie, Simulation, , Early Access",Single-player,windows
The Big Catch: Tacklebox,2024,Free,"Action, Adventure, ",Single-player,windows
造梦西游：无双,2025,Free,"Action, Adventure, RPG, ",Single-player,windows
Warhammer The Horus Heresy: Legions,2019,Free,"Adventure, Strategy, ",Single&Multi-player,"windows, mac"
Long Live Santa!,2017,Free,"Action, , Indie",Multi-player,"windows, mac"
"one night, hot springs",2018,Free,"Indie, Simulation, ",Single-player,"windows, mac, linux"
Airline Manager,2021,Free,"Simulation, ",Single&Multi-player,windows
Super Bernie World,2020,Free,"Action, Adventure, , Indie",Single-player,"windows, mac, linux"
Warspear Online,2017,Free,"Massively Multiplayer, RPG, ",Multi-player,"windows, mac, linux"
Cureocity,2024,Free,"Adventure, Indie",Single-player,windows
BlackShot: Mercenary Warfare FPS,2016,Free,"Action, Casual, ",Multi-player,windows
The Timeless Child - Prologue,2021,Free,"Adventure, , Indie",Multi-player,windows
Crusaders of the Lost Idols,2015,Free,"Casual, , Indie",Single-player,"windows, mac"
Insanity Clicker,2016,Free,"Adventure, Casual, , Indie, RPG, Simulation, Strategy",Single&Multi-player,"windows, mac"
Burning Daylight,2019,Free,"Adventure, , Indie",Single-player,windows
Warborne Above Ashes,2025,Free,"Action, Massively Multiplayer, RPG, Strategy, ",Multi-player,windows
雀姬/姫麻雀,2019,Free,"Casual, RPG, Strategy, , Early Access",Single&Multi-player,"windows, mac"
Town of Sins,2024,Free,"Action, Adventure, Casual, Strategy, ",Single&Multi-player,windows
MINDNIGHT,2017,Free,", Indie, RPG, Strategy",Multi-player,"windows, mac, linux"
Mortal Online,2015,Free,"Action, , Indie, Massively Multiplayer, RPG",Multi-player,windows
Radiator 2: Anniversary Edition,2016,Free,"Action, Casual, , Indie, Simulation",Single-player,"windows, mac, linux"
Awkward Dimensions Redux,2016,Free,"Adventure, Indie, ",Single-player,"windows, mac, linux"
RPG MO,2015,Free,"Adventure, Indie, Massively Multiplayer, RPG, , Early Access",Single&Multi-player,"windows, mac, linux"
Prison Life,2022,Free,"Casual, , Indie, RPG, Simulation, Strategy",Multi-player,windows
Vecter,2020,Free,"Action, Casual, Indie, Racing, Simulation, ",Single-player,"windows, mac, linux"
Pixel Starships,2023,Free,"Casual, Indie, Massively Multiplayer, RPG, Simulation, Strategy, ",Single&Multi-player,"windows, mac, linux"
Princess Remedy in a World of Hurt,2016,Free,"Action, Adventure, Indie",Single-player,windows
Prison Simulator Prologue,2021,Free,"Action, RPG, Simulation",Single-player,windows
BattleRush,2018,Free,"Action, Adventure, , Indie, Massively Multiplayer",Multi-player,windows
Age of Conan: Unchained,2013,Free,"Action, Adventure, , Massively Multiplayer, RPG",Multi-player,windows
Copa Petrobras de Marcas,2015,Free,", Racing, Simulation, sports",Single-player,windows
Duck Simulator 2,2021,Free,"Action, Adventure, Indie, RPG, Simulation",Single-player,"windows, mac, linux"
The Good Time Garden,2019,Free,"Indie, ",Single-player,"windows, mac"
IOSoccer,2018,Free,"Indie, sports, , Early Access",Multi-player,windows
Grim Clicker,2024,Free,"Indie, RPG, ",Single-player,windows
The New Flesh,2025,Free,"Casual, Indie, ",Single-player,windows
Handshakes,2023,Free,"Casual, ",Single&Multi-player,"windows, mac, linux"
Planet S,2023,Free,"Indie, Strategy, ",Single&Multi-player,"windows, linux"
Skill Legends Royale,2024,Free,"Casual, Indie, Massively Multiplayer, RPG, Simulation, Strategy, ",Multi-player,windows
SCP: Containment Breach 2,2025,Free,"Action, Indie, Massively Multiplayer, , Early Access",Single&Multi-player,windows
Sunrider: Mask of Arcadius,2014,Free,"Indie, RPG, Strategy, ",Single-player,"windows, mac, linux"
Age of Conquest IV,2016,Free,"Indie, Strategy, ",Single&Multi-player,"windows, mac, linux"
With You,2022,Free,"Adventure, Indie, ",Multi-player,"windows, mac, linux"
Kingdom Wars,2025,Free,Strategy,Single-player,windows
Poker Championship,2019,Free,"Indie, Massively Multiplayer, sports, ",Multi-player,"windows, mac"
Peggle Extreme,2007,Free,"Casual, ",Single-player,windows
Mizi NO!,2024,Free,"Casual, Indie",Single-player,windows
Brief Karate Foolish,2016,Free,"Action, Casual, , Indie",Single&Multi-player,windows
Frog Fractions: Game of the Decade Edition,2020,Free,"Action, Adventure, Casual, , Indie, Simulation",Single-player,"windows, mac"
Cheeky Chooks,2018,Free,"Casual, , Indie, Strategy",Single-player,"windows, mac"
Kagura Survivors: Endless Night,2023,Free,"Action, RPG, , Early Access",Single-player,windows
DOGWALK,2025,Free,"Casual, Indie, ",Single-player,"windows, mac, linux"
hexceed,2021,Free,"Casual, Indie, ",Single-player,"windows, mac, linux"
Antenna,2016,Free,"Casual, , Indie",Single-player,windows
A Raven Monologue,2018,Free,"Casual, Indie, ",Single-player,"windows, mac"
Ann,2021,Free,", Indie",Single-player,windows
修仙小屋,2025,Free,"Casual, Massively Multiplayer, Simulation, ",Multi-player,windows
Just Cause™ 3: Multiplayer Mod,2017,Free,"Action, Massively Multiplayer",Multi-player,windows
Frostrain,2024,Free,"Indie, Simulation, Strategy",Single-player,windows
Istrolid,2016,Free,", Indie, Strategy",Single&Multi-player,"windows, mac, linux"
"If On A Winter's Night, Four Travelers",2021,Free,Adventure,Single-player,"windows, linux"
Holo X Break,2024,Free,"Action, Casual, Indie",Single&Multi-player,windows
Aimtastic,2018,Free,"Action, Indie, ",Single-player,windows
Hades' Star,2019,Free,"Massively Multiplayer, Strategy, ",Multi-player,"windows, mac"
花妖物语/Flower girl,2021,Free,"Casual, Indie, RPG, Strategy, ",Single-player,windows
100 Ninja Cats,2024,Free,"Action, Adventure, Casual, Indie, RPG, Simulation, sports, Strategy, ",Single-player,windows
EverQuest,2012,Free,"Massively Multiplayer, RPG, ",Multi-player,windows
MICROVOLTS: Recharged,2023,Free,"Action, Casual, ",Single&Multi-player,windows
Miscrits: World of Creatures,2025,Free,"Adventure, Casual, Indie, RPG, Strategy, ",Single&Multi-player,"windows, mac, linux"
SOVL: Fantasy Warfare,2023,Free,"Indie, Strategy, ",Single&Multi-player,"windows, mac"
Your Chronicle,2021,Free,"RPG, ",Single-player,"windows, mac, linux"
Mr. Prepper: Prologue,2020,Free,"Action, Adventure, Indie, Simulation, ",Single-player,windows
Arisen Force: Life Devotee - Initial Ver.,2024,Free,"Action, Adventure, Indie, RPG, ",Single-player,windows
The Powder Toy,2024,Free,Simulation,Single-player,"windows, mac, linux"
Lily's Well,2022,Free,"Adventure, , Indie",Single-player,windows
Accounting (Legacy),2016,Free,"Adventure, Indie",Single-player,windows
StarSavior,2025,Free,"RPG, Simulation, Strategy, ",Single&Multi-player,windows
Open World Game: the Open World Game,2019,Free,"Adventure, , Indie, RPG, Simulation",Single-player,windows
You Will (Not) Remain,2022,Free,"Casual, , Indie, RPG",Single-player,windows
D1AL-ogue,2026,Free,"Casual, Indie, ",Single-player,windows
how do you Do It?,2015,Free,", Indie",Single-player,"windows, mac"
Wurm Online,2020,Free,"Adventure, , Indie, Massively Multiplayer, RPG",Multi-player,"windows, mac, linux"
Mighty Party,2017,Free,"Action, Adventure, Massively Multiplayer, RPG, Strategy, ",Single&Multi-player,windows
Texas Hold'em Poker: Pokerist,2025,Free,"Casual, Massively Multiplayer, Simulation, sports, Strategy, ",Single&Multi-player,"windows, mac"
WooLoop,2023,Free,"Casual, Indie, Simulation",Single-player,"windows, mac, linux"
Neon Boost,2019,Free,"Action, , Indie",Single-player,windows
Super Sus,2024,Free,"Action, Casual, RPG, Strategy, ",Multi-player,windows
SEPTEMBER 1999,2018,Free,Indie,Single-player,"windows, mac"
Aircar,2019,Free,"Casual, , Indie",Single-player,windows
Deadswitch 3,2021,Free,"Action, Casual, Indie, Strategy, ",Single&Multi-player,windows
The Elder Scrolls: Arena,2022,Free,"Action, RPG",Single-player,windows
Rock Life: The Rock Simulator,2022,Free,"Casual, Indie, Simulation",Single&Multi-player,"windows, mac"
Swallow the Sea,2021,Free,"Action, Adventure, Casual, , Indie",Single-player,"windows, linux"
HAWKEN REBORN,2023,Free,"Action, Adventure, , Early Access",Single&Multi-player,windows
Trick & Treat,2016,Free,"Adventure, Casual, , Indie",Single-player,windows
Ragnarok Online,2013,Free,"Massively Multiplayer, RPG, ",Single&Multi-player,windows
ChilloutVR,2021,Free,"Action, Casual, Indie, Massively Multiplayer, RPG, Simulation, Strategy, , Early Access",Multi-player,windows
Motorcycle Mechanic Simulator 2021: Prologue,2021,Free,"Casual, Indie, Racing, Simulation, ",Single-player,windows
Hello Neighbor Pre-Alpha,2019,Free,"Adventure, Indie, Strategy",Single-player,windows
OMFG: One Million Fatal Guns,2021,Free,"Action, ",Single-player,windows
Moonring,2023,Free,RPG,Single-player,"windows, mac"
Legend of Keepers: Prologue,2019,Free,", Indie, RPG, Strategy",Single-player,"windows, mac, linux"
"THE CUBE, SAVE US",2026,Free,"Action, Massively Multiplayer, ",Multi-player,windows
Rise of Eros,2023,Free,"Adventure, Massively Multiplayer, RPG, Strategy, ",Multi-player,windows
Epic Battle Fantasy 3,2016,Free,"Adventure, Indie, RPG, ",Single-player,windows
Nightmare House: The Original Mod,2024,Free,"Action, Adventure, Indie, ",Single-player,windows
Idle Skilling,2022,Free,"Casual, Indie, Simulation, ",Single-player,windows
SYNTHETIK: Arena,2019,Free,"Action, , Indie",Single&Multi-player,windows
Blood Spear,2021,Free,"Action, Adventure, Indie",Single-player,windows
Cookard,2024,Free,"Casual, Indie, Simulation, Strategy, ",Single-player,"windows, mac"
Dodgy Deliveries,2025,Free,"Action, Adventure, Casual, Indie, ",Single&Multi-player,windows
Cube Racer,2017,Free,"Action, Casual, Indie, Racing",Single&Multi-player,"windows, linux"
TREE,2018,Free,"Casual, , Indie",Single-player,windows
Smithworks,2022,Free,"Casual, , Indie",Single&Multi-player,"windows, mac"
Growtopia,2024,Free,"Action, Adventure, Casual, Massively Multiplayer, Simulation, Strategy, ",Single&Multi-player,windows
Warfork,2019,Free,"Action, Indie, RPG, , Early Access",Multi-player,"windows, mac, linux"
Marbles on Stream,2019,Free,"Casual, Massively Multiplayer, Racing, Simulation, ",Single&Multi-player,windows
Wrecked,2018,Free,"Action, , Massively Multiplayer, Racing, sports, Strategy",Multi-player,"windows, mac, linux"
Tiny Bunny: Prologue,2020,Free,"Adventure, Indie",Single-player,windows
Bouncemasters,2025,Free,"Action, Casual, Indie, ",Single-player,windows
Taora : Beginning,2023,Free,"Action, Adventure, RPG, Simulation",Single-player,windows
Zombie Gunship Survival,2021,Free,"Action, ",Single-player,windows
The Genesis Project,2022,Free,"Adventure, RPG, Simulation, , Early Access",Single&Multi-player,"windows, mac, linux"
Inferna,2019,Free,"Action, Adventure, Casual, Indie, Massively Multiplayer, RPG, sports, Strategy, , Early Access",Multi-player,"windows, mac"
Puzzle Pirates,2011,Free,"Adventure, Casual, Massively Multiplayer, Strategy, ",Single&Multi-player,"windows, mac"
Anarchy Arcade,2014,Free,"Casual, , Indie, Early Access",Single&Multi-player,windows
"Warhammer 40,000: Boltgun - Words of Vengeance",2025,Free,"Action, ",Single-player,windows
Operation: Tango - Friend Pass,2020,Free,"Adventure, Casual",Multi-player,windows
"OH MY GOD, LOOK AT THIS KNIGHT",2018,Free,"Action, Adventure, Indie, ",Single-player,windows
Kill or Love,2020,Free,"Casual, , Indie",Single-player,"windows, mac, linux"
Vampire's Fall 2,2026,Free,"Indie, RPG, ",Single&Multi-player,windows
Hamster Playground,2024,Free,"Casual, Indie, Racing, Simulation, ",Single&Multi-player,"windows, mac, linux"
Resonance of the Ocean,2022,Free,"Adventure, Casual, Indie",Single-player,"windows, mac"
Tales of Escape,2017,Free,"Adventure, Casual, Indie, ",Single&Multi-player,windows
METAL SLUG DEFENSE,2015,Free,"Action, ",Single&Multi-player,windows
Milky Way Idle,2025,Free,"Adventure, Casual, Indie, Massively Multiplayer, RPG, , Early Access",Single&Multi-player,windows
Seduce Me the Otome,2015,Free,"Casual, Simulation",Single-player,"windows, mac, linux"
Prime World: Defenders 2,2018,Free,", Massively Multiplayer, Strategy",Single&Multi-player,windows
Kill It With Fire: HEATWAVE,2020,Free,"Action, Casual, Indie, Simulation",Single-player,windows
Zombie Defense,2016,Free,"Action, Casual, Indie, Strategy, ",Single-player,"windows, mac, linux"
Lurk in the Dark : Prologue,2019,Free,"Action, , Indie",Single-player,windows
Dominion,2024,Free,Strategy,Single&Multi-player,windows
Flower girl 2,2022,Free,"Casual, Indie, ",Single-player,windows
The Braves,2024,Free,"Action, Casual, Indie, RPG, ",Single-player,"windows, mac"
Bendy: Secrets of the Machine,2024,Free,"Action, Adventure, Casual, Indie",Single-player,windows
Beecarbonize,2023,Free,"Action, Simulation, Strategy",Single-player,"windows, mac"
The Spike Cross,2025,Free,"Action, Casual, Indie, Simulation, sports, ",Single&Multi-player,windows
SWAT Commander: Prologue,2025,Free,Action,Single&Multi-player,windows
Drakensang Online,2023,Free,"Action, Adventure, Massively Multiplayer, RPG, ",Single&Multi-player,windows
Impact Point,2022,Free,"Action, Indie, ",Multi-player,windows
Idling to Rule the Gods,2016,Free,"Casual, Indie, Simulation, Strategy, ",Single-player,"windows, mac, linux"
100 Istanbul Cats,2024,Free,"Action, Casual, Indie, RPG, Simulation, ",Single-player,windows
Chex Quest HD,2020,Free,"Action, , Indie",Single&Multi-player,"windows, mac"
last seen online,2024,Free,"Indie, Simulation, ",Single-player,"windows, mac"
The Monster Inside,2017,Free,", Indie",Single-player,"windows, mac, linux"
100 Dino Cats,2024,Free,"Action, Adventure, Casual, Indie, Simulation, sports, Strategy, ",Single-player,windows
Pyroworks,2023,Free,"Casual, Indie, Simulation, ",Single&Multi-player,windows
Vigil,2025,Free,"Action, Adventure, Indie, ",Single-player,windows
Grapple,2022,Free,"Action, Casual, Indie, Racing, Strategy, ",Single-player,windows
The Life and Suffering of Sir Brante — Chapter 1&2,2020,Free,"Adventure, Indie, RPG, Simulation, Strategy, ",Single-player,windows
战姬军团,2023,Free,"Action, Adventure, Casual, Massively Multiplayer, RPG, Simulation, Strategy, ",Single&Multi-player,windows
Flash Party,2023,Free,"Action, ",Single&Multi-player,windows
100 Aliens Cats,2024,Free,"Action, Adventure, Casual, Indie, sports, ",Single-player,windows
Without Within,2015,Free,", Indie",Single-player,"windows, mac, linux"
It gets so lonely here,2023,Free,Indie,Single-player,"windows, mac, linux"
ANOTHER EDEN,2021,Free,"RPG, ",Single-player,windows
Eternal Edge+ Prologue,2022,Free,"Action, Adventure, RPG",Single-player,windows
Maurice: In The Predator's Nest,2022,Free,"Action, Adventure, Casual, Indie, ",Single&Multi-player,windows
Horizon Walker,2025,Free,"RPG, Simulation, ",Single-player,windows
Beer Factory - Prologue,2023,Free,"Indie, Simulation, ",Single-player,windows
Gridiron,2020,Free,"Action, sports, , Early Access",Multi-player,windows
A Date in the Park,2016,Free,Adventure,Single-player,windows
Banana & Cucumber,2024,Free,"Casual, Indie, ",Single-player,windows
Dreamland,2025,Free,"Adventure, Casual, Indie, RPG, ",Single-player,windows
United heist,2023,Free,"Adventure, Indie, ",Multi-player,windows
Cooking Live - Italian Kitchen Simulator,2023,Free,"Casual, Simulation, ",Single-player,"windows, mac"
There is No GreenDam,2019,Free,"Adventure, Casual, , Indie, RPG",Single-player,windows
FarmD,2021,Free,"Casual, Indie, Simulation, , Early Access",Single-player,windows
Krypta FM,2024,Free,"Adventure, Indie, ",Single-player,windows
Arid,2021,Free,"Action, Adventure, Simulation",Single-player,windows
Project Torque - Free 2 Play MMO Racing Game,2019,Free,", Massively Multiplayer, Racing",Single&Multi-player,windows
Anonymous Hacker Simulator: Prologue,2023,Free,"Indie, Simulation",Single-player,windows
Animal Shelter: Prologue,2021,Free,"Adventure, Casual, Indie, Simulation, Strategy",Single-player,windows
Hellbound: Survival Mode,2019,Free,"Action, Indie, ",Single-player,windows
Dragon's Dogma 2 Character Creator & Storage,2024,Free,,Single-player,windows
The Happyhills Homicide,2024,Free,"Adventure, Indie, ",Single-player,windows
Paint Warfare,2022,Free,"Action, Casual, Indie, Massively Multiplayer, Simulation, sports, Strategy, ",Single&Multi-player,"windows, mac, linux"
Shelter 69 🔞[ADULT NSFW],2022,Free,"Casual, RPG, ",Single-player,windows
At Home Alone,2018,Free,"Adventure, Casual, , Indie, RPG, Simulation, Strategy",Single-player,windows
Escape the Game,2016,Free,"Adventure, , Indie",Single-player,windows
Run Zeus Run,2017,Free,"Adventure, Casual, , Indie",Single-player,"windows, mac, linux"
Electrician Simulator - First Shock,2022,Free,"Adventure, Casual, Indie, Simulation",Single-player,windows
Eronoctosis: Put Yourself Together,2021,Free,"Action, Adventure, Indie, ",Multi-player,windows
Star Crusade CCG,2016,Free,"Casual, , Massively Multiplayer, Strategy",Single&Multi-player,windows
Ye Guild Clerk!,2025,Free,"Casual, Indie, Simulation, ",Single-player,windows
The Darkest Tales — Into the Nightmare,2021,Free,"Action, Adventure, Casual, Indie, RPG, Simulation, ",Single-player,windows
Genesis Online,2015,Free,"Action, ",Multi-player,windows
Oasis VR,2020,Free,"Adventure, Casual, , Indie, Massively Multiplayer, RPG, Simulation, sports",Single&Multi-player,windows
Above Snakes: Prologue,2023,Free,"Adventure, RPG, Simulation",Single-player,windows
Nothing Together,2024,Free,"Action, Adventure, Casual, Racing, Simulation, ",Single&Multi-player,windows
Disturbed,2016,Free,"Adventure, Casual, , Indie, Simulation",Single-player,"windows, mac, linux"
Idle Fishing,2024,Free,"Casual, Indie, RPG, Simulation",Single-player,windows
Aviators,2024,Free,"Adventure, ",Single-player,windows
DYO,2018,Free,Indie,Single&Multi-player,windows
Idle Spiral,2022,Free,"Casual, Indie, Simulation, Strategy, ",Single-player,windows
World War Legion,2025,Free,"Action, ",Multi-player,"windows, mac, linux"
Shadow Fight Arena,2025,Free,"Action, Massively Multiplayer, RPG, Early Access",Single&Multi-player,windows
Coloring Game 4,2021,Free,"Casual, Indie, ",Single-player,windows
Idle Research,2022,Free,"Adventure, Casual, , Indie, Simulation, Strategy, Early Access",Single-player,"windows, mac, linux"
Minds Eyes,2016,Free,"Action, Adventure, , Indie",Single-player,windows
Lights Off!,2022,Free,"Adventure, Casual, ",Single-player,windows
Hello Neighbor Alpha 3,2019,Free,"Adventure, Indie, Strategy",Single-player,windows
Battle Nations,2014,Free,"Casual, Indie, Simulation, Strategy, ",Single&Multi-player,"windows, mac, linux"
Mr. Hopp's Playhouse,2019,Free,", Indie, Strategy",Single-player,windows
Crisis: The Third Way,2025,Free,"Adventure, Casual, Indie, ",Single-player,windows
Myrmidon,2025,Free,"Adventure, Indie, ",Multi-player,windows
Cats and Seek: Osaka,2023,Free,"Casual, Indie",Single-player,"windows, linux"
Off-Peak,2016,Free,"Adventure, Indie, ",Single-player,"windows, mac, linux"
Come with Me,2021,Free,"Action, Adventure, Casual, Indie, RPG, ",Multi-player,windows
Picross Touch,2016,Free,"Casual, , Indie, Strategy",Single-player,"windows, mac, linux"
Warface,2025,Free,"Action, ",Multi-player,windows
Drift Legends 2,2025,Free,"Action, Racing, Simulation, sports, ",Single&Multi-player,"windows, linux"
Eldevin,2014,Free,"Casual, Indie, Massively Multiplayer, RPG, ",Multi-player,"windows, mac, linux"
Zombidle : REMONSTERED,2017,Free,"Casual, , Indie, Strategy",Single-player,windows
Soldat,2020,Free,"Action, Indie, ",Single&Multi-player,windows
I MAED A GAM3 W1TH Z0MB1ES 1N IT!!!1,2021,Free,"Action, Casual, , Indie",Single&Multi-player,"windows, linux"
Duelyst II,2022,Free,"Indie, Strategy, ",Single&Multi-player,"windows, mac, linux"
Dev Guy,2015,Free,"Adventure, , Indie",Single-player,windows
ONRAID,2017,Free,"Action, , Indie, Massively Multiplayer, Strategy",Single&Multi-player,"windows, mac, linux"
A Taste of the Past,2022,Free,"Adventure, Casual, , Indie",Single-player,windows
Warplanes: WW2 Dogfight,2019,Free,"Action, Indie, ",Single-player,"windows, mac, linux"
404Sight,2015,Free,"Action, Indie",Single-player,windows
Jigoku Kisetsukan: Sense of the Seasons,2015,Free,", Indie",Single-player,windows
Innocence Or Money Season 1 - Episodes 1 to 3,2022,Free,Adventure,Single-player,"windows, linux"
Micro Platformer,2020,Free,", Indie, Early Access",Single-player,windows
Idle Wizard,2019,Free,"Indie, ",Single-player,"windows, mac, linux"
Summerland,2020,Free,"Adventure, Indie, ",Single-player,windows
SWORD OF JUSTICE,2025,Free,"Action, Massively Multiplayer, RPG, ",Multi-player,windows
Fog Of War - Free Edition,2018,Free,"Action, Indie, Massively Multiplayer",Multi-player,windows
Sprout,2018,Free,"Adventure, Casual, , Indie, Strategy",Single-player,"windows, mac"
Get Off My Lawn!,2014,Free,"Casual, Indie, ",Single-player,windows
Uncharted Waters Origin,2023,Free,"Adventure, Massively Multiplayer, RPG, Simulation, Strategy, ",Multi-player,windows
Mushroom Cats,2019,Free,"Adventure, Casual, , Indie",Single-player,windows
Bloodline Champions,2011,Free,"Action, , Massively Multiplayer",Single&Multi-player,windows
The Lost Mythologies,2016,Free,"Action, ",Single-player,windows
Metal Waltz: Anime tank girls,2017,Free,"Adventure, RPG, Simulation, Strategy",Multi-player,windows
Sniper 3D Assassin: Free to Play,2018,Free,"Action, Adventure, Casual, , Indie, RPG, Simulation, Strategy",Single-player,"windows, mac"
Desert Bus VR,2017,Free,"Casual, , Simulation",Single&Multi-player,windows
垃圾桶军团,2024,Free,"Casual, Indie",Single-player,windows
Thief Simulator 2: Prologue,2023,Free,"Action, Indie, Simulation",Single-player,windows
Urbek City Builder: Prologue,2022,Free,"Simulation, Strategy, ",Single-player,windows
Durka Simulator,2023,Free,"Indie, Simulation, ",Single-player,"windows, linux"
Territory Idle,2019,Free,", Indie, Strategy",Single-player,windows
Passing Pineview Forest,2014,Free,"Action, Adventure, Indie",Single-player,windows
Dwarfs - F2P,2012,Free,"Casual, , Indie, Strategy",Single-player,"windows, mac"
Allods Online RU,2016,Free,"Action, Massively Multiplayer, RPG, ",Multi-player,windows
Blackjack Championship,2020,Free,", Indie, Massively Multiplayer, sports",Multi-player,"windows, mac"
SlipSlop: World's Hardest Platformer Game,2019,Free,"Action, , Indie, Strategy, Early Access",Single-player,"windows, linux"
LoveBeat,2016,Free,"Action, Casual, Massively Multiplayer, ",Multi-player,windows
Mushy,2022,Free,"Action, Adventure, Casual, , Indie",Multi-player,"windows, mac"
Bakso Simulator,2022,Free,"Casual, Simulation, ",Single-player,windows
Pact with a witch,2019,Free,"Adventure, Casual, Indie, RPG, , Early Access",Single-player,"windows, mac, linux"
Magic Rampage,2022,Free,"Action, Adventure, Indie, RPG",Single&Multi-player,windows
Return to campus,2025,Free,"Casual, Indie, Simulation, ",Single-player,windows
Arena of Kings,2021,Free,"Action, , Massively Multiplayer, RPG, Strategy",Multi-player,windows
Terroro,2024,Free,,Single-player,windows
Stray Cats in Cozy Town,2024,Free,"Casual, Indie, ",Single-player,"windows, linux"
The Forgotten Ones,2014,Free,"Action, Adventure, , Indie",Single-player,"windows, mac, linux"
NERTS! Online,2021,Free,"Action, Casual, , Indie",Multi-player,"windows, mac, linux"
100 March Cats,2024,Free,"Adventure, Casual, Indie, ",Single-player,windows
Catgirl,2025,Free,"Adventure, Indie, RPG, ",Single-player,"windows, mac"
100 Funny Cats,2024,Free,"Adventure, Casual, Indie, Simulation, ",Single-player,windows
Oxygen: First Breath,2022,Free,"Indie, Simulation, Strategy, ",Single-player,windows
UNLIGHT:Revive,2024,Free,"RPG, ",Single&Multi-player,"windows, mac, linux"
Alone in the Dark Prologue,2023,Free,Adventure,Single-player,windows
Pocket Waifu: Desktop Pet,2024,Free,"Casual, Indie, ",Single-player,windows
Zoo 2: Animal Park,2020,Free,"Casual, Simulation, ",Single-player,windows
Kill It With Fire: Ignition,2020,Free,"Action, Casual, Indie, Simulation",Single-player,windows
They Can't Stop All Of Us,2019,Free,"Action, , Indie, Strategy",Multi-player,windows
Homicipher: Demo,2023,Free,"Adventure, Indie",Single-player,"windows, mac"
Shadow Warrior Classic (1997),1997,Free,Action,Single-player,"windows, mac"
Escape Memoirs: Questionable Side Stories,2023,Free,"Adventure, Casual, Indie",Single&Multi-player,windows
Incremental Epic Hero 2,2025,Free,"Adventure, Casual, Indie, RPG, Simulation, Strategy, ",Single-player,"windows, mac"
Rebel Forces,2018,Free,"Action, Indie, ",Single&Multi-player,windows
TrenchesWIP,2019,Free,"Action, , Early Access",Multi-player,windows
FreestyleFootball R,2022,Free,"Action, Casual, Massively Multiplayer, RPG, sports, ",Multi-player,windows
Escape From School,2021,Free,"Action, Adventure, , Indie",Single&Multi-player,windows
Rise of Legions,2019,Free,"Casual, Indie, Strategy, ",Single&Multi-player,windows
Holyday City: Reloaded,2018,Free,"Casual, Indie, ",Single-player,"windows, mac, linux"
Bloody Painter Dating Sim,2024,Free,"Indie, RPG, Simulation, ",Single-player,windows
Warzone 2100,2020,Free,", Strategy",Single&Multi-player,windows
Faaast Penguin,2024,Free,"Action, Casual, Racing, sports, ",Single&Multi-player,windows
Battle Tanks: World War II,2019,Free,"Action, Casual, Massively Multiplayer, Simulation, Strategy, ",Multi-player,"windows, mac, linux"
Pew Dew Redemption,2019,Free,"Action, Adventure, , Indie",Single-player,windows
Aperture Hand Lab,2019,Free,Adventure,Single-player,windows
Rabbit Hole,2024,Free,"Action, Adventure, Indie, ",Single-player,windows
Lovers of Aether,2019,Free,"Casual, Indie, Simulation",Single-player,"windows, mac"
Gunsmith Simulator: Prologue,2023,Free,Simulation,Single-player,windows
Project F,2023,Free,"Action, Early Access",Multi-player,windows
Gun Devil,2022,Free,"Action, Adventure, Indie, ",Single-player,windows
Cadria Item Shop,2018,Free,"Casual, Indie, RPG, Simulation, ",Single&Multi-player,windows
Zardy's Maze,2021,Free,"Action, Indie, Strategy, ",Single-player,"windows, mac"
Dis The Game,2021,Free,,Single-player,"windows, mac, linux"
NGU INDUSTRIES,2021,Free,", Indie, Early Access",Single-player,"windows, mac"
Postmouse,2023,Free,"Adventure, , Indie",Single-player,windows
Mist Legacy,2022,Free,"Indie, Massively Multiplayer, RPG, ",Multi-player,"windows, mac, linux"
Welcome to Free Will - Episode 1,2021,Free,"Adventure, Indie, ",Single-player,"windows, linux"
Frosty Kiss,2016,Free,"Adventure, Casual, , Indie",Single-player,"windows, linux"
"South Scrimshaw, Part One",2023,Free,"Casual, Indie",Single-player,"windows, linux"
Fallen Arena,2025,Free,"Action, Casual, ",Multi-player,windows
Gladiator Guild Manager: Prologue,2020,Free,"Indie, Simulation, Strategy",Single-player,windows
Car Dealer Simulator: Prologue - Early Days,2025,Free,"Casual, Indie, Simulation, Strategy, ",Single-player,windows
Bloons Card Storm,2024,Free,"Strategy, ",Single&Multi-player,"windows, mac"
Life Makeover,2023,Free,"Casual, Simulation",Single&Multi-player,windows
Chess for idiots,2024,Free,"Casual, Indie, Strategy, Early Access",Multi-player,windows
Ultimate Tic-Tac-Toe,2015,Free,"Casual, ",Single&Multi-player,windows
Knell of St. Godhrkar,2021,Free,"Adventure, Indie, RPG, Simulation, Strategy, ",Single-player,"windows, mac"
Enemy On Board,2020,Free,"Action, Casual, , Indie, Early Access",Multi-player,windows
Different Strokes,2022,Free,"Indie, Massively Multiplayer, ",Single&Multi-player,windows
Dirty League 🔞,2024,Free,"Adventure, RPG, ",Single&Multi-player,windows
He Needs His Medicine,2021,Free,"Action, Adventure, Casual, Indie, RPG, Simulation, ",Single-player,"windows, mac, linux"
Bombix,2018,Free,"Action, RPG, Strategy",Single&Multi-player,windows
Coloring Game 3,2020,Free,"Casual, Indie, ",Single-player,windows
Soak & Splash,2024,Free,"Action, Adventure, Indie, Massively Multiplayer, ",Multi-player,windows
BombTag,2018,Free,"Casual, , Indie",Multi-player,windows
memories,2023,Free,"Adventure, Casual, Indie, Simulation, ",Single-player,"windows, mac"
Runes of Magic,2018,Free,"Action, Adventure, Massively Multiplayer, RPG, ",Multi-player,windows
Police Stories: The Academy,2022,Free,"Action, , Indie, Simulation, Strategy",Single&Multi-player,windows
Kebab Simulator: Prologue,2023,Free,"Casual, , Indie, RPG, Simulation",Single-player,windows
Klaus Veen's Treason,2023,Free,"Action, Casual, Indie, RPG, Strategy, ",Multi-player,"windows, linux"
Bakery Magnate: Beginning,2020,Free,"Indie, Simulation, ",Single-player,windows
Spiral Clicker,2018,Free,"Indie, Early Access",Single-player,windows
Reminiscence,2025,Free,"Indie, RPG",Single-player,"windows, mac, linux"
Bloody Walls,2016,Free,"Action, , Indie",Single-player,windows
Dragon Saga,2015,Free,"Action, Adventure, Casual, Massively Multiplayer, Racing, RPG, ",Single&Multi-player,windows
枝江畔之梦,2022,Free,"Casual, ",Single-player,windows
Star Trek Timelines,2017,Free,"Adventure, RPG, Strategy, ",Multi-player,windows
Duet Night Abyss,2026,Free,"Action, RPG, ",Multi-player,windows
Idle Clans,2023,Free,"Casual, Indie, Massively Multiplayer, RPG, , Early Access",Single&Multi-player,"windows, mac"
BustyBiz,2020,Free,"Casual, RPG, Simulation, ",Single-player,windows
NOeSIS01_诉说谎言记忆物语,2020,Free,"Casual, Indie, RPG, ",Single-player,windows
Rushdown Revolt,2020,Free,"Action, Adventure, Indie, sports",Single&Multi-player,"windows, linux"
Spellsworn,2018,Free,"Action, Indie, ",Multi-player,"windows, linux"
NEKOPALIVE,2016,Free,"Casual, ",Single-player,windows
Trapped with Jester,2022,Free,"Adventure, Indie, ",Single-player,"windows, mac, linux"
Resonite,2023,Free,"Casual, Indie, , Early Access",Single&Multi-player,windows
Touhou Fantasia / 东方梦想曲,2019,Free,"Action, Indie, ",Single-player,windows
Sex Coach: Hot Yoga - Prologue,2024,Free,"Adventure, RPG, Simulation, ",Single-player,windows
Global Strike,2023,Free,"Action, Massively Multiplayer, ",Multi-player,windows
Blind Trust,2016,Free,"Adventure, , Indie",Multi-player,windows
One Troll Army,2016,Free,"Casual, Indie, Strategy",Single&Multi-player,"windows, mac"
Vectorio Classic,2021,Free,"Casual, Indie, Strategy",Single&Multi-player,"windows, mac, linux"
Play Together,2025,Free,,Multi-player,"windows, mac"
狐の旅路,2020,Free,", Indie, RPG",Single-player,windows
pla_toon,2018,Free,"Action, , Indie, Early Access",Single&Multi-player,"windows, mac"
CaesarIA,2015,Free,", Indie, Strategy, Early Access",Single-player,"windows, mac, linux"
Aberoth,2015,Free,"Action, Adventure, , Indie, Massively Multiplayer, RPG",Multi-player,"windows, mac, linux"
Industry Idle,2024,Free,"Indie, Simulation, Strategy, ",Single&Multi-player,"windows, mac, linux"
Shooty Skies,2018,Free,"Action, , Indie",Single-player,"windows, mac, linux"
Cafe Owner Simulator: Prologue,2022,Free,"Indie, Simulation, ",Single-player,windows
Scratch Inc.,2025,Free,"Casual, Simulation, Strategy, ",Single-player,"windows, mac"
Among Ripples,2015,Free,"Casual, , Indie, Simulation",Single-player,"windows, mac, linux"
Wires And Whiskers,2025,Free,"Action, Adventure, Casual, Indie, ",Multi-player,windows
TRY AGAIN,2023,Free,"Action, , Indie",Single-player,windows
Unsung Warriors - Prologue,2019,Free,"Action, Adventure, Indie, ",Single&Multi-player,"windows, mac, linux"
Einar,2017,Free,"Action, Casual, Indie, Strategy, ",Single-player,windows
Trimps,2022,Free,"Casual, , Indie, Strategy",Single-player,windows
fishy,2021,Free,"Casual, , Indie, Simulation",Single-player,"windows, mac, linux"
Angeldust,2019,Free,"Action, Casual, Indie, Massively Multiplayer, RPG, ",Single&Multi-player,"windows, mac, linux"
FPS Game: Dev Test,2022,Free,"Action, , Indie",Single&Multi-player,windows
CosmicBreak Universal,2021,Free,"Action, Massively Multiplayer, RPG, ",Multi-player,windows
Fap Queen,2018,Free,"Casual, , Indie",Single-player,windows
Be Funny Now!,2022,Free,Casual,Multi-player,windows
Heroine's Quest: The Herald of Ragnarok,2014,Free,"Adventure, Indie, RPG, ",Single-player,"windows, mac, linux"
Halls of Torment: Prelude,2023,Free,"Action, Casual, Indie, RPG",Single-player,"windows, linux"
Buriedbornes - Dungeon RPG,2022,Free,"RPG, ",Single&Multi-player,windows
ETHYRIAL,2023,Free,"Adventure, Indie, Massively Multiplayer, RPG",Multi-player,windows
Phobies,2022,Free,"Indie, Strategy, ",Multi-player,windows
Garbage: Hobo Prophecy,2021,Free,"Indie, Simulation, Strategy",Single-player,"windows, mac"
Nin Online,2025,Free,"Action, Adventure, Indie, Massively Multiplayer, RPG, , Early Access",Multi-player,windows
像素女友,2020,Free,"Adventure, Casual, Indie, RPG, Simulation",Single-player,windows
Khimera: Destroy All Monster Girls,2016,Free,"Action, Adventure, , Indie",Single-player,windows
Trials on Tatooine,2016,Free,Action,Single-player,windows
Perspective,2021,Free,"Casual, Indie, Strategy",Single&Multi-player,windows
EMPTY SHELL: PROLOGUE,2023,Free,"Action, Adventure, Indie, ",Single-player,windows
Spellweaver,2016,Free,", Indie, Massively Multiplayer, Strategy",Single&Multi-player,windows
Dragon And Home,2021,Free,"Adventure, Casual, Indie, Massively Multiplayer, RPG, Simulation, ",Multi-player,windows
My Sticker Book,2022,Free,"Adventure, Indie, ",Single-player,windows
中华三国志 the Three Kingdoms of China,2019,Free,"Indie, Strategy, ",Single-player,windows
Mecharashi,2025,Free,"RPG, Strategy, ",Single&Multi-player,windows
Jerma's Big Adventure,2021,Free,"Action, Adventure, , Indie",Single-player,windows
Global City,2021,Free,"Casual, Massively Multiplayer, RPG, Simulation, Strategy, ",Single&Multi-player,windows
Crystal Clash,2022,Free,"Action, Casual, Strategy, ",Single&Multi-player,windows
Marvel Contest of Champions,2025,Free,"Action, RPG, ",Single&Multi-player,windows
Destination Sol,2015,Free,"Action, Indie, RPG, ",Single-player,"windows, mac, linux"
Dark Fracture: Prologue,2020,Free,"Action, Adventure, Indie, Simulation, ",Single-player,windows
Darkenstein 3D,2025,Free,"Action, Adventure",Single-player,windows
You Have 10 Seconds,2016,Free,", Indie",Single-player,windows
Granado Espada,2017,Free,"Massively Multiplayer, RPG, ",Multi-player,windows
Karos,2014,Free,"Massively Multiplayer, RPG, ",Multi-player,windows
My succubus Kukula,2024,Free,"Casual, Indie, Simulation, ",Single-player,windows
Fruit Postal Service,2019,Free,"Casual, , Racing",Multi-player,windows
Mythgard,2020,Free,"Casual, , Indie, Strategy",Single&Multi-player,"windows, mac"
"Shardbound: Forge Your Path, Master Your Strategy",2017,Free,"Action, Indie, Strategy, , Early Access",Multi-player,windows
雀皇麻雀,2022,Free,"Casual, , Strategy",Single&Multi-player,windows
Pleh!,2023,Free,"Adventure, , Indie",Single-player,windows
Crypto Miner Tycoon Simulator Starter Edition,2023,Free,Simulation,Single-player,windows
SKYE,2020,Free,"Adventure, Casual, , Indie, Racing",Single-player,windows
Paradise Cleaning!,2018,Free,"Action, Casual, ",Single-player,windows
URBO: Dream One,2023,Free,"Indie, Strategy",Single-player,windows
EarthKart: Google Maps Driving Simulator,2023,Free,"Action, Adventure, Casual, Racing, Simulation, ",Single&Multi-player,"windows, mac"
All Is Dust,2015,Free,"Adventure, ",Single-player,windows
My Friend is a Raven,2020,Free,"Adventure, Casual, Indie, RPG, ",Single-player,windows
Adolescent Santa Claus,2018,Free,"Adventure, Casual, Indie, ",Single-player,windows
A Space For The Unbound - Prologue,2020,Free,"Adventure, Indie",Single-player,windows
花火与幽灵少女 - Hanabi and Ghost girl,2025,Free,"Adventure, Indie, RPG, ",Single-player,windows
Maximum Football,2025,Free,"Simulation, sports, ",Single&Multi-player,windows
Underworld Idle,2023,Free,"Indie, Strategy, ",Single-player,windows
CUPID - A free to play Visual Novel,2016,Free,", Indie, RPG, Simulation",Single-player,"windows, mac, linux"
AX:EL - Air XenoDawn,2015,Free,"Action, Indie, Simulation",Single&Multi-player,windows
BEAN,2025,Free,"Action, Casual",Single&Multi-player,windows
StarBreak,2016,Free,"Action, , Indie, Massively Multiplayer",Multi-player,"windows, mac, linux"
Obama Maze,2022,Free,"Casual, Indie, , Early Access",Single-player,windows
Color Symphony,2014,Free,"Action, Indie, ",Single-player,windows
BLACK STIGMA,2025,Free,"Action, Indie, , Early Access",Multi-player,windows
Astrometica: Prologue,2024,Free,"Action, Adventure, Indie, ",Single-player,windows
Mansions of Madness,2016,Free,"Adventure, Strategy",Single&Multi-player,"windows, mac"
theBlu,2022,Free,"Adventure, Casual, Indie, Simulation",Single-player,windows
SEXTS,2023,Free,"Casual, Indie, ",Single-player,windows
Beavers Be Dammed,2018,Free,"Casual, Indie, Simulation, Early Access",Multi-player,"windows, mac, linux"
Port of Call,2015,Free,"Adventure, Indie",Single-player,"windows, mac"
Toy Shire: Room One,2024,Free,"Action, Strategy, ",Single-player,windows
SimRail - The Railway Simulator: Prologue,2021,Free,Simulation,Single-player,windows
High Entropy: Challenges,2020,Free,"Action, Adventure, Indie, ",Single-player,windows
Check it Out!,2022,Free,"Casual, , Indie, Simulation",Single-player,"windows, mac"
Voices from the Sea,2015,Free,"Adventure, Casual, Indie, ",Single-player,windows
100 Space Cats,2024,Free,"Action, Adventure, Casual, Indie, RPG, Simulation, sports, Strategy, ",Single-player,windows
Might & Magic Fates - Heroes TCG,2026,Free,"RPG, Strategy, , Early Access",Single&Multi-player,windows
Jigsaw Puzzle Dreams,2021,Free,"Casual, Indie, ",Single&Multi-player,windows
The Flood,2018,Free,"Adventure, Casual, Indie, ",Single-player,"windows, mac, linux"
Havoc,2024,Free,"Action, Indie, ",Multi-player,windows
Strike.is: The Game,2016,Free,"Action, Massively Multiplayer, ",Single&Multi-player,"windows, mac"
Joe 'n Jo,2024,Free,"Adventure, Casual, Indie, ",Single&Multi-player,windows
Double Shoulders,2025,Free,"Action, Adventure, ",Multi-player,windows
Pickle Clicker,2022,Free,"Casual, Indie, , Early Access",Single-player,windows
Alpha League,2024,Free,"Casual, Indie, RPG, Simulation, Strategy, ",Multi-player,"windows, linux"
this game will end in 205 clicks.,2025,Free,"Indie, ",Single-player,"windows, mac, linux"
Fausts Alptraum,2017,Free,"Adventure, Indie, ",Single-player,windows
cyberpunkdreams,2021,Free,"Indie, RPG, ",Single-player,"windows, linux"
Darza's Dominion,2022,Free,"Action, Adventure, Massively Multiplayer, RPG",Multi-player,windows
Idle Monster TD: Evolved,2022,Free,"Casual, Indie, Strategy, ",Single-player,"windows, mac"
Car Detailing Simulator: Prologue,2021,Free,"Indie, Simulation",Single-player,windows
Holodrive,2021,Free,"Action, Indie, ",Multi-player,windows
Egg Surprise,2024,Free,"Casual, Simulation, ",Single&Multi-player,"windows, mac, linux"
The Average Everyday Adventures of Samantha Browne,2016,Free,"Casual, , Indie",Single-player,"windows, mac, linux"
My boss is weird,2021,Free,"Casual, Indie, ",Single-player,windows
Champions of Regnum,2013,Free,", Indie, Massively Multiplayer, RPG",Multi-player,"windows, mac, linux"
Onigiri,2019,Free,"Action, Adventure, Massively Multiplayer, RPG, ",Multi-player,windows
Trophy Fishing 2,2017,Free,"Simulation, sports, ",Multi-player,windows
The Call of Karen,2020,Free,"Casual, , Indie, Simulation",Single-player,windows
Ultra Fight Da ! Kyanta 2,2019,Free,"Action, , Indie, Early Access",Single&Multi-player,windows
SinVR,2018,Free,"Simulation, ",Single-player,windows
Stormbound,2018,Free,"Indie, Strategy, ",Multi-player,"windows, mac"
Dark Roll: Free Kick Challenge,2021,Free,"Casual, Indie, Simulation, sports, ",Single&Multi-player,windows
TM - Prologue,2021,Free,"Indie, Simulation, Strategy",Single-player,"windows, mac"
永冻之壳 The Shell of Permafrost,2018,Free,"Casual, Indie, RPG, ",Single-player,windows
Deconstruction Simulator: Prologue,2025,Free,"Indie, RPG, Simulation, ",Single-player,windows
Split or Steal,2020,Free,"Casual, , Simulation",Multi-player,windows
Second Galaxy,2019,Free,", Massively Multiplayer, RPG, Strategy",Multi-player,windows
King of Kinks,2022,Free,"RPG, Strategy, ",Single-player,windows
Haunted Gas Station,2019,Free,"Casual, , Indie",Single-player,windows
Tales of Rein Ravine,2024,Free,"Adventure, Indie, sports, , Early Access",Single-player,windows
Sigils of Elohim,2014,Free,"Casual, Indie, Strategy, ",Single-player,"windows, mac, linux"
Monster Hunter Rise: Sunbreak Demo,2022,Free,Action,Single&Multi-player,windows
BACKROOMS NO RETURN: Prologue,2024,Free,"Action, Adventure, ",Single&Multi-player,windows
Warhammer: Chaos And Conquest,2019,Free,", Massively Multiplayer, Simulation, Strategy",Multi-player,"windows, mac"
Clown House (Palyaço Evi),2015,Free,"Action, Indie, ",Single-player,"windows, mac, linux"
Classic Marathon,2024,Free,Action,Single&Multi-player,"windows, mac, linux"
Light Bearers,2018,Free,"Action, Casual, Indie, ",Multi-player,windows
Liquidators,2020,Free,"Adventure, Indie, Simulation, ",Single-player,windows
daydream 白日夢,2022,Free,"Casual, , RPG",Single-player,windows
Watermelon Game,2023,Free,"Casual, Indie, Simulation, Strategy",Single&Multi-player,"windows, linux"
Grand Fantasia : ORIGIN,2024,Free,"Action, Adventure, Massively Multiplayer, RPG, ",Multi-player,windows
SuperTux,2022,Free,"Action, Casual, , Early Access",Single-player,"windows, mac, linux"
Hell Wedding 夜嫁,2020,Free,Indie,Single-player,windows
Finn Dorset's Institute For Livestock Replication,2024,Free,"Simulation, ",Single-player,windows
Aircraft Carrier Survival: Tutorial,2021,Free,"Action, Simulation",Single-player,windows
Cats and Seek: Kyoto,2024,Free,"Casual, Indie, ",Single-player,"windows, linux"
Obama,2022,Free,Adventure,Single&Multi-player,windows
冬日树下的回忆,2023,Free,"Casual, Indie, RPG",Single-player,"windows, mac, linux"
Kinoko,2020,Free,"Adventure, Casual, , Indie",Single-player,windows
Big Bang Empire,2016,Free,"Adventure, Casual, Indie, Massively Multiplayer, RPG, Strategy, ",Single&Multi-player,windows
Travellin Cats in Christmas,2024,Free,"Casual, Indie, ",Single-player,windows
Burg,2022,Free,"Action, Casual, , Indie",Multi-player,windows
Hobs,2019,Free,", Indie, Strategy, Early Access",Multi-player,windows
Wolvesville,2023,Free,"Casual, Indie, Strategy, ",Multi-player,windows
War Rock,2019,Free,"Action, Casual, , Massively Multiplayer",Multi-player,windows
FIND KITTENS: The last of cats,2024,Free,"Casual, Indie, ",Single-player,"windows, mac, linux"
Saturn,2024,Free,"RPG, ",Single-player,windows
DOTOKOI / 像素男友,2019,Free,"Casual, Indie, RPG",Single-player,windows
Habbo Hotel: Origins,2025,Free,"Massively Multiplayer, ",Multi-player,"windows, mac"
M.A.R.S.,2021,Free,"Action, Massively Multiplayer, ",Multi-player,windows
The Mammoth: A Cave Painting,2017,Free,"Action, Adventure, Casual, Indie",Single-player,"windows, mac, linux"
Galaxy Idle Clicker,2025,Free,"Casual, Indie, Simulation, ",Single-player,windows
One Thousand Lies,2016,Free,"Casual, , Simulation",Single-player,"windows, mac, linux"
Hog Hunter 2021,2021,Free,"Action, , Indie",Single-player,windows
100 Doors Game - Escape from School,2020,Free,"Adventure, Casual, ",Single-player,"windows, mac"
Second Chance,2020,Free,"Indie, RPG, Strategy",Single-player,windows
VALKYRIE CONNECT,2020,Free,"Adventure, RPG, ",Single&Multi-player,windows
Gravewood High,2023,Free,"Action, Adventure, Indie",Multi-player,windows
RADical ROACH Remastered,2014,Free,"Action, Adventure, Casual, Indie, Simulation, Strategy",Single-player,windows
Dystopia,2009,Free,"Action, , Indie",Multi-player,"windows, linux"
Lost girl`s [diary],2016,Free,,Single-player,"windows, mac"
Citywars Tower Defense,2022,Free,"Action, Adventure, Casual, Massively Multiplayer, Strategy, , Early Access",Multi-player,"windows, mac, linux"
Trans-Siberian Railway Simulator: Prologue,2024,Free,"Indie, Simulation, ",Single-player,windows
坦率的小红帽和爱说谎的狼,2020,Free,"Casual, , RPG",Single-player,windows
That One Otter Game,2025,Free,"Adventure, ",Multi-player,windows
Lynne,2018,Free,"Indie, Simulation, ",Single-player,"windows, mac, linux"
A.W.O.L.,2022,Free,"Action, , Indie",Single-player,"windows, linux"
FALLSTRUKTUR,2025,Free,"Action, Indie, ",Single-player,"windows, mac, linux"
POOSTALL Royale,2023,Free,"Action, ",Single-player,windows
Milo and the Christmas Gift,2023,Free,,Single-player,"windows, mac"
Medusa's Labyrinth,2016,Free,"Action, Adventure, , Indie",Single-player,windows
Super Jigsaw Puzzle: Generations,2019,Free,"Casual, Indie, Strategy, ",Single-player,windows
Infinity Kingdom,2021,Free,"Adventure, , Massively Multiplayer, Strategy",Single&Multi-player,"windows, mac"
Talvisota - Winter War,2020,Free,"Action, Massively Multiplayer, Simulation",Multi-player,windows
100 Robo Cats,2024,Free,"Adventure, Casual, Indie, ",Single-player,windows
Lemonade Apocalypse,2024,Free,"Casual, Indie, ",Single-player,windows
Love Sucks: Night One,2021,Free,"Casual, Indie, ",Single-player,"windows, mac, linux"
The Last Sovereign,2025,Free,"Adventure, Indie, RPG, Strategy",Single-player,windows
Overlewd,2023,Free,"Adventure, Casual, RPG, ",Single-player,windows
Lots of Cats in Every Moment,2024,Free,"Casual, Indie, ",Single-player,"windows, mac"
Adventure Escape Mysteries,2020,Free,"Adventure, Casual, Indie, ",Single-player,"windows, mac"
Wild Warfare,2014,Free,"Action, , Indie, Early Access",Multi-player,"windows, mac"
Shotgun Witch,2020,Free,"Action, Adventure, , Indie",Single-player,windows
Locke(d),2023,Free,"Adventure, Casual, Indie, ",Single-player,"windows, mac, linux"
270 | Two Seventy US Election,2018,Free,Strategy,Single&Multi-player,"windows, mac"
PANOPTYCA : Idle RPG Manager,2025,Free,"Indie, RPG, Simulation, ",Single-player,windows
The Cat and the Coup,2011,Free,", Indie",Single-player,"windows, mac"
The Defender: Farm and Castle,2019,Free,"Action, Strategy, ",Single-player,windows
The Lar,2019,Free,"Adventure, Casual, , Indie",Single-player,windows
Fake Lay,2020,Free,"Action, Casual, Simulation, ",Single-player,"windows, mac, linux"
KAIJU NO. 8 THE GAME,2025,Free,"RPG, ",Single-player,windows
Sisyphus Reborn,2016,Free,Adventure,Single-player,"windows, linux"
Mad Adventures,2022,Free,"Action, Casual, , Indie, Massively Multiplayer",Single&Multi-player,windows
Born Again,2023,Free,"Action, Indie, Massively Multiplayer, RPG, ",Multi-player,"windows, mac, linux"
Idle Hero TD - Tower Defense,2024,Free,"Action, Casual, Indie, Strategy, , Early Access",Single-player,"windows, mac"
Barji Kart,2022,Free,"Action, Casual, , Indie, Racing",Multi-player,windows
100 Korea Cats,2024,Free,"Action, Adventure, Casual, Indie, RPG, Simulation, sports, Strategy, ",Single-player,windows
Alien Removal Division,2022,Free,"Action, , Indie",Single-player,windows
Robin Hood - Sherwood Builders - Bandit's Trail,2023,Free,"Action, Adventure, Indie, RPG, Strategy",Single-player,windows
Idle Cave Miner,2023,Free,"Casual, Indie, Simulation, ",Single-player,"windows, mac, linux"
Apotheon Arena,2015,Free,"Action, , Indie",Single&Multi-player,windows
Intoxicated Driver,2024,Free,"Action, Indie, Racing",Single&Multi-player,windows
Metal War Online: Retribution,2015,Free,"Action, , Massively Multiplayer, Racing, Early Access",Multi-player,windows
Elsword Free-to-Play,2018,Free,"Action, Adventure, Casual, Massively Multiplayer, RPG, ",Multi-player,windows
The Aquarium does not dance,2024,Free,"Adventure, RPG, ",Single-player,windows
Cyrano Story,2020,Free,"Adventure, Indie, ",Single-player,"windows, mac"
LOEK,2020,Free,"Action, , Indie",Single-player,windows
Piratopia,2021,Free,"Action, Adventure, Casual, , Indie, Massively Multiplayer, Early Access",Multi-player,"windows, mac"
100 Romantic Cats,2025,Free,"Adventure, Casual, Indie, Simulation, ",Single-player,windows
Coloring Game: Little City,2019,Free,"Casual, Indie, ",Single-player,windows
Empires Mod,2008,Free,"Action, , Strategy",Multi-player,"windows, linux"
KROSMAGA,2017,Free,"Casual, Massively Multiplayer, Strategy, ",Single&Multi-player,"windows, mac"
Children of Silentown: Prologue,2020,Free,"Adventure, Indie, ",Single-player,"windows, mac"
Summer in Mara Prologue,2020,Free,"Adventure, Casual",Single-player,windows
Moral Dilemma: The Interview,2025,Free,"Adventure, Casual, Indie, ",Single-player,windows
"Yes, Master!",2020,Free,"Adventure, Indie, ",Single-player,"windows, mac, linux"
Storm Striker,2023,Free,"Action, Early Access",Multi-player,windows
Prosperous Universe,2022,Free,"Indie, Massively Multiplayer, Simulation, Strategy, , Early Access",Multi-player,windows
Evil Inside - Prologue,2021,Free,"Adventure, Indie, ",Single-player,windows
DFHack - Dwarf Fortress Modding Engine,2023,Free,"RPG, Simulation, Strategy",Single-player,"windows, linux"
Friendly Fire,2020,Free,"Adventure, Casual, , Indie",Single-player,"windows, mac, linux"
Lucid9: Inciting Incident,2016,Free,"Casual, Simulation, ",Single-player,"windows, mac, linux"
TeraBlaster,2015,Free,"Action, Casual, Indie",Single-player,"windows, mac"
Engine Evolution 2022,2023,Free,"Action, Casual, Indie, Racing, Simulation, sports, ",Single&Multi-player,windows
Sevgilim Olur musun ?,2017,Free,"Adventure, , Indie",Single-player,windows
Golgotha,2023,Free,", Simulation",Single-player,windows
Flicker of Hope,2020,Free,Indie,Single-player,"windows, mac"
The Orville - Interactive Fan Experience,2019,Free,"Casual, Simulation, , Early Access",Single&Multi-player,"windows, mac"
Babble Royale,2021,Free,"Action, Casual, , Indie, Early Access",Multi-player,"windows, mac"
Fap Queen 2,2019,Free,"Casual, , Indie, RPG",Single-player,windows
100 New Year Cats,2024,Free,"Adventure, Casual, Indie, Simulation, Strategy, ",Single-player,windows
Atlantica Global,2020,Free,"Action, Adventure, Casual, Massively Multiplayer, RPG, Strategy, ",Single&Multi-player,windows
Star Hunter - Infinite Lagrange,2021,Free,"Massively Multiplayer, Simulation, Strategy",Multi-player,windows
Grimoire: Manastorm,2017,Free,"Action, , Indie",Multi-player,windows
Kreedz Climbing,2017,Free,"Indie, Racing, sports, ",Single&Multi-player,windows
Kinky Cats 🔞,2025,Free,"Casual, RPG, ",Single&Multi-player,windows
2024: Mosaic Retrospective,2024,Free,"Casual, ",Single-player,"windows, mac"
Dave's Fun Algebra Class: Remastered,2024,Free,"Action, Indie, Strategy",Single-player,"windows, mac, linux"
Scrap Garden - The Day Before,2016,Free,"Action, Adventure, Indie",Single-player,"windows, mac, linux"
Incremental Cubes,2021,Free,"RPG, Simulation, ",Single-player,windows
Tag: The Power of Paint,2022,Free,"Action, ",Single-player,windows
My Catgirl Maid Thinks She Runs the Place,2021,Free,"Casual, Indie",Single-player,windows
Grand Theft Auto V Legacy,2015,—,"Action, Adventure",Single&Multi-player,windows
Rocket League®,2015,Free,"Action, Indie, Racing, sports",Single&Multi-player,windows
Forza Horizon 4,2021,—,Racing,Single&Multi-player,windows
EA SPORTS™ FIFA 23,2022,—,"Simulation, sports",Single&Multi-player,windows
FIFA 22,2021,—,"Simulation, sports",Single&Multi-player,windows
EA SPORTS FC™ 24,2023,—,"Simulation, sports",Single&Multi-player,windows
Grand Theft Auto: San Andreas,2008,—,Action,Single-player,windows
Friday the 13th: The Game,2017,—,Action,Multi-player,windows
Yakuza 0,2018,—,"Action, Adventure, RPG",Single&Multi-player,windows
DARK SOULS™: Prepare To Die™ Edition,2012,—,"Action, RPG",Single&Multi-player,windows
DEATH STRANDING,2020,—,"Action, Adventure",Single-player,windows
NBA 2K20,2019,—,"Simulation, sports",Single&Multi-player,windows
NBA 2K23,2022,—,"Simulation, sports",Single&Multi-player,windows
EA SPORTS™ FIFA 21,2020,—,"Simulation, sports",Single&Multi-player,windows
NBA 2K24,2023,—,"Simulation, sports",Single&Multi-player,windows
Battlefield: Bad Company™ 2,2010,—,Action,Single&Multi-player,windows
HITMAN™ 2,2018,—,Action,Single&Multi-player,windows
NBA 2K22,2021,—,"Simulation, sports",Single&Multi-player,windows
NBA 2K21,2020,—,"Simulation, sports",Single&Multi-player,windows
Spec Ops: The Line,2012,—,"Action, Adventure",Single&Multi-player,"windows, mac, linux"
Age of Empires® III (2007),2012,—,"Simulation, Strategy",Single&Multi-player,windows
F1® 2021,2021,—,"Racing, Simulation, sports",Single&Multi-player,windows
F1® 2020,2020,—,"Racing, Simulation, sports",Single&Multi-player,windows
Grand Theft Auto: Vice City,2008,—,Action,Single-player,windows
Marvel's Avengers - The Definitive Edition,2020,—,"Action, Adventure, RPG",Single&Multi-player,windows
HITMAN™,2016,—,Action,Single-player,"windows, mac, linux"
The Day Before,2023,—,"Action, Adventure, Massively Multiplayer, Early Access",Multi-player,windows
F1® 22,2022,—,"Racing, sports",Single&Multi-player,windows
DiRT Rally,2015,—,"Racing, Simulation, sports",Single&Multi-player,"windows, mac, linux"
Need For Speed: Hot Pursuit,2010,—,Racing,Single&Multi-player,windows
Yakuza Kiwami (Legacy),2019,—,"Action, Adventure, RPG",Single&Multi-player,windows
Football Manager 2020,2019,—,"Simulation, sports",Single&Multi-player,"windows, mac"
Football Manager 2024,2023,—,"Simulation, sports, Strategy",Single&Multi-player,"windows, mac"
Propnight,2021,—,"Action, Adventure, Casual",Multi-player,windows
NBA 2K19,2018,—,"Simulation, sports",Single&Multi-player,windows
F1® 24,2024,—,"Racing, sports",Single&Multi-player,windows
The Crew™,2014,—,"Action, Massively Multiplayer, Racing",Single&Multi-player,windows
State of Decay,2013,—,"Action, RPG, Simulation",Single-player,windows
NBA 2K18,2017,—,"Simulation, sports",Single&Multi-player,windows
Football Manager 2021,2020,—,"Simulation, sports",Single&Multi-player,"windows, mac"
F1® 23,2023,—,"Racing, sports",Multi-player,windows
Football Manager 2022,2021,—,"Simulation, sports",Single&Multi-player,"windows, mac"
Boundary,2023,—,"Action, Early Access",Multi-player,windows
Yakuza Kiwami 2 (Legacy),2019,—,"Action, Adventure, RPG",Single-player,windows
"Warhammer® 40,000: Dawn of War® - Soulstorm",2008,—,Strategy,Single&Multi-player,windows
Football Manager 2023,2022,—,"Simulation, sports",Single&Multi-player,"windows, mac"
Mass Effect 2 (2010 Edition),2010,—,RPG,Single-player,windows
Ashes of Creation,2025,—,"Action, Adventure, Indie, Massively Multiplayer, RPG, Strategy, Early Access",Multi-player,windows
Assassin’s Creed® III,2012,—,Adventure,Single&Multi-player,windows
Mortal Kombat Komplete Edition,2013,—,Action,Single&Multi-player,windows
Kingdoms of Amalur: Reckoning™,2012,—,"Action, RPG",Single-player,windows
Mark of the Ninja,2012,—,"Action, Adventure, Indie",Single-player,"windows, mac, linux"
Project CARS 2,2017,—,Racing,Single&Multi-player,windows
DiRT 4,2017,—,"Racing, Simulation, sports",Single&Multi-player,"windows, mac, linux"
Grand Theft Auto III,2008,—,Action,Single-player,windows
Gothic Playable Teaser,2019,—,RPG,Single-player,windows
Half-Life 2: Deathmatch,2004,Free,Action,Multi-player,"windows, linux"
Dragon Age: Origins,2009,—,RPG,Single-player,windows
Project CARS,2015,—,"Racing, Simulation, sports",Single&Multi-player,windows
Burnout Paradise: The Ultimate Box,2009,—,Racing,Single&Multi-player,windows
Darksiders™,2010,—,"Action, Adventure",Single-player,windows
eFootball PES 2020,2019,—,sports,Single&Multi-player,windows
Nobody - The Turnaround,2022,—,"Simulation, Strategy, Early Access",Single-player,"windows, mac"
Divinity: Original Sin (Classic),2014,—,"Adventure, Indie, RPG, Strategy",Single&Multi-player,"windows, mac"
GRID 2,2013,—,"Racing, sports",Single&Multi-player,windows
SEGA Mega Drive and Genesis Classics,2010,—,"Action, Adventure, Casual, RPG",Single&Multi-player,"windows, mac, linux"
DOOM II,2007,—,Action,Single&Multi-player,windows
Football Manager 2017,2016,—,"Simulation, sports",Single&Multi-player,"windows, mac, linux"
WWE 2K22,2022,—,"Simulation, sports",Single&Multi-player,windows
F1® Manager 2022,2022,—,"Simulation, Strategy",Single-player,windows
"Warhammer® 40,000: Dawn of War® - Dark Crusade",2007,—,Strategy,Single&Multi-player,windows
Football Manager 2019,2018,—,"Simulation, sports",Single&Multi-player,"windows, mac"
Madden NFL 24,2023,—,"Simulation, sports, Strategy",Single&Multi-player,windows
Need for Speed Undercover,2008,—,"Action, Racing",Single&Multi-player,windows
Minecraft: Story Mode - A Telltale Games Series,2015,—,Adventure,Single-player,"windows, mac"
Poker Night at the Inventory (2010 Original Version),2010,—,"Casual, sports",Single-player,"windows, mac"
Red Faction Guerrilla Steam Edition,2009,—,Action,Single&Multi-player,windows
Ballistic Overkill,2017,—,"Action, Casual, Indie",Multi-player,"windows, mac, linux"
NBA 2K17,2016,—,sports,Single&Multi-player,windows
Metro 2033,2010,—,Action,Single-player,windows
Madden NFL 22,2021,—,"Casual, Simulation, sports, Strategy",Single&Multi-player,windows
Poker Night 2,2013,—,"Casual, sports",Single-player,"windows, mac"
GRID Autosport,2014,—,"Racing, sports",Single&Multi-player,"windows, mac, linux"
Knockout City™,2021,—,"Action, Adventure, , Indie, sports",Multi-player,windows
Space Hulk: Deathwing,2016,—,"Action, Adventure",Single&Multi-player,windows
Madden NFL 23,2022,—,"Simulation, sports",Single&Multi-player,windows
WWE 2K23,2023,—,"Simulation, sports",Single&Multi-player,windows
F1 2018,2018,—,"Racing, Simulation, sports",Single&Multi-player,windows
Eldegarde,2026,—,"Action, Adventure, Massively Multiplayer, RPG",Multi-player,windows
Crysis® 3,2020,—,"Action, Adventure, Strategy",Single&Multi-player,windows
ARK: The Survival Of The Fittest,2017,—,"Action, Adventure, Indie, Massively Multiplayer, RPG, Strategy",Multi-player,windows
EA SPORTS™ Madden NFL 25,2024,—,"Simulation, sports, Strategy",Single&Multi-player,windows
Medal of Honor: Airborne,2009,—,Action,Single&Multi-player,windows
NBA 2K16,2015,—,sports,Single&Multi-player,windows
RollerCoaster Tycoon® 3: Platinum,2008,—,"Simulation, Strategy",Single-player,windows
SCP: Secret Files,2022,—,"Adventure, Indie",Single-player,windows
Police Simulator: Patrol Duty,2019,—,Simulation,Single&Multi-player,windows
WWE 2K20,2019,—,"Simulation, sports",Single&Multi-player,windows
"Warhammer 40,000: Eternal Crusade",2016,—,"Action, Adventure, , Massively Multiplayer",Multi-player,windows
Unreal Tournament: Game of the Year Edition,2008,—,Action,Single&Multi-player,windows
F1™ 2017,2017,—,"Racing, Simulation, sports",Single&Multi-player,"windows, mac, linux"
Madden NFL 21,2020,—,"Simulation, sports, Strategy",Single&Multi-player,windows
Unreal Tournament 2004: Editor's Choice Edition,2008,—,Action,Single&Multi-player,windows
Resident Evil: Operation Raccoon City,2012,—,Action,Single&Multi-player,windows
Lord of the Rings: War in the North,2011,—,"Action, RPG",Single&Multi-player,windows
Battleborn,2016,—,Action,Single&Multi-player,windows
PRO EVOLUTION SOCCER 2019,2018,—,sports,Single&Multi-player,windows
Ace Combat Assault Horizon - Enhanced Edition,2013,—,"Action, Simulation",Single&Multi-player,windows
Resident Evil Re:Verse,2022,—,Action,Multi-player,windows
F1 2016,2016,—,"Racing, Simulation, sports",Single&Multi-player,"windows, mac"
F1 2012™,2012,—,"Racing, Simulation, sports",Single&Multi-player,windows
WWE 2K19,2018,—,"Simulation, sports",Single&Multi-player,windows
Devil May Cry® 3 Special Edition,2007,—,Action,Single-player,windows
Unreal Tournament 3,2009,—,Action,Single&Multi-player,windows
Kane and Lynch: Dead Men™,2007,—,Action,Single&Multi-player,windows
Sacred 2 Gold,2012,—,RPG,Single-player,windows
Need for Speed: Shift,2009,—,Racing,Single&Multi-player,windows
Deceit,2017,—,"Action, Indie, ",Multi-player,windows
Robocraft,2017,—,"Action, Indie, Massively Multiplayer, RPG, Simulation, ",Multi-player,"windows, mac, linux"
Viscera Cleanup Detail: Shadow Warrior,2013,—,"Indie, Simulation",Single&Multi-player,windows
Crazy Taxi,2011,—,"Action, Racing",Single-player,windows
Lost Planet® 2,2010,—,"Action, Adventure",Single&Multi-player,windows
Shift 2 Unleashed,2011,—,Racing,Single&Multi-player,windows
Battlestations Pacific,2009,—,"Action, Strategy",Single&Multi-player,windows
Neighbours from Hell Compilation,2013,—,"Adventure, Casual",Single-player,windows
F1 2014,2014,—,"Racing, sports",Single&Multi-player,windows
Project CARS 3,2020,—,Racing,Single&Multi-player,windows
"Warhammer® 40,000: Dawn of War® II Chaos Rising",2010,—,Strategy,Single&Multi-player,"windows, mac, linux"
"Warhammer® 40,000: Dawn of War® – Winter Assault",2007,—,Strategy,Single&Multi-player,windows
Devil May Cry 4,2009,—,"Action, Adventure",Single-player,windows
Street Fighter X Tekken,2012,—,Action,Single&Multi-player,windows
Little Nightmares Enhanced Edition,2025,—,Adventure,Single-player,windows
Just Dance 2017,2016,—,Casual,Single&Multi-player,windows
WWE 2K16,2016,—,"Simulation, sports",Single&Multi-player,windows
"Warhammer 40,000: Regicide",2015,—,"Action, Indie, Strategy",Single&Multi-player,windows
Legacy of Kain: Soul Reaver,1999,—,"Action, Adventure",Single-player,windows
Batman: Arkham City,2011,—,"Action, Adventure",Single-player,windows
Colin McRae Rally,2014,—,"Racing, sports",Single-player,"windows, mac"
Marvel's Guardians of the Galaxy: The Telltale Series,2017,—,Adventure,Single-player,"windows, mac"
Space Hulk,2013,—,"Indie, Strategy",Single&Multi-player,"windows, mac, linux"
WWE 2K18,2017,—,"Simulation, sports",Single&Multi-player,windows
Titanfall­™,2020,—,Action,Multi-player,windows
NBA 2K Playgrounds 2,2018,—,sports,Single&Multi-player,windows
Cold Fear™,2008,—,Action,Single-player,windows
PRO EVOLUTION SOCCER 2018,2017,—,sports,Single&Multi-player,windows
Minecraft: Story Mode - Season Two,2017,—,Adventure,Single-player,"windows, mac"
Days of War: Definitive Edition,2020,—,"Action, Indie",Multi-player,windows
MOBIUS FINAL FANTASY™,2017,—,", RPG",Single&Multi-player,windows
F1 2015,2015,—,"Racing, sports",Single&Multi-player,"windows, linux"
FINAL FANTASY V (Old ver.),2015,—,RPG,Single-player,windows
Back to the Future: The Game,2010,—,Adventure,Single-player,"windows, mac"
ANAREA Battle Royale,2020,—,"Action, Indie, Early Access",Multi-player,windows
DOOM 3 Resurrection of Evil,2007,—,Action,Single&Multi-player,windows
Magic: The Gathering - Duels of the Planeswalkers 2013,2012,—,Strategy,Single&Multi-player,windows
"Warhammer 40,000: Sanctus Reach",2017,—,Strategy,Single&Multi-player,windows
Jurassic Park: The Game,2011,—,Adventure,Single-player,"windows, mac"
Final DOOM,2007,—,Action,Single-player,windows
Penumbra: Requiem,2008,—,"Adventure, Indie",Single-player,"windows, mac, linux"
Majesty 2 Collection,2011,—,Strategy,Single&Multi-player,windows
WWE 2K17,2017,—,"Simulation, sports",Single&Multi-player,windows
NBA Playgrounds,2017,—,sports,Single&Multi-player,windows
Evil Dead: The Game,2023,—,Action,Multi-player,windows
"Warhammer 40,000: Space Wolf",2017,—,"Action, RPG, Strategy",Single-player,windows
X-Plane 10 Global - 64 Bit,2014,—,Simulation,Single&Multi-player,"windows, mac, linux"
Warhammer Quest,2015,—,"RPG, Strategy",Single-player,"windows, mac, linux"
Magic: The Gathering - Duels of the Planeswalkers 2012,2011,—,Strategy,Single&Multi-player,windows
Rocket Arena,2020,—,"Action, sports",Multi-player,windows
Football Manager 2020 Touch,2019,—,"Simulation, sports",Single&Multi-player,"windows, mac"
"Warhammer 40,000: Kill Team",2014,—,Action,Single&Multi-player,windows
Battle vs Chess,2012,—,"Casual, Strategy",Single&Multi-player,"windows, mac, linux"
Rocksmith™,2012,—,"Casual, Simulation",Single&Multi-player,windows
Identity,2018,—,"Adventure, Massively Multiplayer, RPG, Simulation, Early Access",Multi-player,windows
Guardians of Middle-earth,2013,—,"Action, Strategy",Single&Multi-player,windows
WWE 2K BATTLEGROUNDS,2020,—,"Action, sports",Single&Multi-player,windows
The Cycle: Frontier,2022,Free,"Action, , Massively Multiplayer",Multi-player,windows
Sword and Fairy 4,2021,—,RPG,Single-player,windows
Highguard,2026,—,"Action, ",Multi-player,windows
SUPERVIVE,2025,—,"Action, ",Multi-player,windows
Spectre Divide,2024,—,"Action, ",Multi-player,windows
Paragon: The Overprime,2022,—,"Action, sports, Strategy, , Early Access",Single&Multi-player,windows
The Elder Scrolls®: Legends™,2017,—,,Single&Multi-player,"windows, mac"
Gigantic,2017,—,"Action, , Strategy",Multi-player,windows
Warhaven,2023,—,"Action, Early Access",Multi-player,windows
GRID,2019,—,"Action, Adventure",Single-player,windows
Friday the 13th: Killer Puzzle,2018,—,"Casual, , Indie, Strategy",Single-player,"windows, mac"
CROWZ,2022,—,"Action, Adventure, Casual, , Massively Multiplayer",Multi-player,windows
Skyforge,2017,—,"Massively Multiplayer, RPG",Single&Multi-player,windows
STEEL HUNTERS,2025,—,"Action, , Early Access",Multi-player,windows
10 Minutes Till Dawn,2022,—,"Action, , Indie, Strategy",Single-player,windows
PUBG: BLINDSPOT,2026,—,"Action, Strategy, , Early Access",Multi-player,windows
Soccer Manager 2022,2021,—,"sports, ",Single-player,windows
Dragon Knight,2025,—,"Action, Adventure, Indie, RPG",Single-player,windows
Badlanders,2022,—,"Action, , Simulation, Strategy, Early Access",Single&Multi-player,windows
Soccer Manager 2021,2020,—,"sports, ",Single-player,windows
Home Sweet Home : Online,2023,—,"Action, Indie, Strategy",Multi-player,windows
PlanetSide Arena,2019,—,"Action, , Massively Multiplayer, Early Access",Multi-player,windows
Nova Lands: Emilia's Mission,2022,—,"Adventure, Casual, Indie, Simulation, Strategy",Single-player,windows
Robocraft 2,2023,—,"Action, Indie, Massively Multiplayer, Simulation, , Early Access",Multi-player,windows
BATTLE CRUSH,2024,—,"Action, Adventure, Casual, Massively Multiplayer, , Early Access",Multi-player,windows
"Mýrdalssandur, Iceland",2020,—,"Adventure, Casual, , Indie, Simulation",Single-player,windows
Soccer Manager 2020,2020,—,", sports",Single-player,windows
Sword and Fairy 5,2021,—,RPG,Single-player,windows
Pathologic 3: Quarantine,2025,—,"Adventure, Indie, RPG, Simulation, ",Single-player,windows
Disintegration Technical Beta,2020,—,"Action, Strategy",Single&Multi-player,windows
Explore Fushimi Inari,2019,—,"Adventure, Casual, Indie, Simulation, ",Single-player,windows
Anno Online,2015,—,", Simulation, Strategy",Single&Multi-player,"windows, mac"
Yakuza 3 Remastered,2021,129.13,"Action, Adventure",Single-player,windows
RealFlight Evolution,2022,99.99,"Indie, Racing, Simulation",Single&Multi-player,windows
Command: Modern Operations,2019,79.99,Simulation,Single-player,windows
Battlefield™ 6,2025,69.99,Action,Single&Multi-player,windows
Need for Speed™ Heat,2020,69.99,"Action, Adventure, Racing, sports",Single&Multi-player,windows
Resident Evil Requiem,2026,69.99,"Action, Adventure",Single-player,windows
Crimson Desert,2026,69.99,"Action, Adventure",Single-player,"windows, mac"
DRAGON BALL: Sparking! ZERO,2024,69.99,Action,Single&Multi-player,windows
SILENT HILL 2,2024,69.99,"Action, Adventure",Single-player,windows
Assassin’s Creed Shadows,2025,69.99,"Action, Adventure, RPG",Single-player,windows
DOOM: The Dark Ages,2025,69.99,Action,Single-player,windows
Like a Dragon: Infinite Wealth,2024,69.99,"Action, Adventure, RPG",Single-player,windows
Digimon Story Time Stranger,2025,69.99,RPG,Single-player,windows
Suicide Squad: Kill the Justice League,2024,69.99,Action,Single&Multi-player,windows
Forza Motorsport,2023,69.99,Racing,Single&Multi-player,windows
INAZUMA ELEVEN: Victory Road,2025,69.99,"RPG, sports",Single&Multi-player,windows
Nioh 3,2026,69.99,"Action, RPG",Single&Multi-player,windows
Sonic Racing: CrossWorlds,2025,69.99,"Action, Adventure, Racing",Single&Multi-player,windows
Monster Hunter Stories 3: Twisted Reflection,2026,69.99,"Adventure, RPG",Single-player,windows
AI＊Shoujo/AI＊少女,2020,69.99,Simulation,Single-player,windows
EA SPORTS™ PGA TOUR™,2023,69.99,"RPG, sports",Multi-player,windows
Daemon X Machina: Titanic Scion,2025,69.99,Action,Single&Multi-player,windows
HoneySelect2Libido DX,2022,69.99,Simulation,Single-player,windows
Cardfight!! Vanguard Dear Days,2022,69.99,Strategy,Single&Multi-player,windows
CODE VEIN II,2026,67.49,"Action, RPG",Single-player,windows
NBA 2K26,2025,66.08,sports,Single&Multi-player,windows
Black Myth: Wukong,2024,59.99,"Action, Adventure, RPG",Single-player,windows
ELDEN RING,2022,59.99,"Action, RPG",Single&Multi-player,windows
Red Dead Redemption 2,2019,59.99,"Action, Adventure",Single&Multi-player,windows
Baldur's Gate 3,2023,59.99,"Adventure, RPG, Strategy",Single&Multi-player,"windows, mac"
DARK SOULS™ III,2016,59.99,Action,Single&Multi-player,windows
Forza Horizon 5,2021,59.99,"Action, Adventure, Racing, Simulation, sports",Single&Multi-player,windows
Far Cry® 5,2018,59.99,"Action, Adventure",Single&Multi-player,windows
Kingdom Come: Deliverance II,2025,59.99,"Action, Adventure",Single-player,windows
Total War: WARHAMMER III,2022,59.99,"Action, Strategy",Single&Multi-player,"windows, mac, linux"
Marvel’s Spider-Man Remastered,2022,59.99,"Action, Adventure, Casual",Single-player,windows
Half-Life: Alyx,2020,59.99,"Action, Adventure",Single-player,windows
Total War: WARHAMMER II,2017,59.99,"Action, Strategy",Single&Multi-player,"windows, mac, linux"
ARMORED CORE™ VI FIRES OF RUBICON™,2023,59.99,Action,Single&Multi-player,windows
Ghost of Tsushima DIRECTOR'S CUT,2024,59.99,"Action, Adventure",Single&Multi-player,windows
Total War: ROME II - Emperor Edition,2013,59.99,Strategy,Single&Multi-player,"windows, mac"
Dead Space,2023,59.99,"Action, Adventure",Single-player,windows
Stellar Blade™,2025,59.99,"Action, Adventure, RPG",Single-player,windows
Lies of P,2023,59.99,"Action, Adventure, RPG",Single-player,"windows, mac"
Back 4 Blood,2021,59.99,Action,Single&Multi-player,windows
DRAGON BALL FighterZ,2018,59.99,Action,Single&Multi-player,windows
Sniper Elite 4,2017,59.99,"Action, Adventure",Single&Multi-player,windows
TEKKEN 8,2024,59.99,Action,Single&Multi-player,windows
Tom Clancy's Ghost Recon® Breakpoint,2023,59.99,"Action, Adventure",Single&Multi-player,windows
Assassin's Creed Valhalla,2022,59.99,"Action, Adventure, RPG",Single-player,windows
Persona 3 Reload,2024,59.99,"Adventure, RPG, Strategy",Single-player,windows
The Callisto Protocol™,2022,59.99,"Action, Adventure",Single-player,windows
Atomic Heart,2023,59.99,"Action, Adventure, RPG",Single-player,windows
Total War: WARHAMMER,2016,59.99,"Action, Strategy",Single&Multi-player,"windows, mac, linux"
Call of Duty®: WWII,2017,59.99,Action,Single&Multi-player,windows
Far Cry® 6,2023,59.99,"Action, Adventure",Single&Multi-player,windows
God of War Ragnarök,2024,59.99,"Action, Adventure, RPG",Single-player,windows
Marvel's Spider-Man 2,2025,59.99,"Action, Adventure",Single-player,windows
Europa Universalis V,2025,59.99,Strategy,Single&Multi-player,windows
Sonic Frontiers,2022,59.99,"Action, Adventure",Single-player,windows
F1® 25,2025,59.99,"Racing, Simulation, sports",Single&Multi-player,windows
The First Berserker: Khazan,2025,59.99,"Action, Adventure, RPG",Single-player,windows
Horizon Forbidden West™ Complete Edition,2024,59.99,"Action, RPG",Single-player,windows
Tiny Tina's Wonderlands,2022,59.99,"Action, Adventure, RPG",Single&Multi-player,windows
Demon Slayer -Kimetsu no Yaiba- The Hinokami Chronicles,2021,59.99,"Action, Adventure",Single&Multi-player,windows
Gotham Knights,2022,59.99,"Action, Adventure, RPG",Single&Multi-player,windows
The Quarry,2022,59.99,Adventure,Single&Multi-player,windows
OCTOPATH TRAVELER II,2023,59.99,RPG,Single-player,windows
Persona® 5 Strikers,2021,59.99,"Action, Adventure",Single-player,windows
FANTASY LIFE i: The Girl Who Steals Time,2025,59.99,RPG,Single&Multi-player,windows
Call of Duty®: Advanced Warfare - Gold Edition,2014,59.99,Action,Single&Multi-player,windows
SOULCALIBUR VI,2018,59.99,Action,Single&Multi-player,windows
Vampire: The Masquerade® - Bloodlines™ 2,2025,59.99,"Action, RPG",Single-player,windows
EARTH DEFENSE FORCE 5,2019,59.99,Action,Single&Multi-player,windows
GOD EATER 3,2019,59.99,Action,Single&Multi-player,windows
Lost Judgment,2022,59.99,"Action, Adventure",Single-player,windows
The Hundred Line -Last Defense Academy-,2025,59.99,"Adventure, Simulation",Single-player,windows
EARTH DEFENSE FORCE 6,2024,59.99,Action,Single&Multi-player,windows
X-Plane 12,2022,59.99,Simulation,Single&Multi-player,"windows, mac, linux"
Super Robot Wars 30,2021,59.99,"RPG, Simulation, Strategy",Single-player,windows
コイカツ！ / Koikatsu Party,2019,59.99,Simulation,Single-player,windows
ONE PIECE World Seeker,2019,59.99,"Action, Adventure",Single-player,windows
SD GUNDAM BATTLE ALLIANCE,2022,59.99,"Action, RPG",Single&Multi-player,windows
Like a Dragon: Ishin!,2023,59.99,"Action, Adventure",Single-player,windows
Sora no Kiseki the 1st,2025,59.99,RPG,Single-player,windows
Trails in the Sky 1st Chapter,2025,59.99,"Action, Adventure, RPG",Single-player,windows
Until Dawn™,2024,59.99,Adventure,Single-player,windows
TRIANGLE STRATEGY,2022,59.99,"RPG, Simulation, Strategy",Single-player,windows
Digimon Survive,2022,59.99,RPG,Single-player,windows
Jujutsu Kaisen Cursed Clash,2024,59.99,Action,Single&Multi-player,windows
Rune Factory: Guardians of Azuma,2025,59.99,"Action, Adventure, RPG",Single-player,windows
The Legend of Heroes: Trails of Cold Steel III,2020,59.99,RPG,Single-player,windows
SONIC SUPERSTARS,2023,59.99,Action,Single&Multi-player,windows
Demon Slayer -Kimetsu no Yaiba- The Hinokami Chronicles 2,2025,59.99,"Action, Adventure",Single&Multi-player,windows
The Outer Worlds: Spacer's Choice Edition,2023,59.99,"Action, Adventure, RPG",Single-player,windows
Made in Abyss: Binary Star Falling into Darkness,2022,59.99,Action,Single-player,windows
Soul Hackers 2,2022,59.99,RPG,Single-player,windows
The Legend of Heroes: Trails of Cold Steel IV,2021,59.99,RPG,Single-player,windows
Digimon World: Next Order,2023,59.99,"RPG, Simulation",Single-player,windows
TOKYO GHOUL:re [CALL to EXIST],2019,59.99,Action,Single&Multi-player,windows
KINGDOM HEARTS III + Re Mind (DLC),2024,59.99,"Action, Adventure, RPG",Single-player,windows
SUPER ROBOT WARS Y,2025,59.99,"RPG, Simulation, Strategy",Single-player,windows
Master Detective Archives: RAIN CODE Plus,2024,59.99,"Action, Adventure",Single-player,windows
High On Life 2,2026,59.99,"Action, Adventure",Single-player,windows
Yakuza Kiwami 3 & Dark Ties,2026,59.99,"Action, Adventure, RPG",Single-player,windows
Ys IX: Monstrum Nox,2021,59.99,"Action, RPG",Single&Multi-player,windows
ONE PUNCH MAN: A HERO NOBODY KNOWS,2020,59.99,Action,Single&Multi-player,windows
STEINS;GATE ELITE,2019,59.99,Adventure,Single-player,windows
NASCAR 25,2025,59.99,"Racing, Simulation, sports",Single&Multi-player,windows
Persona 5 Tactica,2023,59.99,"RPG, Strategy",Single-player,windows
SUPER DRAGON BALL HEROES WORLD MISSION,2019,59.99,Strategy,Single&Multi-player,windows
Tokyo Xanadu eX+,2017,59.99,RPG,Single-player,windows
Utawarerumono: Prelude to the Fallen,2021,59.99,"Adventure, RPG, Simulation, Strategy",Single-player,windows
EARTH DEFENSE FORCE: IRON RAIN,2019,59.99,Action,Single&Multi-player,windows
Aerofly FS 4 Flight Simulator,2022,59.99,"Action, Indie, Racing, Simulation",Single-player,"windows, mac, linux"
Onee Chanbara ORIGIN,2020,59.99,Action,Single-player,windows
STEINS;GATE: Linear Bounded Phenogram,2019,59.99,Adventure,Single-player,windows
The Legend of Heroes: Trails through Daybreak,2023,59.99,"Action, Adventure, RPG",Single-player,windows
The Legend of Heroes: Trails into Reverie,2023,59.99,RPG,Single-player,windows
Tower! Simulator 3,2022,59.99,"Casual, Indie, Simulation, Strategy",Single&Multi-player,windows
NEO: The World Ends with You,2022,59.99,"Action, RPG",Single-player,windows
BLEACH Rebirth of Souls,2025,50.99,Action,Single&Multi-player,windows
DayZ,2018,49.99,"Action, Adventure, Massively Multiplayer",Multi-player,windows
Hearts of Iron IV,2016,49.99,"Simulation, Strategy",Single&Multi-player,"windows, mac, linux"
Ready or Not,2023,49.99,"Action, Adventure, Indie",Single&Multi-player,windows
Battlefield™ V,2020,49.99,Action,Single&Multi-player,windows
Mount & Blade II: Bannerlord,2022,49.99,"Action, Indie, RPG, Simulation, Strategy",Single&Multi-player,windows
Squad,2020,49.99,"Action, Indie, Massively Multiplayer, Strategy",Multi-player,windows
Clair Obscur: Expedition 33,2025,49.99,"Action, RPG",Single-player,windows
Europa Universalis IV,2013,49.99,"Simulation, Strategy",Single&Multi-player,"windows, mac, linux"
Crusader Kings III,2020,49.99,"RPG, Simulation, Strategy",Single&Multi-player,"windows, mac, linux"
Tom Clancy's Ghost Recon® Wildlands,2017,49.99,"Action, Adventure",Single&Multi-player,windows
Middle-earth™: Shadow of War™,2017,49.99,"Action, Adventure, RPG",Single-player,windows
Mortal Kombat 11,2019,49.99,Action,Single&Multi-player,windows
Dune: Awakening,2025,49.99,"Action, Adventure, Massively Multiplayer, RPG",Single&Multi-player,windows
Cities: Skylines II,2023,49.99,Simulation,Single-player,windows
Diablo® IV,2023,49.99,"Action, Adventure, Casual, Massively Multiplayer, RPG, ",Single&Multi-player,windows
REMNANT II®,2023,49.99,"Action, Adventure, RPG",Single&Multi-player,windows
Escape from Tarkov,2025,49.99,"Action, Massively Multiplayer, RPG, Simulation",Multi-player,windows
Victoria 3,2022,49.99,"Simulation, Strategy",Single&Multi-player,"windows, mac, linux"
Marvel’s Spider-Man: Miles Morales,2022,49.99,"Action, Adventure",Single-player,windows
The Walking Dead: The Telltale Definitive Series,2020,49.99,Adventure,Single-player,windows
Mortal Kombat 1,2023,49.99,Action,Single&Multi-player,windows
DJMAX RESPECT V,2020,49.99,"Action, Casual, sports",Single&Multi-player,windows
Kerbal Space Program 2,2023,49.99,"Indie, Simulation, Early Access",Single-player,windows
Broken Arrow,2025,49.99,Strategy,Single&Multi-player,windows
X4: Foundations,2018,49.99,"Action, Simulation, Strategy",Single-player,"windows, linux"
Sniper Elite 5,2022,49.99,"Action, Adventure",Single&Multi-player,windows
HUMANKIND™,2021,49.99,Strategy,Single&Multi-player,"windows, mac"
FINAL FANTASY VII REBIRTH,2025,49.99,"Action, Adventure, RPG",Single-player,windows
"Warhammer 40,000: Inquisitor - Martyr",2018,49.99,"Action, Adventure, Indie, RPG",Single&Multi-player,windows
Mafia: The Old Country,2025,49.99,"Action, Adventure",Single-player,windows
Injustice™ 2,2017,49.99,Action,Single&Multi-player,windows
Age of Wonders 4,2023,49.99,"RPG, Strategy",Single&Multi-player,windows
Tokyo Xtreme Racer,2025,49.99,"Racing, RPG",Single-player,windows
Tales of Berseria™,2017,49.99,"Action, RPG",Single&Multi-player,windows
SONIC X SHADOW GENERATIONS,2024,49.99,Action,Single-player,windows
Assassin's Creed Mirage,2024,49.99,"Action, Adventure",Single-player,windows
Digimon Story Cyber Sleuth: Complete Edition,2019,49.99,RPG,Single&Multi-player,windows
MELTY BLOOD: TYPE LUMINA,2021,49.99,Action,Single&Multi-player,windows
IL-2 Sturmovik: Battle of Stalingrad,2014,49.99,"Action, Simulation",Single&Multi-player,windows
KINGDOM HEARTS -HD 1.5+2.5 ReMIX-,2024,49.99,"Action, Adventure, RPG",Single-player,windows
FINAL FANTASY XII THE ZODIAC AGE,2018,49.99,RPG,Single-player,windows
"Warhammer 40,000: Dawn of War II - Anniversary Edition",2009,49.99,Strategy,Single&Multi-player,"windows, mac, linux"
Tales of Zestiria,2015,49.99,RPG,Single&Multi-player,windows
Sins of a Solar Empire II,2024,49.99,"Simulation, Strategy",Single&Multi-player,windows
DRAGON QUEST BUILDERS™ 2,2019,49.99,"Action, Adventure, RPG",Single&Multi-player,windows
DAEMON X MACHINA,2020,49.99,Action,Single&Multi-player,windows
Rise of the Ronin,2025,49.99,"Action, Adventure, RPG",Single&Multi-player,windows
Test Drive Unlimited Solar Crown,2024,49.99,"Massively Multiplayer, Racing, Simulation",Single&Multi-player,windows
Granblue Fantasy Versus: Rising,2023,49.99,Action,Single&Multi-player,windows
Sea Power : Naval Combat in the Missile Age,2024,49.99,"Action, Simulation, Strategy, Early Access",Single-player,windows
Trials of Mana,2020,49.99,RPG,Single-player,windows
Nickelodeon All-Star Brawl,2021,49.99,Action,Single&Multi-player,windows
Sniper Elite: Resistance,2025,49.99,"Action, Adventure",Single&Multi-player,windows
Fate/EXTELLA LINK,2019,49.99,Action,Single&Multi-player,windows
ELEX II,2022,49.99,"Action, Adventure, RPG",Single-player,windows
Ni no Kuni Wrath of the White Witch™ Remastered,2019,49.99,"Action, Adventure, RPG",Single-player,windows
Tales of Vesperia: Definitive Edition,2019,49.99,RPG,Single&Multi-player,windows
Atomfall,2025,49.99,"Action, Adventure",Single-player,windows
DNF Duel,2022,49.99,"Action, Casual",Single&Multi-player,windows
GOD EATER 2 Rage Burst,2016,49.99,"Action, RPG",Single&Multi-player,windows
428: Shibuya Scramble,2018,49.99,Adventure,Single-player,windows
.hack//G.U. Last Recode,2017,49.99,RPG,Single-player,windows
Hell is Us,2025,49.99,"Action, Adventure",Single-player,windows
Eiyuden Chronicle: Hundred Heroes,2024,49.99,"Action, Adventure, Indie, RPG, Strategy",Single-player,windows
Train Sim World® 5,2024,49.99,Simulation,Single-player,windows
STORY OF SEASONS: Grand Bazaar,2025,49.99,"Casual, Simulation",Single-player,windows
Distant Worlds 2,2022,49.99,"Simulation, Strategy",Single-player,windows
FATAL FURY: City of the Wolves,2026,49.99,Action,Single&Multi-player,windows
Dungeons 4,2023,49.99,"Simulation, Strategy",Single&Multi-player,windows
ENDLESS™ Legend 2,2025,49.99,"RPG, Simulation, Strategy, Early Access",Single&Multi-player,windows
Aerofly FS 2 Flight Simulator,2017,49.99,"Action, Indie, Racing, Simulation",Single-player,"windows, mac, linux"
Suikoden I&II HD Remaster Gate Rune and Dunan Unification Wars,2025,49.99,RPG,Single-player,windows
UNDER NIGHT IN-BIRTH II Sys:Celes,2024,49.99,Action,Single&Multi-player,windows
ROMEO IS A DEAD MAN,2026,49.99,"Action, Adventure",Single-player,windows
VR Kanojo / VRカノジョ,2018,49.99,Adventure,Single-player,windows
New Gundam Breaker,2018,49.99,Action,Single&Multi-player,windows
Sunderfolk,2025,49.99,"RPG, Strategy",Multi-player,windows
Commandos: Origins,2025,49.99,Strategy,Single&Multi-player,windows
Baldr Sky,2019,49.99,"Action, Adventure, RPG",Single-player,windows
The Legend of Heroes: Kuro no Kiseki,2022,49.99,RPG,Single-player,windows
Labyrinth of Refrain: Coven of Dusk,2018,49.99,"RPG, Strategy",Single-player,windows
AO Tennis 2,2020,49.99,sports,Single&Multi-player,windows
Power & Revolution 2019 Edition,2019,49.99,"Simulation, Strategy",Single-player,"windows, mac"
Power & Revolution,2016,49.99,"Simulation, Strategy",Single-player,"windows, mac"
Slitterhead,2024,49.99,"Action, Adventure",Single-player,windows
Neptunia x SENRAN KAGURA: Ninja Wars,2022,49.99,"Action, RPG",Single-player,windows
Summer Pockets REFLECTION BLUE,2025,49.99,"Adventure, Casual",Single-player,windows
Nickelodeon All-Star Brawl 2,2023,49.99,Action,Single&Multi-player,windows
RAIDOU Remastered: The Mystery of the Soulless Army,2025,49.99,"Action, RPG",Single-player,windows
Ultimate General: American Revolution,2024,49.99,"Simulation, Strategy",Single-player,windows
GreedFall: The Dying World,2026,49.99,"Action, Adventure, RPG",Single-player,windows
BLACK CLOVER: QUARTET KNIGHTS,2018,49.99,Action,Single&Multi-player,windows
The Lord of the Rings: Gollum™,2023,49.99,"Action, Adventure, RPG",Single-player,windows
The Lamplighters League,2023,49.99,"Adventure, RPG, Strategy",Single-player,windows
RENNSPORT,2025,49.99,"Racing, Simulation, sports",Single&Multi-player,windows
Banishers: Ghosts of New Eden,2024,49.8,"Action, Adventure, RPG",Single-player,windows
SAMURAI SHODOWN,2021,49.53,Action,Single&Multi-player,windows
Taiko no Tatsujin: Rhythm Festival,2024,47.99,Casual,Single&Multi-player,windows
Zombie Army 4: Dead War,2021,47.98,Action,Single&Multi-player,windows
7 Days to Die,2024,44.99,"Action, Adventure, Indie, RPG, Simulation, Strategy",Single&Multi-player,"windows, mac, linux"
Divinity: Original Sin 2 - Definitive Edition,2017,44.99,"Adventure, RPG, Strategy",Single&Multi-player,"windows, mac"
Temtem,2022,44.99,"Adventure, Indie, Massively Multiplayer, RPG",Multi-player,windows
Tainted Grail: The Fall of Avalon,2025,44.99,"Action, Adventure, Indie, RPG",Single-player,windows
Jagged Alliance 3,2023,44.99,"Action, Strategy",Single&Multi-player,windows
CLANNAD,2015,44.99,"Adventure, Casual",Single-player,windows
Jurassic World Evolution 3,2025,44.99,"Simulation, Strategy",Single-player,windows
King Arthur: Knight's Tale,2022,44.99,"RPG, Strategy",Single&Multi-player,windows
EZ2ON REBOOT : R,2022,44.99,"Action, Casual, sports",Single&Multi-player,windows
Men of War II,2024,44.99,"Action, Simulation, Strategy",Single&Multi-player,"windows, linux"
Expeditions: Rome,2022,44.99,"RPG, Strategy",Single-player,windows
Knights of Honor II: Sovereign,2022,44.99,"Simulation, Strategy",Single&Multi-player,windows
Summer Pockets,2020,44.99,"Adventure, Casual",Single-player,windows
Dungeon Alchemist,2022,44.99,"RPG, Early Access",Single-player,"windows, mac, linux"
LOLLIPOP CHAINSAW RePOP,2024,44.99,Action,Single-player,windows
Cricket 24,2023,44.99,"Simulation, sports",Single&Multi-player,windows
Grand Tactician: The Civil War (1861-1865),2021,44.99,Strategy,Single-player,windows
The Incredible Adventures of Van Helsing: Final Cut,2015,44.99,"Action, Adventure, Indie, RPG",Single&Multi-player,windows
Super Mega Baseball 3,2020,44.99,"Action, Indie, Simulation, sports",Single&Multi-player,windows
Cricket 22,2021,44.99,"Simulation, sports",Single&Multi-player,windows
Dominions 6 - Rise of the Pantokrator,2024,44.99,Strategy,Single&Multi-player,"windows, mac, linux"
Umamusume: Pretty Derby - Party Dash,2024,44.99,Action,Single&Multi-player,windows
Evenicle,2018,44.99,RPG,Single-player,windows
VR HOT,2021,44.99,"Casual, Simulation, Early Access",Single-player,windows
EA SPORTS FC™ 25,2024,42,"Simulation, sports",Single&Multi-player,windows
WUCHANG: Fallen Feathers,2025,41.99,"Action, Adventure, RPG",Single-player,windows
EA SPORTS™ WRC,2023,41.98,"Racing, Simulation, sports",Single&Multi-player,windows
CUSTOM ORDER MAID 3D2 It's a Night Magic,2019,40,"Adventure, Indie, Simulation",Single-player,windows
Rust,2018,39.99,"Action, Adventure, Indie, Massively Multiplayer, RPG",Multi-player,"windows, mac"
The Witcher 3: Wild Hunt,2015,39.99,RPG,Single-player,windows
ARC Raiders,2025,39.99,Action,Multi-player,windows
Halo: The Master Chief Collection,2019,39.99,Action,Single&Multi-player,windows
Satisfactory,2024,39.99,"Adventure, Indie, Simulation, Strategy",Single&Multi-player,windows
It Takes Two,2021,39.99,"Action, Adventure",Multi-player,windows
The Elder Scrolls V: Skyrim Special Edition,2016,39.99,RPG,Single-player,windows
Detroit: Become Human,2020,39.99,"Action, Adventure",Single-player,windows
STAR WARS Jedi: Fallen Order™,2019,39.99,"Action, Adventure",Single-player,windows
Stellaris,2016,39.99,"Simulation, Strategy",Single&Multi-player,"windows, mac, linux"
ELDEN RING NIGHTREIGN,2025,39.99,"Action, RPG",Single&Multi-player,windows
Kerbal Space Program,2015,39.99,"Indie, Simulation",Single-player,"windows, mac, linux"
"Warhammer 40,000: Darktide",2022,39.99,"Action, Adventure, RPG",Multi-player,windows
DARK SOULS™: REMASTERED,2018,39.99,Action,Single&Multi-player,windows
Mafia: Definitive Edition,2020,39.99,"Action, Adventure",Single-player,windows
The Outlast Trials,2024,39.99,"Action, Adventure, Indie",Single&Multi-player,windows
DARK SOULS™ II: Scholar of the First Sin,2015,39.99,"Action, RPG",Single&Multi-player,windows
Days Gone,2021,39.99,"Action, Adventure",Single-player,windows
Fallout 76,2020,39.99,RPG,Multi-player,windows
Conan Exiles,2018,39.99,"Action, Adventure, Massively Multiplayer, RPG, Simulation, Strategy",Single&Multi-player,windows
Manor Lords,2024,39.99,"Simulation, Strategy, Early Access",Single-player,windows
Assassin’s Creed® IV Black Flag™,2013,39.99,"Action, Adventure",Single&Multi-player,windows
Shadow of the Tomb Raider: Definitive Edition,2018,39.99,"Action, Adventure",Single-player,"windows, mac, linux"
TEKKEN 7,2017,39.99,"Action, sports",Single&Multi-player,windows
Five Nights at Freddy's: Security Breach,2021,39.99,"Action, Adventure, Indie",Single-player,windows
No Rest for the Wicked,2024,39.99,"Action, Adventure, RPG, Early Access",Single&Multi-player,windows
CONTROL Ultimate Edition,2020,39.99,"Action, Adventure",Single-player,"windows, mac"
Remnant: From the Ashes,2019,39.99,"Action, Adventure, RPG",Single&Multi-player,windows
DEATH STRANDING DIRECTOR'S CUT,2022,39.99,"Action, Adventure",Single-player,windows
GTFO,2021,39.99,Action,Multi-player,windows
Chivalry 2,2022,39.99,"Action, Massively Multiplayer",Multi-player,windows
Arma Reforger,2023,39.99,"Action, Simulation, Strategy",Single&Multi-player,windows
Granblue Fantasy: Relink,2024,39.99,"Action, Adventure, RPG",Single&Multi-player,windows
DARK SOULS™ II,2014,39.99,"Action, RPG",Single&Multi-player,windows
Assetto Corsa Competizione,2019,39.99,"Racing, Simulation, sports",Single&Multi-player,windows
Shadow Tactics: Blades of the Shogun,2016,39.99,"Indie, Strategy",Single-player,"windows, mac, linux"
Riders Republic,2023,39.99,"Massively Multiplayer, sports",Single&Multi-player,windows
inZOI,2025,39.99,"Adventure, Casual, Simulation, Early Access",Single-player,"windows, mac"
Divinity: Original Sin - Enhanced Edition,2015,39.99,"Adventure, Indie, RPG, Strategy",Single&Multi-player,"windows, mac, linux"
Transport Fever 2,2019,39.99,"Casual, Indie, Simulation, Strategy",Single-player,"windows, mac, linux"
My Time at Sandrock,2023,39.99,"Adventure, Casual, Indie, RPG, Simulation",Single&Multi-player,windows
Workers & Resources: Soviet Republic,2024,39.99,"Simulation, Strategy",Single-player,windows
BATTLETECH,2018,39.99,"Action, Adventure, Strategy",Single&Multi-player,"windows, mac, linux"
Danganronpa V3: Killing Harmony,2017,39.99,Adventure,Single-player,windows
Maneater,2021,39.99,"Action, Adventure, Indie, RPG",Single-player,windows
Imperator: Rome,2019,39.99,"Simulation, Strategy",Single&Multi-player,"windows, mac, linux"
Tropico 6,2019,39.99,"Simulation, Strategy",Single&Multi-player,"windows, mac, linux"
Vampyr,2018,39.99,"Action, RPG",Single-player,windows
Subverse,2024,39.99,"Action, Adventure, Casual, RPG, Strategy",Single-player,windows
Dragon Age™ Inquisition,2020,39.99,"Action, Adventure, RPG, Strategy",Single&Multi-player,windows
Skater XL - The Ultimate Skateboarding Game,2020,39.99,"Action, Adventure, Indie, Simulation, sports",Single&Multi-player,windows
"Warhammer 40,000: Space Marine - Anniversary Edition",2011,39.99,Action,Single&Multi-player,windows
BONELAB,2022,39.99,"Action, Adventure, Simulation",Single-player,windows
ENDLESS™ Space 2,2017,39.99,Strategy,Single&Multi-player,"windows, mac"
DRAGON BALL XENOVERSE,2015,39.99,Action,Single&Multi-player,windows
Wasteland 3,2020,39.99,"RPG, Strategy",Single&Multi-player,"windows, mac, linux"
The Witness,2016,39.99,"Adventure, Indie",Single-player,"windows, mac"
Kena: Bridge of Spirits,2022,39.99,"Action, Adventure, Indie",Single-player,windows
Terminator: Resistance,2019,39.99,"Action, Adventure, RPG",Single-player,windows
Serious Sam 4,2020,39.99,"Action, Adventure, Indie",Single&Multi-player,windows
Killing Floor 3,2025,39.99,Action,Single&Multi-player,windows
Assetto Corsa EVO,2025,39.99,"Racing, Simulation, sports, Early Access",Single-player,windows
House Flipper 2,2023,39.99,"Casual, Indie, Simulation",Single&Multi-player,windows
Aliens: Dark Descent,2023,39.99,"Action, Strategy",Single-player,windows
"Warhammer 40,000: Dawn of War III",2017,39.99,"Action, Simulation, Strategy",Single&Multi-player,"windows, mac, linux"
Shovel Knight: Treasure Trove,2014,39.99,"Action, Adventure, Indie",Single&Multi-player,"windows, mac, linux"
Witchfire,2024,39.99,"Action, Early Access",Single-player,windows
WARNO,2024,39.99,"Action, Indie, Simulation, Strategy",Single&Multi-player,windows
BIOMUTANT,2021,39.99,"Action, RPG",Single-player,windows
Le Mans Ultimate,2025,39.99,"Racing, Simulation, sports",Single&Multi-player,windows
Call of Duty®: Modern Warfare® Remastered (2017),2017,39.99,Action,Single&Multi-player,windows
Stronghold Crusader 2,2014,39.99,"Simulation, Strategy",Single&Multi-player,windows
Bomb Rush Cyberfunk,2023,39.99,"Action, Adventure, Indie",Single-player,windows
Darksiders III,2018,39.99,"Action, Adventure, RPG",Single-player,windows
Desperados III,2020,39.99,Strategy,Single-player,"windows, mac, linux"
Automobilista 2,2020,39.99,"Action, Indie, Racing, Simulation, sports",Single&Multi-player,"windows, linux"
Evil Genius 2: World Domination,2021,39.99,"Simulation, Strategy",Single-player,windows
Mortal Online 2,2022,39.99,"Action, Indie, Massively Multiplayer, RPG",Multi-player,windows
REANIMAL,2026,39.99,Adventure,Single&Multi-player,windows
Torchlight III,2020,39.99,"Action, Adventure, RPG",Single&Multi-player,windows
Prototype 2,2012,39.99,"Action, Adventure",Single-player,windows
Five Nights at Freddy's: Secret of the Mimic,2025,39.99,Indie,Single-player,windows
MENACE,2026,39.99,"RPG, Simulation, Strategy, Early Access",Single-player,windows
Little Nightmares III,2025,39.99,Adventure,Single&Multi-player,windows
Tempest Rising,2025,39.99,"Action, Strategy",Single&Multi-player,windows
Ancestors: The Humankind Odyssey,2020,39.99,"Action, Adventure, Indie, RPG",Single-player,windows
BlazBlue Centralfiction,2017,39.99,Action,Single&Multi-player,windows
Judgment,2022,39.99,"Action, Adventure",Single-player,windows
Derail Valley,2019,39.99,"Adventure, Indie, Simulation, Early Access",Single-player,windows
Hello Kitty Island Adventure,2025,39.99,"Action, Adventure, Casual, Indie, RPG, Simulation",Single&Multi-player,windows
Tetris® Effect: Connected,2021,39.99,"Casual, Indie",Single&Multi-player,windows
Steel Division 2,2019,39.99,"Action, Indie, Simulation, Strategy",Single&Multi-player,windows
"Warhammer 40,000: Gladius - Relics of War",2018,39.99,Strategy,Single&Multi-player,"windows, linux"
The Bus,2026,39.99,Simulation,Single&Multi-player,windows
SD GUNDAM G GENERATION CROSS RAYS,2019,39.99,"RPG, Strategy",Single-player,windows
Azur Lane Crosswave,2020,39.99,"Action, Adventure, RPG",Single-player,windows
Solo Leveling: ARISE OVERDRIVE,2025,39.99,"Action, RPG",Single&Multi-player,windows
Kingdoms of Amalur: Re-Reckoning,2020,39.99,"Action, RPG",Single-player,windows
Ys VIII: Lacrimosa of DANA,2018,39.99,"Action, RPG",Single&Multi-player,windows
SpellForce 3 Reforced,2017,39.99,"RPG, Strategy",Single&Multi-player,windows
Lost Records: Bloom & Rage,2025,39.99,"Adventure, Indie",Single-player,windows
HOT WHEELS UNLEASHED™,2021,39.99,Racing,Single&Multi-player,windows
John Carpenter's Toxic Commando,2026,39.99,"Action, Adventure",Single&Multi-player,windows
STORY OF SEASONS: Friends of Mineral Town,2020,39.99,"Casual, RPG, Simulation",Single-player,windows
The Legend of Heroes: Trails of Cold Steel,2017,39.99,RPG,Single-player,windows
Five Nights at Freddy's: Help Wanted 2,2023,39.99,"Indie, Simulation",Single-player,windows
Shadow Gambit: The Cursed Crew,2023,39.99,"RPG, Strategy",Single-player,windows
"Warhammer 40,000: Battlesector",2021,39.99,Strategy,Single&Multi-player,windows
Rival Stars Horse Racing: Desktop Edition,2020,39.99,"Racing, Simulation, sports, Strategy",Single&Multi-player,"windows, mac"
Captain Tsubasa: Rise of New Champions,2020,39.99,"Action, Casual, RPG, sports",Single&Multi-player,windows
Castlevania: Lords of Shadow 2,2014,39.99,"Action, Adventure",Single-player,windows
Pantheon: Rise of the Fallen,2024,39.99,"Adventure, Indie, Massively Multiplayer, RPG, Early Access",Multi-player,windows
Shadow Warrior 3: Definitive Edition,2022,39.99,"Action, Adventure",Single-player,windows
Cold Waters,2017,39.99,"Indie, Simulation, Strategy",Single-player,"windows, mac"
Empire of Sin,2020,39.99,"RPG, Strategy",Single-player,"windows, mac"
Stronghold: Warlords,2021,39.99,"Simulation, Strategy",Single&Multi-player,windows
Diablo II: Resurrected – Infernal Edition,2026,39.99,"Action, RPG, Strategy",Single&Multi-player,windows
Last Train Home,2023,39.99,Strategy,Single-player,windows
Fate/EXTELLA,2017,39.99,Action,Single-player,windows
Into the Radius 2,2024,39.99,"Action, Adventure, Indie, Simulation, Early Access",Single&Multi-player,windows
Syberia: The World Before,2022,39.99,Adventure,Single-player,windows
Phantom Doctrine,2018,39.99,"Action, RPG, Strategy",Single&Multi-player,windows
Hello Neighbor 2,2022,39.99,"Adventure, Indie, Strategy",Single-player,windows
MX vs ATV Legends,2022,39.99,"Racing, sports",Single&Multi-player,windows
Colony Ship: A Post-Earth Role Playing Game,2023,39.99,RPG,Single-player,windows
Yu-Gi-Oh! Legacy of the Duelist : Link Evolution,2020,39.99,Simulation,Single&Multi-player,windows
Total War: PHARAOH,2023,39.99,"Action, Strategy",Single&Multi-player,"windows, mac"
AI: THE SOMNIUM FILES - nirvanA Initiative,2022,39.99,Adventure,Single-player,windows
Panzer Corps 2,2020,39.99,Strategy,Single&Multi-player,windows
月に寄りそう乙女の作法,2022,39.99,"Adventure, Casual",Single-player,windows
Train Sim World® 4,2023,39.99,Simulation,Single-player,windows
Muv-Luv Alternative,2018,39.99,"Adventure, Casual",Single-player,windows
Terminator: Dark Fate - Defiance,2024,39.99,Strategy,Single&Multi-player,windows
Life is Strange: Reunion,2026,39.99,"Action, Adventure",Single-player,windows
A Total War Saga: TROY,2021,39.99,"Action, Simulation, Strategy",Single&Multi-player,"windows, mac"
War on the Sea,2021,39.99,"Simulation, Strategy",Single-player,"windows, mac"
Disgaea 5 Complete,2018,39.99,"RPG, Strategy",Single-player,windows
Millennia,2024,39.99,"Simulation, Strategy",Single&Multi-player,windows
SpongeBob SquarePants: The Cosmic Shake,2023,39.99,Action,Single-player,windows
Legendary Tales,2024,39.99,"Action, Adventure, Indie, RPG, Simulation",Single&Multi-player,windows
Mandragora: Whispers of the Witch Tree,2025,39.99,"Action, Indie, RPG",Single-player,windows
The Legend of Heroes: Trails of Cold Steel II,2018,39.99,RPG,Single-player,windows
Disciples: Liberation,2021,39.99,"RPG, Strategy",Single&Multi-player,windows
Redfall,2023,39.99,"Action, Adventure",Single&Multi-player,windows
Secret of Mana,2018,39.99,"Action, RPG",Single&Multi-player,windows
Solasta II,2026,39.99,"Adventure, Indie, RPG, Strategy, Early Access",Single-player,windows
Destroy All Humans! 2 - Reprobed,2022,39.99,"Action, Adventure",Single&Multi-player,windows
Galactic Civilizations IV,2023,39.99,"Simulation, Strategy",Single&Multi-player,windows
Raw Data,2017,39.99,"Action, Indie, Strategy",Single&Multi-player,windows
Enotria: The Last Song,2024,39.99,"Action, Adventure, Indie, RPG",Single-player,windows
BURIED STARS,2021,39.99,"Adventure, Casual",Single-player,windows
Eriksholm: The Stolen Dream,2025,39.99,"Action, Adventure, Strategy",Single-player,windows
Divinity: Dragon Commander,2013,39.99,"Action, RPG, Strategy",Single&Multi-player,windows
Dominions 5 - Warriors of the Faith,2017,39.99,"Indie, Strategy",Single&Multi-player,"windows, mac, linux"
Rune Factory 5,2022,39.99,"Adventure, RPG, Simulation",Single-player,windows
Surviving Mars: Relaunched,2025,39.99,"Simulation, Strategy",Single-player,windows
Soulstice,2022,39.99,"Action, Adventure",Single-player,windows
Demeo,2021,39.99,"Adventure, Indie, RPG, Strategy",Single&Multi-player,"windows, mac"
Solium Infernum,2024,39.99,"Indie, Strategy",Single&Multi-player,windows
NoLimits 2 Roller Coaster Simulation,2014,39.99,"Indie, Simulation",Single-player,"windows, mac"
River City Girls 2,2022,39.99,"Action, Adventure, RPG",Single&Multi-player,windows
Eternal Strands,2025,39.99,"Action, Adventure",Single-player,windows
Utawarerumono: Mask of Truth,2020,39.99,"Adventure, RPG, Simulation, Strategy",Single-player,windows
Train Sim World® 6,2025,39.99,Simulation,Single-player,windows
STORY OF SEASONS: Pioneers of Olive Town,2021,39.99,"Casual, RPG, Simulation",Single-player,windows
Port Royale 4,2020,39.99,"Simulation, Strategy",Single-player,windows
MX vs ATV All Out,2018,39.99,"Racing, Simulation, sports",Single&Multi-player,windows
AEW: Fight Forever,2023,39.99,"Action, sports",Single&Multi-player,windows
Utawarerumono: Mask of Deception,2020,39.99,"Adventure, RPG, Simulation, Strategy",Single-player,windows
Once Upon A KATAMARI,2025,39.99,"Action, Casual",Single&Multi-player,windows
The Legend of Heroes: Trails from Zero,2022,39.99,RPG,Single-player,windows
Brigandine The Legend of Runersia,2022,39.99,Strategy,Single-player,windows
Flintlock: The Siege of Dawn,2024,39.99,"Action, Adventure, RPG",Single-player,windows
FREEDOM WARS Remastered,2025,39.99,Action,Single&Multi-player,windows
The Dwarves,2016,39.99,RPG,Single-player,"windows, mac, linux"
Them and Us,2021,39.99,"Action, Adventure, Indie",Single-player,windows
STORY OF SEASONS: A Wonderful Life,2023,39.99,"Casual, RPG, Simulation",Single-player,windows
Outcast - A New Beginning,2024,39.99,Action,Single-player,windows
Fuga: Melodies of Steel,2021,39.99,"RPG, Simulation, Strategy",Single-player,windows
Little Witch Academia: Chamber of Time,2018,39.99,"Action, Adventure, RPG",Single&Multi-player,windows
Trainz Railroad Simulator 2022,2022,39.99,Simulation,Single&Multi-player,"windows, mac"
The Fruit of Grisaia,2015,39.99,"Adventure, Casual",Single-player,windows
Symphonic Rain,2017,39.99,Adventure,Single-player,windows
Fantasy General II,2019,39.99,Strategy,Single&Multi-player,windows
EVERYBODY'S GOLF HOT SHOTS,2025,39.99,sports,Single&Multi-player,windows
LEGO® Party!,2025,39.99,"Action, Casual",Single&Multi-player,windows
Master of Magic,2022,39.99,"Indie, RPG, Strategy",Single-player,windows
Dragon Marked For Death,2020,39.99,"Action, RPG",Single&Multi-player,windows
Project Motor Racing,2025,39.99,"Racing, Simulation",Single&Multi-player,windows
SpongeBob SquarePants: Titans of the Tide,2025,39.99,"Action, Adventure",Single-player,windows
BUSTAFELLOWS,2021,39.99,Adventure,Single-player,windows
The Legend of Heroes: Trails to Azure,2023,39.99,RPG,Single-player,windows
Onechanbara Z2: Chaos,2016,39.99,Action,Single-player,windows
Slash It 2,2017,39.99,"Action, Casual, Indie",Single-player,"windows, mac, linux"
Empire of the Ants,2024,39.99,Strategy,Single&Multi-player,windows
Otome Riron to Sono Shuuhen -École de Paris-,2023,39.99,"Adventure, Casual",Single-player,windows
Rule the Waves 3,2023,39.99,"Simulation, Strategy",Single-player,windows
Slash It,2016,39.99,"Action, Casual, Indie",Single-player,"windows, mac, linux"
WE ARE FOOTBALL 2024,2024,39.99,"Casual, Simulation, sports, Strategy",Single&Multi-player,windows
My Friend Peppa Pig,2021,39.99,Adventure,Single-player,windows
Quantum Break,2016,39.99,"Casual, Strategy",Single-player,windows
Wanderer,2022,39.99,Adventure,Single-player,windows
DATE A LIVE: Rio Reincarnation,2019,39.98,Simulation,Single-player,windows
Wild Terra 2: New Lands,2022,39.98,"Action, Indie, Massively Multiplayer, RPG",Multi-player,windows
Skydance's BEHEMOTH,2024,39.97,"Action, Adventure",Single-player,windows
Just Cause 4 Reloaded,2018,39.64,"Action, Adventure",Single-player,windows
WRC 10 FIA World Rally Championship,2021,39.62,"Racing, Simulation, sports",Single&Multi-player,windows
Hatsune Miku: Project DIVA Mega Mix+,2022,39.39,Action,Single-player,windows
Bloodstained: Ritual of the Night,2019,39.36,"Action, Adventure, RPG",Single&Multi-player,windows
Monster Hunter Wilds,2025,38.49,"Action, Adventure, RPG",Single&Multi-player,windows
Football Manager 26,2025,35.99,"Simulation, sports, Strategy",Single&Multi-player,"windows, mac"
Factorio,2020,35,"Casual, Indie, Simulation, Strategy",Single&Multi-player,"windows, mac, linux"
RimWorld,2018,34.99,"Indie, Simulation, Strategy",Single-player,"windows, mac, linux"
V Rising,2024,34.99,"Action, Adventure, Massively Multiplayer",Single&Multi-player,windows
Last Epoch,2024,34.99,"Action, Adventure, Indie, RPG",Single&Multi-player,windows
Northgard: Definitive Edition,2018,34.99,"Adventure, Indie, Simulation, Strategy",Single&Multi-player,"windows, mac, linux"
Medieval Dynasty,2021,34.99,"Action, Adventure, Indie, RPG, Simulation",Single&Multi-player,windows
Abiotic Factor,2025,34.99,"Action, Adventure, RPG, Simulation",Single&Multi-player,windows
Timberborn,2026,34.99,"Indie, Simulation, Strategy",Single-player,"windows, mac"
MX Bikes,2019,34.99,"Racing, Simulation, sports, Early Access",Single&Multi-player,windows
Senren＊Banka,2020,34.99,"Adventure, Casual",Single-player,windows
Wartales,2023,34.99,"Adventure, Indie, RPG, Strategy",Single&Multi-player,windows
Call to Arms - Gates of Hell: Ostfront,2021,34.99,"Action, Simulation, Strategy",Single&Multi-player,windows
Farthest Frontier,2025,34.99,"Indie, Simulation, Strategy",Single-player,windows
AI LIMIT,2025,34.99,"Action, Adventure, Indie, RPG",Single-player,windows
Hardspace: Shipbreaker,2022,34.99,Simulation,Single-player,windows
Titan Quest II,2025,34.99,"Action, RPG, Early Access",Single&Multi-player,windows
IXION,2022,34.99,"Indie, Simulation, Strategy",Single-player,windows
Mutant Year Zero: Road to Eden,2018,34.99,"RPG, Strategy",Single-player,windows
Dune: Spice Wars,2023,34.99,Strategy,Single&Multi-player,windows
Sea of Stars,2023,34.99,"Adventure, Indie, RPG",Single&Multi-player,windows
Captain of Industry,2022,34.99,"Indie, Simulation, Strategy, Early Access",Single-player,windows
The Last Caretaker,2025,34.99,"Action, Adventure, Indie, Simulation, Early Access",Single-player,windows
Stranded: Alien Dawn,2023,34.99,"Simulation, Strategy",Single-player,windows
Pathologic 2,2019,34.99,"Adventure, Indie, RPG",Single-player,windows
魔女的夜宴,2023,34.99,"Adventure, Casual",Single-player,windows
Visage,2020,34.99,"Action, Adventure, Indie, Simulation",Single-player,windows
Xuan-Yuan Sword VII,2020,34.99,"Action, Adventure, RPG",Single-player,windows
Stationeers,2017,34.99,"Action, Indie, Simulation, Early Access",Single&Multi-player,windows
Smalland: Survive the Wilds,2024,34.99,"Action, Adventure, Indie, RPG",Single&Multi-player,windows
STEINS;GATE 0,2018,34.99,Adventure,Single-player,windows
The Dungeon Of Naheulbeuk: The Amulet Of Chaos,2020,34.99,"Action, Adventure, Indie, RPG, Strategy",Single-player,"windows, mac"
WitchSpring R,2023,34.99,"Adventure, Indie, RPG",Single-player,windows
Starbase,2021,34.99,"Action, Massively Multiplayer, Simulation, Early Access",Multi-player,windows
Riddle Joker,2020,34.99,"Adventure, Casual",Single-player,windows
In Sound Mind,2021,34.99,"Action, Indie",Single-player,windows
Café Stella and the Reaper's Butterflies,2022,34.99,"Adventure, Casual",Single-player,windows
SimRail - The Railway Simulator,2024,34.99,Simulation,Single&Multi-player,windows
Aokana - Four Rhythms Across the Blue,2019,34.99,"Adventure, Casual",Single-player,windows
Wreckfest 2,2025,34.99,"Racing, Early Access",Single&Multi-player,windows
Pioneers of Pagonia,2025,34.99,"Simulation, Strategy",Single&Multi-player,windows
Aragami 2,2021,34.99,"Action, Indie",Single&Multi-player,windows
Sniper Elite V2 Remastered,2019,34.99,Action,Single&Multi-player,windows
Tales of the Shire: A The Lord of The Rings™ Game,2025,34.99,"Casual, Indie, RPG, Simulation",Single-player,windows
MADiSON,2022,34.99,"Action, Adventure, Indie, Simulation",Single-player,windows
OUTBRK,2024,34.99,"Action, Adventure, Simulation, Strategy, Early Access",Single&Multi-player,windows
Riven,2024,34.99,"Adventure, Casual, Indie",Single-player,"windows, mac"
Hellpoint,2020,34.99,"Action, Adventure, Indie, RPG",Single&Multi-player,"windows, mac, linux"
Fishing: North Atlantic - Enhanced Edition,2020,34.99,Simulation,Single-player,windows
Asterigos: Curse of the Stars,2022,34.99,"Action, Adventure, RPG",Single-player,windows
Pathologic 3,2026,34.99,"Adventure, Indie, RPG, Simulation",Single-player,windows
NORSE: Oath of Blood,2026,34.99,"RPG, Strategy",Single-player,windows
Myst,2021,34.99,"Adventure, Casual, Indie",Single-player,"windows, mac"
Wolfpack,2019,34.99,"Simulation, Early Access",Single&Multi-player,windows
Lost Eidolons,2022,34.99,"Casual, Indie, RPG, Strategy",Single-player,windows
Firefighting Simulator: Ignite,2025,34.99,"Action, Simulation",Single&Multi-player,windows
Alaloth: Champions of The Four Kingdoms,2024,34.99,"Action, Adventure, Indie, RPG, Strategy",Single&Multi-player,windows
Kinkoi: Golden Loveriche,2021,34.99,"Casual, Simulation",Single-player,windows
TramSim Vienna - The Tram Simulator,2020,34.99,"Casual, Simulation",Single-player,windows
AirportSim,2023,34.99,"Casual, Indie, Simulation",Single&Multi-player,windows
Kindred Spirits on the Roof,2016,34.99,Adventure,Single-player,"windows, mac, linux"
Reentry - A Space Flight Simulator,2025,34.99,"Adventure, Indie, Simulation, Strategy",Single&Multi-player,windows
Dominions 4: Thrones of Ascension,2013,34.99,"Indie, Strategy",Single&Multi-player,"windows, mac, linux"
Graviteam Tactics: Mius-Front,2016,34.99,"Simulation, Strategy",Single-player,windows
Harold Halibut,2024,34.99,"Adventure, Casual, Indie",Single-player,"windows, mac"
Koi x Shin Ai Kanojo,2023,34.99,"Adventure, Casual",Single-player,windows
Little Busters! English Edition,2017,34.99,"Adventure, Casual, Simulation",Single-player,windows
RESONANCE OF FATE™/END OF ETERNITY™ 4K/HD EDITION,2018,34.99,RPG,Single-player,windows
Firmament,2023,34.99,"Adventure, Indie",Single-player,"windows, mac"
Ymir,2019,34.99,"Indie, Simulation, Strategy, Early Access",Single&Multi-player,windows
Beyond a Steel Sky,2020,34.38,"Action, Adventure, Indie",Single-player,"windows, linux"
NARUTO X BORUTO Ultimate Ninja STORM CONNECTIONS,2023,33.99,"Action, Adventure",Single&Multi-player,windows
Bodycam,2024,33.32,"Action, Indie, Massively Multiplayer, Simulation, Strategy, Early Access",Multi-player,windows
Carrier Command: Gaea Mission,2012,32.99,"Action, Strategy",Single-player,windows
Psycho Patrol R,2025,31.99,"Action, Adventure, Indie, Early Access",Single-player,windows
Palworld,2024,29.99,"Action, Adventure, Indie, RPG, Early Access",Single&Multi-player,windows
Subnautica,2018,29.99,"Adventure, Indie",Single-player,"windows, mac"
Deep Rock Galactic,2020,29.99,Action,Single&Multi-player,windows
Sons Of The Forest,2024,29.99,"Action, Adventure, Indie, Simulation",Single&Multi-player,windows
Arma 3,2013,29.99,"Action, Simulation, Strategy",Single&Multi-player,"windows, mac"
Cities: Skylines,2015,29.99,"Simulation, Strategy",Single-player,"windows, mac, linux"
Hunt: Showdown 1896,2019,29.99,Action,Multi-player,windows
Dispatch,2025,29.99,"Action, Adventure, Casual, Indie, Strategy",Single-player,windows
Path of Exile 2,2024,29.99,"Action, Adventure, Massively Multiplayer, RPG, Early Access",Single&Multi-player,windows
Ori and the Will of the Wisps,2020,29.99,Action,Single-player,windows
Rise of the Tomb Raider™,2016,29.99,"Action, Adventure",Single-player,"windows, mac, linux"
ASTRONEER,2019,29.99,"Adventure, Indie",Single&Multi-player,windows
Hades II,2025,29.99,"Action, Indie, RPG",Single-player,"windows, mac"
Subnautica: Below Zero,2021,29.99,"Adventure, Indie",Single-player,"windows, mac"
MORDHAU,2019,29.99,"Action, Indie",Multi-player,windows
Warhammer: Vermintide 2,2018,29.99,"Action, Indie, RPG",Single&Multi-player,windows
Enshrouded,2024,29.99,"Action, Adventure, Indie, RPG, Early Access",Single&Multi-player,windows
Killing Floor 2,2016,29.99,Action,Single&Multi-player,windows
The Crew™ 2,2018,29.99,"Action, Massively Multiplayer, Racing",Single&Multi-player,windows
Beat Saber,2019,29.99,Indie,Single&Multi-player,windows
METAL GEAR RISING: REVENGEANCE,2014,29.99,Action,Single-player,"windows, mac"
Wolcen: Lords of Mayhem,2020,29.99,"Action, Adventure, Indie, RPG",Single-player,windows
South Park™: The Stick of Truth™,2014,29.99,"Action, Adventure, RPG",Single-player,windows
Prison Architect,2015,29.99,"Indie, Simulation, Strategy",Single-player,"windows, mac, linux"
Blade and Sorcery,2024,29.99,"Action, Adventure, Indie, RPG, Simulation",Single-player,windows
HITMAN World of Assassination,2022,29.99,"Action, Adventure",Single-player,"windows, mac"
Little Nightmares II,2021,29.99,Adventure,Single-player,windows
PAYDAY 3,2023,29.99,"Action, Adventure, RPG",Single&Multi-player,windows
Spiritfarer®: Farewell Edition,2020,29.99,"Adventure, Indie, Simulation",Single&Multi-player,"windows, mac, linux"
They Are Billions,2019,29.99,Strategy,Single-player,windows
Foxhole,2022,29.99,"Action, Indie, Massively Multiplayer, RPG, Strategy",Multi-player,windows
A Hat in Time,2017,29.99,"Adventure, Indie",Single&Multi-player,windows
Mewgenics,2026,29.99,"Adventure, Indie, RPG, Simulation, Strategy",Single-player,windows
Slime Rancher 2,2025,29.99,"Action, Adventure, Casual, Indie, Simulation",Single-player,windows
Library Of Ruina,2021,29.99,"Indie, RPG, Strategy",Single-player,windows
Mafia II (Classic),2011,29.99,Action,Single-player,windows
Men of War: Assault Squad 2,2014,29.99,"Action, Simulation, Strategy",Single&Multi-player,windows
Nine Sols,2024,29.99,"Action, Adventure, Indie",Single-player,"windows, mac"
Lords of the Fallen,2023,29.99,"Action, Adventure, RPG",Single&Multi-player,windows
BONEWORKS,2019,29.99,"Action, Adventure, Indie, Simulation",Single-player,windows
Rivals of Aether,2017,29.99,Indie,Single&Multi-player,windows
Against the Storm,2023,29.99,"Simulation, Strategy",Single-player,windows
Assassin's Creed® Syndicate,2015,29.99,"Action, Adventure",Single-player,windows
Wreckfest,2018,29.99,"Action, Indie, Racing, Simulation, sports",Single&Multi-player,windows
Crime Scene Cleaner,2024,29.99,"Action, Simulation",Single-player,windows
Starship Troopers: Extermination,2024,29.99,"Action, Indie",Multi-player,windows
The Talos Principle,2014,29.99,"Action, Adventure, Indie",Single-player,"windows, mac, linux"
Dwarf Fortress,2022,29.99,"Indie, Simulation, Strategy",Single-player,"windows, linux"
Hi-Fi RUSH,2023,29.99,Action,Single-player,windows
Universe Sandbox,2015,29.99,"Casual, Indie, Simulation, Early Access",Single-player,"windows, mac"
Battle Brothers,2017,29.99,"RPG, Simulation, Strategy",Single-player,windows
UBOAT,2024,29.99,"Action, Indie, RPG, Simulation, Strategy",Single-player,windows
Shadow Warrior 2,2016,29.99,"Action, Adventure",Single&Multi-player,windows
STEINS;GATE,2016,29.99,Adventure,Single-player,windows
Contraband Police,2023,29.99,"Action, Adventure, Simulation",Single-player,windows
Miscreated,2018,29.99,"Action, Adventure, Indie, Massively Multiplayer, RPG, Simulation, Strategy",Multi-player,windows
World War Z,2021,29.99,Action,Single&Multi-player,windows
RuneScape: Dragonwilds,2025,29.99,"Action, Adventure, RPG, Early Access",Single&Multi-player,windows
Hello Neighbor,2017,29.99,"Adventure, Indie, Strategy",Single-player,windows
Serious Sam 3: BFE,2011,29.99,"Action, Indie",Single&Multi-player,"windows, mac, linux"
Aliens: Fireteam Elite,2021,29.99,"Action, RPG",Single&Multi-player,windows
The Riftbreaker,2021,29.99,"Action, Adventure, Indie, RPG, Simulation, Strategy",Single&Multi-player,windows
GROUND BRANCH,2018,29.99,"Action, Indie, Simulation, Early Access",Single&Multi-player,windows
Coral Island,2023,29.99,"Adventure, Casual, Indie, RPG, Simulation, Strategy",Single&Multi-player,windows
The Forever Winter,2024,29.99,"Action, Early Access",Single&Multi-player,windows
Pacific Drive,2024,29.99,"Action, Adventure, Indie, Racing, Simulation",Single-player,windows
VTOL VR,2017,29.99,"Action, Indie, Simulation",Single&Multi-player,windows
Solasta: Crown of the Magister,2021,29.99,"Adventure, RPG, Strategy",Single&Multi-player,"windows, mac"
Train Simulator Classic,2015,29.99,Simulation,Single-player,windows
X-Plane 11,2017,29.99,Simulation,Single&Multi-player,"windows, mac, linux"
The Ascent,2021,29.99,"Action, Adventure, Indie, RPG",Single&Multi-player,windows
Police Simulator: Patrol Officers,2022,29.99,Simulation,Single&Multi-player,windows
Bellwright,2024,29.99,"Action, RPG, Simulation, Strategy, Early Access",Single&Multi-player,windows
Going Medieval,2026,29.99,"Indie, RPG, Simulation, Strategy",Single-player,windows
Empires of the Undergrowth,2024,29.99,"Simulation, Strategy",Single-player,"windows, mac"
Another Crab's Treasure,2024,29.99,"Action, Adventure, Indie",Single-player,windows
Automation - The Car Company Tycoon Game,2015,29.99,"Indie, Racing, Simulation, Strategy, Early Access",Single&Multi-player,windows
TUNIC,2022,29.99,"Action, Adventure, RPG",Single-player,"windows, mac"
Shadow Warrior,2013,29.99,"Action, Adventure",Single-player,"windows, mac, linux"
Wargame: Red Dragon,2014,29.99,"Indie, Simulation, Strategy",Single&Multi-player,"windows, mac, linux"
Crysis Remastered,2021,29.99,Action,Single-player,windows
Darksiders II Deathinitive Edition,2015,29.99,"Action, Adventure, RPG",Single-player,windows
Sword and Fairy 7,2021,29.99,"Action, Adventure, RPG",Single-player,windows
Blue Prince,2025,29.99,"Adventure, Indie, Strategy",Single-player,"windows, mac"
Nightingale,2024,29.99,"Action, Adventure, RPG, Early Access",Single&Multi-player,windows
SpaceEngine,2019,29.99,"Casual, Indie, Simulation, Early Access",Single-player,windows
ENDLESS™ Legend,2014,29.99,"RPG, Strategy",Single&Multi-player,"windows, mac"
SpongeBob SquarePants: Battle for Bikini Bottom - Rehydrated,2020,29.99,"Action, Adventure, Casual",Single&Multi-player,windows
Isonzo,2022,29.99,"Action, Indie, Massively Multiplayer, Simulation, Strategy",Single&Multi-player,"windows, mac, linux"
Metal: Hellsinger,2022,29.99,"Action, Adventure",Single-player,windows
Warhammer: End Times - Vermintide,2015,29.99,"Action, Indie",Single&Multi-player,windows
Lords Of The Fallen™ 2014,2014,29.99,"Action, RPG",Single-player,windows
War of Rights,2018,29.99,"Action, Indie, Massively Multiplayer, Simulation, Strategy, Early Access",Multi-player,windows
Goat Simulator 3,2024,29.99,"Adventure, Casual, Simulation",Single&Multi-player,windows
Dungeons 3,2017,29.99,"Simulation, Strategy",Single&Multi-player,"windows, mac, linux"
Avatar: Frontiers of Pandora™,2024,29.99,"Action, Adventure",Single&Multi-player,windows
LEGO® Worlds,2017,29.99,Adventure,Single&Multi-player,windows
MechWarrior 5: Mercenaries,2021,29.99,"Action, Simulation",Single&Multi-player,windows
ELEX,2017,29.99,"Action, Adventure, RPG",Single-player,windows
Chernobylite Complete Edition,2021,29.99,"Action, Adventure, Indie, RPG, Simulation",Single-player,windows
Need for Speed™ Hot Pursuit Remastered,2020,29.99,"Action, Racing",Single&Multi-player,windows
FIVE NIGHTS AT FREDDY'S: HELP WANTED,2019,29.99,"Action, Casual",Single-player,windows
The Talos Principle 2,2023,29.99,"Action, Adventure",Single-player,windows
shapez 2 - Factory,2024,29.99,"Casual, Indie, Simulation, Strategy, Early Access",Single-player,"windows, mac, linux"
Crysis,2008,29.99,Action,Single-player,windows
Songs of Conquest,2024,29.99,"Adventure, RPG, Strategy",Single&Multi-player,"windows, mac"
Trine 4: The Nightmare Prince,2019,29.99,"Action, Adventure, Indie",Single&Multi-player,windows
Absolver,2017,29.99,"Action, Adventure, Indie",Single&Multi-player,windows
Caves of Qud,2024,29.99,"Adventure, Indie, RPG, Strategy",Single-player,"windows, mac, linux"
Planetary Annihilation: TITANS,2015,29.99,"Action, Indie, Strategy",Single&Multi-player,"windows, mac, linux"
WolfQuest: Anniversary Edition,2025,29.99,"Action, RPG, Simulation",Single&Multi-player,"windows, mac"
Orcs Must Die! 3,2021,29.99,"Action, Adventure, Indie, Strategy",Single&Multi-player,windows
"Warhammer 40,000: Dawn of War - Definitive Edition",2025,29.99,Strategy,Single&Multi-player,windows
No More Room in Hell 2,2024,29.99,"Action, Indie, Early Access",Multi-player,windows
Ruined King: A League of Legends Story™,2021,29.99,"Indie, RPG",Single-player,windows
Night of the Dead,2024,29.99,"Action, Adventure, Indie, RPG, Simulation",Single&Multi-player,windows
Diplomacy is Not an Option,2024,29.99,"Action, Adventure, Casual, Indie, Simulation, Strategy",Single-player,windows
Darksiders Genesis,2019,29.99,"Action, Adventure",Single&Multi-player,windows
Mortal Shell,2021,29.99,"Action, RPG",Single-player,windows
The Lord of the Rings: Return to Moria™,2024,29.99,"Action, Adventure, RPG",Single&Multi-player,windows
Into the Radius VR,2020,29.99,"Action, Indie",Single-player,windows
Transport Fever,2016,29.99,Simulation,Single-player,"windows, mac, linux"
Raging Loop,2017,29.99,"Adventure, Indie",Single-player,windows
Starship Troopers: Terran Command,2022,29.99,Strategy,Single-player,windows
Destroy All Humans!,2020,29.99,"Action, Adventure",Single-player,windows
Two Point Museum,2025,29.99,"Casual, Indie, Simulation, Strategy",Single-player,"windows, mac, linux"
The Universim,2024,29.99,"Indie, Simulation, Strategy",Single-player,"windows, mac, linux"
Hobo: Tough Life,2021,29.99,"Adventure, Indie, RPG, Simulation",Single&Multi-player,"windows, linux"
Galactic Civilizations III,2015,29.99,Strategy,Single&Multi-player,windows
Crysis 2 Remastered,2022,29.99,Action,Single-player,windows
OMSI 2: Steam Edition,2013,29.99,"Casual, Simulation",Single-player,windows
Norland,2024,29.99,"RPG, Simulation, Strategy, Early Access",Single-player,windows
Way of the Hunter,2022,29.99,"Adventure, Simulation, sports",Single&Multi-player,windows
Ultimate General: Civil War,2017,29.99,"Indie, Simulation, Strategy",Single-player,"windows, mac"
Fernbus Simulator,2016,29.99,"Casual, Simulation",Single-player,windows
Castlevania: Lords of Shadow – Ultimate Edition,2013,29.99,"Action, Adventure",Single-player,windows
Amnesia: Rebirth,2020,29.99,"Adventure, Indie",Single-player,"windows, linux"
Partisans 1941,2020,29.99,"Indie, Strategy",Single-player,windows
The Wandering Village,2025,29.99,"Simulation, Strategy",Single-player,"windows, mac, linux"
Assetto Corsa Rally,2025,29.99,"Racing, Early Access",Single-player,windows
The Precinct,2025,29.99,"Action, Indie, Simulation",Single-player,windows
NARUTO SHIPPUDEN: Ultimate Ninja STORM Revolution,2014,29.99,"Action, Adventure",Single&Multi-player,windows
Iratus: Lord of the Dead,2020,29.99,"Indie, RPG, Strategy",Single-player,"windows, mac, linux"
Crysis 3 Remastered,2022,29.99,Action,Single-player,windows
The Guild 3,2022,29.99,"RPG, Simulation, Strategy",Single&Multi-player,windows
The Dark Pictures Anthology: House of Ashes,2021,29.99,Adventure,Single&Multi-player,windows
"Gunner, HEAT, PC!",2022,29.99,"Action, Indie, Simulation, Early Access",Single-player,windows
Pax Dei,2025,29.99,"Massively Multiplayer, RPG",Multi-player,windows
HighFleet,2021,29.99,"Action, Adventure, Indie, Strategy",Single-player,windows
rFactor 2,2015,29.99,"Racing, Simulation, sports",Single&Multi-player,windows
Parkitect,2018,29.99,"Casual, Indie, Simulation, Strategy",Single&Multi-player,"windows, mac, linux"
Danganronpa Another Episode: Ultra Despair Girls,2017,29.99,Action,Single-player,windows
Zero Escape: The Nonary Games,2017,29.99,Adventure,Single-player,windows
Tomb Raider I-III Remastered Starring Lara Croft,2024,29.99,"Action, Adventure",Single-player,windows
Dragon Age II: Ultimate Edition,2020,29.99,"Action, Adventure, RPG",Single-player,windows
War for the Overworld,2015,29.99,"Indie, Simulation, Strategy",Single&Multi-player,"windows, mac, linux"
Sengoku Dynasty,2024,29.99,"Adventure, RPG, Simulation",Single&Multi-player,windows
Bramble: The Mountain King,2023,29.99,"Adventure, Indie",Single-player,windows
Democracy 4,2022,29.99,"Indie, Simulation, Strategy",Single-player,windows
Journey To The Savage Planet,2021,29.99,"Action, Adventure",Single&Multi-player,windows
Battle Chasers: Nightwar,2017,29.99,"Indie, RPG",Single-player,"windows, mac, linux"
YOU and ME and HER: A Love Story,2020,29.99,Adventure,Single-player,windows
Two Point Campus,2022,29.99,"Casual, Indie, Simulation, Strategy",Single-player,"windows, mac, linux"
Of Ash and Steel,2025,29.99,"Action, Adventure, Indie, RPG",Single-player,windows
MechWarrior 5: Clans,2024,29.99,"Action, Simulation",Single&Multi-player,windows
Hand of Fate 2,2017,29.99,"Action, Indie, RPG",Single-player,"windows, mac, linux"
Town to City,2025,29.99,"Indie, Simulation, Strategy, Early Access",Single-player,windows
X Rebirth,2013,29.99,"Action, Simulation",Single-player,"windows, mac, linux"
Carnal Instinct,2021,29.99,"RPG, Early Access",Single-player,windows
Sakuna: Of Rice and Ruin,2020,29.99,"Action, Indie",Single-player,windows
SENRAN KAGURA ESTIVAL VERSUS,2017,29.99,Action,Single&Multi-player,windows
Wildgate,2025,29.99,"Action, Adventure, Casual, Massively Multiplayer, Racing, RPG, Strategy",Multi-player,windows
Fell Seal: Arbiter's Mark,2019,29.99,"Indie, RPG, Strategy",Single-player,"windows, mac, linux"
Katamari Damacy REROLL,2018,29.99,"Action, Casual",Single&Multi-player,windows
Prehistoric Kingdom,2022,29.99,"Indie, Simulation, Strategy, Early Access",Single-player,windows
Total Conflict: Resistance,2023,29.99,"Action, Simulation, Strategy, Early Access",Single-player,windows
Sonic Origins,2022,29.99,"Action, Adventure, Casual",Single-player,windows
Age of Wonders: Planetfall,2019,29.99,Strategy,Single&Multi-player,"windows, mac"
RIDE 3,2018,29.99,"Racing, Simulation, sports",Single&Multi-player,windows
Othercide,2020,29.99,"Indie, Strategy",Single-player,windows
神舞幻想 Faith of Danschant,2017,29.99,RPG,Single-player,windows
Karryn's Prison,2021,29.99,"RPG, Simulation, Strategy",Single-player,windows
Sledders,2025,29.99,"Racing, Simulation, sports",Single&Multi-player,windows
This Land Is My Land,2021,29.99,"Action, Indie, RPG, Simulation",Single-player,windows
LOST EMBER,2019,29.99,"Action, Adventure, Indie",Single-player,windows
Emergency Call 112 – The Fire Fighting Simulation 2,2021,29.99,"Action, Casual, Simulation",Single&Multi-player,windows
Per Aspera,2020,29.99,"Indie, Simulation, Strategy",Single&Multi-player,windows
Space Engineers 2,2025,29.99,"Action, Indie, Simulation, Strategy, Early Access",Single-player,windows
Cricket 19,2019,29.99,sports,Single&Multi-player,windows
The Jackbox Party Pack 7,2020,29.99,"Casual, Indie, Strategy",Single&Multi-player,"windows, mac, linux"
Cyberdimension Neptunia: 4 Goddesses Online,2018,29.99,RPG,Single&Multi-player,windows
Void Bastards,2019,29.99,"Action, Strategy",Single-player,"windows, mac"
Orcs Must Die! Deathtrap,2025,29.99,"Action, Indie, Strategy",Single&Multi-player,windows
Blood Bowl 3,2023,29.99,"sports, Strategy",Single&Multi-player,windows
SENRAN KAGURA Peach Beach Splash,2018,29.99,Action,Single&Multi-player,windows
Persona 4 Arena Ultimax,2022,29.99,Action,Single&Multi-player,windows
White Day: A Labyrinth Named School,2017,29.99,"Action, Adventure, Indie",Single-player,windows
NECROPOLIS: BRUTAL EDITION,2016,29.99,"Action, Adventure, Indie",Single&Multi-player,"windows, mac"
Shredders,2022,29.99,"Action, Simulation, sports",Single&Multi-player,windows
Cataclismo,2025,29.99,"Simulation, Strategy",Single-player,windows
METAL GEAR SURVIVE,2018,29.99,"Action, Adventure, Strategy",Single&Multi-player,windows
The Legend of Heroes: Trails in the Sky SC,2015,29.99,RPG,Single-player,windows
Pistol Whip,2019,29.99,"Action, Indie, sports",Single-player,windows
Offworld Trading Company,2016,29.99,"Indie, Simulation, Strategy",Single&Multi-player,"windows, mac"
NEBULOUS: Fleet Command,2022,29.99,"Simulation, Strategy, Early Access",Single&Multi-player,windows
Inkbound,2024,29.99,"Action, Indie, Massively Multiplayer, RPG, Simulation, Strategy",Single&Multi-player,windows
Clanfolk,2022,29.99,"RPG, Simulation, Strategy, Early Access",Single-player,windows
Hyper Light Breaker,2025,29.99,"Action, Adventure, Indie, RPG, Early Access",Single&Multi-player,windows
GUNDAM BREAKER 4,2024,29.99,"Action, RPG",Single&Multi-player,windows
Carrier Command 2,2021,29.99,"Action, Adventure, Simulation, Strategy",Single&Multi-player,"windows, mac"
INFRA,2016,29.99,"Adventure, Indie",Single-player,windows
Expeditions: Viking,2017,29.99,"Indie, RPG, Strategy",Single-player,windows
RiME,2017,29.99,Adventure,Single-player,windows
Warhammer: Chaosbane,2019,29.99,"Action, Adventure, RPG",Single&Multi-player,windows
Surviving the Aftermath,2021,29.99,"Simulation, Strategy",Single-player,windows
RoboCop: Rogue City - Unfinished Business,2025,29.99,"Action, Adventure",Single-player,windows
Railroader,2023,29.99,"Simulation, Strategy, Early Access",Single&Multi-player,windows
Master of Command,2025,29.99,Strategy,Single-player,windows
Fire Pro Wrestling World,2017,29.99,"Simulation, sports",Single&Multi-player,windows
Eleven Table Tennis,2016,29.99,"Casual, Simulation, sports",Single&Multi-player,windows
Obduction,2016,29.99,"Adventure, Indie",Single-player,"windows, mac"
SHINOBI: Art of Vengeance,2025,29.99,Action,Single-player,windows
Star Trek: Infinite,2023,29.99,"Adventure, Simulation, Strategy",Single&Multi-player,"windows, mac"
FOUNDRY,2024,29.99,"Indie, Simulation, Strategy, Early Access",Single&Multi-player,windows
Seed of the Dead: Sweet Home,2021,29.99,Action,Single-player,windows
Stronghold 3 Gold,2012,29.99,"Simulation, Strategy",Single&Multi-player,windows
The Crust,2024,29.99,"Simulation, Strategy, Early Access",Single-player,windows
River City Girls,2019,29.99,Action,Single&Multi-player,windows
WRC 9 FIA World Rally Championship,2021,29.99,"Racing, Simulation, sports",Single&Multi-player,windows
Legacy of Kain™ Soul Reaver 1&2 Remastered,2024,29.99,"Action, Adventure",Single-player,windows
Killsquad,2021,29.99,"Action, Indie, RPG",Single&Multi-player,windows
Age of Water,2025,29.99,"Action, Adventure, Massively Multiplayer",Multi-player,windows
Vikings - Wolves of Midgard,2017,29.99,"Action, RPG",Single&Multi-player,"windows, mac, linux"
Cartel Tycoon,2022,29.99,"Action, Indie, Simulation, Strategy",Single-player,windows
Bishojo Mangekyo Kotowari to Meikyu no Shojo,2021,29.99,"Adventure, Indie",Single-player,windows
Project Silverfish,2025,29.99,"Action, Adventure, Indie, Early Access",Single-player,windows
Harry Potter: Quidditch Champions,2024,29.99,"Action, sports",Single&Multi-player,windows
Regiments,2022,29.99,"Indie, Simulation, Strategy",Single-player,windows
Bleak Faith: Forsaken,2023,29.99,"Action, Adventure, Indie, RPG",Single-player,windows
Song of Nunu: A League of Legends Story,2023,29.99,Adventure,Single-player,windows
Ashes of the Singularity: Escalation,2016,29.99,"Simulation, Strategy",Single&Multi-player,windows
Fae Farm,2023,29.99,"Action, RPG, Simulation",Single&Multi-player,windows
Caribbean Legend,2024,29.99,RPG,Single-player,windows
Revenge of the Savage Planet,2025,29.99,"Action, Adventure",Single&Multi-player,windows
UNDERDOGS,2024,29.99,"Action, Adventure, Indie, Simulation",Single-player,windows
Grey Goo,2015,29.99,Strategy,Single&Multi-player,windows
Satellite Reign,2015,29.99,"Action, Indie, Strategy",Single&Multi-player,"windows, mac, linux"
Oriental Empires,2017,29.99,"Indie, Simulation, Strategy",Single&Multi-player,windows
Automation Empire,2019,29.99,"Indie, Simulation, Strategy",Single-player,windows
The Plucky Squire,2024,29.99,Adventure,Single-player,windows
New Cycle,2024,29.99,"Indie, Simulation, Strategy, Early Access",Single-player,windows
Vertigo 2,2023,29.99,"Action, Adventure, Indie",Single-player,windows
Martha Is Dead,2022,29.99,"Adventure, Indie",Single-player,windows
Whiskerwood,2025,29.99,"Simulation, Strategy, Early Access",Single-player,windows
Stray Gods: The Roleplaying Musical,2023,29.99,Adventure,Single-player,windows
The Mageseeker: A League of Legends Story™,2023,29.99,"Action, Indie, RPG",Single-player,windows
Act of Aggression - Reboot Edition,2015,29.99,"Indie, Strategy",Single&Multi-player,windows
Tourist Bus Simulator,2018,29.99,"Casual, Simulation",Single-player,windows
My Friendly Neighborhood,2023,29.99,"Action, Adventure, Indie",Single-player,windows
Cyber Knights: Flashpoint,2025,29.99,"Action, Indie, RPG, Strategy",Single-player,"windows, mac, linux"
Monster Boy and the Cursed Kingdom,2019,29.99,"Action, Adventure, Indie",Single-player,windows
SENRAN KAGURA Burst Re:Newal,2019,29.99,Action,Single-player,windows
Trine 5: A Clockwork Conspiracy,2023,29.99,"Action, Adventure, Indie, RPG",Single&Multi-player,windows
BlazBlue: Chronophantasma Extend,2016,29.99,Action,Single&Multi-player,windows
The Midnight Walk,2025,29.99,"Adventure, Indie",Single-player,windows
Sabbat of the Witch,2018,29.99,"Adventure, Casual, Simulation",Single-player,windows
The Jackbox Party Pack 6,2019,29.99,"Casual, Indie, Strategy",Single&Multi-player,"windows, mac, linux"
Wonderful Everyday Down the Rabbit-Hole,2017,29.99,"Adventure, Casual",Single-player,windows
City Bus Manager,2024,29.99,"Casual, Simulation",Single-player,"windows, mac"
Succubus Cafe,2021,29.99,"Casual, Indie, Simulation",Single-player,windows
Songs of Silence,2024,29.99,"Adventure, Indie, RPG, Simulation, Strategy",Single&Multi-player,windows
Rick and Morty: Virtual Rick-ality,2017,29.99,"Adventure, Indie, Simulation",Single-player,windows
Battle Ram,2023,29.99,"Action, Adventure, Simulation, sports",Single-player,"windows, linux"
Panzer Corps Gold,2014,29.99,Strategy,Single&Multi-player,"windows, mac"
The Blackout Club,2019,29.99,"Action, Indie, Simulation",Single&Multi-player,windows
The Jackbox Party Pack 5,2018,29.99,"Casual, Indie, Strategy",Single&Multi-player,"windows, mac, linux"
A Quiet Place: The Road Ahead,2024,29.99,"Action, Adventure",Single-player,windows
Shenmue I & II,2018,29.99,"Action, Adventure, RPG",Single-player,windows
SpellForce: Conquest of Eo,2023,29.99,"RPG, Strategy",Single-player,windows
Gal*Gun 2,2018,29.99,"Action, Adventure",Single-player,windows
The Legend of Heroes: Trails in the Sky the 3rd,2017,29.99,RPG,Single-player,windows
EMERGENCY 20,2017,29.99,"Simulation, Strategy",Single&Multi-player,"windows, mac"
Chef Life: A Restaurant Simulator,2023,29.99,Simulation,Single-player,windows
Rune Factory 4 Special,2021,29.99,RPG,Single-player,windows
PATAPON 1+2 REPLAY,2025,29.99,"Action, Adventure, RPG",Single-player,windows
Unity of Command II,2019,29.99,"Indie, Simulation, Strategy",Single&Multi-player,"windows, mac, linux"
Paleo Pines,2023,29.99,"Adventure, Casual, Indie, RPG, Simulation",Single-player,"windows, linux"
TerraTech Worlds,2024,29.99,"Action, Adventure, Indie, Simulation, Strategy, Early Access",Single&Multi-player,windows
StarDrive 2,2015,29.99,"Indie, Strategy",Single-player,"windows, mac, linux"
FlatOut 4: Total Insanity,2017,29.99,Racing,Single&Multi-player,windows
Between the Stars,2024,29.99,"Action, Adventure, Indie, RPG, Simulation, Strategy",Single-player,windows
Urban Empire,2017,29.99,"Simulation, Strategy",Single-player,windows
SONG OF HORROR COMPLETE EDITION,2019,29.99,Adventure,Single-player,windows
The Ranch of Rivershine,2025,29.99,Simulation,Single-player,windows
Wurm Unlimited,2015,29.99,"Adventure, Indie, RPG",Single&Multi-player,"windows, linux"
BLACKTAIL,2022,29.99,"Action, Adventure, RPG",Single-player,windows
Towers of Aghasba,2024,29.99,"Action, Adventure, Casual, RPG, Early Access",Single&Multi-player,"windows, linux"
Ancient Cities,2023,29.99,"Indie, Simulation, Strategy",Single-player,windows
WRC 8 FIA World Rally Championship,2020,29.99,"Racing, Simulation, sports",Single&Multi-player,windows
Gal*Gun: Double Peace,2016,29.99,"Action, Adventure",Single-player,windows
Wrench,2018,29.99,"Indie, Racing, Simulation, Early Access",Single&Multi-player,windows
Oddsparks: An Automation Adventure,2025,29.99,"Adventure, Indie, Simulation, Strategy",Single&Multi-player,windows
Heart of the Machine,2026,29.99,"RPG, Simulation, Strategy",Single-player,"windows, mac"
MARVEL Cosmic Invasion,2025,29.99,"Action, Adventure, Casual, Indie",Single&Multi-player,"windows, linux"
Muv-Luv,2018,29.99,"Adventure, Casual",Single-player,windows
Desynced,2026,29.99,"Simulation, Strategy",Single&Multi-player,windows
Creed: Rise to Glory™,2018,29.99,"Action, Indie, Simulation, sports",Single&Multi-player,windows
STEINS;GATE: My Darling's Embrace,2019,29.99,Adventure,Single-player,windows
Overload,2018,29.99,Action,Single&Multi-player,"windows, mac, linux"
Goodbye Volcano High,2023,29.99,"Adventure, Indie",Single-player,windows
Conquest of Elysium 5,2021,29.99,"Indie, Strategy",Single&Multi-player,"windows, mac, linux"
Vagrus - The Riven Realms,2021,29.99,"Indie, RPG, Strategy",Single-player,"windows, mac, linux"
Aeterna Noctis,2021,29.99,"Action, Adventure, Indie",Single&Multi-player,windows
Showgunners,2023,29.99,,Single-player,windows
PAC-MAN WORLD Re-PAC,2022,29.99,"Action, Adventure, Casual",Single-player,windows
Book of Travels,2021,29.99,"Action, Adventure, Indie, Massively Multiplayer, RPG, Early Access",Single&Multi-player,"windows, mac, linux"
Shadows: Awakening,2018,29.99,"Action, RPG",Single-player,windows
Shantae and the Seven Sirens,2020,29.99,Adventure,Single-player,windows
Stephen's Sausage Roll,2016,29.99,Indie,Single-player,"windows, mac, linux"
Tormented Souls 2,2025,29.99,"Action, Adventure",Single-player,windows
Tyrion Cuthbert: Attorney of the Arcane,2023,29.99,"Casual, Indie",Single-player,"windows, mac"
Sairento VR,2018,29.99,"Action, Indie, RPG, Strategy",Single&Multi-player,windows
Dakar Desert Rally,2022,29.99,Racing,Single&Multi-player,windows
Sword of the Sea,2025,29.99,"Adventure, Indie",Single-player,windows
Distant Worlds: Universe,2014,29.99,"Simulation, Strategy",Single-player,windows
Call to Arms: Panzer Elite,2025,29.99,"Action, Simulation, Early Access",Single&Multi-player,windows
Under The Waves,2023,29.99,"Adventure, Indie",Single-player,windows
Stardeus,2022,29.99,"Indie, RPG, Simulation, Strategy, Early Access",Single-player,"windows, mac, linux"
Seven: Enhanced Edition,2017,29.99,"Action, Adventure, Indie, RPG",Single-player,windows
WolfQuest: Classic,2025,29.99,"Indie, RPG, Simulation",Single-player,"windows, mac"
Tomb Raider IV-VI Remastered,2025,29.99,"Action, Adventure",Single-player,windows
Umineko When They Cry - Answer Arcs,2017,29.99,Adventure,Single-player,"windows, mac, linux"
Ooblets,2023,29.99,"Adventure, Casual, Indie, RPG, Simulation",Single-player,windows
ERA ONE,2025,29.99,"Strategy, Early Access",Single-player,windows
Werewolf: The Apocalypse - Earthblood,2022,29.99,"Action, Adventure",Single-player,windows
Serious Sam VR: The Last Hope,2017,29.99,"Action, Indie",Single&Multi-player,windows
City of Gangsters,2021,29.99,"Simulation, Strategy",Single-player,windows
Terminator 2D: NO FATE,2025,29.99,Action,Single-player,"windows, mac, linux"
Moonbreaker,2024,29.99,"Action, Strategy",Single&Multi-player,"windows, mac"
Cloudheim,2025,29.99,"Action, Adventure, RPG, Early Access",Single&Multi-player,windows
Voice of Cards: The Isle Dragon Roars,2021,29.99,"RPG, Strategy",Single-player,windows
The Legend of Khiimori,2026,29.99,"Adventure, Casual, Simulation, Early Access",Single-player,windows
StarDrive,2013,29.99,"Indie, Strategy",Single-player,windows
Nova Roma,2026,29.99,"Simulation, Strategy, Early Access",Single-player,"windows, mac"
Highrise City,2023,29.99,"Simulation, Strategy",Single-player,windows
Ground of Aces,2025,29.99,"Simulation, Strategy, Early Access",Single-player,"windows, mac"
The MISSING: J.J. Macfield and the Island of Memories,2018,29.99,"Action, Adventure, Indie",Single-player,windows
Vox Machinae,2022,29.99,"Action, Indie, Simulation",Single&Multi-player,windows
VALKYRIE DRIVE -BHIKKHUNI-,2017,29.99,Action,Single&Multi-player,windows
Drake Hollow,2020,29.99,"Action, Adventure, Indie",Single&Multi-player,windows
DREADZONE,2025,29.99,"Action, Adventure, Indie, Early Access",Single&Multi-player,windows
The Jackbox Party Pack 8,2021,29.99,"Casual, Indie, Strategy",Multi-player,"windows, mac, linux"
The Thing: Remastered,2024,29.99,Action,Single-player,windows
Hotel Architect,2025,29.99,"Indie, Simulation, Strategy, Early Access",Single-player,windows
ICBM: Escalation,2024,29.99,Strategy,Single&Multi-player,windows
Gamedec - Definitive Edition,2021,29.99,"Adventure, Indie, RPG",Single-player,windows
Warhammer Underworlds - Shadespire Edition,2020,29.99,"Casual, Strategy",Multi-player,windows
Aces of Thunder,2026,29.99,"Action, Simulation",Single&Multi-player,windows
Hello Neighbor: Hide and Seek,2019,29.99,"Action, Adventure",Single-player,windows
ZONE OF THE ENDERS THE 2nd RUNNER : M∀RS / アヌビス ゾーン・オブ・エンダーズ : マーズ,2018,29.99,Action,Single&Multi-player,windows
Shenmue III,2020,29.99,"Action, Adventure",Single-player,windows
Tales Of Glory,2020,29.99,"Action, Simulation",Single-player,windows
Death end re;Quest,2019,29.99,"Action, Adventure, RPG",Single-player,windows
Penny’s Big Breakaway,2024,29.99,"Adventure, Indie",Single-player,windows
CONVERGENCE: A League of Legends Story™,2023,29.99,"Action, Adventure",Single-player,windows
SuperPower 3,2022,29.99,"Simulation, Strategy",Single&Multi-player,windows
Welcome to ParadiZe,2024,29.99,"Action, Adventure, RPG",Single&Multi-player,windows
Soundfall,2022,29.99,"Action, Adventure",Single&Multi-player,windows
DoDonPachi Resurrection,2016,29.99,Action,Single&Multi-player,windows
The Fisherman - Fishing Planet,2019,29.99,"Action, Adventure, Casual, Massively Multiplayer, Simulation, sports, Strategy",Multi-player,windows
Yooka-Replaylee,2025,29.99,"Action, Adventure, Casual, Indie",Single-player,windows
PLATiNA :: LAB,2025,29.99,"Action, Casual, Simulation, Early Access",Single-player,windows
YOHANE THE PARHELION -BLAZE in the DEEPBLUE-,2023,29.99,"Action, Adventure",Single-player,windows
Sumerian Six,2024,29.99,"Action, Strategy",Single-player,windows
War Hospital,2024,29.99,Strategy,Single-player,windows
Last Room,2021,29.99,"Action, Adventure, Casual, Indie, Strategy",Single-player,windows
The Walking Dead Onslaught,2020,29.99,"Action, Adventure, Indie, RPG, Simulation",Single-player,windows
On The Road - The Truck Simulator,2019,29.99,"Casual, Simulation, Strategy",Single-player,windows
Twin Mirror,2021,29.99,Adventure,Single-player,windows
GET EVEN,2017,29.99,"Action, Indie",Single-player,windows
DCL - The Game,2020,29.99,"Action, Adventure, Racing, Simulation, sports",Single&Multi-player,"windows, mac"
Grimlord,2024,29.99,"Action, Adventure, Indie, RPG, Simulation",Single-player,windows
Rogue Waters,2024,29.99,"Action, Adventure, RPG, Strategy",Single-player,windows
Shining Resonance Refrain,2018,29.99,"Adventure, RPG",Single-player,windows
Rebel Galaxy Outlaw,2020,29.99,"Action, Adventure, Indie, RPG, Simulation",Single-player,windows
Super Neptunia RPG,2019,29.99,"Action, Adventure, RPG",Single-player,windows
Russian Village Simulator,2023,29.99,"Action, Adventure, Casual, Indie, Racing, RPG, Simulation, Strategy",Single-player,windows
Shantae: Half-Genie Hero Ultimate Edition,2018,29.99,"Action, Adventure, Indie",Single-player,windows
Destroyer: The U-Boat Hunter,2023,29.99,"Action, Adventure, Indie, Simulation",Single-player,"windows, mac"
Broken Sword - Shadow of the Templars: Reforged,2024,29.99,"Adventure, Casual, Indie",Single-player,"windows, mac, linux"
Park Beyond,2023,29.99,"Casual, Simulation, Strategy",Single-player,windows
Field of Glory II,2017,29.99,"Simulation, Strategy",Single&Multi-player,windows
11-11 Memories Retold,2018,29.99,"Adventure, Casual",Single-player,windows
Particula,2015,29.99,"Casual, Indie, Strategy",Single&Multi-player,"windows, mac"
Remothered: Broken Porcelain,2020,29.99,Action,Single-player,windows
V-Rally 4,2018,29.99,Racing,Single&Multi-player,windows
Masked Shooters 2,2016,29.99,"Action, Indie",Single&Multi-player,windows
Noob - The Factionless,2023,29.99,"Adventure, Indie, RPG",Single-player,"windows, mac"
Adorables,2016,29.99,"Casual, Indie, sports, Strategy",Single&Multi-player,"windows, linux"
The Invincible,2023,29.68,"Action, Adventure, Indie",Single-player,windows
Endling - Extinction is Forever,2022,29.23,"Adventure, Indie, Simulation",Single-player,windows
Railroads Online,2024,28.78,"Indie, Simulation",Single&Multi-player,windows
TEVI,2023,28.54,"Action, Adventure, Casual, Indie",Single-player,windows
Fobia - St. Dinfna Hotel,2022,28.03,Indie,Single-player,windows
Age of Darkness: Final Stand,2025,27.99,Strategy,Single&Multi-player,windows
UNBEATABLE,2025,27.99,Adventure,Single-player,windows
The Last Faith,2023,27.99,"Action, Adventure, Indie",Single-player,windows
Survival: Fountain of Youth,2024,27.99,"Action, Adventure, Indie, Simulation",Single-player,windows
Star Trek: Voyager - Across the Unknown,2026,27.99,"Indie, Strategy",Single-player,windows
Daymare: 1998,2019,27.98,"Action, Adventure, Indie",Single-player,windows
Railway Empire 2,2023,27.49,"Simulation, Strategy",Single&Multi-player,windows
Robin Hood - Sherwood Builders,2024,27.28,"Adventure, Indie, RPG",Single-player,windows
Soulmask,2026,26.99,"Adventure, Indie, RPG, Simulation, ",Single&Multi-player,windows
Wild West Legacy,2024,26.99,"Adventure, RPG, Simulation",Single-player,windows
Godhood,2020,26.99,"RPG, Simulation, Strategy",Single-player,windows
Moonlighter 2: The Endless Vault,2025,26.98,"Action, Adventure, RPG, Early Access",Single-player,windows
Ultimate Admiral: Dreadnoughts,2023,26.24,"Indie, RPG, Simulation, Strategy",Single-player,windows
Truberbrook / Trüberbrook,2019,26.1,"Adventure, Indie",Single-player,"windows, mac, linux"
"Warhammer 40,000: Rogue Trader",2023,26,"Action, Adventure, Indie, RPG, Strategy",Multi-player,"windows, mac"
Six Days in Fallujah,2023,25.99,"Action, Early Access",Single&Multi-player,windows
RoadCraft,2025,25.99,"Adventure, Simulation",Single&Multi-player,windows
Farm Together 2,2025,25.99,"Casual, Indie, Simulation",Single&Multi-player,"windows, mac"
Xenonauts 2,2026,25.99,"RPG, Simulation, Strategy",Single-player,windows
King of Retail,2022,25.99,"Casual, Indie, Simulation",Single-player,"windows, mac"
Land of the Vikings,2023,25.99,Strategy,Single-player,windows
Shortest Trip to Earth,2019,25.99,"Action, Adventure, Indie, Simulation, Strategy",Single-player,"windows, linux"
Cairn,2026,25.49,"Action, Adventure, Indie, Simulation, sports",Single-player,windows
Supraworld,2025,25.49,"Action, Adventure, Indie, Early Access",Single-player,windows
War Mongrels,2021,25.48,"Action, Adventure, Strategy",Single&Multi-player,"windows, mac"
BeamNG.drive,2015,24.99,"Racing, Simulation, Early Access",Single-player,windows
Hades,2020,24.99,"Action, Indie, RPG",Single-player,"windows, mac"
ULTRAKILL,2020,24.99,"Action, Indie, Early Access",Single-player,windows
Slay the Spire,2019,24.99,"Indie, Strategy",Single-player,"windows, mac, linux"
Dead Cells,2018,24.99,"Action, Adventure, Indie",Single-player,"windows, mac, linux"
Slay the Spire 2,2026,24.99,"Indie, Strategy, Early Access",Single&Multi-player,"windows, mac, linux"
House Flipper,2018,24.99,"Indie, Simulation",Single-player,"windows, mac"
DELTARUNE,2025,24.99,"Indie, RPG",Single-player,"windows, mac"
Grim Dawn,2016,24.99,"Action, Adventure, Indie, RPG",Single&Multi-player,windows
Overcooked! 2,2018,24.99,"Action, Casual, Indie",Single&Multi-player,"windows, mac, linux"
Stormworks: Build and Rescue,2020,24.99,Simulation,Single&Multi-player,"windows, mac"
Blasphemous,2019,24.99,"Action, Adventure, Indie",Single-player,"windows, mac, linux"
Lobotomy Corporation | Monster Management Simulation,2018,24.99,"Indie, Simulation",Single-player,windows
Chivalry: Medieval Warfare,2012,24.99,"Action, Indie",Multi-player,"windows, mac, linux"
Rising Storm 2: Vietnam,2017,24.99,"Action, Massively Multiplayer, Simulation, Strategy",Multi-player,windows
ENDER LILIES: Quietus of the Knights,2021,24.99,"Action, Indie, RPG",Single-player,windows
Rain World,2017,24.99,"Action, Adventure, Indie",Single&Multi-player,windows
Pavlov,2024,24.99,"Action, Indie",Multi-player,windows
"Ranch Simulator: Build, Hunt, Farm",2023,24.99,Simulation,Single&Multi-player,windows
Car Mechanic Simulator 2021,2021,24.99,"Racing, Simulation",Single-player,windows
Deadside,2024,24.99,"Action, Adventure, Indie, Massively Multiplayer",Multi-player,windows
Wandering Sword,2023,24.99,"Adventure, Indie, RPG, Strategy",Single-player,windows
嗜血印 Bloody Spell,2022,24.99,"Action, Adventure, Indie, RPG",Single-player,windows
The Stanley Parable: Ultra Deluxe,2022,24.99,"Adventure, Casual, Indie",Single-player,"windows, mac, linux"
Stoneshard,2020,24.99,"Adventure, Indie, RPG, Strategy, Early Access",Single-player,"windows, linux"
City Car Driving,2016,24.99,"Indie, Racing, Simulation",Single-player,windows
Skullgirls 2nd Encore,2013,24.99,"Action, Indie",Single&Multi-player,"windows, mac, linux"
ASTLIBRA Revision,2022,24.99,"Action, Adventure, RPG",Single-player,windows
Total War: MEDIEVAL II – Definitive Edition,2006,24.99,Strategy,Single&Multi-player,"windows, mac, linux"
Wayfinder,2024,24.99,"Action, Adventure, RPG",Single&Multi-player,windows
Sultan's Game,2025,24.99,"Adventure, Indie, RPG, Simulation, Strategy",Single-player,"windows, mac, linux"
Hurtworld,2019,24.99,"Action, Adventure, Simulation",Multi-player,"windows, mac"
ANIMAL WELL,2024,24.99,"Action, Adventure, Indie",Single-player,windows
Half Sword,2026,24.99,"Action, Adventure, Indie, Simulation, Early Access",Single-player,windows
Sun Haven,2023,24.99,"Adventure, Casual, Indie, RPG, Simulation",Single&Multi-player,"windows, mac"
Total War: EMPIRE – Definitive Edition,2009,24.99,Strategy,Single&Multi-player,"windows, mac, linux"
TerraTech,2018,24.99,"Action, Indie",Single&Multi-player,"windows, mac, linux"
Monster Train,2020,24.99,Strategy,Single&Multi-player,windows
Amazing Cultivation Simulator,2020,24.99,,Single-player,windows
Roboquest,2023,24.99,"Action, Indie",Single&Multi-player,windows
Descenders,2019,24.99,"Action, Racing, sports",Single&Multi-player,"windows, mac, linux"
Craftopia,2020,24.99,"Action, Adventure, Indie, RPG, Early Access",Single&Multi-player,windows
Project Wingman,2020,24.99,"Action, Indie, Simulation",Single-player,windows
Streets of Rage 4,2020,24.99,"Action, Indie",Single&Multi-player,"windows, mac, linux"
Dawn of Man,2019,24.99,"Indie, Simulation, Strategy",Single-player,"windows, mac"
Wildermyth,2021,24.99,"Indie, RPG, Strategy",Single&Multi-player,"windows, mac, linux"
Drive Beyond Horizons,2025,24.99,"Action, Adventure, Casual, Indie, Racing, Simulation, Early Access",Single&Multi-player,windows
ENDER MAGNOLIA: Bloom in the Mist,2025,24.99,"Action, RPG",Single-player,windows
"Flashing Lights - Police, Firefighting, Emergency Services (EMS) Simulator",2023,24.99,"Action, Indie, Massively Multiplayer, RPG, Simulation",Single&Multi-player,"windows, mac"
Devil May Cry 4 Special Edition,2015,24.99,Action,Single-player,windows
MADNESS: Project Nexus,2021,24.99,"Action, Indie",Single&Multi-player,windows
Shape of Dreams,2025,24.99,"Action, Adventure, Indie, RPG",Single&Multi-player,windows
Eastward,2021,24.99,"Action, Adventure, Indie, RPG",Single-player,"windows, mac"
Rogue Legacy 2,2022,24.99,"Action, Adventure, Indie, RPG",Single-player,"windows, mac, linux"
House Party,2022,24.99,"Adventure, Casual, Indie, RPG, Simulation",Single-player,windows
The Banner Saga,2014,24.99,"Indie, RPG, Strategy",Single-player,"windows, mac"
Avorion,2020,24.99,"Action, Indie, Simulation",Single&Multi-player,"windows, mac, linux"
Teenage Mutant Ninja Turtles: Shredder's Revenge,2022,24.99,"Action, Adventure, Casual, Indie",Single&Multi-player,"windows, linux"
Legion TD 2 - Multiplayer Tower Defense,2021,24.99,"Casual, Indie, Strategy",Single&Multi-player,"windows, mac"
Chrono Ark,2024,24.99,"Adventure, Indie, RPG, Strategy",Single-player,windows
For The King II,2023,24.99,"Adventure, Indie, RPG, Strategy",Single&Multi-player,windows
Door Kickers 2: Task Force North,2025,24.99,"Action, Indie, Simulation, Strategy",Single&Multi-player,"windows, mac"
Outpost: Infinity Siege,2024,24.99,"Action, Strategy",Single&Multi-player,windows
Freeman: Guerrilla Warfare,2019,24.99,"Action, Indie, RPG, Strategy",Single-player,windows
Armello,2015,24.99,"Adventure, Indie, RPG, Strategy",Single&Multi-player,"windows, mac, linux"
From the Depths,2020,24.99,"Action, Adventure, Indie, Simulation, Strategy",Single&Multi-player,"windows, mac, linux"
Little Witch Nobeta,2022,24.99,"Action, Indie",Single-player,windows
The Forgotten City,2021,24.99,"Adventure, Indie, RPG",Single-player,windows
The Beast Inside,2019,24.99,"Action, Adventure, Indie",Single-player,windows
Not For Broadcast,2022,24.99,"Adventure, Indie, Simulation",Single-player,windows
"Little Kitty, Big City",2024,24.99,"Adventure, Casual, Indie, Simulation",Single-player,windows
ASKA,2024,24.99,"Adventure, Simulation, Strategy, Early Access",Single&Multi-player,windows
Construction Simulator,2022,24.99,"Casual, Simulation",Single&Multi-player,windows
PowerWash Simulator 2,2025,24.99,"Casual, Indie, Simulation",Single&Multi-player,windows
Amnesia: The Bunker,2023,24.99,"Action, Adventure, Indie",Single-player,windows
Have a Nice Death,2023,24.99,"Action, Indie",Single-player,windows
TROUBLESHOOTER: Abandoned Children,2020,24.99,"Casual, Indie, RPG, Strategy",Single-player,windows
Space Haven,2020,24.99,"Indie, RPG, Simulation, Strategy, Early Access",Single-player,"windows, mac, linux"
Ghosts of Tabor,2023,24.99,"Action, Early Access",Multi-player,windows
Drova - Forsaken Kin,2024,24.99,"Action, Adventure, Indie, RPG",Single-player,"windows, mac, linux"
Windblown,2024,24.99,"Action, Indie, Early Access",Single&Multi-player,windows
Onward,2025,24.99,"Action, Indie, Simulation, Strategy",Single&Multi-player,windows
OPUS: Echo of Starsong - Full Bloom Edition,2021,24.99,"Adventure, Indie",Single-player,"windows, mac"
Severed Steel,2021,24.99,"Action, Indie",Single-player,windows
Absolum,2025,24.99,"Action, Adventure, Indie, RPG",Single&Multi-player,windows
下一站江湖Ⅱ,2024,24.99,"Action, Adventure, Indie, RPG",Single-player,windows
Bugsnax,2022,24.99,"Action, Adventure, Casual, Indie",Single-player,"windows, mac"
Project Hospital,2018,24.99,"Indie, Simulation, Strategy",Single-player,"windows, mac, linux"
Monster Train 2,2025,24.99,"Indie, Strategy",Single-player,"windows, mac"
Terra Nil,2023,24.99,"Casual, Indie, Strategy",Single-player,"windows, mac, linux"
Airport CEO,2021,24.99,"Indie, Simulation, Strategy",Single-player,"windows, mac"
Into the Dead: Our Darkest Days,2025,24.99,"Action, Simulation, Strategy, Early Access",Single-player,"windows, mac"
Songs of Syx,2020,24.99,"Casual, Indie, Simulation, Strategy, Early Access",Single-player,"windows, mac, linux"
Chained Echoes,2022,24.99,"Indie, RPG",Single-player,"windows, mac, linux"
Mad Games Tycoon 2,2023,24.99,"Casual, Indie, Simulation, Strategy",Single&Multi-player,"windows, mac"
Deliver Us The Moon,2019,24.99,"Action, Adventure, Indie",Single-player,windows
The Mortuary Assistant,2022,24.99,"Adventure, Indie, Simulation",Single-player,windows
UFO 50,2024,24.99,"Action, Adventure, Indie, RPG, Strategy",Single&Multi-player,windows
Echo Point Nova,2024,24.99,"Action, Adventure, Indie",Single&Multi-player,windows
Potionomics,2022,24.99,"Indie, RPG, Simulation, Strategy",Single-player,windows
Blood Trail,2019,24.99,"Action, Early Access",Single-player,windows
Ion Fury,2019,24.99,"Action, Indie",Single-player,"windows, linux"
Afterimage,2023,24.99,"Action, Adventure, Indie",Single-player,windows
Rooftops & Alleys: The Parkour Game,2025,24.99,"Indie, Simulation, sports",Single&Multi-player,windows
INDIKA,2024,24.99,Adventure,Single-player,windows
Democracy 3,2013,24.99,"Indie, Simulation, Strategy",Single-player,"windows, mac, linux"
The Turing Test,2016,24.99,Adventure,Single-player,windows
Airships: Conquer the Skies,2018,24.99,"Action, Indie, Strategy",Single&Multi-player,"windows, mac, linux"
The Last Stand: Aftermath,2021,24.99,"Action, Adventure, Indie",Single-player,windows
《蜀山：初章》买断版,2022,24.99,Massively Multiplayer,Multi-player,windows
Len's Island,2025,24.99,"Action, Adventure, Indie, RPG",Single&Multi-player,"windows, mac"
ROUTINE,2025,24.99,"Action, Adventure, Indie",Single-player,windows
Nobody Saves the World,2022,24.99,"Action, Adventure, Indie, RPG",Single&Multi-player,windows
The House in Fata Morgana,2016,24.99,Adventure,Single-player,windows
Epic Battle Fantasy 5,2018,24.99,"Adventure, RPG, Strategy",Single-player,windows
Prodeus,2022,24.99,"Action, Adventure, Casual, Indie",Single&Multi-player,"windows, mac"
Astral Ascent,2023,24.99,"Action, Adventure, Indie",Single&Multi-player,"windows, mac, linux"
Sable,2021,24.99,"Adventure, Indie, RPG",Single-player,windows
The Jackbox Party Pack 3,2016,24.99,"Casual, Indie, Strategy",Single&Multi-player,"windows, mac, linux"
SUCCUBUS,2021,24.99,"Action, Adventure",Single-player,windows
Sker Ritual,2024,24.99,"Action, Adventure, Indie",Single&Multi-player,windows
Selaco,2024,24.99,"Action, Adventure, Indie, Early Access",Single-player,"windows, linux"
Esoteric Ebb,2026,24.99,"Indie, RPG",Single-player,windows
Reverse Collapse: Code Name Bakery,2024,24.99,"Adventure, RPG, Strategy",Single-player,windows
Star Trucker,2024,24.99,Simulation,Single-player,windows
BOOK OF HOURS,2023,24.99,"Indie, RPG, Simulation",Single-player,"windows, mac, linux"
GNOSIA,2022,24.99,"Adventure, Indie, RPG, Simulation",Single-player,windows
Creeper World 4,2020,24.99,"Action, Casual, Indie, Simulation, Strategy",Single&Multi-player,windows
Brigador: Up-Armored Edition,2016,24.99,"Action, Indie",Single-player,"windows, mac, linux"
TaleSpire,2021,24.99,"Indie, RPG, Simulation, Early Access",Multi-player,"windows, mac"
Firefighting Simulator - The Squad,2020,24.99,"Action, Simulation",Single&Multi-player,windows
Project: Gorgon,2026,24.99,"Indie, Massively Multiplayer, RPG",Multi-player,"windows, mac, linux"
I Was a Teenage Exocolonist,2022,24.99,"Indie, RPG, Simulation",Single-player,"windows, mac, linux"
Hidden Deep,2022,24.99,"Action, Adventure, Indie, Early Access",Single&Multi-player,windows
Abyssus,2025,24.99,"Action, Adventure, Indie",Single&Multi-player,windows
News Tower,2025,24.99,"Simulation, Strategy",Single-player,"windows, mac"
Flotsam,2025,24.99,"Indie, Simulation, Strategy",Single-player,windows
Train Sim World® 3,2022,24.99,Simulation,Single-player,windows
SimAirport,2020,24.99,"Casual, Indie, Simulation, Strategy",Single-player,"windows, mac, linux"
BMX Streets,2024,24.99,"Casual, Indie, Simulation, sports",Single-player,windows
Lightyear Frontier,2024,24.99,Early Access,Single&Multi-player,windows
Two Worlds II HD,2011,24.99,RPG,Single&Multi-player,"windows, mac"
Bus Simulator 21 Next Stop,2021,24.99,Simulation,Single&Multi-player,windows
HYPERCHARGE: Unboxed,2020,24.99,"Action, Adventure, Casual, Indie, Strategy",Single&Multi-player,"windows, linux"
Melty Blood Actress Again Current Code,2016,24.99,Action,Single&Multi-player,windows
Xenonauts,2014,24.99,"Indie, Simulation, Strategy",Single-player,"windows, mac, linux"
Zero Caliber VR,2023,24.99,"Action, Casual, Indie, Simulation",Single&Multi-player,windows
Hellsplit: Arena,2019,24.99,"Action, RPG",Single-player,windows
EmergeNYC,2016,24.99,"Action, Adventure, Casual, Indie, Massively Multiplayer, Racing, RPG, Simulation, Strategy, Early Access",Single&Multi-player,"windows, mac"
My Little Puppy,2025,24.99,"Action, Adventure, Casual, Indie",Single-player,windows
M.A.S.S. Builder,2025,24.99,"Action, Indie, RPG, Strategy",Single&Multi-player,windows
Out of Ore,2022,24.99,"Adventure, Casual, Simulation, Strategy",Single&Multi-player,windows
Roots of Pacha,2023,24.99,"Indie, RPG, Simulation",Single&Multi-player,"windows, mac, linux"
CHAOS;CHILD,2019,24.99,Adventure,Single-player,windows
StarVaders,2025,24.99,"Adventure, Indie, Strategy",Single-player,"windows, mac"
Blackthorn Arena,2020,24.99,"Indie, RPG, Simulation, Strategy",Single-player,windows
HENPRI,2025,24.99,"Adventure, Casual",Single-player,windows
Ship Graveyard Simulator 2,2023,24.99,"Action, Adventure, Casual, Indie, Simulation",Single&Multi-player,windows
Fights in Tight Spaces,2021,24.99,"Action, Strategy",Single-player,windows
Spellcaster University,2021,24.99,"Simulation, Strategy",Single-player,"windows, mac"
Shelter 2,2015,24.99,"Adventure, Casual, Indie",Single-player,"windows, mac, linux"
Megaquarium,2018,24.99,"Casual, Indie, Simulation, Strategy",Single-player,"windows, mac, linux"
Kynseed,2022,24.99,"Adventure, Indie, RPG, Simulation",Single-player,windows
HELLCARD,2024,24.99,"Adventure, Indie, RPG, Strategy",Single&Multi-player,windows
Dreamfall Chapters,2017,24.99,"Adventure, Indie",Single-player,"windows, mac, linux"
Deadly Premonition: The Director's Cut,2013,24.99,"Action, Adventure",Single-player,windows
Kentucky Route Zero: PC Edition,2013,24.99,"Adventure, Indie",Single-player,"windows, mac, linux"
Roguebook,2021,24.99,"Adventure, Indie, RPG, Strategy",Single-player,"windows, mac, linux"
DEEMO -Reborn-,2020,24.99,"Action, Adventure",Single-player,windows
Production Line : Car factory simulation,2019,24.99,"Indie, Simulation, Strategy",Single-player,windows
NUKITASHI,2023,24.99,Adventure,Single-player,windows
The Banner Saga 2,2016,24.99,"Indie, RPG, Strategy",Single-player,"windows, mac"
RUMBLE,2022,24.99,"Action, sports, Early Access",Single&Multi-player,windows
天外武林 (Traveler of Wuxia),2023,24.99,"RPG, Strategy",Single-player,windows
Star Valor,2022,24.99,"Action, Indie, RPG",Single-player,windows
Crying Suns,2019,24.99,"Indie, Strategy",Single-player,"windows, mac"
Walkabout Mini Golf VR,2021,24.99,"Casual, Indie, sports",Single&Multi-player,windows
Astrea: Six-Sided Oracles,2023,24.99,"Casual, Indie, Strategy",Single-player,windows
Yonder: The Cloud Catcher Chronicles,2017,24.99,"Adventure, Indie",Single-player,windows
Until You Fall,2020,24.99,"Action, Adventure, Indie",Single-player,windows
Card Survival: Tropical Island,2022,24.99,"Adventure, Indie, Simulation, Strategy",Single-player,"windows, mac"
MMORPG Tycoon 2,2020,24.99,"Indie, Simulation, Strategy, Early Access",Single-player,"windows, mac, linux"
Deadlink,2023,24.99,"Action, Indie",Single-player,windows
Aloft,2025,24.99,"Adventure, Casual, Indie, Simulation, Early Access",Single&Multi-player,windows
This Bed We Made,2023,24.99,"Adventure, Indie",Single-player,windows
"Warhammer 40,000: Inquisitor - Prophecy",2019,24.99,"Action, Adventure, Indie, RPG",Single&Multi-player,windows
UNDER NIGHT IN-BIRTH Exe:Late[cl-r],2018,24.99,Action,Single&Multi-player,windows
Ragnarock,2021,24.99,"Action, Casual, Indie",Single&Multi-player,windows
Tinykin,2022,24.99,"Action, Adventure, Indie",Single-player,windows
Parkasaurus,2020,24.99,"Simulation, Strategy",Single-player,windows
Knock on the Coffin Lid,2024,24.99,"Adventure, Indie, RPG, Strategy",Single-player,"windows, mac"
Creativerse,2017,24.99,"Action, Adventure, Casual, Indie, Massively Multiplayer, RPG, Simulation",Single&Multi-player,windows
Sunless Skies: Sovereign Edition,2019,24.99,"Adventure, Indie, RPG",Single-player,"windows, mac, linux"
Star Renegades,2020,24.99,"Action, Indie, RPG, Simulation, Strategy",Single-player,windows
The Banner Saga 3,2018,24.99,"Indie, RPG, Strategy",Single-player,"windows, mac"
THE HOUSE OF THE DEAD: Remake,2022,24.99,Action,Single&Multi-player,windows
Tails Noir,2021,24.99,"Adventure, Indie",Single-player,"windows, mac"
Caravan SandWitch,2024,24.99,"Adventure, Casual, Indie",Single-player,windows
The Jackbox Party Pack 4,2017,24.99,"Casual, Indie, Strategy",Multi-player,"windows, mac, linux"
Umineko When They Cry - Question Arcs,2016,24.99,Adventure,Single-player,"windows, mac, linux"
Mashinky,2018,24.99,"Indie, Simulation, Strategy, Early Access",Single&Multi-player,windows
武侠乂 The Swordsmen X,2020,24.99,"Action, Adventure, Massively Multiplayer, RPG",Multi-player,windows
NUKITASHI 2,2024,24.99,"Adventure, Casual",Single-player,windows
Fishing: Barents Sea,2018,24.99,Simulation,Single-player,windows
Promise Mascot Agency,2025,24.99,"Adventure, Indie, RPG, Simulation",Single-player,windows
Ratatan,2025,24.99,"Action, Adventure, Casual, Indie, RPG, Early Access",Single&Multi-player,windows
Everwind,2026,24.99,"Adventure, Indie, RPG, Simulation, Early Access",Single&Multi-player,windows
The Bridge Curse 2: The Extrication,2024,24.99,Adventure,Single-player,windows
Cubic Odyssey,2025,24.99,"Action, Adventure",Single&Multi-player,windows
NINJA GAIDEN: Ragebound,2025,24.99,"Action, Adventure, Indie",Single-player,windows
Ships At Sea,2024,24.99,"Simulation, Early Access",Single&Multi-player,windows
Rail Route,2024,24.99,"Casual, Indie, Simulation, Strategy",Single&Multi-player,"windows, mac, linux"
Castlevania Dominus Collection,2024,24.99,"Action, RPG",Single-player,windows
Wylde Flowers,2022,24.99,"Adventure, Simulation",Single-player,windows
Mirthwood,2024,24.99,"RPG, Simulation",Single-player,windows
Moons of Madness,2019,24.99,Adventure,Single-player,windows
Fort Solis,2023,24.99,Adventure,Single-player,"windows, mac"
I Expect You To Die,2017,24.99,Adventure,Single-player,windows
Raji: An Ancient Epic,2020,24.99,"Action, Adventure, Indie",Single-player,windows
Knights College,2021,24.99,"Adventure, Casual, Simulation",Single-player,windows
Reus 2,2024,24.99,"Indie, Simulation, Strategy",Single-player,windows
Airborne Kingdom,2022,24.99,"Adventure, Indie, Simulation",Single-player,windows
Citizen Sleeper 2: Starward Vector,2025,24.99,"Adventure, Indie, RPG",Single-player,"windows, mac"
Taur,2020,24.99,"Action, Indie, Strategy",Single-player,windows
Sapiens,2022,24.99,"Indie, Simulation, Strategy, Early Access",Single&Multi-player,"windows, mac"
Thea 2: The Shattering,2019,24.99,"Indie, RPG, Strategy",Single&Multi-player,windows
Ghostbusters: The Video Game Remastered,2020,24.99,Action,Single-player,windows
Go-Go Town!,2024,24.99,"Indie, Simulation, Strategy, Early Access",Single&Multi-player,windows
Broken Sword 5 - the Serpent's Curse,2013,24.99,Adventure,Single-player,"windows, mac, linux"
Youtubers Life 2,2021,24.99,"Adventure, Casual, Indie, Simulation, Strategy",Single-player,"windows, mac"
Way of the Samurai 4,2015,24.99,"Action, Adventure",Single-player,windows
Heaven's Vault,2019,24.99,"Adventure, Indie",Single-player,windows
Spark the Electric Jester 3,2022,24.99,"Action, Indie",Single-player,windows
Hammerwatch II,2023,24.99,"Action, Adventure, Indie, RPG",Single&Multi-player,windows
Samson,2026,24.99,"Action, Adventure, Racing",Single-player,windows
TrackDayR,2021,24.99,"Indie, Massively Multiplayer, Racing, Simulation, sports, Early Access",Single&Multi-player,windows
Three Kingdoms Mushouden,2025,24.99,"Adventure, Indie, RPG, Simulation, Strategy",Single-player,windows
Dragonkin: The Banished,2026,24.99,Action,Single&Multi-player,windows
GigaBash,2022,24.99,"Action, Casual, Indie",Single&Multi-player,windows
Cuisineer,2023,24.99,"Action, Adventure, Casual, Indie, RPG, Simulation",Single-player,windows
Infinifactory,2015,24.99,"Indie, Simulation",Single-player,"windows, mac, linux"
No Straight Roads: Encore Edition,2021,24.99,"Action, Adventure, Indie, RPG",Single&Multi-player,windows
Ogu and the Secret Forest,2024,24.99,Adventure,Single-player,"windows, mac"
Jupiter Hell,2021,24.99,"Indie, RPG, Strategy",Single-player,"windows, mac"
Maid of Sker,2020,24.99,"Action, Adventure, Indie",Single-player,windows
KeyWe,2021,24.99,"Casual, Indie",Single&Multi-player,windows
Valfaris,2019,24.99,"Action, Indie",Single-player,windows
CHAOS;HEAD NOAH,2022,24.99,Adventure,Single-player,windows
Fallen Enchantress: Legendary Heroes,2013,24.99,"Indie, RPG, Strategy",Single-player,windows
MEMORIAPOLIS,2025,24.99,"Indie, Simulation, Strategy",Single-player,windows
Cryptmaster,2024,24.99,"Adventure, Indie, RPG",Single-player,windows
As Far As The Eye,2020,24.99,"Indie, Simulation, Strategy",Single-player,"windows, mac, linux"
SURV1V3,2021,24.99,"Action, Adventure, Indie, Simulation",Single&Multi-player,windows
Haydee 2,2020,24.99,"Action, Adventure, Indie",Single-player,windows
Seafarer: The Ship Sim,2025,24.99,"Casual, Simulation, Early Access",Single-player,windows
InfraSpace,2023,24.99,"Indie, Simulation, Strategy",Single-player,"windows, mac"
Executive Assault 2,2023,24.99,"Action, Indie, Strategy",Single&Multi-player,"windows, mac"
Heads Will Roll: Reforged,2023,24.99,RPG,Single-player,"windows, mac, linux"
LEGO® Voyagers,2025,24.99,"Adventure, Casual",Multi-player,windows
Homura Hime,2026,24.99,"Action, Indie",Single-player,windows
Above Snakes,2023,24.99,"Adventure, RPG, Simulation",Single-player,windows
Freedom Planet 2,2022,24.99,"Action, Adventure, Indie",Single-player,windows
Sorry We're Closed,2024,24.99,"Action, Adventure, Indie",Single-player,windows
Voxel Tycoon,2021,24.99,"Indie, Simulation, Strategy, Early Access",Single-player,"windows, mac, linux"
Cogmind,2017,24.99,"Adventure, Indie, RPG, Strategy, Early Access",Single-player,windows
Pine,2019,24.99,"Action, Adventure, Indie, RPG, Simulation",Single-player,"windows, mac, linux"
Good Company,2022,24.99,"Indie, Simulation, Strategy",Single&Multi-player,windows
The Ditzy Demons Are in Love With Me,2018,24.99,Adventure,Single-player,windows
The Jackbox Party Pack,2014,24.99,"Casual, Indie, Strategy",Single&Multi-player,"windows, mac, linux"
City Transport Simulator®,2025,24.99,Simulation,Single-player,windows
The Jackbox Party Pack 2,2015,24.99,"Casual, Indie, Strategy",Single&Multi-player,"windows, mac, linux"
Big Pharma,2015,24.99,"Indie, Simulation, Strategy",Single-player,"windows, mac, linux"
Sixtar Gate: STARTRAIL,2024,24.99,"Action, Casual, Indie",Single&Multi-player,windows
Spirit Island,2020,24.99,"Indie, Strategy",Single&Multi-player,"windows, mac, linux"
Forefront,2025,24.99,"Action, Indie, Early Access",Multi-player,windows
Noble Fates,2021,24.99,"Action, Indie, RPG, Simulation, Strategy, Early Access",Single-player,windows
Aokana - Four Rhythms Across the Blue - EXTRA2,2022,24.99,"Adventure, Casual, sports",Single-player,windows
Beastieball,2024,24.99,"Adventure, Indie, RPG, sports, Early Access",Single&Multi-player,"windows, mac"
Synth Riders,2019,24.99,"Action, Casual, Indie",Single&Multi-player,windows
Ruinarch,2023,24.99,"Indie, Simulation, Strategy",Single-player,windows
Winter Resort Simulator 2,2020,24.99,"Casual, Indie, Simulation",Single&Multi-player,windows
Laysara: Summit Kingdom,2026,24.99,"Indie, Simulation, Strategy",Single-player,windows
Plutocracy,2019,24.99,"Indie, Simulation, Strategy, Early Access",Single-player,"windows, mac, linux"
Druidstone: The Secret of the Menhir Forest,2019,24.99,"Adventure, Indie, Strategy",Single-player,windows
"Yes, Your Grace 2: Snowfall",2025,24.99,"Indie, RPG, Simulation, Strategy",Single-player,"windows, mac"
Naheulbeuk's Dungeon Master,2023,24.99,"Casual, Indie, Simulation, Strategy",Single-player,windows
Ziggurat 2,2021,24.99,"Action, Indie",Single-player,"windows, mac, linux"
Gal Guardians: Demon Purge,2023,24.99,"Action, Adventure",Single&Multi-player,windows
Submachine: Legacy,2023,24.99,"Adventure, Indie",Single-player,windows
OHV,2024,24.99,"Indie, Racing, Simulation, Early Access",Single-player,windows
Escape from Ever After,2026,24.99,"Adventure, Indie, RPG",Single-player,windows
STAND OUT VR : VR Battle Royale,2019,24.99,"Action, Massively Multiplayer, Simulation",Single&Multi-player,windows
Total Chaos,2025,24.99,"Action, Adventure, Indie",Single-player,windows
Hacker Simulator,2021,24.99,"Indie, Simulation",Single-player,windows
Karnage Chronicles,2020,24.99,"Action, Adventure, RPG",Single&Multi-player,windows
Passpartout 2: The Lost Artist,2023,24.99,"Casual, Indie, Simulation",Single-player,"windows, mac"
Lost Eidolons: Veil of the Witch,2025,24.99,"Indie, RPG, Strategy",Single-player,windows
Rustler (Grand Theft Horse),2021,24.99,"Action, Adventure, Indie, Racing, RPG",Single-player,windows
Dead Effect 2 VR,2017,24.99,"Action, Indie, RPG",Single&Multi-player,windows
I Expect You To Die 2: The Spy and the Liar,2021,24.99,Adventure,Single-player,windows
DAVIGO: VR vs. PC,2023,24.99,"Action, Indie, Early Access",Multi-player,windows
Double Dragon Gaiden: Rise Of The Dragons,2023,24.99,"Action, Adventure, Casual",Single&Multi-player,windows
Duel Corp.,2026,24.99,"Action, Adventure, Indie, Massively Multiplayer, RPG, Simulation, Early Access",Single&Multi-player,windows
BUNNY GARDEN,2024,24.99,"Adventure, Casual, Indie",Single-player,windows
Rez Infinite,2017,24.99,"Action, Casual, Indie",Single-player,windows
METALLIC CHILD,2021,24.99,"Action, Indie",Single-player,windows
SpyParty,2018,24.99,"Action, Indie, Simulation, Strategy, Early Access",Multi-player,windows
Withering Rooms,2024,24.99,"Action, Adventure, RPG",Single-player,windows
Starship EVO,2020,24.99,"Action, Adventure, Indie, Simulation, Early Access",Single&Multi-player,windows
Frozen Synapse,2011,24.99,"Indie, Strategy",Single&Multi-player,"windows, mac, linux"
Renown,2025,24.99,"Action, Adventure, Indie, Simulation, Early Access",Multi-player,windows
Metal Slug Tactics,2024,24.99,"Action, Indie, RPG, Strategy",Single-player,windows
Taiji,2022,24.99,"Adventure, Indie",Single-player,windows
Beneath Oresa,2023,24.99,"Indie, RPG, Strategy",Single-player,windows
MOTHERGUNSHIP,2018,24.99,"Action, Indie",Single&Multi-player,windows
The Light Brigade,2023,24.99,"Action, RPG, Strategy",Single-player,windows
Line War,2022,24.99,Strategy,Single&Multi-player,windows
The Eternal Cylinder,2022,24.99,"Action, Adventure",Single-player,windows
狼と香辛料VR/Spice&WolfVR,2019,24.99,"Casual, Indie",Single-player,windows
Starship Troopers: Ultimate Bug War!,2026,24.99,"Action, Adventure, Indie",Single-player,windows
The Colonists,2018,24.99,"Indie, Strategy",Single&Multi-player,"windows, mac, linux"
Here Comes Niko!,2021,24.99,"Action, Adventure, Indie",Single-player,windows
Hundred Days - Winemaking Simulator,2021,24.99,"Indie, Simulation, Strategy",Single-player,"windows, mac"
Warlock - Master of the Arcane,2012,24.99,Strategy,Single&Multi-player,windows
Q.U.B.E. 2,2018,24.99,"Action, Adventure, Indie, Simulation",Single-player,windows
Love Esquire - RPG/Dating Sim/Visual Novel,2019,24.99,"Indie, RPG, Simulation",Single-player,"windows, mac, linux"
Red Matter,2018,24.99,"Adventure, Indie",Single-player,windows
Dice Gambit,2025,24.99,"Indie, RPG, Strategy",Single-player,windows
The Scouring,2025,24.99,"Action, RPG, Strategy, Early Access",Single&Multi-player,windows
GetsuFumaDen: Undying Moon,2022,24.99,"Action, Indie",Single-player,windows
Amairo Chocolate,2020,24.99,Indie,Single-player,windows
Animal Shelter 2,2025,24.99,"Adventure, Casual, Indie, Simulation",Single&Multi-player,windows
Bye Sweet Carole,2025,24.99,"Adventure, Indie",Single-player,windows
Ys: Memories of Celceta,2018,24.99,"Action, RPG",Single-player,windows
Fruitbus,2024,24.99,"Adventure, Casual, Indie, Simulation",Single-player,windows
Botany Manor,2024,24.99,Adventure,Single-player,windows
Ys SEVEN,2017,24.99,"Action, RPG",Single-player,windows
Adventure Time: Pirates of the Enchiridion,2018,24.99,"Adventure, RPG",Single-player,windows
The Red Lantern,2021,24.99,"Adventure, Casual, Indie, RPG",Single-player,windows
Swords 'n Magic and Stuff,2020,24.99,"Adventure, Casual, Indie, RPG, Simulation, Early Access",Single&Multi-player,windows
Snacko,2025,24.99,"Adventure, Indie, RPG, Simulation",Single-player,windows
Virtual Rides 3 - Funfair Simulator,2017,24.99,"Casual, Simulation",Single-player,"windows, mac, linux"
Tales of Seikyu,2025,24.99,"Adventure, RPG, Simulation, Early Access",Single-player,windows
Snowtopia: Ski Resort Builder,2022,24.99,"Indie, Simulation, Strategy",Single-player,windows
WE ARE FOOTBALL,2021,24.99,"Simulation, sports, Strategy",Single&Multi-player,windows
Maia,2018,24.99,"Indie, Simulation, Strategy",Single-player,"windows, mac, linux"
Garden Life: A Cozy Simulator,2024,24.99,"Casual, Simulation",Single-player,windows
KAKU: Ancient Seal,2024,24.99,"Action, Adventure, Indie, RPG",Single-player,windows
La-Mulana 2,2018,24.99,"Action, Adventure, Indie",Single-player,"windows, mac"
Nowhere Prophet,2019,24.99,"Indie, RPG, Strategy",Single-player,"windows, mac, linux"
Inkulinati,2024,24.99,"Indie, Strategy",Single&Multi-player,"windows, mac"
Big Helmet Heroes,2025,24.99,"Action, Adventure, Casual, Indie",Single&Multi-player,windows
Popup Dungeon,2020,24.99,"Indie, RPG, Strategy",Single&Multi-player,windows
Tumblestone,2016,24.99,"Action, Casual, Indie, Strategy",Single&Multi-player,"windows, mac, linux"
Inside,2016,24.99,"Action, Indie",Single-player,windows
Fellowship,2023,24.99,"Action, Indie, RPG, Early Access",Single-player,windows
Distance,2026,24.99,"Casual, Indie, Simulation",Single-player,windows
Echo,2026,24.99,"Adventure, Indie, Simulation",Single-player,windows
Colony Survival,2017,24.95,"Action, Adventure, Indie, Strategy, Early Access",Single&Multi-player,"windows, mac, linux"
Lessaria: Fantasy Kingdom Sim,2025,24.9,"Indie, RPG, Simulation, Strategy",Single-player,windows
SYNDUALITY Echo of Ada,2025,24.49,Action,Single&Multi-player,windows
Battle Shapers,2024,24.48,Action,Single-player,windows
KIBORG,2025,24.42,"Action, Indie",Single&Multi-player,"windows, mac"
ANNO: Mutationem,2022,24.29,"Action, Adventure, Indie, RPG",Single-player,"windows, mac"
Nightmare Reaper,2022,24.11,"Action, Indie",Single&Multi-player,windows
No Man's Sky,2016,23.99,"Action, Adventure",Single&Multi-player,"windows, mac"
Farming Simulator 25,2024,23.99,Simulation,Single&Multi-player,"windows, mac"
Company of Heroes 3,2023,23.99,"Action, Strategy",Single&Multi-player,windows
Terra Invicta,2026,23.99,"Simulation, Strategy",Single-player,windows
Back to the Dawn,2025,23.99,"Adventure, Indie, RPG, Simulation, Strategy",Single-player,windows
WITCH ON THE HOLY NIGHT,2023,23.99,Adventure,Single-player,windows
Tavern Keeper 🍻,2025,23.99,"Indie, RPG, Simulation, Strategy, Early Access",Single-player,windows
The Great Villainess: Strategy of Lily,2025,23.99,"Indie, Simulation, Strategy",Single-player,windows
Still Wakes the Deep,2024,23.98,"Action, Adventure, Indie",Single-player,windows
Storage Hunter Simulator,2025,23.98,"Casual, Indie, Simulation",Single&Multi-player,windows
The Last Hero of Nostalgaia,2022,23.98,"Action, Adventure",Single&Multi-player,windows
Bootstrap Island,2026,23.98,"Action, Adventure, Indie, Simulation, Strategy",Single-player,windows
SULFUR,2024,23.78,"Action, Adventure, Indie, RPG, Simulation, Early Access",Single-player,windows
Panzer Knights,2021,23.78,"Action, Indie",Single-player,windows
Drug Dealer Simulator 2,2024,23.7,"Action, Adventure, Indie, Simulation, Strategy",Single&Multi-player,windows
Wobbly Life,2025,23.23,"Action, Adventure, Casual, Indie, Simulation",Single&Multi-player,windows
Ancestors Legacy,2018,23.2,Strategy,Single&Multi-player,windows
Big Ambitions,2023,22.99,"Indie, Simulation, Early Access",Single-player,"windows, mac"
Software Inc.,2015,22.99,"Indie, Simulation, Strategy, Early Access",Single&Multi-player,"windows, mac, linux"
Pharaoh™: A New Era,2023,22.99,"Simulation, Strategy",Single-player,windows
Dune: Imperium,2024,22.99,"Simulation, Strategy",Single&Multi-player,"windows, mac"
Shadows Over Loathing,2022,22.99,"Adventure, Indie, RPG",Single-player,"windows, mac"
GINKA,2023,22.99,"Adventure, Casual",Single-player,windows
Dungeons of Hinterberg,2024,22.99,"Action, Adventure, Indie, RPG",Single-player,windows
Cross Blitz,2025,22.99,"Adventure, Indie, RPG, Strategy",Single-player,windows
Lakeburg Legacies,2023,22.99,"RPG, Simulation, Strategy",Single-player,windows
JR EAST Train Simulator,2022,22.99,Simulation,Single-player,windows
Motesolo : No Girlfriend Since Birth,2021,22.99,"Indie, RPG, Simulation, Strategy",Single-player,windows
Kayak VR: Mirage,2022,22.99,"Adventure, Casual, Indie, Racing, Simulation, sports",Single&Multi-player,windows
PHOGS!,2020,22.93,"Adventure, Casual, Indie",Single&Multi-player,windows
The Alters,2025,22.74,Adventure,Single-player,windows
EA SPORTS FC™ 26,2025,22.5,"Simulation, sports",Single&Multi-player,windows
Frostpunk 2,2024,22.49,"Simulation, Strategy",Single-player,"windows, mac"
Undisputed,2024,22.49,"Action, Simulation, sports",Single&Multi-player,windows
Planet Coaster 2,2024,22.49,"Simulation, Strategy",Single&Multi-player,windows
Eco,2018,22.49,"Indie, Simulation, Early Access",Single&Multi-player,windows
Rotwood,2026,22.49,"Action, Adventure, RPG",Single&Multi-player,windows
A.I.L.A,2025,22.49,Adventure,Single-player,windows
Life is Feudal: Forest Village,2017,22.48,"Indie, Simulation, Strategy",Single-player,windows
GRIP: Combat Racing,2018,22.48,"Action, Indie, Racing",Single&Multi-player,windows
Figment 2: Creed Valley,2023,22.48,"Action, Adventure, Casual, Indie",Single&Multi-player,windows
Ratopia,2025,22,"Adventure, Casual, Indie, Simulation, Strategy",Single-player,"windows, mac"
Children of Morta,2019,21.99,"Action, Adventure, Indie, RPG",Single&Multi-player,"windows, mac, linux"
We Who Are About To Die,2022,21.99,"Action, Indie, RPG, Simulation, Strategy, Early Access",Single-player,windows
Trine 3: The Artifacts of Power,2015,21.99,"Action, Adventure, Indie",Single&Multi-player,"windows, mac, linux"
Aethermancer,2025,21.99,"Adventure, Indie, RPG, Strategy, Early Access",Single-player,"windows, linux"
Founders' Fortune,2020,21.99,"Indie, Simulation, Strategy",Single-player,"windows, mac"
ZEPHON,2024,21.99,"RPG, Strategy",Single&Multi-player,"windows, linux"
Nancy Drew®: Midnight in Salem,2019,21.99,"Adventure, Casual",Single-player,"windows, mac"
Black Book,2021,21.68,"Adventure, Indie, RPG, Strategy",Single-player,"windows, mac"
SAMOLIOTIK,2016,21.68,"Action, Casual, Indie",Single-player,windows
Rogue Lords,2021,21.18,"RPG, Strategy",Single-player,windows
ATRI -My Dear Moments-,2020,20.99,"Adventure, Casual",Single-player,windows
Fabledom,2024,20.99,"Casual, Simulation, Strategy",Single-player,windows
Fate/stay night REMASTERED,2024,20.99,Adventure,Single-player,windows
Age of Reforging: The Freelands,2025,20.99,"Adventure, Indie, RPG, Strategy",Single-player,windows
Ultimate Admiral: Age of Sail,2021,20.99,"Indie, Simulation, Strategy",Single-player,windows
Alaskan Road Truckers,2023,20.68,"Action, Adventure, Casual, Racing, Simulation",Single-player,windows
Hell Let Loose,2021,20.39,"Action, Indie, Massively Multiplayer, Simulation, Strategy",Multi-player,windows
Quern - Undying Thoughts,2016,20.28,Adventure,Single-player,"windows, mac, linux"
KARMA: The Dark World,2025,20.23,"Adventure, Indie, RPG",Single-player,windows
Trainz Railroad Simulator 2019,2019,20,Simulation,Single&Multi-player,"windows, mac"
Phasmophobia,2020,19.99,"Action, Indie, Early Access",Single&Multi-player,windows
The Forest,2018,19.99,"Action, Adventure, Indie, Simulation",Single&Multi-player,windows
Valheim,2021,19.99,"Action, Adventure, Indie, RPG, Early Access",Single&Multi-player,"windows, mac, linux"
Hollow Knight: Silksong,2025,19.99,"Action, Adventure, Indie",Single-player,"windows, mac, linux"
Project Zomboid,2013,19.99,"Indie, RPG, Simulation, Early Access",Single&Multi-player,"windows, mac, linux"
Raft,2022,19.99,"Adventure, Indie, Simulation",Single&Multi-player,windows
Fallout 4,2015,19.99,RPG,Single-player,windows
鬼谷八荒 Tale of Immortal,2023,19.99,"Action, Adventure, Indie, RPG, Simulation",Single-player,windows
Cuphead,2017,19.99,"Action, Indie",Single&Multi-player,"windows, mac"
Human Fall Flat,2016,19.99,"Adventure, Casual, Indie, Simulation",Single&Multi-player,"windows, mac"
Tomb Raider Game of the Year,2013,19.99,"Action, Adventure",Single&Multi-player,"windows, mac"
Totally Accurate Battle Simulator,2021,19.99,"Indie, Simulation, Strategy",Single&Multi-player,"windows, mac"
Slime Rancher,2017,19.99,"Action, Adventure, Indie, Simulation",Single-player,"windows, mac, linux"
Mount & Blade: Warband,2010,19.99,"Action, RPG",Single&Multi-player,"windows, mac, linux"
Black Mesa,2020,19.99,"Action, Adventure, Indie",Single&Multi-player,"windows, linux"
Assetto Corsa,2014,19.99,"Indie, Racing, Simulation, sports",Single&Multi-player,windows
Inscryption,2021,19.99,"Adventure, Indie, Strategy",Single-player,"windows, mac, linux"
Celeste,2018,19.99,"Action, Adventure, Indie",Single-player,"windows, mac, linux"
Batman™: Arkham Knight,2015,19.99,"Action, Adventure",Single-player,windows
Scrap Mechanic,2016,19.99,"Action, Adventure, Indie, Simulation, Early Access",Single&Multi-player,windows
Just Cause™ 3,2015,19.99,"Action, Adventure",Single-player,windows
Space Engineers,2019,19.99,"Action, Indie, Simulation, Strategy",Single&Multi-player,windows
The Isle,2015,19.99,"Action, Adventure, Indie, Massively Multiplayer, Simulation, Early Access",Multi-player,windows
Firewatch,2016,19.99,"Adventure, Indie",Single-player,"windows, mac, linux"
This War of Mine,2014,19.99,"Adventure, Indie, Simulation",Single-player,"windows, mac, linux"
Gunfire Reborn,2021,19.99,"Action, Adventure, Indie, RPG",Single&Multi-player,windows
Dyson Sphere Program,2021,19.99,"Indie, Simulation, Strategy, Early Access",Single-player,windows
Noita,2020,19.99,"Action, Adventure, Indie, RPG, Simulation",Single-player,windows
XCOM® 2,2016,19.99,Strategy,Single-player,"windows, mac, linux"
OMORI,2020,19.99,"Adventure, Indie, RPG",Single-player,"windows, mac"
Supermarket Simulator,2025,19.99,"Casual, Indie, Simulation",Single&Multi-player,"windows, mac"
NARUTO SHIPPUDEN: Ultimate Ninja STORM 4,2016,19.99,"Action, Adventure",Single&Multi-player,windows
METAL GEAR SOLID V: THE PHANTOM PAIN,2015,19.99,"Action, Adventure",Single&Multi-player,windows
Farming Simulator 22,2021,19.99,Simulation,Single&Multi-player,"windows, mac"
Pizza Tower,2023,19.99,"Action, Indie",Single&Multi-player,windows
Barotrauma,2023,19.99,"Action, Indie, Simulation, Strategy",Single&Multi-player,"windows, mac, linux"
Party Animals,2023,19.99,"Action, Casual, Indie",Single&Multi-player,windows
Batman: Arkham City - Game of the Year Edition,2012,19.99,"Action, Adventure",Single-player,windows
Outlast 2,2017,19.99,"Action, Adventure, Indie",Single-player,windows
Gang Beasts,2017,19.99,"Action, Adventure, Casual, Indie, Simulation",Multi-player,"windows, mac, linux"
Little Nightmares,2017,19.99,Adventure,Single-player,windows
Skul: The Hero Slayer,2021,19.99,"Action, Indie",Single-player,"windows, mac, linux"
Gorilla Tag,2023,19.99,"Action, Casual",Multi-player,windows
Car Mechanic Simulator 2018,2017,19.99,"Racing, Simulation",Single-player,"windows, mac"
WorldBox - God Simulator,2021,19.99,"Indie, Simulation, Early Access",Single-player,"windows, mac, linux"
Hitman: Absolution™,2012,19.99,Action,Single-player,windows
Tabletop Simulator,2015,19.99,"Casual, Indie, RPG, Simulation, Strategy",Single&Multi-player,"windows, mac, linux"
GUILTY GEAR -STRIVE-,2021,19.99,Action,Single&Multi-player,windows
Watch_Dogs™,2014,19.99,"Action, Adventure",Single&Multi-player,windows
DRAGON BALL Z: KAKAROT,2020,19.99,"Action, RPG",Single-player,windows
Stranded Deep,2022,19.99,"Adventure, Indie",Single&Multi-player,"windows, mac, linux"
DRAGON BALL XENOVERSE 2,2016,19.99,"Action, Adventure, Casual, Massively Multiplayer",Single&Multi-player,windows
PC Building Simulator,2019,19.99,"Indie, Simulation",Single-player,windows
Killing Floor,2009,19.99,Action,Single&Multi-player,"windows, mac, linux"
Mortal Kombat X,2015,19.99,Action,Single&Multi-player,windows
Banished,2014,19.99,"Indie, Simulation, Strategy",Single-player,windows
Bright Memory: Infinite,2021,19.99,"Action, Indie",Single-player,windows
MudRunner,2017,19.99,Simulation,Single&Multi-player,windows
Forager,2019,19.99,"Action, Adventure, Indie, Simulation",Single-player,windows
Danganronpa: Trigger Happy Havoc,2016,19.99,Adventure,Single-player,"windows, mac, linux"
Beyond: Two Souls,2020,19.99,"Action, Adventure",Single&Multi-player,windows
Torchlight II,2012,19.99,"Action, Adventure, Indie, RPG",Single&Multi-player,"windows, mac, linux"
Return of the Obra Dinn,2018,19.99,"Adventure, Indie",Single-player,"windows, mac"
For The King,2018,19.99,"Adventure, Indie, RPG, Strategy",Single&Multi-player,"windows, mac, linux"
Kingdom Two Crowns,2018,19.99,"Adventure, Indie, Simulation, Strategy",Single&Multi-player,"windows, mac, linux"
BlazBlue Entropy Effect,2024,19.99,"Action, Adventure, Indie",Single&Multi-player,"windows, mac"
Empyrion - Galactic Survival,2020,19.99,"Adventure, Indie, Simulation, Strategy",Single&Multi-player,windows
Danganronpa 2: Goodbye Despair,2016,19.99,Adventure,Single-player,"windows, mac, linux"
Paint the Town Red,2021,19.99,"Action, Indie",Single&Multi-player,"windows, mac, linux"
Transistor,2014,19.99,"Action, Indie, RPG",Single-player,"windows, mac, linux"
Tales of ARISE,2023,19.99,"Action, RPG",Single-player,windows
Yakuza: Like a Dragon,2020,19.99,"Action, Adventure, RPG",Single-player,windows
Titan Quest Anniversary Edition,2016,19.99,"Action, RPG",Single&Multi-player,windows
Holdfast: Nations At War,2020,19.99,"Action, Indie, Massively Multiplayer, RPG, Simulation, Strategy",Multi-player,windows
Red Orchestra 2: Heroes of Stalingrad with Rising Storm,2011,19.99,"Action, Massively Multiplayer, Simulation",Multi-player,windows
BioShock™,2007,19.99,"Action, RPG",Single-player,windows
Dead Space™ 2,2011,19.99,"Action, Adventure",Single&Multi-player,windows
My Friend Pedro,2019,19.99,"Action, Indie",Single-player,windows
Dinkum,2025,19.99,"Adventure, Casual, Indie, RPG, Simulation",Single&Multi-player,windows
Rhythm Doctor,2025,19.99,"Action, Casual, Indie, Strategy, ",Single&Multi-player,"windows, mac, linux"
Depth,2014,19.99,"Action, Indie",Single&Multi-player,windows
Heavy Rain,2020,19.99,"Action, Adventure",Single-player,windows
Assassin's Creed™: Director's Cut Edition,2008,19.99,"Action, Adventure",Single-player,windows
"Hot Dogs, Horseshoes & Hand Grenades",2016,19.99,"Action, Simulation, Early Access",Single-player,windows
Amnesia: The Dark Descent,2010,19.99,"Action, Adventure, Indie",Single-player,"windows, mac, linux"
Sunkenland,2023,19.99,"Action, Indie, Early Access",Single&Multi-player,windows
Spelunky 2,2020,19.99,"Action, Indie",Single&Multi-player,windows
9 Kings,2025,19.99,"RPG, Strategy, Early Access",Single-player,"windows, mac"
Squad 44,2018,19.99,"Action, Indie, Massively Multiplayer, Strategy",Multi-player,windows
Death's Door,2021,19.99,"Action, Adventure, Indie, RPG",Single-player,windows
Demonologist,2023,19.99,"Action, Adventure, Indie",Single&Multi-player,windows
Night in the Woods,2017,19.99,Adventure,Single-player,"windows, mac, linux"
Farm Together,2018,19.99,"Casual, Indie, Simulation",Single&Multi-player,"windows, mac, linux"
Cooking Simulator,2019,19.99,"Casual, Simulation",Single-player,windows
Tribes of Midgard,2021,19.99,"Action, Adventure, Indie, RPG",Single&Multi-player,windows
The Walking Dead: The Final Season,2018,19.99,Adventure,Single-player,windows
Streets of Rogue,2019,19.99,"Action, Adventure, Indie, RPG",Single&Multi-player,"windows, mac, linux"
Moonlighter,2018,19.99,"Action, Adventure, Indie",Single-player,"windows, mac, linux"
CarX Street,2024,19.99,"Massively Multiplayer, Racing, Simulation, sports",Single&Multi-player,"windows, mac, linux"
Peglin,2024,19.99,"Casual, Indie, RPG, Strategy",Single-player,"windows, mac"
Arma 2: Operation Arrowhead,2010,19.99,"Action, Simulation, Strategy",Single&Multi-player,windows
Tower Unite,2025,19.99,"Action, Adventure, Casual, Indie, Massively Multiplayer, Racing",Single&Multi-player,windows
Sword Art Online: Fatal Bullet,2018,19.99,"Action, RPG",Single&Multi-player,windows
Trine 2: Complete Story,2013,19.99,"Action, Adventure, Indie",Single&Multi-player,"windows, mac, linux"
Baldur's Gate: Enhanced Edition,2013,19.99,"Adventure, RPG",Single&Multi-player,"windows, mac, linux"
Hyper Light Drifter,2016,19.99,"Action, Adventure, Indie, RPG",Single&Multi-player,"windows, mac, linux"
Witch It,2020,19.99,"Action, Casual, Indie",Multi-player,windows
Youtubers Life,2017,19.99,"Adventure, Casual, Indie, Simulation, Strategy",Single-player,"windows, mac, linux"
ZERO Sievert,2024,19.99,"Action, Adventure, Indie",Single-player,windows
Unrailed!,2020,19.99,"Action, Casual, Indie",Single&Multi-player,"windows, mac, linux"
Antichamber,2013,19.99,"Adventure, Indie",Single-player,"windows, mac, linux"
Cloudpunk,2020,19.99,"Adventure, Indie, RPG",Single-player,windows
Griftlands,2021,19.99,Indie,Single-player,"windows, mac, linux"
METAL GEAR SOLID V: GROUND ZEROES,2014,19.99,"Action, Adventure",Single-player,windows
Darksiders Warmastered Edition,2016,19.99,"Action, Adventure, RPG",Single-player,windows
Until Then,2024,19.99,"Adventure, Casual, Indie",Single-player,"windows, linux"
LISA: The Painful,2014,19.99,"Adventure, Indie, RPG",Single-player,"windows, mac, linux"
Wobbledogs,2022,19.99,"Casual, Indie, Simulation",Single-player,"windows, mac"
Gothic 1,2001,19.99,"Action, RPG",Single-player,windows
Internet Cafe Simulator 2,2022,19.99,"Action, Adventure, Casual, Indie, Simulation, Strategy",Single-player,windows
"Yes, Your Grace",2020,19.99,"Adventure, Casual, Indie, RPG, Simulation, Strategy",Single-player,"windows, mac"
Car Mechanic Simulator 2015,2015,19.99,"Racing, Simulation",Single-player,"windows, mac"
The Bazaar,2025,19.99,Strategy,Single&Multi-player,"windows, mac"
Prototype™,2009,19.99,"Action, Adventure",Single-player,windows
Gothic II: Gold Edition,2010,19.99,"Action, RPG",Single-player,windows
SCP: 5K,2022,19.99,"Action, Indie, Massively Multiplayer, Strategy, Early Access",Single&Multi-player,windows
Sunset Overdrive,2018,19.99,"Action, Adventure",Single-player,windows
Cosmoteer: Starship Architect & Commander,2022,19.99,"Simulation, Strategy, Early Access",Single&Multi-player,windows
Sprocket,2021,19.99,"Action, Indie, Simulation, Early Access",Single-player,windows
Motorsport Manager,2016,19.99,"Racing, Simulation, sports, Strategy",Single-player,"windows, mac, linux"
Little Misfortune,2019,19.99,"Adventure, Casual, Indie",Single-player,"windows, mac, linux"
Haste,2025,19.99,"Action, Adventure, Indie, Racing",Single&Multi-player,"windows, mac, linux"
WRC 7 FIA World Rally Championship,2017,19.99,Racing,Single&Multi-player,windows
Furi,2016,19.99,"Action, Indie",Single-player,windows
Little Witch in the Woods,2025,19.99,"Adventure, Casual, Indie, RPG, Simulation",Single-player,"windows, mac"
Amazing Frog?,2014,19.99,"Action, Adventure, Indie, Early Access",Single&Multi-player,"windows, mac, linux"
Tactical Breach Wizards,2024,19.99,"Adventure, Indie, RPG, Strategy",Single-player,windows
DYSMANTLE,2021,19.99,"Action, Adventure, Indie, RPG, Simulation",Single&Multi-player,"windows, mac"
Luma Island,2024,19.99,"Adventure, Casual, Indie, RPG, Simulation",Single&Multi-player,windows
Road Redemption,2017,19.99,"Action, Adventure, Indie, Racing, Simulation",Single&Multi-player,"windows, mac, linux"
NARUTO SHIPPUDEN: Ultimate Ninja STORM 3 Full Burst HD,2013,19.99,"Action, Adventure",Single&Multi-player,windows
POSTAL 4: No Regerts,2022,19.99,"Action, Adventure",Single-player,windows
Stonehearth,2018,19.99,"Indie, Simulation, Strategy",Single&Multi-player,"windows, mac"
Across the Obelisk,2022,19.99,"Adventure, Indie, RPG, Strategy",Single&Multi-player,"windows, mac, linux"
The Messenger,2018,19.99,"Action, Indie",Single-player,windows
Sins of a Solar Empire®: Rebellion,2012,19.99,"Action, Indie, Simulation, Strategy",Single&Multi-player,windows
Aragami,2016,19.99,"Action, Adventure, Indie",Single&Multi-player,"windows, mac, linux"
Barony,2015,19.99,"Action, Adventure, Indie, RPG",Single&Multi-player,"windows, mac, linux"
SYNTHETIK: Legion Rising,2018,19.99,"Action, Indie",Single&Multi-player,windows
Naval Action,2019,19.99,"Indie, Massively Multiplayer, Racing, Simulation",Multi-player,windows
RUINER,2017,19.99,"Action, Indie",Single-player,"windows, linux"
Suzerain,2020,19.99,"Adventure, Indie, RPG",Single-player,"windows, mac"
Five Nights at Freddy's: Into the Pit,2024,19.99,"Action, Adventure, Indie",Single-player,windows
Cube World,2019,19.99,"Adventure, Indie, RPG",Single&Multi-player,windows
Kingdom Rush 5: Alliance TD,2024,19.99,"Indie, Strategy",Single-player,"windows, mac"
RWBY: Grimm Eclipse,2016,19.99,"Action, Adventure, Indie",Single&Multi-player,"windows, mac"
Injustice: Gods Among Us Ultimate Edition,2013,19.99,Action,Single&Multi-player,windows
Tropico 5,2014,19.99,"RPG, Simulation, Strategy",Single&Multi-player,"windows, linux"
The Front,2025,19.99,"Action, Indie, Massively Multiplayer, Simulation",Single&Multi-player,windows
BPM: BULLETS PER MINUTE,2020,19.99,"Action, Adventure, Indie",Single-player,windows
Kingdom Rush Vengeance - Tower Defense,2020,19.99,Strategy,Single-player,"windows, mac"
Styx: Master of Shadows,2014,19.99,Action,Single-player,windows
Wingspan,2020,19.99,"Indie, Strategy",Single&Multi-player,"windows, mac"
Stronghold Crusader: Definitive Edition,2025,19.99,"Simulation, Strategy",Single&Multi-player,windows
Baldur's Gate II: Enhanced Edition,2013,19.99,"Adventure, RPG",Single&Multi-player,"windows, mac, linux"
UnderMine,2020,19.99,"Action, Adventure, Indie, RPG",Single-player,"windows, mac, linux"
Jump Space,2025,19.99,"Action, Adventure, Indie, Early Access",Single&Multi-player,windows
VEIN,2025,19.99,"Action, RPG, Simulation, Early Access",Single&Multi-player,"windows, linux"
Gothic® 3,2009,19.99,"Action, RPG",Single-player,windows
The Dark Pictures Anthology: Man of Medan,2019,19.99,Adventure,Single&Multi-player,windows
Life is Feudal: Your Own,2015,19.99,"Action, Indie, RPG, Simulation",Multi-player,windows
Kingdoms Reborn,2020,19.99,"Indie, Simulation, Strategy, Early Access",Single&Multi-player,windows
The Legend of Heroes: Trails in the Sky,2014,19.99,RPG,Single-player,windows
AI: The Somnium Files,2019,19.99,Adventure,Single-player,windows
Cassette Beasts,2023,19.99,"Indie, RPG",Single&Multi-player,"windows, linux"
Catherine Classic,2019,19.99,Adventure,Single&Multi-player,windows
Tank Mechanic Simulator,2020,19.99,"Action, Adventure, Casual, Indie, Simulation",Single-player,"windows, mac"
Pyre,2017,19.99,"Action, Indie, RPG",Single&Multi-player,"windows, mac, linux"
Beasts of Bermuda,2018,19.99,"Adventure, Indie, Massively Multiplayer, Simulation, Early Access",Multi-player,windows
HuniePop 2: Double Date,2021,19.99,"Indie, RPG, Simulation, Strategy",Single-player,"windows, mac"
Wildfrost,2023,19.99,"Indie, Strategy",Single-player,windows
Car Dealer Simulator,2025,19.99,"Casual, Indie, Simulation",Single-player,windows
TOEM: A Photo Adventure,2021,19.99,"Adventure, Casual, Indie",Single-player,"windows, mac, linux"
Door Kickers,2014,19.99,"Action, Indie, Simulation, Strategy",Single&Multi-player,"windows, linux"
Hand of Fate,2015,19.99,"Action, Indie, RPG",Single-player,"windows, mac, linux"
Motor Town: Behind The Wheel,2021,19.99,"Adventure, Casual, Indie, Racing, Simulation, Early Access",Single&Multi-player,windows
Elin,2024,19.99,"Indie, RPG, Simulation, Strategy, Early Access",Single&Multi-player,windows
Ultimate Fishing Simulator®,2018,19.99,"Casual, Simulation, sports",Single&Multi-player,windows
Slender: The Arrival,2013,19.99,"Action, Adventure, Indie",Single-player,"windows, mac"
Citizen Sleeper,2022,19.99,"Adventure, Indie, RPG",Single-player,"windows, mac"
The Roottrees are Dead,2025,19.99,Adventure,Single-player,"windows, mac, linux"
Neverwinter Nights: Enhanced Edition,2018,19.99,RPG,Single&Multi-player,"windows, mac, linux"
EARTH DEFENSE FORCE 4.1 The Shadow of New Despair,2016,19.99,Action,Single&Multi-player,windows
Granblue Fantasy: Versus,2020,19.99,Action,Single&Multi-player,windows
Tannenberg,2017,19.99,"Action, Indie, Massively Multiplayer, Simulation, Strategy",Single&Multi-player,"windows, mac, linux"
Volcanoids,2019,19.99,"Action, Adventure, Indie, Simulation, Early Access",Single&Multi-player,"windows, linux"
Nuclear Option,2023,19.99,"Action, Indie, Simulation, Early Access",Single&Multi-player,windows
The Walking Dead: Saints & Sinners,2020,19.99,"Action, Adventure, Indie, RPG, Simulation, Strategy",Single-player,windows
GORN,2019,19.99,"Action, Indie",Single-player,windows
Pit People®,2018,19.99,"Action, Indie, RPG, Strategy",Single&Multi-player,windows
Tainted Grail: Conquest,2021,19.99,"Action, Indie, RPG",Single-player,"windows, linux"
F.E.A.R. 3,2011,19.99,Action,Single&Multi-player,windows
In Stars And Time,2023,19.99,RPG,Single-player,windows
LEGO® Marvel Super Heroes 2,2017,19.99,Action,Single&Multi-player,windows
Rebel Galaxy,2015,19.99,"Action, Adventure, Indie, RPG, Simulation",Single-player,"windows, mac"
Carto,2020,19.99,"Adventure, Casual, Indie, RPG",Single-player,"windows, mac"
Amnesia: A Machine for Pigs,2013,19.99,"Action, Adventure, Indie",Single-player,"windows, mac, linux"
Train Sim World® 2,2020,19.99,Simulation,Single-player,windows
Unravel Two,2020,19.99,"Action, Adventure",Single&Multi-player,windows
Blood Bowl 2,2015,19.99,"sports, Strategy",Single&Multi-player,"windows, mac"
The Tenants,2022,19.99,"Casual, Indie, Simulation",Single-player,windows
Mordheim: City of the Damned,2015,19.99,"RPG, Strategy",Single&Multi-player,windows
Marco & The Galaxy Dragon,2020,19.99,"Adventure, Casual, Simulation",Single-player,windows
Burnout™ Paradise Remastered,2020,19.99,"Action, Adventure, Racing",Single&Multi-player,windows
Ultimate Epic Battle Simulator 2,2023,19.99,"Action, Adventure, Casual, Indie, Simulation, Strategy",Single-player,windows
The Dark Pictures Anthology: Little Hope,2020,19.99,Adventure,Single&Multi-player,windows
The Vanishing of Ethan Carter,2014,19.99,"Adventure, Indie",Single-player,windows
The Slormancer,2025,19.99,"Action, Adventure, Indie, RPG",Single-player,windows
Longvinter,2025,19.99,"Action, Adventure, Massively Multiplayer, RPG, Simulation",Multi-player,windows
A Space for the Unbound,2023,19.99,"Adventure, Indie",Single-player,windows
Crow Country,2024,19.99,"Action, Indie",Single-player,windows
Cash Cleaner Simulator,2025,19.99,"Casual, Indie, Simulation",Single-player,windows
Recettear: An Item Shop's Tale,2010,19.99,"RPG, Indie",Single-player,windows
Home Behind 2,2022,19.99,"Adventure, Indie, RPG, Simulation, Strategy",Single-player,"windows, mac, linux"
FlatOut: Ultimate Carnage Collector's Edition,2008,19.99,Racing,Single-player,windows
Dungeon Munchies,2022,19.99,"Action, Adventure, Indie, RPG",Single-player,"windows, mac"
Streamer Life Simulator 2,2026,19.99,"Indie, Simulation",Single-player,windows
Mark of the Ninja: Remastered,2018,19.99,"Action, Indie",Single-player,"windows, mac, linux"
Legend of Heroes: Three Kingdoms,2025,19.99,"Indie, RPG, Simulation, Strategy, Early Access",Single-player,windows
Sudden Strike 4,2017,19.99,Strategy,Single-player,"windows, mac, linux"
Day of Dragons,2019,19.99,"Indie, Massively Multiplayer, RPG, Simulation, Early Access",Multi-player,windows
One Step From Eden,2020,19.99,"Action, Adventure, Indie, Strategy",Single&Multi-player,"windows, mac, linux"
Tiny Bookshop,2025,19.99,"Casual, Indie, RPG, Simulation",Single-player,"windows, mac, linux"
Thief Simulator 2,2023,19.99,"Action, Indie, Simulation",Single-player,windows
Dead Island: Riptide Definitive Edition,2016,19.99,Action,Single&Multi-player,"windows, linux"
Tormented Souls,2021,19.99,"Action, Adventure",Single-player,windows
NARUTO: Ultimate Ninja STORM,2017,19.99,"Action, Adventure",Single&Multi-player,windows
Ken Follett's The Pillars of the Earth,2017,19.99,"Adventure, Casual, Indie",Single-player,"windows, mac, linux"
星空列车与白的旅行,2021,19.99,Adventure,Single-player,windows
Tangle Tower,2019,19.99,"Adventure, Indie",Single-player,"windows, mac"
Axiom Verge,2015,19.99,"Action, Adventure, Indie",Single-player,"windows, linux"
ENSLAVED™: Odyssey to the West™ Premium Edition,2013,19.99,"Action, Adventure",Single-player,windows
Agent A: A puzzle in disguise,2019,19.99,"Adventure, Indie",Single-player,"windows, mac"
HARD BULLET,2020,19.99,"Action, Adventure, Indie, Simulation, Early Access",Single-player,windows
Opus Magnum,2017,19.99,"Indie, Simulation",Single-player,"windows, mac, linux"
The Coin Game,2026,19.99,"Adventure, Casual, Indie, Simulation",Single-player,windows
The Painscreek Killings,2017,19.99,"Adventure, Indie",Single-player,windows
Midnight Ghost Hunt,2024,19.99,"Action, Indie",Multi-player,windows
Spirit of the North,2020,19.99,"Adventure, Casual, Indie",Single-player,windows
Intruder,2019,19.99,Early Access,Multi-player,"windows, mac"
Five Hearts Under One Roof,2024,19.99,"Adventure, RPG, Simulation",Single-player,"windows, mac, linux"
龙胤立志传,2026,19.99,"Indie, RPG, Simulation, Strategy",Single-player,windows
Hot Lava,2019,19.99,"Action, Adventure, Indie, Racing",Single&Multi-player,windows
Blacksad: Under the Skin,2019,19.99,Adventure,Single-player,"windows, mac"
Gordian Quest,2022,19.99,"Adventure, Indie, RPG, Strategy",Single&Multi-player,windows
Terraforming Mars,2018,19.99,Strategy,Single&Multi-player,"windows, mac"
HROT,2023,19.99,"Action, Indie",Single-player,windows
Bug Fables: The Everlasting Sapling,2019,19.99,"Action, Adventure, Indie, RPG",Single-player,windows
"Invisible, Inc.",2015,19.99,"Action, Indie, Strategy",Single-player,"windows, mac, linux"
The Pedestrian,2020,19.99,"Adventure, Indie",Single-player,"windows, mac, linux"
Minds Beneath Us,2024,19.99,"Adventure, Indie, RPG",Single-player,windows
Turing Complete,2021,19.99,"Simulation, Early Access",Single-player,"windows, mac, linux"
Styx: Shards of Darkness,2017,19.99,"Action, Adventure",Single&Multi-player,windows
DRAGON BALL: THE BREAKERS,2022,19.99,"Action, Adventure, Casual",Multi-player,windows
CryoFall,2021,19.99,"Action, Adventure, Indie, Massively Multiplayer, RPG, Simulation, Strategy",Single&Multi-player,windows
I Am Your Beast,2024,19.99,Action,Single-player,windows
SpaceBourne 2,2025,19.99,"Action, Adventure, Indie, RPG, Simulation, Strategy",Single-player,windows
1000xRESIST,2024,19.99,"Adventure, Indie",Single-player,windows
Steel Division: Normandy 44,2017,19.99,"Action, Simulation, Strategy",Single&Multi-player,windows
Lethal League Blaze,2018,19.99,"Action, Indie, sports",Single&Multi-player,"windows, mac, linux"
Deceive Inc.,2023,19.99,"Action, Indie, Strategy",Multi-player,windows
Axis & Allies 1942 Online,2021,19.99,Strategy,Single&Multi-player,"windows, mac, linux"
Hypnospace Outlaw,2019,19.99,Simulation,Single-player,"windows, mac, linux"
Patrick's Parabox,2022,19.99,"Casual, Indie, Strategy",Single-player,"windows, mac, linux"
Hob,2017,19.99,"Action, Adventure, Indie",Single-player,windows
Dread Delusion,2024,19.99,"Action, Adventure, Indie, RPG",Single-player,windows
Lost Ruins,2021,19.99,"Action, Adventure, Indie",Single-player,"windows, mac, linux"
Planescape: Torment: Enhanced Edition,2017,19.99,"Adventure, RPG",Single-player,"windows, mac, linux"
Persona 3 Portable,2023,19.99,"Adventure, RPG, Strategy",Single-player,windows
FINAL FANTASY VIII - REMASTERED,2019,19.99,"Adventure, RPG",Single-player,windows
Zero Escape: Zero Time Dilemma,2016,19.99,Adventure,Single-player,windows
Bear and Breakfast,2022,19.99,"Adventure, Casual, RPG, Simulation",Single-player,windows
Serious Sam: Siberian Mayhem,2022,19.99,"Action, Adventure",Single&Multi-player,windows
GRAV,2015,19.99,"Action, Adventure, Indie, RPG, Early Access",Single&Multi-player,windows
Survive the Nights,2025,19.99,"Action, Adventure, Indie, Massively Multiplayer, Simulation",Single&Multi-player,windows
PULSAR: Lost Colony,2021,19.99,"Action, Adventure, Indie, RPG, Simulation",Single&Multi-player,"windows, mac, linux"
Divinity II: Developer's Cut,2012,19.99,RPG,Single-player,windows
Yu-Gi-Oh! Legacy of the Duelist,2016,19.99,Simulation,Single&Multi-player,windows
Lil Gator Game,2022,19.99,"Action, Adventure, Casual, Indie",Single-player,windows
Silica,2023,19.99,"Action, Indie, Strategy, Early Access",Single&Multi-player,windows
Submerged,2015,19.99,Adventure,Single-player,windows
Job Simulator,2016,19.99,"Action, Casual, Indie, Simulation",Single-player,windows
Tales of Symphonia,2016,19.99,RPG,Single&Multi-player,windows
Lake,2021,19.99,"Adventure, Indie",Single-player,windows
Disgaea PC,2016,19.99,RPG,Single-player,windows
Terminus: Zombie Survivors,2024,19.99,"Adventure, Indie, RPG, Simulation, Strategy",Single-player,"windows, mac"
Potion Permit,2022,19.99,"Action, Adventure, Casual, RPG",Single-player,"windows, mac"
Esports Godfather,2024,19.99,"Casual, Indie, RPG, Simulation, sports, Strategy",Single-player,windows
Iconoclasts,2018,19.99,"Action, Adventure, Indie",Single-player,"windows, mac, linux"
Factory Town,2021,19.99,"Indie, Simulation, Strategy",Single-player,"windows, mac"
Horizon Chase Turbo,2018,19.99,"Action, Casual, Indie, Racing, sports",Single&Multi-player,"windows, mac, linux"
Ghost of a Tale,2018,19.99,"Action, Adventure, Indie, RPG",Single-player,windows
The Drifter,2025,19.99,"Adventure, Indie",Single-player,"windows, mac, linux"
Nine Parchments,2017,19.99,"Action, RPG",Single&Multi-player,windows
Thumper,2016,19.99,"Action, Indie",Single-player,windows
Contractors,2018,19.99,"Action, Casual, Indie, Simulation",Single&Multi-player,windows
Wargroove,2019,19.99,"Indie, Strategy",Single&Multi-player,windows
Strike Force Heroes,2023,19.99,"Action, Indie, RPG",Single&Multi-player,windows
LEGO® Builder's Journey,2021,19.99,"Adventure, Casual, Indie",Single-player,windows
eden*,2015,19.99,Adventure,Single-player,windows
Zompiercer,2020,19.99,"Action, Adventure, Indie, Early Access",Single-player,windows
Shadow Tactics: Aiko's Choice,2021,19.99,"Indie, Strategy",Single-player,"windows, linux"
Legend of Keepers: Career of a Dungeon Manager,2021,19.99,"Indie, RPG, Strategy",Single-player,"windows, mac, linux"
HUNTDOWN,2021,19.99,"Action, Indie",Single&Multi-player,"windows, mac, linux"
Cobalt Core,2023,19.99,"Indie, Strategy",Single-player,"windows, mac"
171,2022,19.99,"Action, Adventure, Indie, Early Access",Single-player,windows
Curious Expedition 2,2021,19.99,"Adventure, Indie, RPG, Simulation, Strategy",Single-player,windows
Gigantic: Rampage Edition,2024,19.99,Action,Single&Multi-player,windows
Moonstone Island,2023,19.99,"Adventure, Indie, RPG",Single-player,"windows, mac, linux"
Three Kingdoms Zhao Yun,2024,19.99,"Action, Adventure, RPG",Single-player,windows
Spin Rhythm XD,2023,19.99,"Action, Casual, Indie",Single&Multi-player,"windows, mac, linux"
Idol Manager,2021,19.99,"Indie, Simulation, Strategy",Single-player,"windows, mac, linux"
OshiRabu: Waifus Over Husbandos,2020,19.99,Adventure,Single-player,windows
My Garage,2021,19.99,"Indie, Racing, Simulation, Early Access",Single-player,windows
Victor Vran ARPG,2015,19.99,"Action, Adventure, Indie, RPG",Single&Multi-player,"windows, mac, linux"
Let's Build a Zoo,2021,19.99,"Simulation, Strategy",Single-player,windows
Hollywood Animal,2025,19.99,"Simulation, Strategy, Early Access",Single-player,"windows, mac"
Nexomon: Extinction,2020,19.99,"Action, Adventure, Casual, Indie, RPG, Simulation",Single-player,"windows, mac"
Owlboy,2016,19.99,"Action, Adventure, Indie",Single-player,"windows, mac, linux"
Punch Club 2: Fast Forward,2023,19.99,"Adventure, Indie, RPG, Simulation, sports, Strategy",Single-player,windows
Maximum Action,2018,19.99,"Action, Indie, Early Access",Single-player,windows
The Bloodline,2023,19.99,"Action, Indie, RPG, Early Access",Single-player,windows
Wargame: Airland Battle,2013,19.99,"Indie, Simulation, Strategy",Single&Multi-player,"windows, linux"
En Garde!,2023,19.99,"Action, Adventure, Indie",Single-player,windows
Autonauts,2019,19.99,"Casual, Indie, Simulation",Single-player,windows
DARQ: Complete Edition,2019,19.99,"Action, Adventure, Indie",Single-player,windows
Thimbleweed Park™,2017,19.99,"Adventure, Indie",Single-player,"windows, mac, linux"
Shadowrun: Hong Kong - Extended Edition,2015,19.99,"Adventure, Indie, RPG, Strategy",Single-player,"windows, mac, linux"
The Rise of the Golden Idol,2024,19.99,"Adventure, Indie",Single-player,"windows, mac"
SENRAN KAGURA SHINOVI VERSUS,2016,19.99,Action,Single&Multi-player,windows
Animal Shelter,2022,19.99,"Adventure, Casual, Indie, Simulation",Single-player,windows
Farmer's Dynasty - Final Harvest Edition,2019,19.99,"Adventure, Casual, RPG, Simulation",Single-player,windows
He is Coming,2025,19.99,"RPG, Strategy, Early Access",Single&Multi-player,windows
Thea: The Awakening,2015,19.99,"Indie, RPG, Strategy",Single-player,windows
Death Trash,2021,19.99,"Action, Indie, RPG, Early Access",Single&Multi-player,"windows, mac, linux"
Alpha Protocol™,2010,19.99,"Action, RPG",Single-player,windows
Loddlenaut,2023,19.99,"Adventure, Casual, Indie",Single-player,"windows, mac"
NARUTO SHIPPUDEN: Ultimate Ninja STORM 2,2017,19.99,"Action, Adventure, Strategy",Single&Multi-player,windows
Chicory: A Colorful Tale,2021,19.99,"Adventure, Indie, RPG",Single&Multi-player,"windows, mac"
Stolen Realm,2024,19.99,"Adventure, RPG, Strategy",Single&Multi-player,"windows, mac"
Anger Foot,2024,19.99,"Action, Indie",Single-player,windows
POPUCOM,2025,19.99,"Action, Adventure, Casual",Multi-player,windows
Them's Fightin' Herds,2020,19.99,"Action, Indie",Single&Multi-player,"windows, mac, linux"
Red Faction Guerrilla Re-Mars-tered,2018,19.99,,Single&Multi-player,windows
Mars First Logistics,2025,19.99,"Indie, Simulation",Single&Multi-player,windows
killer7,2018,19.99,"Action, Adventure",Single-player,windows
BlazBlue: Cross Tag Battle,2019,19.99,Action,Single&Multi-player,windows
Void War,2025,19.99,"Adventure, Indie, RPG, Simulation, Strategy",Single-player,windows
Tape to Tape,2023,19.99,"Action, sports, Early Access",Single&Multi-player,windows
Ring of Pain,2020,19.99,"Indie, Strategy",Single-player,"windows, mac"
Paradise Killer,2020,19.99,"Adventure, Indie, RPG",Single-player,windows
The Entropy Centre,2022,19.99,Adventure,Single-player,windows
The Legend of Tianding,2021,19.99,"Action, Adventure, RPG",Single-player,"windows, mac"
X-Morph: Defense,2017,19.99,"Action, Indie, Strategy",Single&Multi-player,windows
Hell Clock,2025,19.99,"Action, Indie, RPG",Single-player,windows
Scythe: Digital Edition,2018,19.99,Strategy,Single&Multi-player,"windows, mac"
Staxel,2019,19.99,"Indie, RPG, Simulation",Single&Multi-player,"windows, mac, linux"
Snufkin: Melody of Moominvalley,2024,19.99,"Adventure, Indie, RPG",Single-player,"windows, mac"
AKIBA'S TRIP: Undead ＆ Undressed,2015,19.99,"Action, Adventure, Casual, RPG",Single-player,windows
Tacoma,2017,19.99,"Adventure, Indie",Single-player,"windows, mac, linux"
Ys Origin,2012,19.99,"Action, Adventure, RPG",Single-player,windows
SYNTHETIK 2,2021,19.99,"Action, Indie, Early Access",Single&Multi-player,windows
GTTOD,2017,19.99,"Action, Adventure, Indie, Early Access",Single-player,windows
Icewind Dale: Enhanced Edition,2014,19.99,"Adventure, RPG",Single&Multi-player,"windows, mac, linux"
Magical Girl Celesphonia,2022,19.99,"Adventure, Indie, RPG",Single-player,windows
Trials of Fire,2021,19.99,"Indie, RPG, Strategy",Single-player,windows
Juno: New Origins,2023,19.99,"Indie, Simulation",Single-player,"windows, mac"
Terraformers,2023,19.99,Strategy,Single-player,"windows, mac, linux"
Wrestling Empire,2021,19.99,"Action, Indie, RPG, Simulation, sports",Single&Multi-player,windows
Cat Quest III,2024,19.99,"Action, Adventure, Indie, RPG",Single&Multi-player,"windows, mac"
Moss,2018,19.99,"Action, Adventure, Casual, Indie",Single-player,windows
"Sir, You Are Being Hunted",2014,19.99,"Action, Indie",Single&Multi-player,"windows, linux"
TRAIL OUT,2022,19.99,"Action, Casual, Indie, Racing",Single&Multi-player,windows
Oddworld: New 'n' Tasty,2015,19.99,"Action, Adventure, Indie",Single-player,"windows, mac, linux"
Contractors Showdown : ExfilZone,2024,19.99,"Action, Simulation",Multi-player,windows
NEOVERSE,2020,19.99,"Action, Adventure, Casual, Indie, RPG, Strategy",Single-player,"windows, mac"
Dex,2015,19.99,"Action, Adventure, Indie, RPG",Single-player,"windows, mac, linux"
Yooka-Laylee,2017,19.99,"Action, Adventure, Indie",Single&Multi-player,"windows, mac, linux"
Sub Rosa,2021,19.99,"Action, Indie, Massively Multiplayer, Early Access",Multi-player,"windows, linux"
Beacon Pines,2022,19.99,"Adventure, Casual, Indie",Single-player,windows
The Bridge Curse Road to Salvation,2022,19.99,"Action, Adventure, RPG",Single-player,windows
Patron,2021,19.99,"Simulation, Strategy",Single-player,windows
MX vs. ATV Reflex,2010,19.99,Racing,Single&Multi-player,windows
Guild Wars® Reforged,2025,19.99,"Action, Adventure, Massively Multiplayer, RPG",Single&Multi-player,windows
Despot's Game: Dystopian Battle Simulator,2022,19.99,"Indie, RPG, Strategy",Single&Multi-player,"windows, mac, linux"
REKA,2024,19.99,"Adventure, Casual, Indie, RPG, Early Access",Single-player,windows
Yaoling: Mythical Journey,2025,19.99,"Adventure, Casual, Indie, RPG, Simulation, Strategy",Single-player,windows
Card Shark,2022,19.99,"Adventure, Indie, Simulation",Single-player,"windows, mac"
Deponia Doomsday,2016,19.99,"Adventure, Indie",Single-player,"windows, mac, linux"
Cepheus Protocol,2020,19.99,"Action, Adventure, Indie, Massively Multiplayer, RPG, Simulation, Strategy, Early Access",Single&Multi-player,windows
Train Fever,2014,19.99,"Casual, Indie, Simulation",Single-player,"windows, mac, linux"
Timespinner,2018,19.99,"Action, Adventure, Indie, RPG",Single&Multi-player,"windows, mac, linux"
Animalia Survival,2021,19.99,"Action, Adventure, Indie, Massively Multiplayer, Simulation, Strategy, Early Access",Multi-player,windows
Megadimension Neptunia VII,2016,19.99,"RPG, Strategy",Single-player,windows
Nordhold,2025,19.99,"Indie, Strategy",Single-player,"windows, mac, linux"
Black Skylands,2023,19.99,"Action, Adventure, Indie, RPG",Single-player,windows
Space Pirates And Zombies 2,2017,19.99,"Action, Adventure, Indie, RPG, Simulation, Strategy",Single-player,"windows, mac, linux"
Sid Meier's Civilization® IV,2006,19.99,Strategy,Single&Multi-player,"windows, mac"
Stella of The End,2023,19.99,"Adventure, Casual, Simulation",Single-player,windows
VOIN,2024,19.99,"Action, Adventure, Indie, RPG, Early Access",Single-player,windows
The Night of the Rabbit,2013,19.99,"Adventure, Indie",Single-player,"windows, mac, linux"
INDUSTRIA,2021,19.99,"Action, Adventure, Indie",Single-player,windows
Lonely Mountains: Downhill,2019,19.99,"Action, Indie, Racing, Simulation, sports",Single-player,"windows, mac"
Edna & Harvey: Harvey's New Eyes,2012,19.99,"Adventure, Indie",Single-player,"windows, mac, linux"
Guacamelee! 2,2018,19.99,"Action, Adventure, Indie",Single&Multi-player,windows
The Last Flame,2025,19.99,"Adventure, Indie, RPG, Strategy",Single-player,windows
Audioshield,2016,19.99,Indie,Single-player,windows
Phoenotopia: Awakening,2021,19.99,"Action, Adventure, Indie, RPG",Single-player,"windows, mac"
Plebby Quest: The Crusades,2020,19.99,"Action, Adventure, Casual, Indie, RPG, Simulation, Strategy",Single-player,windows
I Am Fish,2021,19.99,"Adventure, Simulation",Single-player,windows
Car Service Together,2026,19.99,"Indie, Racing, Simulation, Early Access",Single&Multi-player,windows
Red Faction®: Armageddon™,2011,19.99,Action,Single&Multi-player,windows
Farm Manager 2018,2018,19.99,"Indie, Simulation, Strategy",Single-player,windows
CHANGE: A Homeless Survival Experience,2020,19.99,"Adventure, Casual, Indie, RPG, Simulation, Strategy",Single-player,"windows, mac, linux"
Fight'N Rage,2017,19.99,"Action, Indie",Single&Multi-player,windows
Pagan: Absent Gods,2019,19.99,"Action, RPG",Single-player,windows
Vanishing Realms™,2019,19.99,"Action, Adventure, RPG",Single-player,windows
"Warhammer 40,000: Shootas, Blood & Teef",2022,19.99,"Action, Adventure",Single&Multi-player,"windows, mac"
The Solus Project,2016,19.99,"Adventure, Indie, Simulation",Single-player,windows
30XX,2023,19.99,"Action, Indie",Single&Multi-player,windows
Wars and Roses,2022,19.99,Action,Single-player,windows
"Haiku, the Robot",2022,19.99,"Action, Adventure, Indie",Single-player,"windows, mac"
GRANDIA II HD Remaster,2015,19.99,"Adventure, RPG",Single-player,windows
Chaos on Deponia,2012,19.99,"Adventure, Indie",Single-player,"windows, mac, linux"
Slap City,2020,19.99,"Action, Indie",Single&Multi-player,windows
Nice Day for Fishing,2025,19.99,"Adventure, RPG",Single-player,windows
Ultimate General: Gettysburg,2014,19.99,"Indie, Simulation, Strategy",Single&Multi-player,"windows, mac, linux"
Ascension,2025,19.99,"Strategy, Early Access",Single-player,windows
Winter Burrow,2025,19.99,"Adventure, Casual, Indie, Simulation",Single-player,windows
Party Hard 2,2018,19.99,"Action, Adventure, Indie, Simulation, Strategy",Single&Multi-player,"windows, mac"
The Gardens Between,2018,19.99,"Adventure, Indie",Single-player,"windows, mac, linux"
HARDCORE MECHA,2019,19.99,"Action, Indie",Single&Multi-player,windows
Rolling Line,2018,19.99,"Casual, Indie, Simulation",Single&Multi-player,windows
Ostranauts,2020,19.99,"Indie, RPG, Simulation, Early Access",Single-player,windows
Lumberjack's Dynasty,2021,19.99,Simulation,Single-player,windows
S.T.A.L.K.E.R.: Clear Sky - Enhanced Edition,2025,19.99,"Action, Adventure, RPG",Single-player,windows
Renowned Explorers: International Society,2015,19.99,"Adventure, Indie, RPG, Strategy",Single-player,"windows, mac, linux"
Blacksmith Master,2025,19.99,"Simulation, Strategy, Early Access",Single-player,"windows, mac, linux"
Dungeons 2,2015,19.99,"RPG, Simulation, Strategy",Single&Multi-player,"windows, mac, linux"
Banners of Ruin,2021,19.99,"RPG, Strategy",Single-player,windows
Kung Fury: Street Rage - Ultimate Edition,2015,19.99,"Action, Adventure, Casual, Indie",Single&Multi-player,"windows, mac"
Duskers,2016,19.99,"Indie, Simulation, Strategy",Single-player,"windows, mac, linux"
UnMetal,2021,19.99,"Action, Adventure, Indie",Single-player,windows
Skate Story,2025,19.99,"Action, Adventure, Indie, RPG, sports",Single-player,"windows, mac"
Frozen Flame,2022,19.99,"Action, Adventure, RPG, Early Access",Single&Multi-player,windows
ArcaniA,2010,19.99,RPG,Single-player,windows
Vampire: The Masquerade - Coteries of New York,2019,19.99,Indie,Single-player,"windows, mac, linux"
Astro Colony,2022,19.99,"Action, Adventure, Casual, Indie, Simulation, Strategy, Early Access",Single&Multi-player,windows
Souldiers,2022,19.99,"Action, Adventure",Single-player,windows
Circuit Superstars,2023,19.99,"Action, Casual, Indie, Racing, Simulation, sports",Single&Multi-player,windows
Wandersong,2018,19.99,"Adventure, Indie",Single-player,"windows, mac"
Dolls Nest,2025,19.99,Action,Single-player,windows
The Sims™ Legacy Collection,2025,19.99,"Casual, Simulation",Single-player,windows
Aces & Adventures,2023,19.99,"Adventure, RPG, Strategy",Single-player,windows
Everhood 2,2025,19.99,"Action, Adventure, Indie, RPG",Single-player,windows
HellSign,2021,19.99,"Action, Adventure, Indie, RPG",Single-player,windows
Not Tonight,2018,19.99,"Adventure, RPG, Simulation",Single-player,windows
Truck & Logistics Simulator,2023,19.99,"Casual, Simulation, Strategy",Single&Multi-player,windows
Eden Crafters,2024,19.99,"Adventure, Indie, Simulation, Strategy, Early Access",Single&Multi-player,windows
Sailwind,2021,19.99,"Adventure, Casual, Indie, Simulation, Early Access",Single-player,windows
Judgment: Apocalypse Survival Simulation,2018,19.99,"Indie, Simulation, Strategy",Single-player,windows
Dead State: Reanimated,2014,19.99,"Indie, RPG, Strategy",Single-player,windows
Demons Roots,2023,19.99,"Adventure, Indie, RPG",Single-player,windows
Full Metal Furies,2018,19.99,"Action, Adventure, Indie, RPG",Single&Multi-player,"windows, mac, linux"
Aurelia,2024,19.99,"Adventure, Indie, RPG",Single-player,windows
Meltys Quest,2017,19.99,RPG,Single-player,"windows, linux"
Battletoads,2020,19.99,"Action, Adventure",Single&Multi-player,windows
Fairy Fencer F Advent Dark Force,2017,19.99,"Adventure, RPG",Single-player,windows
Lawn Mowing Simulator,2021,19.99,Simulation,Single-player,windows
Salt 2: Shores of Gold,2025,19.99,"Action, Adventure, Indie, RPG",Single&Multi-player,windows
Siralim Ultimate,2021,19.99,"Indie, RPG, Strategy",Single-player,"windows, mac, linux"
Boyfriend Dungeon,2021,19.99,"Indie, RPG, Simulation",Single-player,"windows, mac, linux"
AVICII Invector,2019,19.99,"Casual, Indie",Single&Multi-player,windows
Star Control®: Origins,2018,19.99,"Action, Adventure, Simulation",Single&Multi-player,windows
Infernax,2022,19.99,"Action, Adventure, Indie, RPG",Single&Multi-player,windows
Castlevania Advance Collection,2021,19.99,Action,Single-player,windows
The Dark Eye: Memoria,2013,19.99,"Adventure, Indie",Single-player,"windows, mac"
COMPOUND,2022,19.99,"Action, Indie",Single-player,windows
Quickie: A Love Hotel Story,2025,19.99,Simulation,Single-player,"windows, mac"
Discounty,2025,19.99,"Casual, RPG, Simulation",Single-player,windows
Flyout,2023,19.99,"Indie, Simulation, Early Access",Single-player,windows
The Break-In,2025,19.99,"Action, Indie, Simulation",Single&Multi-player,windows
Kholat,2015,19.99,"Adventure, Indie",Single-player,windows
Quest Hunter,2019,19.99,"Action, Adventure, Indie, RPG",Single&Multi-player,"windows, mac, linux"
Cortex Command,2012,19.99,"Action, Indie, Strategy",Single&Multi-player,"windows, mac"
The Dark Eye: Chains of Satinav,2012,19.99,"Adventure, Indie",Single-player,"windows, mac, linux"
STRIDE,2022,19.99,"Action, Adventure, Massively Multiplayer, Simulation, sports",Single&Multi-player,windows
Goodbye Deponia,2013,19.99,"Adventure, Indie",Single-player,"windows, mac, linux"
Baby Steps,2025,19.99,"Action, Adventure, Casual, Indie",Single-player,windows
Shantae: Half-Genie Hero,2016,19.99,"Action, Adventure, Indie",Single-player,windows
Drill Core,2025,19.99,"Indie, Strategy",Single-player,windows
Smushi Come Home,2023,19.99,"Adventure, Casual, Indie, RPG",Single-player,"windows, mac"
STASIS: BONE TOTEM,2023,19.99,"Adventure, Indie",Single-player,"windows, mac"
Deep Sky Derelicts,2018,19.99,"Indie, RPG, Strategy",Single-player,"windows, mac, linux"
SpellForce 3 Soul Harvest,2019,19.99,"RPG, Strategy",Single&Multi-player,windows
Phantom Abyss,2024,19.99,"Action, Adventure, Indie, Massively Multiplayer",Single&Multi-player,windows
Kotama and Academy Citadel,2026,19.99,"Action, Adventure, Indie, RPG",Single-player,"windows, linux"
Silly Polly Beast,2025,19.99,"Action, Adventure, Indie",Single-player,windows
ScootX,2025,19.99,"Casual, Indie, Simulation, sports",Single-player,windows
Golden Light,2022,19.99,"Action, Adventure, Indie",Single-player,windows
Fury Unleashed,2020,19.99,"Action, Adventure, Indie, RPG",Single&Multi-player,"windows, mac, linux"
IfSunSets,2024,19.99,"Adventure, Indie, RPG, Early Access",Single&Multi-player,windows
Commandos 2 - HD Remaster,2020,19.99,Strategy,Single-player,"windows, mac, linux"
Ultimate Fishing® Simulator 2,2025,19.99,"Simulation, sports",Single&Multi-player,windows
Wonder Boy: The Dragon's Trap,2017,19.99,"Action, Adventure, Indie",Single-player,"windows, mac, linux"
American Fugitive,2019,19.99,"Action, Adventure, Indie",Single-player,windows
We. The Revolution,2019,19.99,Strategy,Single-player,"windows, mac, linux"
Trek to Yomi,2022,19.99,"Action, Adventure",Single-player,windows
Poly Bridge 3,2023,19.99,Simulation,Single-player,"windows, mac, linux"
House of the Dying Sun,2016,19.99,"Action, Indie, Simulation",Single-player,windows
Midnight Fight Express,2022,19.99,"Action, Indie",Single-player,windows
Screeps: World,2016,19.99,"Indie, Massively Multiplayer, Simulation, Strategy",Single&Multi-player,"windows, mac, linux"
TopSpin 2K25,2024,19.99,sports,Single&Multi-player,windows
Yomawari: Night Alone,2016,19.99,"Adventure, Strategy",Single-player,windows
Garden Paws,2018,19.99,"Adventure, Indie, RPG, Simulation",Single&Multi-player,"windows, mac"
Dark Devotion,2019,19.99,"Action, Adventure, Casual, Indie, RPG",Single-player,windows
Labyrinth Of The Demon King,2025,19.99,"Action, Adventure, Indie, RPG",Single-player,windows
Erenshor,2025,19.99,"Action, Adventure, RPG, Early Access",Single-player,windows
Hard Reset Redux,2016,19.99,"Action, Adventure",Single-player,windows
Blue Fire,2021,19.99,"Action, Adventure, Indie",Single-player,windows
9-nine-:Episode 2,2019,19.99,"Action, Casual, Simulation",Single-player,windows
Draugen,2019,19.99,"Adventure, Indie",Single-player,windows
Deathtrap,2015,19.99,"Action, Adventure, Indie, RPG, Strategy",Single&Multi-player,windows
Brutal Orchestra,2021,19.99,"Action, Adventure, Casual, Indie, RPG, Strategy",Single-player,"windows, linux"
Evoland 2,2015,19.99,"Action, Adventure, Indie, RPG",Single-player,"windows, mac"
Neon Abyss 2,2025,19.99,"Action, Adventure, Indie, RPG, Early Access",Single&Multi-player,windows
9-nine-:Episode 1,2019,19.99,"Casual, Simulation",Single-player,windows
Silence,2016,19.99,"Adventure, Indie",Single-player,"windows, mac, linux"
Warlord: Britannia,2022,19.99,"Action, Adventure, Indie, Strategy",Single-player,windows
Dōkyūsei: Bangin' Summer,2022,19.99,"Adventure, Simulation",Single-player,windows
Shantae and the Pirate's Curse,2015,19.99,"Action, Adventure, Indie, RPG",Single-player,windows
Minoria,2019,19.99,"Action, Adventure, Indie, RPG",Single-player,windows
Anna's Quest,2015,19.99,"Adventure, Indie",Single-player,"windows, mac, linux"
UNSIGHTED,2021,19.99,"Action, Adventure, Indie, RPG",Single&Multi-player,windows
UNREAL LIFE,2020,19.99,"Adventure, Indie",Single-player,"windows, mac"
DreadOut 2,2020,19.99,"Action, Adventure, Indie",Single-player,windows
Bus World,2023,19.99,"Adventure, Indie, Racing, Simulation",Single-player,windows
Small Saga,2023,19.99,"Adventure, Indie, RPG",Single-player,windows
The Pale Beyond,2023,19.99,"Adventure, Indie, RPG, Simulation, Strategy",Single-player,"windows, mac"
The LEGO® NINJAGO® Movie Video Game,2017,19.99,Action,Single&Multi-player,windows
Fight Angel Special Edition,2019,19.99,"Action, Simulation",Single&Multi-player,windows
Somerville,2022,19.99,Adventure,Single-player,windows
"Cook, Serve, Delicious! 3?!",2020,19.99,"Action, Indie, Simulation, Strategy",Single&Multi-player,"windows, mac"
Radio Commander: Vietnam '64,2019,19.99,"Indie, Simulation, Strategy",Single-player,"windows, mac, linux"
Remothered: Tormented Fathers,2018,19.99,"Action, Adventure, Indie",Single-player,windows
Zelter,2020,19.99,"Action, Adventure, Indie, Early Access",Single-player,windows
Guild of Dungeoneering Ultimate Edition,2015,19.99,"Indie, RPG",Single-player,"windows, mac"
Castlevania Anniversary Collection,2019,19.99,"Action, Adventure, Racing, RPG, Simulation, sports",Single&Multi-player,windows
Grey Hack,2017,19.99,"Indie, Massively Multiplayer, Simulation, Early Access",Single&Multi-player,"windows, mac, linux"
Ship Simulator Extremes,2010,19.99,Simulation,Single&Multi-player,windows
IMMORTALITY,2022,19.99,"Adventure, Casual, Indie, Simulation",Single-player,"windows, mac"
Cabernet,2025,19.99,"Adventure, Indie, RPG, Simulation",Single-player,windows
Trans-Siberian Railway Simulator,2024,19.99,"Indie, Simulation, Early Access",Single-player,windows
Automobilista,2016,19.99,"Racing, Simulation, sports",Single&Multi-player,windows
Overcrowd: A Commute 'Em Up,2020,19.99,Simulation,Single-player,windows
Hadean Tactics,2023,19.99,"Indie, Strategy",Single-player,"windows, mac, linux"
City Game Studio: Your Game Dev Adventure Begins,2021,19.99,"Adventure, Casual, Indie, Simulation, Strategy",Single-player,"windows, mac, linux"
Flowers -Le volume sur printemps-,2016,19.99,Casual,Single-player,windows
A Game of Thrones: The Board Game - Digital Edition,2020,19.99,Strategy,Single&Multi-player,"windows, mac"
Hmmsim Metro,2021,19.99,"Indie, Simulation, Early Access",Single-player,windows
The Whispered World Special Edition,2014,19.99,"Adventure, Indie",Single-player,"windows, mac, linux"
"UNDYING - ""KINGDOM""",2023,19.99,"Adventure, Indie",Single-player,"windows, mac"
ROBOBEAT,2024,19.99,"Action, Adventure, Indie",Single-player,windows
Salt and Sacrifice,2023,19.99,"Action, RPG",Single&Multi-player,"windows, mac"
Eador. Masters of the Broken World,2013,19.99,"Indie, RPG, Strategy",Single&Multi-player,windows
Sam & Max Save the World,2020,19.99,"Adventure, Indie",Single-player,windows
KeeperRL,2024,19.99,"RPG, Simulation, Strategy",Single-player,"windows, mac, linux"
Islets,2022,19.99,"Action, Adventure",Single-player,windows
ICBM,2020,19.99,Strategy,Single&Multi-player,windows
MY HERO ONE'S JUSTICE,2018,19.99,Action,Single&Multi-player,windows
NOT A HERO,2016,19.99,"Action, Adventure, Indie",Single-player,"windows, mac, linux"
Jet Island,2018,19.99,"Action, Adventure, Casual, Indie, Simulation",Single&Multi-player,windows
Happy's Humble Burger Farm,2021,19.99,"Action, Adventure, Indie, Simulation",Single-player,windows
"Braid, Anniversary Edition",2024,19.99,"Action, Adventure, Indie",Single-player,"windows, mac"
KILL la KILL -IF,2019,19.99,Action,Single&Multi-player,windows
Crown and Adventure,2025,19.99,"Adventure, RPG, Strategy",Single-player,windows
Kindergarten 3,2025,19.99,"Adventure, Indie",Single-player,"windows, mac, linux"
GRANDIA HD Remaster,2019,19.99,"Adventure, RPG",Single-player,windows
Project Castaway,2026,19.99,"Action, Adventure, Casual, RPG",Single&Multi-player,"windows, linux"
Forgotton Anne,2018,19.99,"Action, Adventure, Casual, Indie",Single-player,"windows, mac"
Battle Chef Brigade Deluxe,2017,19.99,"Action, Adventure, Indie, RPG",Single&Multi-player,"windows, mac"
Princess Maker 2 Refine,2016,19.99,Simulation,Single-player,windows
Alien Hominid Invasion,2023,19.99,Action,Single&Multi-player,windows
The Book of Unwritten Tales,2012,19.99,Adventure,Single-player,"windows, mac, linux"
Enforcer: Police Crime Action,2014,19.99,"Action, Adventure, Simulation",Single-player,"windows, mac"
Grand Ages: Medieval,2015,19.99,"Simulation, Strategy",Single&Multi-player,"windows, mac, linux"
Earthfall,2018,19.99,Action,Single&Multi-player,windows
APICO,2022,19.99,"Casual, Simulation",Single&Multi-player,"windows, mac, linux"
Unrailed 2: Back on Track,2024,19.99,"Action, Casual, Indie, Simulation, Strategy, Early Access",Single&Multi-player,"windows, mac"
Zeepkist,2021,19.99,"Action, Indie, Racing, sports, Early Access",Single&Multi-player,windows
Ancient Dungeon,2021,19.99,"Action, Adventure, Indie, RPG, Early Access",Single&Multi-player,windows
Hush Hush - Only Your Love Can Save Them,2023,19.99,"Indie, Simulation, Strategy",Single-player,"windows, mac, linux"
Motorcycle Mechanic Simulator 2021,2021,19.99,"Casual, Indie, Racing, Simulation",Single-player,windows
State of Mind,2018,19.99,"Adventure, Indie",Single-player,"windows, mac, linux"
SpellRogue,2025,19.99,"Indie, RPG, Strategy",Single-player,windows
Cooking Simulator VR,2021,19.99,"Casual, Indie, Simulation",Single-player,windows
Down in Bermuda,2021,19.99,"Adventure, Casual, Indie",Single-player,"windows, mac"
Faeria,2017,19.99,"Adventure, Indie, Massively Multiplayer, RPG, Strategy",Single&Multi-player,"windows, mac, linux"
Apsulov: End of Gods,2019,19.99,"Action, Adventure, Indie",Single-player,windows
Max Gentlemen Sexy Business!,2020,19.99,"Indie, Simulation",Single-player,"windows, mac"
Deadliest Catch: The Game,2020,19.99,"Adventure, Indie, Simulation",Single-player,windows
Under the Sand REDUX - a road trip simulator,2020,19.99,"Action, Adventure, Indie, Racing, Simulation",Single-player,windows
Into The Flames,2023,19.99,"Action, Casual, Indie, Simulation",Single&Multi-player,windows
Saurian,2017,19.99,"Indie, Simulation, Early Access",Single-player,windows
Disgaea 2 PC,2017,19.99,RPG,Single-player,"windows, mac, linux"
In Verbis Virtus,2015,19.99,"Action, Adventure, Indie, RPG",Single-player,windows
Super House of Dead Ninjas,2013,19.99,"Action, Indie",Single-player,windows
Duck Season,2017,19.99,"Action, Adventure, Casual, Indie",Single-player,windows
FIGHT KNIGHT,2021,19.99,"Action, Adventure, Indie, RPG",Single-player,windows
Pocket Mirror ~ GoldenerTraum,2023,19.99,"Adventure, Casual, Indie, RPG",Single-player,"windows, mac"
Tiny Combat Arena,2022,19.99,"Action, Simulation, Early Access",Single-player,windows
Nex Machina,2017,19.99,"Action, Indie",Single&Multi-player,windows
Disney•Pixar Toy Story 3: The Video Game,2014,19.99,"Action, Adventure",Single&Multi-player,windows
A Monster's Expedition,2020,19.99,"Adventure, Casual, Indie, Strategy",Single-player,"windows, mac, linux"
Anvil Saga,2023,19.99,"Indie, RPG, Simulation",Single-player,windows
Power Rangers: Battle for the Grid,2019,19.99,Action,Single&Multi-player,windows
The Last Haven,2023,19.99,"Indie, Simulation, Strategy",Single-player,windows
Event[0],2016,19.99,"Adventure, Indie",Single-player,"windows, mac"
Football Life Simulator,2025,19.99,"Indie, Simulation, sports, Early Access",Single-player,windows
Obenseuer,2018,19.99,"Indie, RPG, Early Access",Single-player,windows
Groove Coaster,2018,19.99,Action,Single-player,windows
Worldless,2023,19.99,"Action, Adventure, RPG, Strategy",Single-player,windows
Pipistrello and the Cursed Yoyo,2025,19.99,"Action, Adventure, Indie",Single-player,windows
Driftland: The Magic Revival,2019,19.99,"Indie, RPG, Simulation, Strategy",Single&Multi-player,"windows, mac"
Truck Life,2020,19.99,"Casual, Indie, Simulation, sports",Single&Multi-player,windows
Nebuchadnezzar,2021,19.99,"Indie, Simulation, Strategy",Single-player,"windows, linux"
Football Coach: College Dynasty,2025,19.99,"Simulation, sports, Strategy",Single-player,"windows, mac"
Interstellar Rift,2020,19.99,"Action, Indie, Simulation",Single&Multi-player,windows
Instruments of Destruction,2024,19.99,"Action, Casual, Indie, Simulation, Strategy",Single-player,windows
Rusted Moss,2023,19.99,"Action, Indie",Single-player,windows
Where the Water Tastes Like Wine,2018,19.99,"Adventure, Indie, RPG",Single-player,"windows, mac, linux"
Mushihimesama,2015,19.99,Action,Single&Multi-player,windows
Who Needs a Hero?,2021,19.99,"Adventure, Casual, Indie, RPG, Simulation",Single-player,windows
9-nine-:Episode 4,2021,19.99,Casual,Single-player,windows
Legends of Eisenwald,2015,19.99,"Adventure, Indie, RPG, Strategy",Single-player,windows
Cattails: Wildwood Story,2023,19.99,"Indie, RPG, Simulation",Single-player,"windows, mac"
Chasm,2018,19.99,"Action, Adventure, Indie, RPG",Single-player,"windows, mac, linux"
Trash Goblin,2025,19.99,"Casual, Simulation",Single-player,windows
GearCity,2022,19.99,"Indie, Simulation, Strategy",Single-player,"windows, mac, linux"
The Last Starship,2026,19.99,"Indie, Simulation, Strategy",Single-player,"windows, mac"
Evoland Legendary Edition,2019,19.99,"Action, Adventure, Casual, Indie, RPG",Single-player,"windows, mac, linux"
Sakura Dungeon,2016,19.99,"Adventure, Indie, RPG",Single-player,"windows, mac, linux"
EverSiege: Untold Ages,2026,19.99,"Indie, Strategy",Single&Multi-player,windows
Garden Story,2021,19.99,"Adventure, Indie, RPG",Single-player,"windows, mac"
No Umbrellas Allowed,2021,19.99,"Indie, Simulation, Strategy",Single-player,"windows, mac"
Randal's Monday,2014,19.99,"Adventure, Indie",Single-player,"windows, mac"
Landlord's Super,2023,19.99,"Adventure, Indie, RPG, Simulation",Single-player,windows
Embr,2021,19.99,"Action, Casual, Indie, Simulation, Strategy",Single&Multi-player,windows
EXAPUNKS,2018,19.99,"Indie, Simulation",Single-player,"windows, mac, linux"
VR Dungeon Knight,2017,19.99,"Action, Adventure, Indie, RPG, Early Access",Single&Multi-player,windows
Thief Simulator VR,2020,19.99,"Action, Indie, Simulation",Single-player,windows
XIII,2020,19.99,Action,Single&Multi-player,windows
Ys VI: The Ark of Napishtim,2015,19.99,"Action, Adventure, RPG",Single-player,windows
Corpse Party (2021),2021,19.99,"Adventure, RPG",Single-player,"windows, mac, linux"
Necrobarista,2020,19.99,Indie,Single-player,windows
Foregone,2021,19.99,"Action, Adventure, Indie",Single-player,windows
Breachers™,2023,19.99,"Action, Strategy",Single&Multi-player,windows
YUMENIKKI -DREAM DIARY-,2018,19.99,"Action, Adventure, Indie",Single-player,windows
"El Paso, Elsewhere",2023,19.99,Action,Single-player,windows
Car Manufacture,2024,19.99,"Indie, Simulation, Strategy, Early Access",Single-player,windows
Assault Android Cactus+,2015,19.99,"Action, Indie",Single&Multi-player,"windows, mac, linux"
TRIBES 3: Rivals,2024,19.99,"Action, Early Access",Single&Multi-player,windows
Figment,2017,19.99,"Action, Adventure, Casual, Indie",Single-player,"windows, mac, linux"
Shadow Empire,2020,19.99,"RPG, Simulation, Strategy",Single&Multi-player,windows
AETHUS,2026,19.99,"Adventure, Casual, Indie, Simulation, Strategy",Single-player,windows
Vampires: Bloodlord Rising,2026,19.99,"Action, Adventure, RPG, Simulation, Early Access",Single&Multi-player,windows
IRMÃO Grande & Brasileiro 2,2021,19.99,"Casual, Indie, Simulation",Single&Multi-player,"windows, mac, linux"
SpellForce 3 Fallen God,2020,19.99,"RPG, Strategy",Single&Multi-player,windows
Sickly Days and Summer Traces,2025,19.99,Casual,Single-player,windows
Song of Farca,2021,19.99,"Adventure, Indie, Simulation",Single-player,"windows, mac, linux"
Vertigo Remastered,2020,19.99,"Action, Adventure, Indie",Single&Multi-player,windows
Great God Grove,2024,19.99,"Adventure, Casual, Indie",Single-player,"windows, mac"
Deadfall Adventures,2013,19.99,"Action, Adventure",Single&Multi-player,"windows, linux"
The Letter - Horror Visual Novel,2017,19.99,"Adventure, Indie, RPG",Single-player,"windows, mac, linux"
Song Of The Prairie,2024,19.99,"Casual, Indie, RPG, Simulation",Single-player,windows
Inertial Drift,2020,19.99,"Indie, Racing",Single&Multi-player,windows
Love and Sex: Second Base,2023,19.99,"Casual, Simulation",Single-player,"windows, mac, linux"
Breachway,2024,19.99,"RPG, Simulation, Strategy, Early Access",Single-player,windows
Hotshot Racing,2020,19.99,"Action, Indie, Racing",Single&Multi-player,windows
Bō: Path of the Teal Lotus,2024,19.99,"Action, Adventure, Indie",Single-player,windows
Mohrta,2025,19.99,"Action, Adventure, Indie",Single-player,windows
Astebreed: Definitive Edition,2014,19.99,"Action, Indie",Single-player,windows
LARA CROFT AND THE TEMPLE OF OSIRIS™,2014,19.99,"Action, Adventure",Single&Multi-player,windows
West of Dead,2020,19.99,"Action, Adventure, Indie",Single-player,windows
BlazBlue: Continuum Shift Extend,2014,19.99,Action,Single&Multi-player,windows
Cyber Shadow,2021,19.99,"Action, Indie",Single-player,"windows, mac, linux"
Sid Meier's Civilization IV: Colonization,2008,19.99,Strategy,Single&Multi-player,"windows, mac"
Sacred 2 Remaster,2025,19.99,"Action, Adventure, RPG",Single&Multi-player,windows
Kitaria Fables,2021,19.99,"Action, Adventure, RPG",Single&Multi-player,windows
Zengeon,2019,19.99,"Action, Adventure, Indie, RPG",Single&Multi-player,"windows, mac"
Telling Lies,2019,19.99,"Adventure, Indie, Simulation",Single-player,"windows, mac"
Marble World,2022,19.99,"Casual, Indie, Racing, Simulation",Single-player,windows
Pascal's Wager: Definitive Edition,2021,19.99,"Action, Adventure, RPG",Single-player,windows
Expeditions: Conquistador,2013,19.99,"Indie, RPG, Strategy",Single&Multi-player,"windows, mac, linux"
Deconstruction Simulator,2025,19.99,"Casual, Indie, Simulation",Single-player,windows
Little Rocket Lab,2025,19.99,"Adventure, RPG, Simulation",Single-player,windows
Vellum,2025,19.99,"Action, Adventure, Indie",Single&Multi-player,windows
Boomerang X,2021,19.99,"Action, Indie",Single-player,windows
Blood and Gold: Caribbean!,2015,19.99,"Action, Adventure, Indie, RPG, Strategy",Single&Multi-player,windows
Conan Unconquered,2019,19.99,Strategy,Single&Multi-player,windows
Fraymakers,2023,19.99,"Action, Adventure, Indie, Early Access",Single&Multi-player,"windows, mac, linux"
WitchSpring3 Re:Fine - The Story of Eirudy -,2021,19.99,"Casual, Indie, RPG",Single-player,windows
Last Call BBS,2022,19.99,"Indie, Simulation",Single&Multi-player,"windows, mac, linux"
Mercenary Kings: Reloaded Edition,2014,19.99,"Action, Adventure, Indie, RPG",Single&Multi-player,"windows, mac, linux"
Flowers -Le volume sur ete-,2018,19.99,Casual,Single-player,windows
Eador. Imperium,2017,19.99,"Indie, RPG, Strategy",Single-player,windows
Horizon's Gate,2020,19.99,"Adventure, Indie, RPG, Strategy",Single-player,windows
Tracks - The Train Set Game,2019,19.99,"Indie, Racing, Simulation",Single-player,windows
Driftwood,2025,19.99,"Action, Adventure, Casual, Indie, Racing, Simulation, sports",Single&Multi-player,windows
PAGUI打鬼,2019,19.99,"Action, Adventure, Casual, Indie, Massively Multiplayer, RPG",Single&Multi-player,windows
The Shell Part I: Inferno,2023,19.99,Adventure,Single-player,windows
Omensight: Definitive Edition,2018,19.99,"Action, Adventure, Indie, RPG",Single-player,windows
Snake Pass,2017,19.99,"Adventure, Casual, Indie, Simulation",Single-player,windows
Unbound: Worlds Apart,2021,19.99,"Adventure, Indie",Single-player,"windows, mac, linux"
Supreme Ruler Ultimate,2014,19.99,"Indie, Simulation, Strategy",Single&Multi-player,"windows, mac"
Big Farm Story,2021,19.99,"Adventure, Casual, RPG, Simulation",Single&Multi-player,"windows, mac"
It Lurks Below,2019,19.99,"Action, Indie, RPG",Single-player,windows
Moonscars,2022,19.99,"Action, Indie",Single-player,windows
Professional Farmer: Cattle and Crops,2020,19.99,"Casual, Indie, Simulation",Single-player,"windows, linux"
Fae Tactics,2020,19.99,"RPG, Strategy",Single-player,windows
Contra Anniversary Collection,2019,19.99,Action,Single&Multi-player,windows
Goodnight Universe,2025,19.99,"Adventure, Indie",Single-player,windows
TAPSONIC BOLD,2019,19.99,"Action, Casual, Racing",Single-player,windows
Espresso Tycoon,2023,19.99,"Simulation, Strategy",Single-player,windows
Arcade Paradise,2022,19.99,"Adventure, Indie, Simulation",Single&Multi-player,windows
Men of War: Assault Squad 2 - Cold War,2019,19.99,"Action, Simulation, Strategy",Single&Multi-player,windows
Corpse Keeper,2024,19.99,"Action, Adventure, Indie, RPG, Strategy",Single-player,windows
Battle Talent,2023,19.99,"Action, Adventure, Simulation",Single&Multi-player,windows
AI War 2,2019,19.99,"Indie, Simulation, Strategy",Single&Multi-player,"windows, mac, linux"
Luto,2025,19.99,"Adventure, Indie",Single-player,windows
Brickadia,2025,19.99,"Action, Casual, Indie, Simulation, Early Access",Single&Multi-player,windows
TimeShift™,2009,19.99,Action,Single&Multi-player,windows
Lethis - Path of Progress,2015,19.99,"Indie, Simulation, Strategy",Single-player,windows
BDSM: Big Drunk Satanic Massacre,2019,19.99,"Action, Adventure, Indie, RPG",Single-player,windows
Relic Hunters Legend,2025,19.99,"Action, Adventure, Indie, RPG",Single&Multi-player,windows
METAL SLUG XX,2019,19.99,Action,Single&Multi-player,windows
Fear the Spotlight,2024,19.99,"Action, Adventure, Indie",Single-player,"windows, mac, linux"
Mutazione,2019,19.99,"Adventure, Indie",Single-player,"windows, mac, linux"
IronWolf VR,2022,19.99,"Action, Indie, Simulation",Single&Multi-player,windows
Novus Inceptio,2015,19.99,"Adventure, Indie, RPG, Simulation, Early Access",Single-player,windows
The TakeOver,2019,19.99,"Action, Casual, Indie",Single&Multi-player,windows
The Magic Circle,2015,19.99,"Action, Adventure, Indie, Simulation, Strategy",Single-player,"windows, mac, linux"
Lil' Guardsman,2024,19.99,"Adventure, Casual, Indie",Single-player,"windows, mac"
Lumencraft,2023,19.99,"Action, Indie, RPG, Simulation, Strategy",Single&Multi-player,"windows, mac, linux"
As We Descend,2025,19.99,"Indie, RPG, Strategy, Early Access",Single-player,windows
Dread Templar,2023,19.99,"Action, Indie",Single-player,windows
Dreamfall: The Longest Journey,2007,19.99,"Adventure, RPG",Single-player,windows
Bladesong,2026,19.99,"Indie, RPG, Simulation, Early Access",Single-player,windows
Kathy Rain 2: Soothsayer,2025,19.99,"Adventure, Indie",Single-player,"windows, mac, linux"
Model Builder: Complete Edition,2022,19.99,"Casual, Simulation",Single-player,windows
Uncle Chop's Rocket Shop,2024,19.99,"Indie, Simulation",Single-player,windows
Metal Bringer,2025,19.99,"Action, Indie",Single-player,windows
Dandy Ace,2021,19.99,"Action, Indie",Single-player,"windows, mac"
FALL IN LABYRINTH,2021,19.99,"Adventure, Indie, RPG",Single-player,windows
AWAKEN - Astral Blade,2024,19.99,"Action, Adventure, Indie, RPG, Strategy",Single-player,windows
Death Howl,2025,19.99,"Adventure, Indie, Strategy",Single-player,windows
NanoApostle,2024,19.99,"Action, Indie",Single-player,windows
Sky Rogue,2017,19.99,"Action, Indie, Simulation",Single&Multi-player,"windows, mac, linux"
Deck of Haunts,2025,19.99,"Indie, Simulation, Strategy",Single-player,windows
Spellmasons,2023,19.99,"Indie, Strategy",Single&Multi-player,"windows, mac"
Lords of Xulima,2014,19.99,RPG,Single-player,"windows, mac, linux"
Kingdom Under Fire: The Crusaders,2020,19.99,"Action, RPG, Strategy",Single-player,windows
Cozy Caravan,2026,19.99,"Adventure, Casual, Indie",Single-player,windows
Diluvion: Resubmerged,2017,19.99,"Action, Adventure, Indie, RPG",Single-player,"windows, mac, linux"
Tin Can,2022,19.99,"Indie, Simulation, Strategy",Single-player,windows
Jagged Alliance - Back in Action,2012,19.99,"RPG, Simulation, Strategy",Single-player,"windows, mac, linux"
Hustle Cat,2016,19.99,"Casual, Indie",Single-player,"windows, mac"
Corsairs Legacy - Pirate Action RPG & Sea Battles,2024,19.99,"Action, Adventure, RPG, Simulation, Early Access",Single&Multi-player,windows
Evil Nun: The Broken Mask,2023,19.99,"Action, Adventure, Indie",Single-player,windows
Nitroplus Blasterz: Heroines Infinite Duel,2016,19.99,Action,Single&Multi-player,windows
Shadows of Forbidden Gods,2023,19.99,"Simulation, Strategy",Single-player,windows
NITE Team 4 - Military Hacking Division,2019,19.99,"Adventure, Indie, Simulation, Strategy",Single&Multi-player,"windows, mac"
Surviving the Abyss,2024,19.99,"Indie, Simulation, Strategy",Single-player,windows
The Scourge | Tai Ương,2026,19.99,"Adventure, Indie, RPG",Single-player,windows
Beyond Blue,2020,19.99,"Adventure, Casual, Indie, Simulation",Single-player,windows
Lucius III,2018,19.99,"Adventure, Indie",Single-player,windows
No More Heroes 2: Desperate Struggle,2021,19.99,Action,Single-player,windows
YIIK: A Postmodern RPG,2019,19.99,"Indie, RPG",Single-player,"windows, mac"
Warlock 2: The Exiled,2014,19.99,Strategy,Single&Multi-player,"windows, mac, linux"
Raiders of Blackveil,2025,19.99,"Action, Early Access",Single&Multi-player,"windows, mac"
SENRAN KAGURA Bon Appétit! - Full Course,2016,19.99,Casual,Single-player,windows
Gunsmith,2018,19.99,"Action, Casual, Indie, Simulation, Strategy, Early Access",Single-player,windows
Escape Academy,2022,19.99,Adventure,Single&Multi-player,windows
Vaporum,2017,19.99,"Action, Adventure, Indie, RPG",Single-player,"windows, mac, linux"
Magical Battle Cry,2021,19.99,"Action, Simulation, Early Access",Single-player,windows
Harvest Moon: Light of Hope Special Edition,2017,19.99,"Adventure, Casual, RPG, Simulation",Single-player,windows
Degrees of Separation,2019,19.99,"Adventure, Casual, Indie",Single&Multi-player,windows
Influent Language Learning Game,2014,19.99,"Casual, Indie, Simulation, Strategy",Single-player,"windows, mac, linux"
The Silver Case,2016,19.99,Adventure,Single-player,"windows, mac, linux"
Signal Simulator,2018,19.99,"Indie, Simulation",Single-player,"windows, linux"
Children of Silentown,2023,19.99,"Adventure, Indie",Single-player,windows
Ghost Song,2022,19.99,"Action, Adventure, Indie, RPG",Single-player,windows
Cyanide & Happiness - Freakpocalypse (Episode 1),2021,19.99,"Adventure, Casual, Indie",Single-player,"windows, mac, linux"
Blightbound,2021,19.99,"Action, Adventure, Indie, RPG",Single&Multi-player,windows
LOOPERS,2023,19.99,"Adventure, Casual, Simulation",Single-player,windows
Vestaria Saga I: War of the Scions,2019,19.99,"RPG, Simulation, Strategy",Single-player,windows
Pathless Woods,2024,19.99,"Adventure, Casual, Indie, RPG, Simulation, Strategy, Early Access",Single&Multi-player,windows
8Doors: Arum's Afterlife Adventure,2021,19.99,"Action, Adventure, Indie",Single-player,windows
Astalon: Tears of the Earth,2021,19.99,"Action, Adventure",Single-player,"windows, mac, linux"
VR Paradise - Steam Edition,2019,19.99,"Indie, Simulation",Single-player,windows
The Shimmering Horizon and Cursed Blacksmith,2025,19.99,"RPG, Strategy",Single-player,windows
Stick RPG 2: Director's Cut,2014,19.99,RPG,Single-player,"windows, mac"
Gabriel Knight: Sins of the Fathers 20th Anniversary Edition,2014,19.99,Adventure,Single-player,"windows, mac"
Iron Meat,2024,19.99,Action,Single&Multi-player,windows
Witchy Life Story,2022,19.99,"Indie, Simulation",Single-player,windows
Vacation Simulator,2019,19.99,"Action, Adventure, Simulation",Single-player,windows
Fishing Sim World®: Pro Tour,2018,19.99,"Casual, Simulation, sports",Single&Multi-player,windows
Mighty Goose,2021,19.99,"Action, Indie",Single&Multi-player,"windows, mac, linux"
"Warhammer 40,000: Armageddon",2014,19.99,Strategy,Single&Multi-player,windows
Assault Spy,2018,19.99,"Action, Indie",Single-player,windows
SunnySide,2024,19.99,"Casual, Indie, RPG, Simulation",Single-player,windows
Mages of Mystralia,2017,19.99,"Action, Adventure, Indie",Single-player,windows
Superdimension Neptune VS Sega Hard Girls,2017,19.99,"Action, RPG",Single-player,windows
Deck of Ashes,2020,19.99,"Adventure, Indie, RPG, Strategy",Single-player,"windows, mac"
Cookie Cutter: Overkill Edition,2023,19.99,"Action, Adventure, Indie, RPG",Single-player,windows
Frontlines™: Fuel of War™,2008,19.99,Action,Single&Multi-player,windows
Fashion Police Squad,2022,19.99,"Action, Adventure, Indie",Single-player,windows
Fling to the Finish,2024,19.99,"Action, Casual, Indie, Racing",Single&Multi-player,"windows, mac"
GYLT,2023,19.99,"Action, Adventure",Single-player,windows
Gray Dawn,2018,19.99,"Adventure, Indie",Single-player,windows
Praetorians - HD Remaster,2020,19.99,Strategy,Single&Multi-player,windows
Arzette: The Jewel of Faramore,2024,19.99,"Action, Adventure, Indie, RPG",Single-player,windows
The Last Tinker™: City of Colors,2014,19.99,"Action, Adventure, Indie",Single-player,"windows, mac, linux"
TransOcean: The Shipping Company,2014,19.99,"Casual, Simulation, Strategy",Single-player,"windows, mac"
Close To The Sun,2020,19.99,"Adventure, Indie",Single-player,windows
Townsmen - A Kingdom Rebuilt,2019,19.99,"Casual, Simulation, Strategy",Single-player,windows
Starsand,2022,19.99,"Action, Adventure, Simulation",Single-player,windows
The Signal From Tölva,2017,19.99,Action,Single-player,"windows, mac, linux"
RIPOUT,2024,19.99,Action,Single&Multi-player,windows
Godlike Burger,2022,19.99,"Indie, Simulation, Strategy",Single-player,"windows, mac, linux"
Autobahn Police Simulator 2,2017,19.99,"Action, Casual, Simulation",Single-player,windows
Foretales,2022,19.99,Adventure,Single-player,windows
LEGO® 2K Drive,2023,19.99,Racing,Single&Multi-player,windows
Lone Fungus,2023,19.99,"Action, Adventure, Indie",Single-player,windows
Ikenfell,2020,19.99,"Indie, RPG",Single-player,"windows, mac"
Killing Floor: Incursion,2017,19.99,Action,Single&Multi-player,windows
Alfred Hitchcock - Vertigo,2021,19.99,Adventure,Single-player,windows
Lightmatter,2020,19.99,"Adventure, Indie",Single-player,windows
Hellslave,2022,19.99,"Adventure, Indie, RPG, Strategy",Single-player,windows
Tesla Effect: A Tex Murphy Adventure,2014,19.99,"Adventure, Indie",Single-player,"windows, mac"
Bravery and Greed,2022,19.99,"Action, Adventure, Indie",Single&Multi-player,windows
Ittle Dew,2013,19.99,"Adventure, Indie",Single-player,"windows, mac, linux"
Iron Sky: Invasion,2012,19.99,"Action, Simulation, Strategy",Single-player,"windows, mac, linux"
Crayon Physics Deluxe,2009,19.99,"Casual, Indie",Single-player,"windows, mac"
Pid,2012,19.99,"Adventure, Indie",Single&Multi-player,"windows, mac"
Aegis Defenders,2018,19.99,"Action, Adventure, Indie, RPG, Strategy",Single&Multi-player,"windows, mac"
Boundless,2025,19.99,"Adventure, RPG, Strategy, ",Single-player,windows
ConsTance,2024,19.99,Indie,Single-player,windows
Office Life,2023,19.99,Simulation,Single-player,"windows, linux"
Gunscape,2016,19.99,"Action, Indie",Single&Multi-player,"windows, mac, linux"
Streamer Life Simulator,2020,19.98,"Action, Adventure, Casual, Indie, Simulation, Strategy",Single-player,windows
AMID EVIL,2019,19.98,"Action, Adventure, Indie",Single-player,windows
American Arcadia,2023,19.98,"Adventure, Indie",Single-player,windows
Nimbatus - The Space Drone Constructor,2020,19.98,"Action, Indie, Simulation",Single-player,"windows, mac, linux"
Isles of Sea and Sky,2024,19.98,"Adventure, Indie",Single-player,windows
Strike Suit Zero,2013,19.98,"Action, Indie, Simulation",Single-player,"windows, mac, linux"
Road 96 🛣️,2021,19.96,"Action, Adventure, Indie",Single-player,windows
Immortal Redneck,2017,19.95,"Action, Indie",Single-player,"windows, mac, linux"
PlateUp!,2022,19.92,"Action, Casual, Indie, Strategy",Single&Multi-player,windows
Retro Rewind - Video Store Simulator,2026,19.9,"Casual, Indie, Simulation",Single-player,windows
Cats and the Other Lives,2022,19.9,Adventure,Single-player,windows
Command & Conquer™ Red Alert™ 3,2009,19.88,"Action, Strategy",Single-player,windows
Command & Conquer Red Alert™ 2 and Yuri’s Revenge™,2024,19.88,"Action, Strategy",Single-player,windows
Command & Conquer 3 Tiberium Wars™,2007,19.88,"Action, Strategy",Single-player,windows
Command & Conquer™ Generals Zero Hour,2024,19.88,"Action, Adventure, RPG, Strategy, ",Single-player,windows
Command & Conquer™ 3: Kane’s Wrath,2008,19.88,"Action, Strategy",Single&Multi-player,windows
Command & Conquer™ 4 Tiberian Twilight,2024,19.88,"Adventure, Strategy",Single&Multi-player,windows
Command & Conquer: Red Alert 3 - Uprising,2009,19.88,"Action, Strategy, ",Single-player,windows
Command & Conquer™ Generals,2024,19.88,"Action, Strategy",Single-player,windows
Command & Conquer™ Tiberian Sun™ and Firestorm™,2024,19.88,"Action, Strategy",Single-player,windows
Choo-Choo Charles,2022,19.87,"Action, Adventure, Indie",Single-player,windows
"Warhammer 40,000: Space Marine 2",2024,19.79,"Action, Adventure, RPG",Single&Multi-player,windows
Voyagers of Nera,2025,19.79,"Action, Adventure, Indie, RPG, Early Access",Single&Multi-player,windows
POSTAL: Brain Damaged,2022,19.78,Action,Single-player,windows
MULLET MADJACK,2024,19.61,"Action, Indie",Single-player,windows
JoJo's Bizarre Adventure: All-Star Battle R,2022,19.59,Action,Single&Multi-player,windows
Enigma of Fear,2024,19.49,"Action, Adventure, Indie",Single-player,windows
Sky Haven Tycoon - Airport Simulator,2022,19.49,"Simulation, Strategy",Single-player,windows
梦江湖,2022,19.41,"Casual, RPG, Strategy",Single-player,windows
Aeruta,2025,19.33,"Action, Adventure, Indie, RPG",Single-player,windows
The Life and Suffering of Sir Brante,2021,19.32,"Adventure, Indie, RPG, Simulation, Strategy",Single-player,windows
JDM: Japanese Drift Master,2025,19.24,"Casual, Racing, Simulation, sports",Single-player,windows
I Am Future: Cozy Apocalypse Survival,2024,19.18,"Indie, RPG, Simulation",Single-player,windows
Over The Top: WWI,2026,19.14,"Action, Indie, Massively Multiplayer, Simulation",Single&Multi-player,windows
Aircraft Carrier Survival,2022,19.06,"Action, Indie, Strategy",Single-player,windows
Chicken Police - Paint it RED!,2020,19.02,"Adventure, Indie",Single-player,"windows, mac"
Craft The World,2014,18.99,"Indie, RPG, Simulation, Strategy",Single&Multi-player,"windows, mac"
SUNLESS SEA,2015,18.99,"Adventure, Indie, RPG",Single-player,"windows, mac, linux"
Peaks of Yore,2023,18.99,"Action, Adventure, Indie",Single-player,windows
Thriving City: Song,2024,18.99,"Casual, Indie, Simulation, Strategy",Single-player,"windows, mac"
Peripeteia,2025,18.99,"Action, Indie, RPG, Simulation, Early Access",Single-player,windows
NavalArt,2018,18.99,"Indie, Simulation, Strategy, Early Access",Single&Multi-player,windows
NIMBY Rails,2021,18.99,"Simulation, Early Access",Single&Multi-player,windows
Artis Impact,2025,18.99,"Adventure, Casual, Indie, RPG",Single-player,windows
The Town of Light,2016,18.99,"Adventure, Indie",Single-player,windows
Richman 11,2022,18.99,"Casual, Strategy",Single&Multi-player,"windows, mac"
Apex Point,2023,18.99,"Indie, Racing, Simulation, Early Access",Single-player,windows
Omno,2021,18.99,"Action, Adventure, Casual, Indie",Single-player,windows
上帝之城 I：监狱帝国 [City of God I - Prison Empire],2018,18.99,"Indie, RPG, Simulation, Strategy",Single-player,windows
노베나 디아볼로스,2020,18.99,"Adventure, Indie, Simulation",Single-player,"windows, mac"
Beat Hazard 2,2019,18.99,"Action, Casual, Indie",Single&Multi-player,windows
"Badlands Crew - Drive, Command, Conquer",2025,18.99,"Action, Adventure, Indie, Simulation, Strategy",Single-player,windows
Summer~Life in the Countryside~,2021,18.99,"Adventure, Indie, Simulation",Single-player,windows
AK-xolotl: Together,2023,18.99,"Action, Indie",Single&Multi-player,"windows, mac"
Castle Flipper,2021,18.99,"Adventure, Casual, Indie, Simulation",Single-player,windows
Home Sweet Home EP2,2019,18.99,"Action, Adventure, Indie",Single-player,windows
SINNER: Sacrifice for Redemption,2018,18.99,"Action, Indie",Single-player,windows
ONE PIECE: PIRATE WARRIORS 4,2023,18.89,Action,Single&Multi-player,windows
Bum Simulator,2023,18.88,"Action, Adventure, Indie, Simulation",Single-player,windows
House Builder,2024,18.88,"Adventure, Casual, Indie, Simulation",Single-player,windows
Train Station Renovation,2020,18.88,"Casual, Indie, Simulation",Single-player,windows
American Theft 80s,2022,18.88,"Action, Adventure, Indie, Simulation",Single-player,windows
Basement,2026,18.88,"Adventure, Indie",Single-player,windows
Mortal Sin,2025,18.74,"Action, Indie, RPG",Single-player,windows
Scarlet Hollow,2021,18.74,"Adventure, Casual, Indie, RPG, Early Access",Single-player,"windows, mac, linux"
Niffelheim,2018,18.73,"Action, Adventure, Indie, RPG, Simulation",Single&Multi-player,"windows, mac, linux"
Cardboard Town,2023,18.7,"Casual, Indie, Simulation, Strategy",Single-player,"windows, mac, linux"
Farm Manager 2021,2021,18.68,"Casual, Indie, Simulation, Strategy",Single-player,windows
No Place Like Home,2022,18.57,"Adventure, Casual, Indie, RPG, Simulation",Single-player,windows
The Long Dark,2017,18.38,"Adventure, Indie, Simulation, Strategy",Single-player,"windows, mac, linux"
Havendock,2025,18.18,"Casual, Indie, Simulation, Strategy",Single-player,"windows, mac, linux"
Spirit Realm,2017,18.18,"Casual, , Indie, Simulation",Single-player,windows
Stray,2022,17.99,"Adventure, Indie",Single-player,"windows, mac"
SCUM,2025,17.99,"Action, Adventure, Indie, Massively Multiplayer",Single&Multi-player,windows
Escape From Duckov,2025,17.99,"Action, Adventure, Indie, RPG",Single-player,"windows, mac"
Ravenfield,2017,17.99,"Action, Indie, Early Access",Single-player,"windows, mac, linux"
REMATCH,2025,17.99,"Action, Indie, sports",Multi-player,windows
Salt and Sanctuary,2016,17.99,"Action, Indie, RPG",Single&Multi-player,"windows, mac, linux"
Dome Keeper,2022,17.99,"Action, Adventure, Indie, Simulation",Single-player,"windows, mac, linux"
We Were Here Forever,2022,17.99,"Adventure, Casual, Indie",Multi-player,windows
Travellers Rest,2020,17.99,"Adventure, Casual, Indie, RPG, Simulation, Early Access",Single&Multi-player,windows
Nova Drift,2024,17.99,"Action, Indie",Single-player,"windows, mac"
Rabi-Ribi,2016,17.99,"Action, Adventure, Casual, Indie",Single-player,windows
河洛群俠傳 (Ho Tu Lo Shu ： The Books of Dragon),2018,17.99,"Adventure, RPG, Strategy",Single-player,windows
The Case of the Golden Idol,2022,17.99,"Adventure, Indie",Single-player,"windows, mac, linux"
TOGETHER BnB,2021,17.99,"Adventure, Casual, Indie, RPG, Simulation, Early Access",Single-player,windows
Summer Clover,2024,17.99,"Adventure, Casual, Indie, RPG, Simulation, Strategy",Single-player,windows
Voidtrain,2025,17.99,"Action, Adventure, Indie, RPG, Simulation",Single&Multi-player,windows
Hellish Quart,2021,17.99,"Action, Early Access",Single&Multi-player,windows
Beholder 2,2018,17.99,"Adventure, Indie, Simulation, Strategy",Single-player,"windows, mac, linux"
Shieldwall,2023,17.99,"Action, Casual, Indie, Simulation, Strategy",Single&Multi-player,windows
Kebab Chefs! - Restaurant Simulator,2024,17.99,"Simulation, Early Access",Single&Multi-player,windows
Urban Myth Dissolution Center,2025,17.99,Adventure,Single-player,windows
江湖十一,2023,17.99,"Indie, RPG",Single-player,windows
The Suicide of Rachel Foster,2020,17.99,"Adventure, Casual, Indie",Single-player,windows
The Cosmic Wheel Sisterhood,2023,17.99,"Adventure, Indie",Single-player,windows
Ratropolis,2020,17.99,"Casual, Indie, Simulation, Strategy",Single-player,"windows, mac"
Hero's Hour,2022,17.99,"RPG, Strategy",Single&Multi-player,windows
The World of Kungfu: Dragon and Eagle,2024,17.99,"Indie, RPG, Strategy",Single-player,windows
Niche - a genetics survival game,2017,17.99,"Indie, Simulation, Strategy",Single-player,"windows, mac, linux"
FINAL FANTASY VI,2022,17.99,RPG,Single-player,windows
Electrician Simulator,2022,17.99,"Adventure, Casual, Indie, Simulation",Single-player,windows
Crisol: Theater of Idols,2026,17.99,"Action, Adventure",Single-player,windows
Monstrum,2015,17.99,Indie,Single-player,"windows, mac, linux"
HAAK,2022,17.99,"Action, Adventure, Indie",Single-player,windows
Tactical Assault VR,2023,17.99,"Action, Simulation, Early Access",Single&Multi-player,windows
Kaiju Princess 2,2024,17.99,"Adventure, Casual, Indie, Simulation",Single-player,windows
Expeditions: A MudRunner Game,2024,17.99,"Adventure, Racing, Simulation",Single&Multi-player,windows
Later Alligator,2019,17.99,Indie,Single-player,"windows, mac, linux"
Angels Fall First,2015,17.99,"Action, Indie, Simulation, Early Access",Single&Multi-player,windows
Occupy Mars: The Game,2026,17.99,"Adventure, Indie, Simulation, ",Single&Multi-player,windows
Vault of the Void,2022,17.99,"Indie, Strategy",Single-player,"windows, mac"
Parcel Simulator,2025,17.99,"Casual, Indie, Simulation",Single-player,windows
Beholder 3,2022,17.99,"Adventure, Indie, Simulation, Strategy",Single-player,windows
Cloud Gardens,2021,17.99,"Casual, Indie, Simulation",Single-player,"windows, mac"
JIANGHU CHRONICLES,2025,17.99,"Action, Adventure, Indie, Simulation",Single-player,windows
Alchemy Factory,2025,17.99,"Casual, Indie, Simulation, Strategy, Early Access",Single&Multi-player,windows
EMERGENCY 4 Deluxe,2018,17.99,"Simulation, Strategy",Single&Multi-player,windows
The Nameless: Slay Dragon,2024,17.99,"Adventure, Indie, RPG, Strategy",Single-player,windows
Blade Assault,2022,17.99,"Action, Indie",Single-player,windows
The Sapling,2019,17.99,"Simulation, Early Access",Single-player,"windows, linux"
Timelie,2020,17.99,"Adventure, Indie, Strategy",Single-player,"windows, mac"
Escape Dungeon 2,2022,17.99,"Indie, RPG, Strategy",Single-player,"windows, mac"
Oblivion Override,2024,17.99,"Action, Adventure, Indie, RPG",Single-player,windows
Saleblazers,2023,17.99,"Action, Adventure, Casual, Indie, RPG, Simulation, Early Access",Single&Multi-player,"windows, mac"
Stellar Tactics,2026,17.99,"Adventure, Indie, RPG, Strategy",Single-player,windows
Lost and Found Co.,2026,17.99,"Casual, Indie",Single-player,"windows, mac"
Motel Manager Simulator,2024,17.99,"Casual, Simulation",Single-player,windows
Tavern Talk - A Cozy Visual Novel,2024,17.99,"Adventure, Casual, Indie, Simulation",Single-player,"windows, mac"
realMyst: Masterpiece Edition,2014,17.99,"Adventure, Indie",Single-player,"windows, mac"
Tiny Terry's Turbo Trip,2024,17.99,"Adventure, Casual, Indie, RPG",Single-player,windows
Microcivilization,2026,17.99,"Indie, Strategy",Single-player,windows
Alisa,2021,17.99,"Action, Adventure, Indie",Single-player,"windows, mac, linux"
Out Of Hands,2025,17.99,"Adventure, Casual, Indie, RPG, Strategy",Single-player,windows
Black One Blood Brothers,2022,17.99,"Action, Indie, Simulation, Strategy, Early Access",Single-player,windows
Meta Ghost: Breaking Show,2024,17.99,"Action, Indie, RPG, Early Access",Single&Multi-player,windows
Hookah Haze,2024,17.99,Adventure,Single-player,windows
Folklore Hunter,2026,17.99,"Action, Indie",Single&Multi-player,windows
G String,2020,17.99,"Action, Adventure, Indie",Single-player,windows
Station to Station,2023,17.99,"Casual, Indie, Simulation, Strategy",Single-player,windows
The Censor DX Edition,2025,17.99,"Casual, Indie, Simulation",Single-player,windows
Onirism,2025,17.99,"Action, Adventure, Indie",Single&Multi-player,windows
ARIA CHRONICLE,2020,17.99,"Casual, Indie, RPG, Strategy",Single-player,windows
LOST EPIC,2022,17.99,"Action, Indie, RPG",Single&Multi-player,windows
Loco Motive,2024,17.99,"Adventure, Indie",Single-player,windows
Card Survival: Fantasy Forest,2025,17.99,"Adventure, Indie, RPG, Simulation, Strategy, Early Access",Single-player,"windows, mac"
Adios,2021,17.99,"Adventure, Indie",Single-player,windows
Pronty,2021,17.99,"Action, Adventure, Indie",Single-player,windows
Brewmaster: Beer Brewing Simulator,2022,17.99,Simulation,Single-player,windows
Drunkn Bar Fight,2025,17.99,"Action, Indie",Single&Multi-player,windows
Let Them Trade,2025,17.99,"Indie, Simulation, Strategy",Single-player,windows
Ambulance Life: A Paramedic Simulator,2025,17.99,Simulation,Single-player,windows
Sigma Theory: Global Cold War,2019,17.99,"Simulation, Strategy",Single-player,"windows, mac, linux"
Kraken Academy!!,2021,17.99,"Adventure, Casual, Indie, RPG",Single-player,"windows, mac, linux"
Iris and the Giant,2020,17.99,"Indie, RPG, Strategy",Single-player,"windows, mac, linux"
暖雪 Warm Snow,2022,17.98,"Action, Adventure, Indie, RPG",Single-player,windows
Beer Factory,2024,17.98,"Indie, Simulation",Single-player,"windows, linux"
Gori: Cuddly Carnage,2024,17.98,"Action, Adventure, Indie",Single-player,windows
Thief Simulator,2018,17.83,"Action, Adventure, Indie, Simulation",Single-player,"windows, mac"
Alex Jones: NWO Wars,2024,17.76,"Action, Indie",Single-player,windows
Incursion Red River,2024,17.59,"Action, Early Access",Single&Multi-player,windows
dotAGE,2023,17.59,"Indie, Simulation, Strategy",Single-player,"windows, mac, linux"
Turbo Overkill,2023,17.58,"Action, Indie",Single-player,windows
Unforeseen Incidents,2018,17.5,"Adventure, Indie",Single-player,"windows, mac, linux"
A Plague Tale: Requiem,2022,17.49,"Action, Adventure",Single-player,windows
Infection Free Zone,2024,17.49,"Action, Indie, Simulation, Strategy, Early Access",Single-player,windows
Tower Dominion,2025,17.49,Strategy,Single-player,windows
Mind Over Magic,2025,17.49,Simulation,Single-player,windows
Bulwark: Falconeer Chronicles,2024,17.43,"Casual, Indie, Simulation, Strategy",Single-player,windows
CarX Drift Racing Online,2017,16.99,"Action, Casual, Massively Multiplayer, Racing, Simulation, sports",Single&Multi-player,windows
Car For Sale Simulator 2023,2024,16.99,"Indie, Simulation",Single&Multi-player,windows
Yuppie Psycho: Executive Edition,2019,16.99,"Adventure, Indie",Single-player,"windows, mac, linux"
侠客风云传(Tale of Wuxia),2016,16.99,"Adventure, Casual, RPG, Simulation, Strategy",Single-player,windows
Alba: A Wildlife Adventure,2020,16.99,"Adventure, Casual",Single-player,windows
Among the Sleep - Enhanced Edition,2014,16.99,"Action, Adventure, Indie",Single-player,"windows, mac, linux"
Exo One,2021,16.99,"Adventure, Casual, Indie, Simulation",Single-player,windows
Meme Mayhem,2024,16.99,"Casual, Strategy",Single-player,windows
Warpips,2022,16.99,"Action, Indie, Strategy",Single-player,windows
Until We Die,2021,16.99,"Action, Adventure, Simulation, Strategy",Single-player,windows
Immortal Life,2024,16.99,"Action, Adventure, Casual, RPG, Simulation",Single-player,windows
Tales of the Neon Sea,2019,16.99,"Adventure, Indie",Single-player,windows
Your Turn To Die -Death Game By Majority-,2023,16.99,"Adventure, Indie, Early Access",Single-player,windows
Realm of Ink,2024,16.99,"Action, Adventure, Indie, RPG, Early Access",Single-player,windows
TRYP FPV: Drone Racer Simulator,2022,16.99,"Indie, Racing, Simulation, sports, Early Access",Single-player,"windows, mac"
Party Panic,2017,16.99,"Action, Casual, Indie",Single&Multi-player,"windows, mac, linux"
Momodora: Moonlit Farewell,2024,16.99,"Action, Adventure, Indie",Single-player,windows
轮回修仙路,2023,16.99,"Adventure, Indie, RPG, Simulation",Single-player,windows
Gravity Circuit,2023,16.99,"Action, Indie",Single-player,"windows, mac, linux"
Mars Horizon,2020,16.99,"Indie, Simulation, Strategy",Single-player,"windows, mac"
Carmageddon: Max Damage,2016,16.99,Action,Single&Multi-player,windows
ScourgeBringer,2020,16.99,"Action, Adventure, Indie",Single-player,"windows, mac, linux"
侠客风云传前传(Tale of Wuxia:The Pre-Sequel),2017,16.99,"Adventure, RPG, Strategy",Single-player,windows
Another Brick in The Mall,2020,16.99,"Indie, Simulation, Strategy",Single-player,windows
Artisan TD,2024,16.99,Strategy,Single-player,windows
Slipways,2021,16.99,Strategy,Single-player,"windows, mac"
PARQUET,2021,16.99,"Adventure, Casual",Single-player,windows
Revita,2022,16.99,"Action, Adventure, Indie, RPG",Single-player,windows
Return from Core,2025,16.99,"Action, Adventure, Indie, RPG, Simulation",Single-player,windows
Hedon Bloodrite,2019,16.99,"Action, Adventure, Indie, RPG",Single-player,"windows, linux"
Ancient Warfare: The Han Dynasty,2023,16.99,"Indie, RPG, Strategy, Early Access",Single-player,windows
The Wife Next Door,2024,16.99,"Casual, Indie, RPG, Simulation",Single-player,windows
Hollowbody,2024,16.99,"Adventure, Indie",Single-player,windows
Resist the succubus—The end of the female Knight,2024,16.99,"Adventure, Indie, RPG, Strategy",Single-player,windows
Farlands,2024,16.99,"Casual, Indie, RPG, Simulation, Early Access",Single-player,windows
Sir Whoopass™: Immortal Death,2022,16.99,"Action, Adventure, Indie, RPG",Single&Multi-player,windows
Blazing Chrome,2019,16.99,"Action, Indie",Single&Multi-player,windows
TAISHO x ALICE episode 1,2019,16.99,Adventure,Single-player,windows
The Last Plague: Blight,2024,16.99,"Action, Adventure, Indie, Simulation, Early Access",Single&Multi-player,"windows, mac, linux"
Slayers X: Terminal Aftermath: Vengance of the Slayer,2023,16.99,Action,Single-player,windows
Sensei! I Like You So Much!,2025,16.99,"Casual, Indie, RPG, Simulation",Single-player,windows
Aokana - Four Rhythms Across the Blue - EXTRA1,2020,16.99,"Adventure, Casual",Single-player,windows
Undead Horde,2019,16.99,"Action, Adventure, Indie, RPG",Single-player,"windows, mac, linux"
Shadwen,2016,16.99,"Action, Adventure",Single-player,"windows, mac, linux"
Affogato,2023,16.99,"Adventure, Indie, RPG, Strategy",Single-player,windows
Mind Scanners,2021,16.99,"Adventure, RPG, Simulation, Strategy",Single-player,"windows, mac"
Escape From Mystwood Mansion,2023,16.99,"Action, Adventure, Casual, Indie",Single-player,windows
Subterrain,2016,16.98,Indie,Single-player,windows
Mika and The Witch's Mountain,2025,16.78,"Action, Adventure, Casual, Indie",Single-player,windows
Planet of Lana,2023,16.77,"Action, Adventure, Indie",Single-player,windows
Summer in Mara,2020,16.71,"Adventure, Casual, Indie, RPG, Simulation",Single-player,windows
Airship: Kingdoms Adrift,2023,16.49,"Action, Adventure, RPG, Simulation, Strategy",Single&Multi-player,windows
Deadzone: Rogue,2025,16.24,Action,Single&Multi-player,windows
Critter Cove,2024,16.24,"Adventure, Casual, Simulation, Early Access",Single-player,windows
Backpack Hero,2023,16.23,"Adventure, Casual, Indie, RPG, Strategy",Single-player,"windows, mac, linux"
Cinderia,2026,16.19,"Action, Adventure, Indie, RPG, Early Access",Single-player,windows
Resident Evil 4,2023,15.99,"Action, Adventure",Single-player,windows
The Long Drive,2019,15.99,"Action, Adventure, Casual, Indie, Simulation, Early Access",Single-player,windows
Mon Bazou,2025,15.99,"Adventure, Casual, Indie, Racing, Simulation",Single-player,windows
She Will Punish Them,2020,15.99,"Action, Indie, RPG, Early Access",Single-player,windows
Magicraft,2024,15.99,"Action, Adventure, Indie, RPG",Single-player,windows
Feed the Cups,2024,15.99,"Casual, Indie, Simulation, Early Access",Single&Multi-player,"windows, mac"
Bomber Crew,2017,15.99,"Simulation, Strategy",Single-player,"windows, mac, linux"
Quarantine Zone: The Last Check,2026,15.99,"Indie, Simulation, Strategy",Single-player,windows
Do Not Feed the Monkeys,2018,15.99,"Indie, Simulation, Strategy",Single-player,"windows, mac, linux"
WORLD OF HORROR,2023,15.99,"Indie, RPG",Single-player,"windows, mac"
The Infected,2020,15.99,"Action, Casual, Indie, Simulation, Early Access",Single-player,windows
F.I.S.T.: Forged In Shadow Torch,2021,15.99,"Action, Adventure, Indie, RPG, Simulation, sports",Single-player,windows
We Need To Go Deeper,2019,15.99,"Action, Indie, Simulation",Single&Multi-player,"windows, linux"
Escape Simulator 2,2025,15.99,"Adventure, Casual, Indie, Simulation",Single&Multi-player,"windows, mac"
ScooterFlow,2021,15.99,"Casual, Indie, Simulation, sports, Early Access",Single&Multi-player,windows
Plan B: Terraform,2025,15.99,"Indie, Simulation, Strategy",Single-player,windows
At Dead Of Night,2020,15.99,"Action, Indie, RPG, Strategy",Single-player,windows
Home Sweet Home,2017,15.99,"Adventure, Indie",Single-player,windows
月影魅像-解放之羽-,2019,15.99,"Adventure, Casual",Single-player,windows
BitCraft Online,2025,15.99,"Indie, Massively Multiplayer, RPG, Early Access",Multi-player,"windows, mac"
古剑奇谭二(GuJian2),2017,15.99,RPG,Single-player,windows
MIO: Memories in Orbit,2026,15.99,"Action, Adventure, Indie",Single-player,windows
Final Fantasy IV (3D Remake),2014,15.99,RPG,Single-player,windows
Star Birds,2025,15.99,"Casual, Indie, Simulation, Strategy, Early Access",Single-player,windows
Chef RPG,2024,15.99,"Adventure, RPG, Simulation, Early Access",Single-player,"windows, mac"
G2 Fighter / 基因特工,2018,15.99,"Action, Adventure, Casual, Indie, RPG, Early Access",Single&Multi-player,windows
VOID/BREAKER,2025,15.99,"Action, Adventure, Indie, RPG, Simulation, sports, Early Access",Single-player,windows
X3: Terran Conflict,2008,15.99,"Action, Simulation, Strategy",Single-player,"windows, mac, linux"
Megaton Rainfall,2017,15.99,"Action, Indie",Single-player,windows
Force of Nature 2: Ghost Keeper,2021,15.99,"Action, Adventure, Indie, RPG, Strategy",Single&Multi-player,windows
Pathway,2019,15.99,"Adventure, Indie, RPG, Strategy",Single-player,"windows, mac, linux"
Space Crew: Legendary Edition,2020,15.99,"Action, Adventure, Indie, Simulation, Strategy",Single-player,"windows, mac, linux"
Mecha Knights: Nightmare,2021,15.99,"Action, Indie",Single-player,windows
Circle Empires Rivals,2020,15.99,"Casual, Indie, Strategy",Single&Multi-player,windows
Bits & Bops,2025,15.99,"Action, Casual, Indie",Single&Multi-player,"windows, mac, linux"
Lost2,2022,15.99,"Casual, Indie, Strategy",Single-player,windows
Super Naughty Maid 2,2019,15.99,"Casual, Indie",Single-player,windows
Nevergrind Online,2024,15.99,"Action, Indie, RPG",Single&Multi-player,windows
Jets'n'Guns 2,2020,15.99,"Action, Indie",Single&Multi-player,windows
Buggos,2022,15.99,"Casual, Simulation, Strategy",Single-player,windows
Car Detailing Simulator,2022,15.99,"Casual, Indie, Racing, Simulation",Single-player,windows
Bookshop Simulator,2025,15.99,"Simulation, Early Access",Single-player,windows
Neverinth,2020,15.99,"Action, Adventure, Indie, RPG",Single-player,windows
Through The Ages,2025,15.99,,Single-player,windows
LUNA The Shadow Dust,2020,15.2,"Adventure, Casual, Indie",Single-player,"windows, mac, linux"
Soulash 2,2023,15.19,"Adventure, Indie, RPG, Strategy, Early Access",Single-player,windows
Touhou Ibunseki - Ayaria Dawn: ReCreation,2022,15.19,"Casual, Indie, Simulation, Strategy",Single&Multi-player,windows
Garden of Witches,2025,15.19,"Action, Casual, Indie, RPG, Early Access",Single-player,windows
Cowboy Life Simulator,2025,15.19,"Action, Adventure, Casual, RPG, Simulation, Early Access",Single-player,windows
Stardew Valley,2016,14.99,"Indie, RPG, Simulation",Single&Multi-player,"windows, mac, linux"
Hollow Knight,2017,14.99,"Action, Adventure, Indie",Single-player,"windows, mac, linux"
The Binding of Isaac: Rebirth,2014,14.99,Action,Single&Multi-player,"windows, mac, linux"
Balatro,2024,14.99,"Casual, Indie, Strategy",Single-player,"windows, mac"
BattleBit Remastered,2023,14.99,"Action, Massively Multiplayer, Early Access",Multi-player,windows
Starbound,2016,14.99,"Action, Adventure, Casual, Indie, RPG",Single&Multi-player,"windows, mac, linux"
MiSide,2024,14.99,"Adventure, Indie, RPG, Simulation",Single-player,windows
Castle Crashers®,2012,14.99,"Action, Adventure, Casual, Indie, RPG",Single&Multi-player,"windows, mac"
My Summer Car,2025,14.99,"Indie, Racing, Simulation",Single-player,windows
Outlast,2013,14.99,"Action, Adventure, Indie",Single-player,"windows, mac, linux"
Insurgency,2014,14.99,"Action, Indie, Strategy",Multi-player,"windows, mac, linux"
Outer Wilds,2020,14.99,"Action, Adventure",Single-player,windows
GRIS,2018,14.99,"Adventure, Indie",Single-player,"windows, mac"
Hotline Miami 2: Wrong Number,2015,14.99,"Action, Indie",Single-player,"windows, mac, linux"
Katana ZERO,2019,14.99,"Action, Indie",Single-player,"windows, mac"
BattleBlock Theater®,2014,14.99,"Action, Adventure, Casual, Indie",Single&Multi-player,"windows, mac, linux"
The Walking Dead,2012,14.99,Adventure,Single-player,"windows, mac"
Brick Rigs,2023,14.99,Simulation,Single&Multi-player,"windows, linux"
Broforce,2015,14.99,"Action, Adventure, Casual, Indie",Single&Multi-player,"windows, mac, linux"
Besiege,2020,14.99,"Indie, Simulation",Single&Multi-player,"windows, mac, linux"
Pummel Party,2018,14.99,"Action, Casual, Indie",Single&Multi-player,windows
ACE COMBAT™ 7: SKIES UNKNOWN,2019,14.99,"Action, Simulation",Single&Multi-player,windows
Alan Wake,2012,14.99,"Action, Adventure",Single-player,windows
SANABI,2023,14.99,"Action, Adventure, Indie",Single-player,windows
The Stanley Parable,2013,14.99,"Adventure, Indie",Single-player,"windows, mac, linux"
Ultimate Chicken Horse,2016,14.99,"Action, Casual, Indie",Multi-player,"windows, mac, linux"
Jurassic World Evolution 2,2021,14.99,"Simulation, Strategy",Single-player,windows
Brothers - A Tale of Two Sons,2013,14.99,"Action, Adventure, Indie",Single-player,windows
Loop Hero,2021,14.99,"Indie, RPG, Strategy",Single-player,"windows, mac, linux"
VA-11 Hall-A: Cyberpunk Bartender Action,2016,14.99,"Adventure, Indie, Simulation",Single-player,"windows, linux"
Kingdoms and Castles,2017,14.99,"Indie, Simulation, Strategy",Single-player,"windows, mac, linux"
Doki Doki Literature Club Plus!,2021,14.99,"Casual, Indie",Single-player,"windows, mac"
Bastion,2011,14.99,"Action, Indie, RPG",Single-player,"windows, mac, linux"
The Walking Dead: Season Two,2013,14.99,Adventure,Single-player,"windows, mac"
觅长生,2023,14.99,"Indie, RPG, Strategy",Single-player,windows
Hydroneer,2020,14.99,"Adventure, Casual, Indie, Simulation, Strategy",Single&Multi-player,windows
Soulstone Survivors,2025,14.99,"Action, Indie, RPG",Single-player,"windows, mac, linux"
"No, I'm not a Human",2025,14.99,"Indie, Simulation",Single-player,windows
FAR: Lone Sails,2018,14.99,"Action, Adventure, Indie",Single-player,"windows, mac"
Crypt of the NecroDancer,2015,14.99,"Action, Indie, RPG",Single&Multi-player,"windows, mac, linux"
SpeedRunners,2016,14.99,"Action, Casual, Indie, Racing, sports",Single&Multi-player,"windows, mac, linux"
BALL x PIT,2025,14.99,"Action, Indie",Single-player,"windows, mac"
PAYDAY™ The Heist,2011,14.99,Action,Single&Multi-player,windows
Tiny Glade,2024,14.99,"Casual, Indie, Simulation",Single-player,"windows, linux"
Darkwood,2017,14.99,"Action, Adventure, RPG, Strategy",Single-player,"windows, mac, linux"
Forts,2017,14.99,"Action, Indie, Strategy",Single&Multi-player,windows
Baba Is You,2019,14.99,Indie,Single-player,"windows, mac, linux"
Feed and Grow: Fish,2016,14.99,"Action, Indie, Simulation, Early Access",Single&Multi-player,windows
Fran Bow,2015,14.99,"Adventure, Indie",Single-player,"windows, mac, linux"
The Texas Chain Saw Massacre,2023,14.99,"Action, Indie",Multi-player,windows
Into the Breach,2018,14.99,"Indie, RPG, Simulation, Strategy",Single-player,"windows, mac, linux"
Backpack Battles,2025,14.99,Strategy,Multi-player,"windows, linux"
Day of Infamy,2017,14.99,"Action, Indie, Strategy",Multi-player,"windows, mac, linux"
Call to Arms,2018,14.99,"Action, Indie, Simulation, Strategy",Single&Multi-player,windows
Mechabellum,2024,14.99,"Action, Indie, Massively Multiplayer, Simulation, Strategy",Single&Multi-player,"windows, mac"
My Winter Car,2025,14.99,"Indie, Racing, Simulation, Early Access",Single-player,windows
Move or Die,2016,14.99,"Action, Indie",Single&Multi-player,"windows, linux"
Rogue Legacy,2013,14.99,"Action, Adventure, Indie, RPG",Single-player,"windows, mac, linux"
A Little to the Left,2022,14.99,"Casual, Indie",Single-player,"windows, mac"
Ravenswatch,2024,14.99,"Action, Adventure",Single&Multi-player,windows
The Walking Dead: A New Frontier,2016,14.99,Adventure,Single-player,windows
Spelunky,2013,14.99,Indie,Single&Multi-player,windows
RUNNING WITH RIFLES,2015,14.99,"Action, Indie",Single&Multi-player,"windows, mac, linux"
Clustertruck,2016,14.99,"Action, Indie",Single-player,"windows, mac, linux"
Keep Talking and Nobody Explodes,2015,14.99,Indie,Multi-player,"windows, mac, linux"
Gone Home,2013,14.99,"Adventure, Indie",Single-player,"windows, mac, linux"
Orcs Must Die! 2,2012,14.99,"Action, Adventure, Indie, RPG, Strategy",Single&Multi-player,windows
Trine Enchanted Edition,2009,14.99,"Action, Adventure, Indie",Single&Multi-player,"windows, mac, linux"
Ghost Watchers,2025,14.99,Adventure,Single&Multi-player,windows
The Red Strings Club,2018,14.99,"Adventure, Indie",Single-player,"windows, mac, linux"
Tavern Master,2021,14.99,"Simulation, Strategy",Single-player,"windows, mac, linux"
Tricky Towers,2016,14.99,"Casual, Indie",Single&Multi-player,"windows, mac, linux"
A Story About My Uncle,2014,14.99,"Adventure, Casual, Indie",Single-player,"windows, mac, linux"
Exanima,2015,14.99,"Action, Adventure, Indie, RPG, Simulation, Early Access",Single-player,windows
Dungeon Defenders,2011,14.99,"Action, Indie, RPG, Strategy",Single&Multi-player,windows
Yet Another Zombie Survivors,2023,14.99,"Action, Casual, Indie, RPG, Early Access",Single-player,windows
Bad North: Jotunn Edition,2018,14.99,"Action, Indie, Simulation",Single-player,"windows, mac"
ATOM RPG: Post-apocalyptic indie game,2018,14.99,RPG,Single-player,"windows, mac, linux"
Garfield Kart - Furious Racing,2019,14.99,Racing,Multi-player,"windows, mac"
Dicey Dungeons,2019,14.99,"Indie, Strategy",Single-player,"windows, mac, linux"
Hyperdimension Neptunia Re;Birth1,2015,14.99,"RPG, Strategy",Single-player,windows
Trombone Champ,2022,14.99,"Casual, Indie",Single-player,"windows, mac"
Kingdom: New Lands,2016,14.99,"Indie, Simulation, Strategy",Single-player,"windows, mac, linux"
Turnip Boy Commits Tax Evasion,2021,14.99,"Action, Adventure, Casual, Indie",Single-player,"windows, mac, linux"
Rabbit and Steel,2024,14.99,"Action, Adventure, Indie, RPG",Single&Multi-player,windows
Shadowrun Returns,2013,14.99,"Adventure, Indie, RPG, Strategy",Single-player,"windows, mac, linux"
Planetbase,2015,14.99,"Indie, Simulation, Strategy",Single-player,"windows, mac"
Stronghold: Definitive Edition,2023,14.99,"Simulation, Strategy",Single&Multi-player,windows
This Is the Police,2016,14.99,"Adventure, Indie, Strategy",Single-player,"windows, mac, linux"
Octodad: Dadliest Catch,2014,14.99,"Action, Adventure, Indie",Single&Multi-player,"windows, mac, linux"
Little Inferno,2012,14.99,"Adventure, Casual, Indie",Single-player,"windows, mac, linux"
Jalopy,2018,14.99,"Adventure, Indie, Simulation",Single-player,windows
Death Road to Canada,2016,14.99,"Action, Indie, RPG",Single&Multi-player,"windows, mac, linux"
Mafia,2002,14.99,"Action, Adventure",Single-player,windows
"Warhammer 40,000: Dawn of War - Anniversary Edition",2007,14.99,Strategy,Single&Multi-player,windows
Ultimate Epic Battle Simulator,2017,14.99,"Action, Adventure, Indie, Simulation, Strategy",Single-player,windows
Bus Simulator 18,2018,14.99,Simulation,Single&Multi-player,windows
Biped,2020,14.99,"Action, Adventure, Casual, Indie, Simulation, sports, Strategy",Single&Multi-player,windows
The Song of Saya,2019,14.99,"Adventure, Simulation",Single-player,windows
White Knuckle,2025,14.99,Early Access,Single-player,windows
Tropico 4,2011,14.99,"Simulation, Strategy",Single-player,windows
The King is Watching,2025,14.99,"Indie, Strategy",Single-player,windows
Rogue: Genesia,2025,14.99,"Action, Casual, RPG, Strategy",Single-player,"windows, linux"
Ale & Tale Tavern,2024,14.99,"Action, Adventure, Casual, Indie, Simulation",Single&Multi-player,windows
Fast Food Simulator,2024,14.99,"Indie, Simulation, Early Access",Single&Multi-player,windows
Poly Bridge 2,2020,14.99,"Indie, Simulation",Single-player,"windows, mac, linux"
SURVIVAL: Postapocalypse Now,2019,14.99,"Action, Adventure, Indie, Massively Multiplayer, Simulation",Single&Multi-player,windows
Titan Souls,2015,14.99,"Action, Adventure, Indie",Single-player,"windows, mac"
The Incredible Adventures of Van Helsing,2013,14.99,"Action, Adventure, Indie, RPG",Single&Multi-player,windows
Risen,2009,14.99,RPG,Single-player,windows
Spaceflight Simulator,2022,14.99,"Indie, Simulation, Early Access",Single-player,"windows, mac"
Orc Massage,2022,14.99,"Action, Casual, RPG, Simulation, sports, Strategy, Early Access",Single-player,windows
Sanctum 2,2013,14.99,"Action, Indie, Strategy",Single&Multi-player,"windows, mac, linux"
Cozy Grove,2021,14.99,"Casual, Indie",Single-player,windows
Melatonin,2022,14.99,"Action, Indie",Single-player,"windows, mac"
Fireworks Mania - An Explosive Simulator,2020,14.99,"Action, Casual, Indie, Simulation",Single&Multi-player,windows
Rise to Ruins,2019,14.99,"Indie, Simulation, Strategy",Single-player,"windows, mac, linux"
Kingdom Rush Origins - Tower Defense,2018,14.99,"Indie, Strategy",Single-player,"windows, mac, linux"
Serious Sam HD: The First Encounter,2009,14.99,"Action, Indie",Single&Multi-player,windows
Gloomwood,2022,14.99,"Action, Indie, Early Access",Single-player,windows
Minishoot' Adventures,2024,14.99,"Action, Adventure, Casual, RPG",Single-player,"windows, mac"
Secrets of Grindea,2024,14.99,"Action, Adventure, Indie, RPG",Single&Multi-player,windows
Cast n Chill,2025,14.99,"Casual, Indie, RPG, Simulation, sports",Single&Multi-player,"windows, mac"
Braid,2009,14.99,"Casual, Indie, Strategy",Single-player,"windows, mac, linux"
Heat Signature,2017,14.99,"Action, Adventure, Indie, Strategy",Single-player,windows
Uncrashed : FPV Drone Simulator,2021,14.99,"Action, Indie, Racing, Simulation, sports",Single&Multi-player,"windows, mac"
The Final Station,2016,14.99,"Action, Adventure, Indie",Single-player,"windows, mac, linux"
Rivals of Aether II,2024,14.99,"Action, Indie",Multi-player,windows
Animal Revolt Battle Simulator,2022,14.99,"Action, Simulation, Strategy",Single-player,windows
Void Crew,2024,14.99,"Action, Adventure",Single&Multi-player,windows
Jazzpunk: Director's Cut,2014,14.99,"Adventure, Indie",Single-player,"windows, mac, linux"
Fallen Aces,2024,14.99,"Action, Indie, Early Access",Single-player,windows
UnderRail,2015,14.99,"Indie, RPG",Single-player,windows
Haydee,2016,14.99,"Action, Indie",Single-player,windows
Littlewood,2020,14.99,"Adventure, Casual, Indie, RPG, Simulation",Single-player,"windows, mac, linux"
The Walking Dead: Michonne - A Telltale Miniseries,2016,14.99,Adventure,Single-player,"windows, mac"
Shogun Showdown,2024,14.99,"Indie, RPG, Strategy",Single-player,"windows, mac, linux"
Swords & Souls: Neverseen,2019,14.99,"Action, Adventure, Indie, RPG",Single-player,"windows, mac"
INMOST,2020,14.99,"Adventure, Indie",Single-player,"windows, mac"
Never Alone (Kisima Ingitchuna),2014,14.99,"Action, Adventure, Casual, Indie",Single&Multi-player,"windows, mac, linux"
Space Rangers HD: A War Apart,2013,14.99,"Action, Adventure, RPG, Simulation, Strategy",Single-player,windows
Pixel Piracy,2014,14.99,"Adventure, Indie, RPG, Simulation",Single-player,"windows, mac, linux"
Cat Quest II,2019,14.99,"Action, Adventure, Indie, RPG",Single&Multi-player,"windows, mac"
Rogue Tower,2022,14.99,"Casual, Strategy",Single-player,windows
The Legend of Bum-Bo,2019,14.99,"Adventure, Indie, Strategy",Single-player,windows
Dead Estate,2021,14.99,"Action, Indie",Single-player,windows
Crawl,2017,14.99,"Action, Indie, RPG",Single&Multi-player,"windows, mac, linux"
Kindergarten 2,2019,14.99,"Adventure, Indie",Single-player,"windows, mac, linux"
Dream Daddy: A Dad Dating Simulator,2017,14.99,"Casual, Indie, Simulation",Single-player,"windows, mac, linux"
Torchlight,2009,14.99,RPG,Single-player,"windows, mac"
Audiosurf 2,2015,14.99,Indie,Single&Multi-player,"windows, mac, linux"
Shadowrun: Dragonfall - Director's Cut,2014,14.99,"Adventure, Indie, RPG, Strategy",Single-player,"windows, mac, linux"
This Is the Police 2,2018,14.99,"Adventure, Indie, Strategy",Single-player,"windows, mac, linux"
Rising World,2014,14.99,"Action, Adventure, Indie, RPG, Early Access",Single&Multi-player,"windows, mac, linux"
Moncage,2021,14.99,"Adventure, Casual, Indie, Simulation, Strategy",Single-player,windows
The Swapper,2013,14.99,"Action, Adventure, Indie",Single-player,windows
Citadel: Forged with Fire,2019,14.99,"Action, Adventure, Indie, Massively Multiplayer, RPG",Single&Multi-player,windows
I Wani Hug that Gator!,2024,14.99,"Casual, Indie",Single-player,"windows, mac, linux"
AER Memories of Old,2017,14.99,"Adventure, Indie",Single-player,"windows, mac, linux"
Atomicrops,2020,14.99,"Action, Indie",Single-player,windows
Cave Story+,2011,14.99,"Action, Adventure, Indie",Single-player,"windows, linux"
Wuppo: Definitive Edition,2016,14.99,"Action, Adventure, Indie, RPG",Single&Multi-player,"windows, mac"
Sephiria,2025,14.99,"Action, Early Access",Single&Multi-player,"windows, mac"
World of Goo,2008,14.99,Indie,Single-player,"windows, mac, linux"
Beat Cop,2017,14.99,"Adventure, Indie, Simulation",Single-player,"windows, mac, linux"
Stronghold 2: Steam Edition,2017,14.99,"Simulation, Strategy",Single&Multi-player,windows
Path of Kung Fu,2025,14.99,"Action, Adventure, Indie, RPG",Single-player,windows
Rakuen,2017,14.99,,Single-player,"windows, mac, linux"
DICEOMANCER,2024,14.99,"Casual, Indie, Strategy",Single-player,windows
WILL: A Wonderful World / WILL：美好世界,2017,14.99,"Adventure, Casual, Indie",Single-player,"windows, mac"
The Battle of Polytopia,2020,14.99,"Action, Adventure, Casual, Indie, Simulation, Strategy",Single&Multi-player,"windows, mac, linux"
Serious Sam Fusion 2017 (beta),2017,14.99,"Action, Indie",Single&Multi-player,"windows, mac, linux"
Whisper of the House,2025,14.99,"Casual, Indie, Simulation",Single-player,"windows, mac"
DreadOut,2014,14.99,"Adventure, Indie",Single-player,"windows, linux"
Fun with Ragdolls: The Game,2019,14.99,"Action, Indie, Simulation",Single-player,"windows, mac"
NEO Scavenger,2014,14.99,"Indie, RPG, Strategy",Single-player,"windows, mac, linux"
Risen 3 - Titan Lords,2014,14.99,RPG,Single-player,windows
DEEEER Simulator: Your Average Everyday Deer Game,2021,14.99,"Action, Casual, Indie, Simulation",Single-player,windows
Mother Russia Bleeds,2016,14.99,"Action, Indie",Single&Multi-player,"windows, mac, linux"
Class of '09: The Re-Up,2023,14.99,"Casual, Indie, RPG, Simulation",Single-player,"windows, mac"
Phantom Brigade,2023,14.99,"Indie, Simulation, Strategy",Single-player,windows
Vagante,2018,14.99,"Action, Adventure, Indie, RPG",Single&Multi-player,"windows, mac, linux"
If My Heart Had Wings,2014,14.99,"Adventure, Casual, Simulation",Single-player,windows
MO:Astray,2019,14.99,"Action, Adventure, Indie",Single-player,windows
Creeper World 3: Arc Eternal,2014,14.99,"Indie, Simulation, Strategy",Single-player,"windows, mac, linux"
Copycat,2024,14.99,"Adventure, Indie",Single-player,"windows, mac"
泡沫冬景,2020,14.99,"Adventure, Casual, Indie",Single-player,windows
Battle Realms: Zen Edition,2025,14.99,"Action, Strategy",Single&Multi-player,windows
Epistory - Typing Chronicles,2016,14.99,"Action, Adventure, Indie",Single-player,"windows, mac, linux"
One Hour One Life,2018,14.99,"Indie, Massively Multiplayer, Simulation",Multi-player,windows
20XX,2017,14.99,"Action, Indie",Single&Multi-player,windows
Curious Expedition,2016,14.99,"Indie, RPG, Strategy",Single&Multi-player,"windows, mac, linux"
Tavern Manager Simulator 🍻,2024,14.99,"Casual, Indie, Simulation",Single-player,windows
Moon Hunters,2016,14.99,"Adventure, Indie, RPG",Single&Multi-player,"windows, mac, linux"
Dealer's Life 2,2022,14.99,"Casual, Indie, Simulation",Single-player,windows
Rising Front,2026,14.99,"Action, Casual, Simulation, Strategy",Single-player,"windows, mac"
Hard Reset Extended Edition,2012,14.99,"Action, Indie",Single-player,windows
SpiderHeck,2022,14.99,"Action, Casual, Indie",Single&Multi-player,windows
Mad Games Tycoon,2016,14.99,"Casual, Indie, Simulation, Strategy",Single-player,"windows, mac"
Keplerth,2022,14.99,"Adventure, Casual, Indie, RPG, Simulation",Single&Multi-player,windows
SHENZHEN I/O,2016,14.99,"Indie, Simulation",Single-player,"windows, mac, linux"
Road to Vostok,2026,14.99,"Action, Early Access",Single-player,windows
Gladiator Guild Manager,2024,14.99,"Indie, Simulation, Strategy",Single-player,"windows, mac"
Wild Assault,2025,14.99,"Action, Adventure, Massively Multiplayer, Early Access",Multi-player,windows
Star Traders: Frontiers,2018,14.99,"RPG, Strategy",Single-player,"windows, mac, linux"
Mycopunk,2025,14.99,"Action, Indie, Early Access",Single&Multi-player,windows
APE OUT,2019,14.99,"Action, Indie",Single-player,"windows, mac"
Reassembly,2015,14.99,"Action, Indie, Strategy",Single-player,"windows, mac, linux"
Crossroads Inn Anniversary Edition,2019,14.99,"Adventure, Casual, RPG, Simulation, Strategy",Single-player,windows
Gedonia,2022,14.99,RPG,Single-player,windows
Emberward,2024,14.99,"Indie, Strategy, Early Access",Single-player,windows
MineMogul,2025,14.99,"Indie, Simulation, Strategy, Early Access",Single-player,windows
The Witch's House MV,2018,14.99,"Adventure, Casual, Indie, RPG",Single-player,"windows, mac"
Alina of the Arena,2022,14.99,"Indie, Strategy",Single-player,"windows, mac"
The Age of Decadence,2015,14.99,"Indie, RPG",Single-player,windows
Neighbours back From Hell,2020,14.99,"Adventure, Casual, Strategy",Single-player,windows
Lovers in a Dangerous Spacetime,2015,14.99,"Action, Indie, Simulation",Single&Multi-player,"windows, mac, linux"
Growing Up,2021,14.99,"Adventure, Casual, Indie, RPG, Simulation, Strategy",Single-player,"windows, mac"
Cleared Hot,2025,14.99,"Action, Indie, Early Access",Single-player,"windows, linux"
LORT,2026,14.99,"Action, Early Access",Single&Multi-player,windows
Freedom Planet,2014,14.99,"Action, Indie",Single-player,"windows, mac, linux"
Dungeon Defenders: Awakened,2020,14.99,"Action, Adventure, Indie, RPG, Strategy",Single&Multi-player,windows
The Complex,2020,14.99,Adventure,Single-player,"windows, mac"
Human Resource Machine,2015,14.99,"Casual, Indie, Simulation",Single-player,"windows, mac, linux"
Dungeon Clawler,2024,14.99,"Action, Casual, RPG, Simulation, Strategy, Early Access",Single-player,"windows, mac, linux"
OTXO,2023,14.99,"Action, Simulation",Single-player,windows
Everything,2017,14.99,"Casual, Indie, RPG, Simulation",Single-player,"windows, mac, linux"
Syberia 3,2017,14.99,Adventure,Single-player,"windows, mac"
The End Is Nigh,2017,14.99,"Action, Adventure, Indie",Single-player,"windows, mac, linux"
Guacamelee! Gold Edition,2013,14.99,"Action, Adventure, Indie",Single&Multi-player,"windows, mac, linux"
Noel the Mortal Fate Complete Edition,2018,14.99,"Adventure, Indie, RPG",Single-player,windows
Dark Hours,2025,14.99,"Action, Adventure",Single&Multi-player,windows
Star of Providence,2017,14.99,"Action, Indie",Single-player,"windows, linux"
Finnish Cottage Simulator,2024,14.99,"Casual, Indie, Simulation, Early Access",Single&Multi-player,windows
Hylics 2,2020,14.99,RPG,Single-player,"windows, mac"
Hyperdimension Neptunia Re;Birth3 V Generation,2015,14.99,"RPG, Strategy",Single-player,windows
HYPER DEMON,2022,14.99,"Action, Indie",Single&Multi-player,windows
Quake 4,2011,14.99,Action,Single&Multi-player,windows
First Class Trouble,2021,14.99,Indie,Multi-player,windows
ENDLESS™ Dungeon - Definitive Edition,2023,14.99,"Action, Strategy",Single&Multi-player,windows
Princess & Conquest,2023,14.99,"Action, Adventure, Indie, RPG",Single-player,windows
Suit for Hire,2025,14.99,"Action, Indie",Single-player,windows
Some Some Convenience Store,2020,14.99,"Adventure, Casual, Indie",Single-player,windows
TowerFall Ascension,2014,14.99,"Action, Indie",Single&Multi-player,"windows, mac, linux"
Zombotron,2019,14.99,"Action, Adventure, Indie",Single-player,"windows, mac"
Chroma Squad,2015,14.99,"Indie, RPG, Strategy",Single-player,"windows, mac, linux"
IN HEAT: Lustful Nights,2024,14.99,"Casual, Indie, Simulation, Early Access",Single-player,"windows, mac, linux"
Overdungeon,2019,14.99,"Action, Adventure, Casual, Indie, RPG, Strategy",Single-player,"windows, mac"
Gnomoria,2016,14.99,"Indie, Simulation, Strategy",Single-player,"windows, mac, linux"
Ziggurat,2014,14.99,"Action, Indie, RPG",Single-player,"windows, mac, linux"
Element TD 2 - Tower Defense,2021,14.99,"Indie, Strategy",Single&Multi-player,windows
Agony UNRATED,2018,14.99,"Action, Adventure, Indie",Single-player,windows
Dungeons & Degenerate Gamblers,2024,14.99,"Casual, Indie, RPG, Strategy",Single-player,"windows, mac, linux"
Epic Battle Fantasy 4,2014,14.99,"Adventure, RPG",Single-player,windows
Hyperdimension Neptunia Re;Birth2: Sisters Generation,2015,14.99,"RPG, Strategy",Single-player,windows
N++ (NPLUSPLUS),2016,14.99,Action,Single&Multi-player,"windows, mac, linux"
镇邪,2022,14.99,"Adventure, Indie, RPG",Single-player,windows
The Coma 2: Vicious Sisters,2020,14.99,"Action, Adventure, Indie",Single-player,"windows, mac, linux"
Kona,2017,14.99,"Adventure, Indie",Single-player,"windows, mac, linux"
Defender's Quest: Valley of the Forgotten (DX edition),2012,14.99,"Indie, RPG, Strategy",Single-player,"windows, mac, linux"
Drop Duchy,2025,14.99,"Adventure, Indie, Strategy",Single-player,windows
Outpath,2023,14.99,"Adventure, Simulation, Strategy",Single-player,windows
Rock of Ages 2: Bigger & Boulder™,2017,14.99,"Action, Indie, Racing, Strategy",Single&Multi-player,windows
Wanderstop,2025,14.99,"Adventure, Indie, Simulation",Single-player,windows
Just Die Already,2021,14.99,"Adventure, Indie, Simulation",Single&Multi-player,windows
Warstone TD,2018,14.99,"Indie, Strategy",Single-player,"windows, mac, linux"
Ys I & II Chronicles+,2013,14.99,"Action, Adventure, RPG",Single-player,windows
DUCKSIDE,2024,14.99,"Action, Indie, Massively Multiplayer, Simulation, Early Access",Multi-player,windows
OFF,2025,14.99,RPG,Single-player,"windows, mac, linux"
NORCO,2022,14.99,"Adventure, Indie",Single-player,"windows, mac"
Two Worlds Epic Edition,2009,14.99,RPG,Single&Multi-player,"windows, mac, linux"
Guacamelee! Super Turbo Championship Edition,2014,14.99,"Action, Adventure, Indie",Single&Multi-player,windows
The Coma: Recut,2017,14.99,"Action, Adventure, Indie",Single-player,"windows, mac, linux"
Iris.Fall,2018,14.99,"Adventure, Casual, Indie",Single-player,windows
Home Safety Hotline,2024,14.99,"Casual, Indie, Simulation",Single-player,windows
Phantom Breaker: Battle Grounds Classic,2015,14.99,Action,Single&Multi-player,windows
Hyperdimension Neptunia U: Action Unleashed,2016,14.99,"Action, RPG",Single-player,windows
Die in the Dungeon,2025,14.99,"Indie, RPG, Strategy, Early Access",Single-player,"windows, mac"
Deadly Days: Roadtrip,2025,14.99,"Action, Indie, Early Access",Single-player,windows
Hoa,2021,14.99,"Action, Adventure, Casual",Single-player,"windows, mac"
Lorn's Lure,2024,14.99,"Action, Adventure, Indie",Single-player,"windows, mac, linux"
Infested Planet,2014,14.99,"Action, Indie, Strategy",Single-player,windows
"Dude, Stop",2018,14.99,"Adventure, Casual, Indie",Single-player,"windows, mac, linux"
Towns,2012,14.99,"Indie, RPG, Simulation, Strategy",Single-player,"windows, mac, linux"
Out of Reach,2018,14.99,"Action, Adventure, Indie, Massively Multiplayer, RPG, Simulation",Single&Multi-player,"windows, mac, linux"
Coffee Talk Episode 2: Hibiscus & Butterfly,2023,14.99,"Adventure, Casual, Indie, Simulation",Single-player,"windows, mac"
"Dwarves: Glory, Death and Loot",2026,14.99,"Adventure, Casual, Indie, RPG, Strategy",Single-player,windows
Love Delivery,2022,14.99,"Casual, Indie, Simulation",Single-player,windows
Steps of Debauchery,2024,14.99,"Action, Adventure, Casual, Indie, Early Access",Single-player,"windows, mac, linux"
Delver,2018,14.99,"Action, Adventure, Indie, RPG",Single-player,"windows, mac, linux"
Blade of Darkness,2021,14.99,"Action, RPG",Single-player,windows
The Greatest Penguin Heist of All Time,2021,14.99,"Action, Adventure, Indie, Early Access",Single&Multi-player,"windows, mac, linux"
Cattails | Become a Cat!,2017,14.99,"Casual, Indie, RPG, Simulation",Single-player,"windows, mac"
Valdis Story: Abyssal City,2013,14.99,"Action, Indie, RPG",Single-player,"windows, mac"
Ben and Ed - Blood Party,2018,14.99,"Action, Indie",Single&Multi-player,windows
Agony,2018,14.99,"Action, Adventure, Indie",Single-player,windows
Unavowed,2018,14.99,"Adventure, Indie, RPG",Single-player,"windows, mac, linux"
Train Valley 2,2019,14.99,"Adventure, Casual, Indie, Simulation, Strategy",Single-player,"windows, mac, linux"
Stronghold Legends: Steam Edition,2016,14.99,"Simulation, Strategy",Single&Multi-player,windows
BallisticNG,2018,14.99,"Action, Indie, Racing",Single&Multi-player,"windows, mac, linux"
Jotun: Valhalla Edition,2015,14.99,"Action, Adventure, Indie",Single-player,"windows, mac, linux"
StarMade,2014,14.99,"Action, Adventure, Indie, RPG, Simulation, Strategy, Early Access",Single&Multi-player,"windows, mac, linux"
Marc Eckō's Getting Up: Contents Under Pressure,2013,14.99,"Action, Adventure",Single-player,windows
Sacred 3,2014,14.99,"Action, RPG",Single&Multi-player,windows
Last Command,2022,14.99,"Action, Indie, RPG",Single-player,windows
The Complex: Expedition,2025,14.99,"Action, Adventure, Simulation",Single-player,windows
"Cook, Serve, Delicious! 2!!",2017,14.99,"Action, Indie, Simulation, Strategy",Single&Multi-player,"windows, mac, linux"
Neo Cab,2019,14.99,"Adventure, Indie, RPG",Single-player,"windows, mac"
ELDERBORN,2020,14.99,"Action, Indie",Single-player,windows
Little Noah: Scion of Paradise,2022,14.99,"Action, Casual, RPG",Single-player,windows
Castlevania: Lords of Shadow – Mirror of Fate HD,2014,14.99,"Action, Adventure",Single-player,windows
Hail to the Rainbow,2025,14.99,"Action, Adventure, Indie",Single-player,windows
Five Dates,2020,14.99,Adventure,Single-player,"windows, mac"
The Political Process,2019,14.99,"Indie, Simulation, Strategy, Early Access",Single-player,windows
Planet Centauri,2024,14.99,"Action, Adventure, Indie, RPG",Single&Multi-player,"windows, mac, linux"
Neverending Nightmares,2014,14.99,"Action, Adventure, Indie",Single-player,"windows, mac, linux"
Broken Reality,2018,14.99,"Adventure, Indie",Single-player,windows
Don't Escape: 4 Days to Survive,2019,14.99,"Adventure, Indie",Single-player,"windows, mac"
A Summer's End - Hong Kong 1986,2020,14.99,"Casual, Indie",Single-player,"windows, mac, linux"
Among Trees,2021,14.99,"Adventure, Indie, Simulation",Single-player,windows
Teddy's Haven - A Fantasy Inspired Shop Simulator,2025,14.99,"Casual, Indie, RPG, Simulation, Early Access",Single-player,windows
Patch Quest,2023,14.99,"Action, Adventure, Indie",Single&Multi-player,windows
Metal Unit,2021,14.99,"Action, Adventure, Indie, RPG",Single-player,windows
Blazing Beaks,2019,14.99,"Action, Indie",Single&Multi-player,windows
Archvale,2021,14.99,"Action, Adventure",Single&Multi-player,windows
La-Mulana,2013,14.99,"Action, Adventure, Indie",Single-player,"windows, mac, linux"
Eiyuden Chronicle: Rising,2022,14.99,"Action, Adventure, Indie, RPG",Single-player,windows
FUMES,2025,14.99,"Action, Adventure, Casual, Indie, Racing, Early Access",Single-player,windows
In Other Waters,2020,14.99,"Adventure, Indie",Single-player,"windows, mac"
Ship Graveyard Simulator,2021,14.99,"Action, Adventure, Casual, Indie, Simulation, Strategy",Single-player,windows
Pinstripe,2017,14.99,"Adventure, Casual, Indie",Single-player,"windows, mac, linux"
Dungeon Siege III,2011,14.99,"Action, RPG",Single&Multi-player,windows
Out of Space,2020,14.99,"Casual, Indie, Strategy",Single&Multi-player,"windows, mac, linux"
Salt,2018,14.99,"Action, Adventure, Indie, RPG",Single&Multi-player,"windows, linux"
Edge of Space,2015,14.99,"Action, Adventure, Indie, RPG",Single&Multi-player,windows
TerraScape,2024,14.99,"Casual, Indie, Simulation, Strategy",Single&Multi-player,"windows, mac"
The Incredible Adventures of Van Helsing II,2014,14.99,"Action, Adventure, Indie, RPG",Single&Multi-player,windows
Hozy,2026,14.99,"Casual, Indie, Simulation",Single-player,"windows, mac"
Stories: The Path of Destinies,2016,14.99,"Action, Adventure, Indie, RPG",Single-player,windows
Sea Dogs: To Each His Own,2012,14.99,RPG,Single-player,windows
Rise of the Triad,2013,14.99,Action,Single&Multi-player,windows
Ys: The Oath in Felghana,2012,14.99,"Action, Adventure, RPG",Single-player,windows
Children of the Sun,2024,14.99,"Action, Indie, Strategy",Single-player,windows
Guts and Glory,2018,14.99,"Action, Casual, Indie, Racing",Single-player,"windows, mac, linux"
Monument Valley 3,2025,14.99,"Adventure, Casual, Indie, Strategy",Single-player,windows
The Bookwalker: Thief of Tales,2023,14.99,"Adventure, Indie",Single-player,windows
Monster Prom 4: Monster Con,2025,14.99,"Casual, Indie, Simulation, Strategy",Single&Multi-player,"windows, mac, linux"
Kaze and the Wild Masks,2021,14.99,"Action, Adventure, Casual, Indie",Single-player,windows
7 Billion Humans,2018,14.99,"Indie, Simulation",Single-player,"windows, mac, linux"
Turnip Boy Robs a Bank,2024,14.99,"Action, Adventure, Indie",Single-player,windows
Ara Fell: Enhanced Edition,2016,14.99,"Action, Adventure, Casual, Indie, RPG",Single-player,"windows, mac, linux"
SLUDGE LIFE,2021,14.99,"Adventure, Indie",Single-player,windows
The Swords of Ditto: Mormo's Curse,2018,14.99,"Action, Adventure, Indie, RPG",Single&Multi-player,"windows, mac, linux"
Military Conflict: Vietnam,2022,14.99,"Action, Early Access",Single&Multi-player,"windows, linux"
KoboldKare,2022,14.99,"Casual, Indie, RPG, Simulation",Single&Multi-player,"windows, mac, linux"
FORCED: Slightly Better Edition,2013,14.99,"Action, Adventure, Indie, RPG",Single&Multi-player,"windows, mac, linux"
SEASON: A letter to the future,2023,14.99,"Adventure, Casual, Indie",Single-player,windows
Aground,2020,14.99,"Adventure, Indie, RPG",Single&Multi-player,"windows, mac, linux"
9 Days,2024,14.99,"Action, Adventure, RPG",Single-player,windows
Squeakross: Home Squeak Home,2025,14.99,"Casual, Indie",Single-player,"windows, mac"
STRAFE: Gold Edition,2017,14.99,"Action, Indie",Single-player,"windows, mac, linux"
D4: Dark Dreams Don’t Die -Season One-,2015,14.99,"Adventure, Casual, Indie",Single-player,windows
Doloc Town,2025,14.99,"Adventure, Casual, Indie, RPG, Simulation, Early Access",Single-player,windows
Vampire Hunters,2024,14.99,"Action, Indie",Single-player,windows
Sneak Thief,2022,14.99,"Action, Indie, Strategy",Single&Multi-player,windows
Finding Frankie,2024,14.99,"Action, Adventure, Indie",Single-player,windows
Lust Academy - Season 1,2022,14.99,"Adventure, Casual, Indie",Single-player,"windows, mac"
Iron Marines,2019,14.99,"Action, Casual, Indie, Strategy",Single-player,"windows, mac, linux"
Eldritch,2013,14.99,"Action, Adventure, Indie, RPG",Single-player,"windows, linux"
Worms Rumble,2020,14.99,"Action, Indie",Multi-player,windows
Retro City Rampage™ DX,2014,14.99,"Action, Adventure, Indie, Racing",Single-player,"windows, mac, linux"
Death in the Water 2,2023,14.99,"Action, Adventure, Indie",Single-player,windows
Agarest: Generations of War,2014,14.99,"Adventure, RPG, Strategy",Single-player,windows
Boomerang Fu,2020,14.99,"Action, Casual, Indie",Single&Multi-player,windows
My Brother Rabbit,2018,14.99,"Adventure, Casual, Indie",Single-player,"windows, mac, linux"
Darksburg,2020,14.99,"Action, Indie",Single&Multi-player,windows
Budget Cuts,2018,14.99,"Action, Adventure, Indie",Single-player,windows
Lemon Cake,2021,14.99,"Casual, Indie, Simulation",Single-player,windows
Genesis Noir,2021,14.99,Adventure,Single-player,"windows, mac"
Azure Striker Gunvolt,2015,14.99,"Action, Indie",Single-player,windows
Vivid Knight,2021,14.99,"Simulation, Strategy",Single-player,"windows, mac"
My Island,2024,14.99,"Adventure, Casual, Indie, RPG, Simulation",Single&Multi-player,windows
BIT.TRIP Presents... Runner2: Future Legend of Rhythm Alien,2013,14.99,"Action, Casual, Indie",Single-player,"windows, mac, linux"
Hue,2016,14.99,"Adventure, Indie",Single-player,"windows, mac, linux"
Tunguska: The Visitation - Final Cut,2021,14.99,"Action, Adventure, Indie, RPG",Single-player,windows
The House in Fata Morgana: A Requiem for Innocence,2018,14.99,Adventure,Single-player,windows
SPRAWL,2023,14.99,"Action, Indie",Single-player,windows
Lucky Tower Ultimate,2024,14.99,"Action, Adventure, Indie, RPG, Early Access",Single-player,windows
Winkeltje: The Little Shop,2022,14.99,"Casual, Indie, Simulation, Strategy",Single-player,windows
Angel at Dusk,2024,14.99,"Action, Indie",Single-player,windows
Omerta - City of Gangsters,2013,14.99,"Simulation, Strategy",Single-player,windows
Stay Out of the House,2022,14.99,"Action, Adventure, Indie, Simulation",Single-player,"windows, mac"
Wild Woods,2024,14.99,"Action, Casual, Indie, Early Access",Single&Multi-player,windows
Industries of Titan,2023,14.99,"Action, Indie, Simulation, Strategy",Single-player,windows
Cat's Kiss,2022,14.99,"Casual, Indie",Single-player,windows
A Light in the Dark,2018,14.99,"Casual, Indie",Single-player,"windows, mac"
Bloodstained: Curse of the Moon 2,2020,14.99,Action,Single&Multi-player,windows
Colt Canyon,2020,14.99,"Action, Casual, Indie, RPG",Single&Multi-player,windows
Euro Fishing,2015,14.99,"Simulation, sports",Single&Multi-player,windows
Edna & Harvey: The Breakout,2013,14.99,"Adventure, Indie",Single-player,windows
Rebuild 3: Gangs of Deadsville,2015,14.99,"Indie, RPG, Simulation, Strategy",Single-player,"windows, mac"
BloodRayne: Terminal Cut,2020,14.99,Action,Single-player,windows
Survisland / 实境求生,2024,14.99,"Action, Adventure, Casual, Indie, RPG, Simulation",Single&Multi-player,windows
Legends of Kingdom Rush,2022,14.99,"Indie, RPG, Strategy",Single-player,"windows, mac"
Dreamcore,2025,14.99,"Adventure, Indie",Single-player,windows
Tharsis,2016,14.99,"Casual, Indie, RPG, Strategy",Single-player,"windows, mac"
Merchant of the Skies,2020,14.99,"Indie, RPG, Simulation, Strategy",Single-player,"windows, mac, linux"
MILF's Plaza,2024,14.99,"Adventure, Casual, RPG",Single-player,"windows, mac, linux"
From Space,2022,14.99,"Action, Indie",Single&Multi-player,windows
Vietnam War,2025,14.99,"Action, Early Access",Single-player,windows
Unforgiving - A Northern Hymn,2017,14.99,"Action, Adventure, Indie",Single-player,windows
Super Lesbian Animal RPG,2022,14.99,"Indie, RPG",Single-player,windows
Westerado: Double Barreled,2015,14.99,"Action, Adventure, Indie",Single&Multi-player,"windows, mac"
Dark Deity 2,2025,14.99,"Adventure, Indie, RPG, Strategy",Single-player,windows
Is this Game Trying to Kill Me?,2024,14.99,"Action, Adventure, Indie",Single-player,windows
Crossing Souls,2018,14.99,"Action, Adventure, Indie",Single-player,"windows, mac, linux"
Game of Thrones,2012,14.99,"Action, RPG",Single-player,windows
Make Way,2023,14.99,"Action, Casual, Indie, Racing",Single&Multi-player,windows
Dungeon Tycoon,2024,14.99,"Simulation, Strategy",Single-player,"windows, mac"
Robolife-Days with Aino,2021,14.99,"Indie, RPG, Simulation",Single-player,windows
Blood Bowl: Chaos Edition,2012,14.99,"sports, Strategy",Single&Multi-player,windows
OPUS: Rocket of Whispers,2018,14.99,"Adventure, Indie",Single-player,"windows, mac"
Europa Universalis III Complete,2009,14.99,Strategy,Single&Multi-player,"windows, mac"
Tribal Hunter,2022,14.99,"Action, Casual, Indie",Single-player,windows
Ocean's Heart,2021,14.99,"Action, Adventure, Indie, RPG",Single-player,windows
Whispers of a Machine,2019,14.99,Adventure,Single-player,"windows, mac"
Timeflow – Life Sim,2019,14.99,"Indie, RPG, Simulation, Strategy, Early Access",Single&Multi-player,"windows, mac, linux"
Faerie Solitaire,2010,14.99,"Casual, Indie, RPG",Single-player,"windows, mac"
My Little Universe,2023,14.99,"Action, Adventure, Casual, Simulation",Single&Multi-player,"windows, mac"
Out There: Ω Edition,2015,14.99,"Adventure, Indie, RPG, Strategy",Single-player,"windows, mac, linux"
Rue Valley,2025,14.99,"Adventure, Casual, Indie",Single-player,windows
Serial Cleaner,2017,14.99,"Action, Indie",Single-player,"windows, mac, linux"
OPUS: The Day We Found Earth,2016,14.99,"Adventure, Indie",Single-player,"windows, mac"
KILL IT WITH FIRE! 2,2025,14.99,"Action, Adventure, Casual, Indie, Simulation",Single&Multi-player,windows
Enigmatis: The Ghosts of Maple Creek,2014,14.99,"Adventure, Casual",Single-player,"windows, mac, linux"
Munchkin Digital,2023,14.99,"Action, Adventure, Casual, RPG, Strategy",Single&Multi-player,"windows, mac"
No Time To Explain Remastered,2015,14.99,"Action, Adventure, Casual, Indie",Single&Multi-player,"windows, mac, linux"
Omelet You Cook,2026,14.99,"Action, Casual, Indie, Strategy",Single-player,windows
King's Bounty: Crossworlds,2010,14.99,"RPG, Strategy",Single-player,windows
Xuan-Yuan Sword: The Gate of Firmament,2016,14.99,RPG,Single-player,windows
Pure Rock Crawling,2024,14.99,Simulation,Single-player,windows
Abyss Odyssey,2014,14.99,"Action, Adventure, Indie",Single&Multi-player,windows
Ozymandias: Bronze Age Empire Sim,2022,14.99,"Simulation, Strategy",Single&Multi-player,"windows, mac"
Homesick,2015,14.99,"Adventure, Indie",Single-player,windows
Killing Room,2016,14.99,"Action, Indie, RPG",Single-player,windows
Coming Out on Top,2017,14.99,"Casual, Indie, Simulation",Single-player,"windows, mac, linux"
Space Beast Terror Fright,2022,14.99,"Action, Indie",Single&Multi-player,windows
ADOM (Ancient Domains Of Mystery),2015,14.99,"Adventure, Indie, RPG, Strategy",Single-player,"windows, mac, linux"
Ratty Catty,2017,14.99,"Action, Adventure, Casual, Indie, Simulation, Strategy",Single&Multi-player,windows
Heroes of Valor,2025,14.99,"Action, Casual, Early Access",Single&Multi-player,windows
Corpse Party,2016,14.99,"Adventure, Indie, RPG",Single-player,"windows, linux"
SLUDGE LIFE 2,2023,14.99,"Adventure, Indie",Single-player,windows
BLADECHIMERA,2025,14.99,"Action, Indie",Single-player,windows
FlowScape,2019,14.99,"Casual, Indie, Simulation",Single-player,windows
Jenny LeClue - Detectivu,2019,14.99,"Action, Adventure, Casual, Indie",Single-player,"windows, mac"
Rodina,2014,14.99,"Action, Indie, Early Access",Single-player,windows
WRC 6 FIA World Rally Championship,2016,14.99,Racing,Single&Multi-player,windows
In Sink: A Co-op Escape Adventure,2024,14.99,"Adventure, Casual, Indie, Simulation, Strategy",Multi-player,windows
Kathy Rain: Director's Cut,2021,14.99,"Adventure, Indie",Single-player,"windows, mac, linux"
DemonCrawl,2019,14.99,"Adventure, Indie, RPG, Strategy",Single-player,"windows, mac, linux"
Ale Abbey - Monastery Brewery Tycoon,2025,14.99,"Casual, Indie, Simulation, Strategy",Single-player,windows
Rock of Ages 3: Make & Break,2020,14.99,"Action, Indie, Racing, Strategy",Single&Multi-player,windows
Junkyard Truck,2022,14.99,"Simulation, Early Access",Single-player,windows
Static Dread: The Lighthouse,2025,14.99,"Action, Adventure, Casual, Indie, Simulation",Single-player,"windows, mac"
The Incredible Adventures of Van Helsing III,2015,14.99,"Action, Adventure, Indie, RPG",Single&Multi-player,windows
Astrox Imperium,2019,14.99,"Action, Adventure, Indie, RPG, Simulation, Early Access",Single-player,windows
Touhou: Scarlet Curiosity,2018,14.99,"Action, RPG",Single-player,windows
Narcosis,2017,14.99,"Adventure, Indie",Single-player,"windows, mac"
Particle Fleet: Emergence,2016,14.99,"Indie, Simulation, Strategy",Single-player,"windows, mac, linux"
Egypt: Old Kingdom,2018,14.99,"Indie, Simulation, Strategy",Single-player,"windows, mac, linux"
Spirit of the Island,2022,14.99,"Action, Adventure, Casual, Indie, RPG, Simulation, Strategy",Single&Multi-player,windows
Succubus Affection,2020,14.99,"Indie, RPG",Single-player,windows
Block'hood,2017,14.99,"Indie, Simulation, Strategy",Single-player,"windows, mac, linux"
MegaTagmension Blanc + Neptune VS Zombies (Neptunia),2016,14.99,Action,Single&Multi-player,windows
God's Basement,2018,14.99,"Adventure, Indie",Single-player,windows
DrainSim,2026,14.99,"Casual, Indie, Simulation, Early Access",Single-player,windows
Tiny Town VR,2017,14.99,"Casual, Indie, Simulation",Single-player,windows
My Lovely Daughter,2018,14.99,"Adventure, Indie, Simulation",Single-player,"windows, mac, linux"
Warriors of the Nile 2,2022,14.99,"Indie, Strategy",Single-player,windows
奇迹一刻 Surmount,2022,14.99,"Adventure, Indie, Simulation, Strategy",Single-player,windows
The Shapeshifting Detective,2018,14.99,"Adventure, Indie",Single-player,"windows, mac"
Meg's Monster,2023,14.99,"Adventure, Indie, RPG",Single-player,"windows, mac, linux"
Aviary Attorney,2015,14.99,"Adventure, Indie",Single-player,"windows, mac"
Desktop Dungeons,2023,14.99,"Adventure, Casual, Indie, RPG, Strategy",Single-player,"windows, mac, linux"
The Dark Occult,2018,14.99,"Action, Adventure, Indie",Single-player,windows
Murder by Numbers,2020,14.99,"Adventure, Indie",Single-player,windows
Convoy,2015,14.99,"Action, Adventure, Indie, RPG, Strategy",Single-player,"windows, mac, linux"
Ice Lakes,2016,14.99,"Indie, Simulation, sports",Single&Multi-player,"windows, mac, linux"
YAR: Forgotten Throne,2026,14.99,"Action, Adventure, RPG",Single-player,windows
沉默的蟋蟀,2023,14.99,"Adventure, Casual, Indie, RPG, Simulation, Strategy",Single-player,windows
Tower Factory,2024,14.99,"Simulation, Strategy, Early Access",Single-player,windows
To Pixelia,2025,14.99,"Casual, RPG, Simulation",Single-player,"windows, mac"
Jet Lancer,2020,14.99,"Action, Indie",Single-player,"windows, mac"
Spirit Valley,2025,14.99,"Adventure, RPG, Strategy",Single-player,windows
Papo & Yo,2013,14.99,"Adventure, Casual, Indie",Single-player,"windows, mac, linux"
Technobabylon,2015,14.99,"Adventure, Indie",Single-player,"windows, mac, linux"
Dungeon Warfare 2,2018,14.99,"Indie, Strategy",Single-player,"windows, mac"
FrostBound,2025,14.99,"Indie, Strategy",Single-player,windows
Crea,2016,14.99,"Action, Adventure, Indie, RPG",Single&Multi-player,"windows, linux"
Enigmatis 2: The Mists of Ravenwood,2014,14.99,"Adventure, Casual",Single-player,"windows, mac, linux"
PLAYNE : The Meditation Game,2020,14.99,"Casual, Indie, Simulation",Single-player,windows
"JASON, Coming of Age",2025,14.99,"Adventure, Simulation",Single-player,"windows, mac, linux"
Chippy,2019,14.99,"Action, Indie",Single&Multi-player,windows
Knightica,2025,14.99,"Indie, Strategy",Single-player,windows
Dungeonmans,2014,14.99,"Adventure, Indie, RPG, Strategy",Single-player,windows
Candleman: The Complete Journey,2018,14.99,"Action, Adventure, Indie, RPG",Single-player,"windows, mac"
Alien Shooter 2 - The Legend,2020,14.99,"Action, Indie, RPG",Single-player,windows
Tangledeep,2018,14.99,"Indie, RPG",Single-player,"windows, mac, linux"
Cooking Companions,2021,14.99,"Adventure, Casual, Indie",Single-player,"windows, mac, linux"
SAELIG,2017,14.99,"Indie, RPG, Simulation, Strategy, Early Access",Single-player,"windows, mac, linux"
YKMET: Strade,2025,14.99,RPG,Single-player,"windows, mac, linux"
Touge Shakai,2023,14.99,"Indie, Racing, Simulation, sports, Early Access",Single&Multi-player,windows
Garbage Day,2016,14.99,"Action, Indie, Early Access",Single-player,"windows, mac"
The Deadly Tower of Monsters,2016,14.99,"Action, Adventure, Indie",Single&Multi-player,windows
Chasing Sunsets,2024,14.99,"Adventure, Casual, Indie",Single-player,"windows, mac, linux"
Grim Legends: The Forsaken Bride,2014,14.99,Casual,Single-player,"windows, mac, linux"
Marble It Up! Ultra,2018,14.99,"Action, Casual, Indie, Racing",Single&Multi-player,"windows, mac, linux"
3030 Deathwar Redux - A Space Odyssey,2017,14.99,"Action, Adventure, Indie, Simulation",Single-player,windows
Seed of the Dead,2018,14.99,"Action, Casual, Indie",Single-player,windows
Furnish Master,2024,14.99,"Casual, Indie, Simulation, Early Access",Single-player,"windows, mac, linux"
The Big Con,2021,14.99,"Adventure, Indie",Single-player,windows
USAC: Code Breach,2022,14.99,"Action, Adventure, Indie",Multi-player,windows
CYAN BRAIN,2025,14.99,Action,Single-player,windows
SpellForce 2 - Anniversary Edition,2017,14.99,"RPG, Strategy",Single&Multi-player,windows
The Gallery - Episode 1: Call of the Starseed,2016,14.99,"Adventure, Casual, Indie",Single-player,windows
MageQuit,2019,14.99,"Action, Indie, Strategy",Multi-player,"windows, mac, linux"
My Card Is Better Than Your Card!,2025,14.99,"Casual, Indie, Strategy, Early Access",Single-player,windows
HIVESWAP: ACT 2,2020,14.99,"Adventure, Indie, RPG",Single-player,"windows, mac, linux"
Camper Van: Make it Home,2025,14.99,"Casual, Indie",Single-player,"windows, mac"
Giana Sisters: Twisted Dreams,2012,14.99,"Action, Indie",Single&Multi-player,windows
Seablip,2024,14.99,"Adventure, Indie, RPG, Early Access",Single-player,"windows, mac, linux"
Nidhogg 2,2017,14.99,"Action, Casual, Indie",Single&Multi-player,"windows, mac"
Rift Wizard,2021,14.99,"Indie, RPG, Strategy",Single-player,windows
Portal Dungeon,2023,14.99,"Action, Indie",Single&Multi-player,windows
Hell is Others,2022,14.99,"Action, Adventure, Indie",Single&Multi-player,windows
Equinox: Homecoming,2026,14.99,"Massively Multiplayer, RPG",Multi-player,windows
Eliza,2019,14.99,Indie,Single-player,"windows, mac, linux"
Used Cars Simulator,2025,14.99,"Action, Casual, Indie, Racing, Simulation, Early Access",Single-player,windows
Dungeons of Edera,2022,14.99,"Action, Adventure, Indie, RPG",Single-player,windows
The Executive - Movie Industry Tycoon,2025,14.99,"Simulation, Strategy",Single-player,"windows, mac"
Toy Soldiers: Complete,2016,14.99,"Action, Casual, Indie, Simulation, Strategy",Single&Multi-player,windows
The Station,2018,14.99,"Adventure, Indie",Single-player,"windows, mac, linux"
Paradigm,2017,14.99,"Adventure, Indie",Single-player,"windows, mac, linux"
The Price Of Flesh,2022,14.99,"Casual, RPG, Simulation, Strategy",Single-player,"windows, mac, linux"
The Adventure Pals,2018,14.99,"Action, Adventure, Indie, RPG",Single&Multi-player,"windows, mac"
Garbage,2021,14.99,"Indie, Simulation, Strategy",Single-player,"windows, mac"
RUNGORE,2024,14.99,"Indie, RPG, Strategy",Single-player,windows
VirtuaVerse,2020,14.99,"Adventure, Indie",Single-player,"windows, mac, linux"
Halcyon 6: Starbase Commander,2016,14.99,"Indie, RPG, Simulation, Strategy",Single-player,"windows, mac, linux"
Burnhouse Lane,2022,14.99,Adventure,Single-player,windows
Venture Seas,2020,14.99,"Adventure, Indie, RPG, Simulation, Strategy, Early Access",Single-player,windows
Wings of Vi,2014,14.99,"Action, Adventure, Indie",Single-player,windows
BloodRayne 2: Terminal Cut,2020,14.99,"Action, Adventure, RPG",Single-player,windows
Disc Room,2020,14.99,"Action, Adventure, Indie",Single-player,"windows, mac, linux"
The Many Pieces of Mr. Coo,2023,14.99,"Adventure, Casual, Indie",Single-player,windows
Realpolitiks,2017,14.99,Strategy,Single-player,"windows, mac, linux"
The Way,2016,14.99,"Action, Adventure, Indie",Single-player,"windows, mac, linux"
Dice Legacy,2021,14.99,"Indie, Strategy",Single-player,windows
Mago,2022,14.99,"Adventure, Indie",Single-player,windows
Starmancer,2021,14.99,"Indie, Simulation, Strategy, Early Access",Single-player,"windows, mac, linux"
One Hand Clapping,2021,14.99,"Adventure, Indie",Single-player,windows
Mr. Shifty,2017,14.99,"Action, Adventure, Indie",Single-player,"windows, mac, linux"
MIND: Path to Thalamus Enhanced Edition,2014,14.99,"Adventure, Indie, Strategy",Single-player,"windows, mac, linux"
Tesla vs Lovecraft,2018,14.99,"Action, Indie, RPG",Single&Multi-player,"windows, mac, linux"
Squirreled Away,2025,14.99,"Adventure, Casual",Single&Multi-player,windows
Screencheat,2014,14.99,"Action, Indie",Single&Multi-player,"windows, mac, linux"
Dandara: Trials of Fear Edition,2018,14.99,"Action, Indie",Single-player,"windows, mac, linux"
Grim Legends 2: Song of the Dark Swan,2015,14.99,"Adventure, Casual",Single-player,"windows, mac, linux"
Abyss: The Wraiths of Eden,2014,14.99,"Adventure, Casual",Single-player,"windows, mac, linux"
Astronarch,2021,14.99,"Casual, Indie, RPG, Strategy",Single-player,windows
Disc Jam,2017,14.99,"Action, Indie, sports",Single&Multi-player,windows
Cosmic Star Heroine,2017,14.99,"Indie, RPG",Single-player,windows
Dungeon Rushers,2016,14.99,"Indie, RPG, Strategy",Single&Multi-player,"windows, mac, linux"
Werewolf: The Apocalypse — Heart of the Forest,2020,14.99,"Adventure, Indie, RPG",Single-player,"windows, mac, linux"
Enigmatis 3: The Shadow of Karkhala,2016,14.99,"Adventure, Casual",Single-player,"windows, mac, linux"
Still There,2019,14.99,Adventure,Single-player,"windows, mac"
Through the Darkest of Times,2020,14.99,"Adventure, Indie, Simulation, Strategy",Single-player,"windows, mac"
Toki Tori 2+,2013,14.99,"Adventure, Casual, Indie",Single-player,"windows, mac, linux"
ToeJam & Earl: Back in the Groove!,2019,14.99,"Adventure, Casual, Indie",Single&Multi-player,"windows, mac, linux"
Outcast - Second Contact,2017,14.99,"Action, Adventure",Single-player,windows
Zeno Clash 2,2013,14.99,"Action, Indie",Single&Multi-player,windows
Magical Diary: Horse Hall,2012,14.99,"Adventure, Indie, RPG",Single-player,"windows, mac, linux"
Underhero,2018,14.99,"Adventure, Indie, RPG",Single-player,"windows, mac, linux"
9 Clues: The Secret of Serpent Creek,2014,14.99,"Adventure, Casual",Single-player,"windows, mac, linux"
Monster Crown,2021,14.99,"Action, Adventure, Indie, RPG",Single&Multi-player,"windows, mac, linux"
Revenge of the Titans,2011,14.99,"Action, Indie, Strategy",Single-player,"windows, mac, linux"
A Good Snowman Is Hard To Build,2015,14.99,Indie,Single-player,"windows, mac, linux"
Who Pressed Mute on Uncle Marcus?,2022,14.99,Adventure,Single-player,"windows, mac"
Clockwork Tales: Of Glass and Ink,2014,14.99,"Adventure, Casual",Single-player,"windows, mac, linux"
Secret Ponchos,2015,14.99,"Action, Indie",Multi-player,windows
The Descendant,2016,14.99,"Adventure, Casual, Indie",Single-player,"windows, mac"
Splasher,2017,14.99,"Action, Indie",Single-player,"windows, mac, linux"
Devil's Hunt,2019,14.99,"Action, Adventure, Indie",Single-player,windows
Skyborn,2014,14.99,"Casual, RPG",Single-player,"windows, mac, linux"
Neon Chrome,2016,14.99,"Action, Adventure, Indie, RPG",Single&Multi-player,"windows, mac, linux"
Tower of Guns,2014,14.99,"Action, Indie",Single-player,"windows, mac, linux"
RIVE,2016,14.99,Action,Single-player,"windows, mac, linux"
Anomaly 2,2013,14.99,"Action, Indie, Strategy",Single&Multi-player,"windows, mac, linux"
Megabyte Punch,2013,14.99,"Action, Adventure, Indie",Single&Multi-player,"windows, mac, linux"
Aaero,2017,14.99,"Action, Indie",Single-player,windows
Fortified,2016,14.99,"Action, Indie, Strategy",Single&Multi-player,windows
Kabounce,2018,14.99,"Action, Indie, sports",Single&Multi-player,windows
Stealth Inc 2: A Game of Clones,2015,14.99,"Action, Adventure, Indie",Single-player,windows
Late Shift,2024,14.99,"Action, Adventure, Indie",Single-player,windows
School Days,2023,14.99,"Adventure, Indie, Simulation",Single&Multi-player,windows
School Days,2023,14.99,"Adventure, Indie, Simulation",Single&Multi-player,windows
ROOT,2023,14.99,"Action, Adventure, Indie, RPG, Early Access",Single-player,windows
Shelter,2024,14.99,"Casual, Indie",Single-player,windows
The Bunker,2025,14.99,"Action, Adventure, Indie",Single-player,windows
Headsnatchers,2019,14.99,"Action, Casual, Indie, sports",Multi-player,windows
HELLBOUND,2026,14.99,"Action, Indie",Single-player,"windows, linux"
Notruf 112 | Emergency Call 112,2016,14.98,"Action, Casual, Simulation",Single-player,windows
Prison Simulator,2021,14.98,"Action, Adventure, Casual, Indie, RPG, Simulation",Single-player,windows
Restaurats,2025,14.92,"Action, Casual, Indie, RPG, Simulation, Strategy",Single&Multi-player,windows
Survive on Raft,2019,14.8,"Indie, Simulation",Single&Multi-player,windows
Monster Hunter Stories 2: Wings of Ruin,2021,14.79,"Adventure, RPG",Single&Multi-player,windows
ONE PIECE ODYSSEY,2023,14.79,"Action, Adventure, Casual, RPG",Single-player,windows
Unreal World,2023,14.5,Casual,Single-player,windows
Bakery Simulator,2022,14.43,"Casual, Indie, Simulation",Single-player,windows
Pepper Grinder,2024,14.43,"Action, Indie",Single-player,"windows, mac, linux"
Lost Castle 2,2024,14.39,"Action, Adventure, Indie, RPG, Early Access",Single&Multi-player,windows
Keep Driving,2025,14.39,"Adventure, Casual, Indie, RPG, Simulation",Single-player,windows
The Rewinder,2021,14.38,"Adventure, Casual, Indie",Single-player,"windows, mac"
Accident,2021,14.38,"Indie, Simulation",Single-player,windows
Super Blood Hockey,2017,14.38,"Indie, sports",Single&Multi-player,"windows, mac, linux"
Wrap House Simulator🌯,2025,14.33,"Casual, Indie, Simulation",Single&Multi-player,windows
Bloons TD 6,2018,13.99,Strategy,Single&Multi-player,"windows, mac"
Dorfromantik,2022,13.99,"Casual, Indie, Simulation, Strategy",Single-player,windows
Fields of Mistria,2024,13.99,"Indie, RPG, Simulation, Early Access",Single-player,windows
Beholder,2016,13.99,"Adventure, Indie, Strategy",Single-player,"windows, mac, linux"
High On Life,2022,13.99,"Action, Adventure",Single-player,windows
FreshWomen - Season 1,2022,13.99,"Adventure, Indie",Single-player,"windows, mac, linux"
Being a DIK - Season 1,2020,13.99,Indie,Single-player,"windows, linux"
Lunacid,2023,13.99,"Indie, RPG",Single-player,windows
Chronicon,2020,13.99,"Action, Adventure, Indie, RPG",Single&Multi-player,"windows, linux"
Door Kickers: Action Squad,2018,13.99,"Action, Casual, Indie, Simulation, Strategy",Single&Multi-player,windows
The Operator,2024,13.99,"Adventure, Indie, Simulation",Single-player,"windows, mac, linux"
Ghostrunner 2,2023,13.99,"Action, Adventure, Strategy",Single-player,windows
Homicipher,2024,13.99,"Adventure, Indie",Single-player,"windows, mac"
Depersonalization,2024,13.99,"Adventure, Casual, Indie, RPG, Strategy",Single-player,"windows, mac"
BLACK SOULS,2025,13.99,"Adventure, Indie, RPG",Single-player,windows
Quasimorph,2023,13.99,"Indie, RPG, Simulation, Strategy, Early Access",Single-player,windows
Syrian Warfare,2017,13.99,"Indie, Strategy",Single-player,windows
Fisher Online,2019,13.99,Simulation,Multi-player,windows
Taxi Life: A City Driving Simulator,2024,13.99,Simulation,Single-player,windows
The Thaumaturge,2024,13.99,"Adventure, RPG",Single-player,windows
BLACK SOULS II,2025,13.99,"Adventure, Indie, RPG",Single-player,windows
Lethal League,2014,13.99,"Action, Indie, sports",Single&Multi-player,"windows, mac, linux"
The Séance of Blake Manor,2025,13.99,Adventure,Single-player,"windows, linux"
Mall Simulator,2025,13.99,"Casual, Indie, Simulation, Early Access",Single-player,windows
Crystal Project,2022,13.99,"Adventure, Indie, RPG, Strategy",Single-player,"windows, mac, linux"
No Time to Relax,2019,13.99,"Casual, Indie, Simulation, Strategy",Single&Multi-player,"windows, mac"
Urtuk: The Desolation,2021,13.99,"RPG, Strategy",Single-player,"windows, mac, linux"
FreshWomen - Season 2,2025,13.99,"Adventure, Indie",Single-player,"windows, mac, linux"
S4U: CITYPUNK 2011 AND LOVE PUNCH,2025,13.99,"Indie, Simulation",Single-player,windows
Slasher's Keep,2020,13.99,"Action, Indie, RPG",Single-player,windows
Crimsonland,2014,13.99,"Action, Indie, RPG",Single&Multi-player,"windows, mac, linux"
恋爱绮谭 不存在的真相,2022,13.99,"Adventure, Casual",Single-player,windows
Never Return,2021,13.99,"Action, Adventure, Indie, Early Access",Single&Multi-player,windows
The Midnight Walkers,2026,13.99,"Action, Indie, Early Access",Multi-player,windows
CONVRGENCE,2024,13.99,"Action, Adventure, Early Access",Single-player,windows
Solar Ash,2022,13.99,"Action, Adventure",Single-player,windows
Immortal Family,2024,13.99,"Casual, Indie, RPG, Simulation, Strategy",Single-player,windows
TouHou Makuka Sai ~ Fantastic Danmaku Festival Part III,2025,13.99,"Action, Indie",Single-player,windows
Pan'orama,2023,13.99,"Casual, Indie, Simulation, Strategy",Single-player,windows
Xuan-Yuan Sword: Mists Beyond the Mountains,2023,13.99,RPG,Single-player,windows
Hatsune Miku Logic Paint S,2022,13.99,Casual,Single-player,windows
Swords and Sandals Immortals,2023,13.99,"RPG, Strategy",Single&Multi-player,windows
Race of Life - Act 1,2025,13.99,"Adventure, Indie, Racing",Single-player,"windows, mac, linux"
PerfectLover,2019,13.99,"Casual, Indie, Simulation",Single-player,windows
TSIOQUE,2018,13.99,"Adventure, Casual, Indie",Single-player,"windows, mac"
Builder Simulator,2022,13.98,"Adventure, Casual, Indie, Simulation",Single-player,windows
RESIDENT EVIL RESISTANCE,2020,13.79,Action,Multi-player,windows
Beholder: Conductor,2025,13.53,"Adventure, Indie, Simulation, Strategy",Single-player,"windows, mac"
G.O.P.O.T.A,2023,13.5,"Action, Adventure, Casual, Indie, Racing, RPG, Simulation, sports, Strategy",Single-player,windows
Skoof Simulator,2024,13.5,"Action, Adventure, Casual, Indie, RPG, Simulation",Single-player,windows
Quadrober Simulator,2024,13.5,"Action, Adventure, Casual, Indie, RPG, Simulation, Strategy",Single-player,windows
Strange Antiquities,2025,13.49,"Adventure, Casual, Indie, Simulation",Single-player,"windows, mac"
After Inc: Revival,2025,13.49,"Simulation, Strategy, Early Access",Single-player,"windows, mac"
Maitetsu:Last Run!!,2020,13.3,"Adventure, Casual",Single-player,windows
Alone in the Dark,2024,13.19,"Action, Adventure",Single-player,windows
Gunsmith Simulator,2024,13.05,"Action, Simulation",Single-player,windows
Deep Rock Galactic: Survivor,2025,12.99,Action,Single-player,windows
TCG Card Shop Simulator,2024,12.99,"Simulation, Early Access",Single-player,windows
Mouthwashing,2024,12.99,"Adventure, Indie",Single-player,windows
Duck Game,2015,12.99,"Action, Indie",Single&Multi-player,windows
There Is No Game: Wrong Dimension,2020,12.99,"Adventure, Casual, Indie",Single-player,"windows, mac"
Thronefall,2024,12.99,"Action, Indie, Strategy",Single-player,"windows, mac"
港詭實錄ParanormalHK,2020,12.99,"Adventure, Indie",Single-player,windows
Viscera Cleanup Detail,2015,12.99,"Indie, Simulation",Single&Multi-player,"windows, mac"
Jump King,2019,12.99,"Action, Adventure, Indie",Single-player,windows
The Spell Brigade,2024,12.99,"Action, Casual, Indie, , Early Access",Single&Multi-player,windows
Coffee Talk,2020,12.99,"Adventure, Casual, Indie",Single-player,"windows, mac"
SimplePlanes,2015,12.99,"Indie, Simulation",Single-player,"windows, mac"
Pikuniku,2019,12.99,"Action, Adventure, Casual, Indie",Single&Multi-player,"windows, mac, linux"
Waterpark Simulator,2025,12.99,"Casual, Indie, Simulation, Early Access",Single-player,windows
Cat Quest,2017,12.99,"Action, Adventure, Casual, Indie, RPG",Single-player,"windows, mac"
Primal Carnage: Extinction,2015,12.99,"Action, Indie",Single&Multi-player,windows
To Be or Not to Be,2022,12.99,"Adventure, RPG",Single-player,windows
Death and Taxes,2020,12.99,"Adventure, Casual, Indie, Simulation, Strategy",Single-player,"windows, mac, linux"
while True: learn(),2019,12.99,"Indie, Simulation",Single-player,"windows, mac, linux"
Train Sim World® 2020,2017,12.99,Simulation,Single-player,windows
Startup Company,2020,12.99,"Casual, Indie, Simulation, Strategy",Single-player,"windows, mac, linux"
UnEpic,2014,12.99,"Action, Indie, RPG",Single&Multi-player,"windows, mac, linux"
FOREWARNED,2024,12.99,"Action, Adventure, Indie",Single&Multi-player,windows
Behind the Frame: The Finest Scenery,2021,12.99,"Adventure, Casual, Indie",Single-player,"windows, mac"
I Am Bread,2015,12.99,"Action, Adventure, Indie, Simulation",Single-player,"windows, mac"
Ib,2022,12.99,"Adventure, Indie",Single-player,windows
"Guns, Gore and Cannoli 2",2018,12.99,"Action, Adventure",Single&Multi-player,"windows, mac"
Gensokyo Night Festival,2019,12.99,"Action, Casual, Indie, Early Access",Single-player,windows
Kill It With Fire,2020,12.99,"Action, Casual, Indie, Simulation",Single-player,windows
Syberia,2011,12.99,"Adventure, Casual",Single-player,windows
Pathologic Classic HD,2015,12.99,"Action, Adventure, Indie, RPG",Single-player,windows
ANTONBLAST,2024,12.99,"Action, Adventure, Indie",Single-player,windows
"Cook, Serve, Delicious!",2013,12.99,"Action, Indie, Simulation, Strategy",Single&Multi-player,"windows, mac, linux"
Polarity,2016,12.99,"Action, Adventure, Indie, Strategy",Single&Multi-player,windows
Dice & Fold,2024,12.99,"Casual, Indie, RPG, Strategy",Single-player,"windows, mac, linux"
Zombie Night Terror,2016,12.99,"Action, Indie, Strategy",Single-player,"windows, mac, linux"
Get To Work,2024,12.99,"Action, Adventure, Racing",Single-player,windows
Mysteria ~Occult Shadows~,2020,12.99,"Action, Adventure, Indie, RPG",Single-player,windows
Contradiction: Spot The Liar,2015,12.99,"Adventure, Indie, RPG, Strategy",Single-player,"windows, mac"
Greedland,2025,12.99,"Action, Adventure, Casual, Indie",Single&Multi-player,windows
Astrometica,2024,12.99,"Adventure, Indie, Early Access",Single-player,windows
失业了，我获得了亿万游戏财产！,2024,12.99,"Adventure, Indie, RPG, Simulation, Strategy",Single-player,windows
Storm Chasers,2019,12.99,"Action, Indie, Simulation, Early Access",Single&Multi-player,windows
GemCraft - Frostborn Wrath,2020,12.99,"Action, Indie, Strategy",Single-player,windows
FortressCraft Evolved!,2015,12.99,"Adventure, Casual, Indie, RPG, Simulation, Strategy",Single&Multi-player,"windows, mac, linux"
Ancient Warfare 3,2024,12.99,"Action, Indie, Simulation, Strategy",Single-player,"windows, linux"
Feel The Snow,2019,12.99,"Action, Adventure, Indie, Massively Multiplayer, RPG, Simulation",Single&Multi-player,windows
The Park®,2015,12.99,Adventure,Single-player,windows
Gym Simulator 24,2024,12.99,"Casual, Indie, Simulation, sports",Single-player,windows
Warriors of the Nile,2020,12.99,"Indie, Strategy",Single-player,windows
Swag and Sorcery,2019,12.99,"Adventure, Indie, RPG, Simulation, Strategy",Single-player,windows
Supreme Commander,2011,12.99,Strategy,Single&Multi-player,windows
R.I.P. - Reincarnation Insurance Program,2026,12.99,"Action, Adventure, Casual, Early Access",Single-player,windows
HELLGATE: London,2018,12.99,"Action, RPG",Single-player,windows
Rampage Knights,2015,12.99,"Action, Adventure, Indie, RPG",Single&Multi-player,windows
Life Goes On: Done to Death,2014,12.99,"Action, Adventure, Casual, Indie",Single-player,"windows, mac, linux"
Dusk Pub - Adult Only,2024,12.99,"Casual, Indie, RPG, Simulation",Single-player,"windows, mac"
XIII - Classic,2020,12.99,Action,Single-player,windows
LONESTAR,2025,12.99,"Adventure, Indie, RPG, Strategy",Single-player,"windows, mac"
Smile For Me,2019,12.99,"Adventure, Casual, Indie",Single-player,"windows, mac"
Old School Rally,2025,12.99,"Indie, Racing, Simulation",Single-player,windows
No Time,2019,12.99,"Action, Adventure, Indie, RPG, Simulation, Early Access",Single&Multi-player,"windows, linux"
Ghost 1.0,2016,12.99,"Action, Adventure, Indie",Single-player,windows
Slackers - Carts of Glory,2024,12.99,"Action, Casual, Indie, Racing, Simulation",Single&Multi-player,windows
Arma 2,2009,12.99,"Action, Simulation, Strategy",Single&Multi-player,windows
Chess Ultra,2017,12.99,"Action, Adventure, Casual, Indie, RPG, Simulation, sports, Strategy",Single&Multi-player,windows
Distrust: Polar Survival,2017,12.99,"Adventure, Indie, Strategy",Single-player,"windows, mac"
College Kings 2 - Episode 1,2022,12.99,"Adventure, Casual, Indie",Single-player,"windows, mac, linux"
Syberia II,2011,12.99,Adventure,Single-player,windows
Slain: Back from Hell,2016,12.99,"Action, Indie",Single-player,"windows, mac, linux"
Dawn of Defiance,2024,12.99,"Action, Adventure, Early Access",Single&Multi-player,windows
Bloodshed,2025,12.99,"Action, Adventure, Indie",Single-player,windows
RONIN,2015,12.99,"Action, Indie",Single-player,"windows, mac, linux"
Super Seducer : How to Talk to Girls,2018,12.99,"Adventure, Casual, RPG, Simulation, Strategy",Single-player,"windows, mac"
Super Seducer 2 - Advanced Seduction Tactics,2018,12.99,"Adventure, Casual, RPG, Simulation, Strategy",Single-player,"windows, mac"
The Void Rains Upon Her Heart,2018,12.99,"Action, Indie, Early Access",Single-player,windows
Stardom 3,2022,12.99,"Casual, Simulation",Single-player,windows
The Chef's Shift,2025,12.99,"Casual, Indie, Simulation, Strategy",Single-player,"windows, mac"
Blue Estate The Game,2015,12.99,Action,Single&Multi-player,windows
Supercar Collection Simulator,2025,12.99,"Casual, Indie, Racing, Simulation",Single&Multi-player,windows
King's Bounty: Dark Side,2014,12.99,"RPG, Strategy",Single-player,"windows, mac"
Scoot,2020,12.99,"Casual, Indie, Simulation, sports, Early Access",Single&Multi-player,windows
The Stillness of the Wind,2019,12.99,"Adventure, Indie",Single-player,"windows, mac"
Dungeon Souls,2016,12.99,"Action, Adventure, Indie, RPG",Single&Multi-player,"windows, mac, linux"
Scars of Summer,2021,12.99,"Adventure, Indie, RPG",Single-player,windows
Executive Assault,2015,12.99,"Action, Strategy",Single&Multi-player,windows
South of the Circle,2022,12.99,Adventure,Single-player,windows
Hiveswap Friendsim,2018,12.99,"Adventure, Indie, RPG, Simulation",Single-player,"windows, mac, linux"
Hyperbolica,2022,12.99,"Adventure, Indie",Single-player,"windows, mac, linux"
Sanitarium,2014,12.99,Adventure,Single-player,windows
Infectonator 3: Apocalypse,2018,12.99,"Indie, Simulation, Strategy",Single-player,"windows, mac"
Vampire: The Masquerade - Shadows of New York,2020,12.99,Indie,Single-player,"windows, mac, linux"
80 Days,2015,12.99,"Adventure, Indie, Strategy",Single-player,"windows, mac"
Cavern of Dreams,2023,12.99,"Action, Adventure, Casual, Indie",Single-player,windows
Rana Card,2025,12.99,"Casual, Indie, Strategy",Single-player,windows
Rise of Gun,2024,12.99,"Adventure, Casual, Indie, RPG, Simulation",Single-player,windows
Nitro Express,2025,12.99,"Action, Indie",Single-player,windows
Clone Drone in the Hyperdome,2024,12.99,"Action, Indie",Single-player,windows
Teleglitch: Die More Edition,2013,12.99,"Action, Indie",Single-player,"windows, mac, linux"
Castle in The Clouds DX,2021,12.99,"Action, Adventure, RPG",Single-player,windows
Dead Signal,2023,12.99,Simulation,Single-player,windows
Isle of Arrows,2022,12.99,"Indie, Strategy",Single-player,"windows, mac"
Contraption Maker,2014,12.99,"Casual, Indie, Simulation",Single&Multi-player,"windows, mac, linux"
PAC-MAN™ CHAMPIONSHIP EDITION 2,2016,12.99,Casual,Single-player,windows
Full Mojo Rampage,2014,12.99,"Action, Indie, RPG",Single&Multi-player,windows
Toy Tinker Simulator,2021,12.99,"Indie, Simulation",Single-player,windows
Chicken Shoot Gold,2003,12.99,"Action, Casual, Indie",Single&Multi-player,"windows, mac"
Turmoil,2024,12.99,"Action, Adventure, Indie, ",Single-player,windows
Locked Up,2022,12.99,"Adventure, Casual, Indie",Single-player,"windows, mac, linux"
WASTED,2025,12.99,"Action, Casual, Indie, Simulation, ",Single-player,windows
THE LONGING,2020,12.98,"Adventure, Indie, RPG",Single-player,"windows, mac, linux"
Road 96: Mile 0,2023,12.96,"Action, Adventure, Casual, Indie",Single-player,windows
Blasphemous 2,2023,12.91,"Action, Adventure, Indie",Single-player,windows
Mega Man Battle Network Legacy Collection Vol. 1,2023,12.79,"Action, RPG",Single&Multi-player,windows
TouHou Makuka Sai ~ Fantastic Danmaku Festival Part II,2019,12.78,Indie,Single-player,windows
Bendy: Lone Wolf,2025,12.78,"Action, Adventure, Indie",Single-player,windows
Farming Simulator 19,2018,12.59,Simulation,Single&Multi-player,"windows, mac"
Cult of the Lamb,2022,12.49,"Action, Adventure, Indie, Strategy",Single&Multi-player,"windows, mac"
Shadows of Doubt,2024,12.49,"Action, Adventure, Indie, RPG",Single-player,windows
COCOON,2023,12.49,"Adventure, Indie",Single-player,windows
Starcom: Unknown Space,2024,12.49,"Action, Adventure, Indie, RPG",Single-player,windows
Lorelei and the Laser Eyes,2024,12.49,"Adventure, Indie",Single-player,windows
Zoochosis,2024,12.49,Simulation,Single-player,windows
Re:Legend,2022,12.49,"Action, Adventure, Indie, RPG, Simulation",Single&Multi-player,windows
War Dust VR: 32v32 Battlefields,2020,12.49,"Action, Indie, Massively Multiplayer, Simulation",Multi-player,windows
STORROR Parkour Pro,2025,12.49,"Action, Adventure, Indie, Simulation, sports, Early Access",Single&Multi-player,windows
Worshippers of Cthulhu,2025,12.49,"Simulation, Strategy",Single-player,windows
Blood Typers,2025,12.49,"Action, Adventure, Indie",Single&Multi-player,windows
Limbo,2024,12.49,"Action, Adventure, Indie",Single-player,windows
Darkest Dungeon® II,2023,12.39,"Indie, RPG, Strategy",Single-player,"windows, mac"
Ballionaire,2024,12.34,"Casual, Indie, Strategy",Single-player,windows
Lust Theory - Season 1,2022,12.05,"Adventure, Casual, Indie, RPG, Simulation",Single-player,"windows, mac, linux"
Bang-On Balls: Chronicles,2023,12,"Action, Adventure, Casual, Indie",Single&Multi-player,windows
Kenshi,2018,11.99,"Action, Indie, RPG, Simulation, Strategy",Single-player,windows
The Planet Crafter,2024,11.99,Adventure,Single&Multi-player,windows
Core Keeper,2024,11.99,"Action, Adventure, Indie, RPG, Simulation",Single&Multi-player,"windows, linux"
The Coffin of Andy and Leyley,2023,11.99,"Adventure, RPG, Early Access",Single-player,windows
Chants of Sennaar,2023,11.99,"Adventure, Indie",Single-player,windows
Just Shapes & Beats,2018,11.99,"Action, Indie",Single&Multi-player,"windows, mac, linux"
SurrounDead,2022,11.99,"Action, Adventure, Indie, RPG, Early Access",Single-player,windows
Escape Simulator,2021,11.99,"Adventure, Casual, Indie, Simulation",Single&Multi-player,"windows, mac"
Nuclear Throne,2015,11.99,"Action, Indie, RPG",Single&Multi-player,"windows, mac, linux"
Fear & Hunger 2: Termina,2022,11.99,"Indie, RPG",Single-player,windows
Detention,2017,11.99,"Adventure, Indie",Single-player,"windows, mac, linux"
Monster Prom,2018,11.99,"Indie, Simulation",Single&Multi-player,"windows, mac, linux"
HumanitZ,2026,11.99,"Action, Adventure, RPG",Single&Multi-player,windows
Dungeon of the ENDLESS™,2014,11.99,"Adventure, Indie, RPG, Strategy",Single&Multi-player,"windows, mac"
VLADiK BRUTAL,2024,11.99,"Action, Adventure, Casual, Indie",Single-player,windows
THE KING OF FIGHTERS XV,2024,11.99,Action,Single&Multi-player,windows
5D Chess With Multiverse Time Travel,2020,11.99,Indie,Single&Multi-player,"windows, mac, linux"
FINAL FANTASY,2021,11.99,RPG,Single-player,windows
古剑奇谭(GuJian),2017,11.99,RPG,Single-player,windows
Monster Prom 2: Monster Camp,2020,11.99,"Indie, Simulation",Single&Multi-player,"windows, mac, linux"
Ghost Exorcism INC.,2021,11.99,"Action, Indie, Simulation, Early Access",Single&Multi-player,windows
gogh: Focus with Your Avatar,2025,11.99,"Casual, Indie, Simulation, ",Single&Multi-player,"windows, mac"
ibb & obb,2014,11.99,"Action, Adventure, Indie",Multi-player,"windows, linux"
Dig or Die,2018,11.99,"Action, Indie, RPG, Strategy",Single&Multi-player,windows
Beyond Citadel,2025,11.99,"Action, Indie",Single-player,windows
月华辉映之刻,2025,11.99,"Adventure, Indie, RPG",Single-player,windows
Survivalist: Invisible Strain,2025,11.99,"Action, Adventure, Indie, RPG, Simulation, Strategy",Single&Multi-player,windows
Lost in Vivo,2018,11.99,Indie,Single-player,windows
DEFCON,2006,11.99,"Indie, Strategy",Single&Multi-player,"windows, mac, linux"
风信楼,2021,11.99,"Adventure, Casual, Indie, RPG, Simulation",Single-player,"windows, mac, linux"
ZED ZONE,2023,11.99,"Action, Indie, RPG, Simulation, Early Access",Single-player,windows
Projekt: Passion - Season 1,2023,11.99,"Casual, Indie, Simulation",Single-player,"windows, mac, linux"
Northern Journey,2021,11.99,Adventure,Single-player,windows
Who's Lila?,2022,11.99,"Adventure, Casual, Indie, RPG",Single-player,windows
Void Stranger,2023,11.99,"Adventure, Indie",Single-player,windows
House of Legacy,2025,11.99,"Adventure, RPG, Simulation, Strategy, Early Access",Single-player,windows
Kingdom Eighties,2023,11.99,"Action, Strategy",Single&Multi-player,"windows, mac, linux"
Dummynation,2022,11.99,"Indie, Simulation, Strategy",Single&Multi-player,"windows, mac, linux"
Monster Prom 3: Monster Roadtrip,2022,11.99,"Casual, Indie, Simulation, Strategy",Single&Multi-player,"windows, mac, linux"
Tiny and Big: Grandpa's Leftovers,2012,11.99,Indie,Single-player,"windows, mac, linux"
Commander Quest,2025,11.99,"Indie, Simulation, Strategy",Single-player,windows
RACCOIN: Coin Pusher Roguelike,2026,11.99,"Casual, Indie, Simulation, Strategy",Single-player,windows
The Classrooms,2022,11.99,"Action, Early Access",Single-player,windows
Atlas Fallen: Reign Of Sand,2023,11.99,"Action, Adventure, RPG",Single&Multi-player,windows
Crypt Custodian,2024,11.99,Adventure,Single-player,windows
Grimshire,2025,11.99,"Indie, RPG, Simulation, Early Access",Single-player,windows
Tormentum - Dark Sorrow,2015,11.99,"Adventure, Casual, Indie",Single-player,"windows, mac"
Project Arrhythmia,2019,11.99,"Action, Adventure, Indie, Strategy, Early Access",Single&Multi-player,windows
Galaxy Burger,2024,11.99,"Casual, Indie, Massively Multiplayer, Simulation",Single&Multi-player,"windows, mac"
彷徨之街 The Street of Adrift,2024,11.99,"Adventure, Casual, Indie, RPG, Strategy",Single-player,windows
英雄群侠传II,2019,11.99,"Adventure, Indie, RPG, Strategy",Single-player,"windows, mac"
Murder House,2020,11.99,"Adventure, Indie",Single-player,windows
Car Dealership Simulator 2,2025,11.99,"Casual, Indie, Simulation, Early Access",Single-player,windows
咸鱼殿下 / My journey,2025,11.99,"Adventure, Casual, RPG, Simulation",Single-player,windows
Regions Of Ruin,2018,11.99,"Action, Adventure, Indie, RPG",Single-player,"windows, mac, linux"
ZeroRanger,2018,11.99,"Action, Indie",Single&Multi-player,windows
The Chrono Jotter,2021,11.99,"Adventure, Indie",Single-player,windows
Futa Fix Dick Dine and Dash,2020,11.99,"Casual, Simulation",Single-player,windows
PIGFACE,2025,11.99,"Action, Indie, Early Access",Single-player,windows
Dead Effect 2,2016,11.99,"Action, Indie, RPG",Single&Multi-player,"windows, mac"
First Strike,2017,11.99,"Action, Indie, Simulation, Strategy",Single&Multi-player,"windows, mac"
Uplink,2006,11.99,"Indie, Strategy",Single-player,"windows, mac, linux"
Laundry Store Simulator,2024,11.99,"Indie, Simulation",Single-player,windows
Evil Bank Manager,2018,11.99,"Indie, Simulation, Strategy",Single-player,windows
Pumping Simulator 2,2023,11.99,"Casual, Indie, Simulation",Single-player,windows
Border Pioneer,2025,11.99,"Action, Strategy",Single-player,"windows, mac"
Islands of Insight,2024,11.99,"Adventure, Indie",Single-player,windows
Skin Deep,2025,11.99,"Action, Indie, Simulation",Single-player,windows
Crashday Redline Edition,2017,11.99,"Action, Racing",Single&Multi-player,windows
From Glory To Goo,2024,11.99,"Simulation, Strategy, Early Access",Single-player,windows
Last Train Outta' Wormtown,2025,11.99,"Action, Indie",Multi-player,windows
BZZZT,2023,11.99,"Action, Indie",Single-player,"windows, mac, linux"
Deadly Days,2019,11.99,"Action, Casual, Indie, Strategy",Single-player,"windows, mac, linux"
Card Shop Simulator Multiplayer,2025,11.99,"Casual, Simulation, Strategy",Single&Multi-player,windows
True Love ～Confide to the Maple～,2016,11.99,"Adventure, Casual, Indie",Single-player,windows
Pesterquest,2019,11.99,"Adventure, Indie, RPG",Single-player,"windows, mac, linux"
Coffee Caravan,2024,11.99,"Action, Casual, Indie, Simulation, Strategy",Single-player,"windows, mac"
Shio,2017,11.99,"Action, Indie",Single-player,"windows, mac"
TasteMaker,2023,11.99,"Casual, Indie, Simulation, Strategy",Single-player,windows
Knightly Passions,2024,11.99,"Adventure, Casual, Indie",Single-player,"windows, mac, linux"
Fretless - The Wrath of Riffson,2025,11.99,"Adventure, Indie, RPG",Single-player,windows
Funi Raccoon Game,2026,11.99,"Action, Adventure, Casual, Indie",Single-player,"windows, linux"
Papetura,2021,11.99,"Adventure, Casual, Indie",Single-player,"windows, mac"
Streamer Daily,2020,11.99,"Adventure, Casual, Indie, Simulation, Strategy",Single-player,windows
FURIDASHI: Drift Cyber Sport,2017,11.99,"Racing, Simulation, sports",Single&Multi-player,windows
Dust to the End,2021,11.99,"Adventure, Indie, RPG, Simulation, Strategy",Single-player,windows
Paquerette Down the Bunburrows,2023,11.99,"Adventure, Casual, Indie",Single-player,"windows, mac"
RDS - The Official Drift Videogame,2019,11.99,"Racing, Simulation, sports",Single&Multi-player,windows
Nucleares,2023,11.99,"Indie, Simulation",Single-player,windows
Spooky Milk Life,2025,11.99,"Action, Adventure, Casual, Indie, Early Access",Single-player,windows
道衍诀,2024,11.99,"Action, Adventure, Indie, RPG, Simulation, Strategy, Early Access",Single-player,windows
Better Mart Simulator,2025,11.99,"Casual, Indie, Simulation",Single&Multi-player,windows
Halcyon Days at Taoyuan,2026,11.99,"Casual, Indie, RPG, Simulation",Single-player,windows
Darwinia,2005,11.99,"Indie, Strategy",Single-player,"windows, mac, linux"
Lumino City,2014,11.99,"Adventure, Casual, Indie",Single-player,"windows, mac"
Planets Under Attack,2012,11.99,"Indie, Strategy",Single&Multi-player,"windows, mac"
Pankapu,2016,11.99,"Action, Adventure, Indie",Single-player,"windows, mac, linux"
Rogue Glitch Ultra,2021,11.99,"Action, Indie",Single&Multi-player,"windows, mac"
The Lost Village,2022,11.99,"Adventure, Casual, Indie",Single-player,windows
Calico,2025,11.99,"Action, Indie",Single-player,windows
Little Fighter 2 Remastered,2025,11.91,"Action, Indie",Single&Multi-player,"windows, mac"
OVIS LOOP,2025,11.89,"Action, Indie, Early Access",Single-player,windows
Party Club,2025,11.88,"Action, Casual, Indie, Simulation, Strategy, ",Single&Multi-player,"windows, mac"
ARK: Survival Ascended,2023,11.24,"Action, Adventure, Indie, Massively Multiplayer, RPG, Early Access",Single&Multi-player,windows
Planet Zoo,2019,11.24,"Casual, Simulation, Strategy",Single-player,windows
RoboCop: Rogue City,2023,11.24,"Action, Adventure",Single-player,"windows, mac"
FlipWitch - Forbidden Sex Hex,2023,11.24,"Action, Adventure",Single-player,windows
Decktamer,2025,11.19,Strategy,Single-player,windows
Paper Dolls 2 纸人贰,2020,11.1,"Action, Adventure, Indie",Single-player,windows
Super Woden: Rally Edge,2026,11.04,"Indie, Racing, sports",Single&Multi-player,windows
Project Warlock II,2025,11.04,"Action, Indie",Single-player,windows
Volcano Princess,2023,10.99,"Casual, Indie, RPG, Simulation, Strategy",Single-player,windows
Tiny Bunny,2025,10.99,"Adventure, Indie",Single-player,"windows, mac"
ICEY,2016,10.99,"Action, Adventure, RPG",Single-player,"windows, mac"
Sanfu,2023,10.99,"Adventure, Indie, RPG",Single-player,windows
Mist Survival,2018,10.99,"Action, Adventure, Indie, Simulation, Early Access",Single-player,windows
Yog-Sothoth’s Yard,2023,10.99,"Indie, RPG, Simulation",Single-player,windows
West of Loathing,2017,10.99,"Adventure, Indie, RPG",Single-player,"windows, mac, linux"
小白兔电商~Bunny e-Shop,2021,10.99,"Adventure, Indie, Simulation",Single-player,windows
Peeping Dorm Manager,2023,10.99,"Indie, RPG",Single-player,windows
Kaiju Princess,2022,10.99,"Casual, Indie, RPG, Simulation, Strategy",Single-player,"windows, mac"
Felvidek,2024,10.99,"Indie, RPG",Single-player,windows
ATOM RPG Trudograd,2021,10.99,RPG,Single-player,"windows, mac, linux"
Intravenous 2,2024,10.99,"Action, Adventure, Strategy",Single-player,windows
Take Me To The Dungeon!!,2023,10.99,"Adventure, Casual, Indie, RPG, Simulation, Strategy",Single-player,windows
候鸟,2023,10.99,Adventure,Single-player,windows
Birth,2023,10.99,"Adventure, Indie",Single-player,"windows, mac"
美女，请别影响我成仙,2025,10.99,"Adventure, Casual, Indie, RPG, Simulation, Strategy",Single-player,windows
永远消失的幻想乡 ～ The Disappearing of Gensokyo,2018,10.99,"Action, Adventure, Indie, RPG",Single-player,windows
Soda Crisis,2022,10.99,Action,Single-player,windows
Scarlet Maiden,2023,10.99,"Action, Adventure",Single-player,windows
CATO: Buttered Cat,2024,10.99,"Adventure, Casual, Indie, ",Single&Multi-player,"windows, mac, linux"
Will You Snail?,2022,10.99,"Action, Adventure, Indie, Simulation",Single-player,windows
恋爱单选题,2024,10.99,"Adventure, Indie, RPG, Simulation, Strategy",Single-player,windows
Ithya: Magic Studies,2025,10.99,Casual,Single-player,"windows, mac"
420BLAZEIT 2: GAME OF THE YEAR -=Dank Dreams and Goated Memes=- [#wow/11 Like and Subscribe] Poggerz Edition,2024,10.99,"Action, Indie",Single-player,windows
Friendship with Benefits,2020,10.99,Indie,Single-player,"windows, mac, linux"
Roman's Christmas / 罗曼圣诞探案集,2020,10.99,"Adventure, Indie, RPG, Simulation, Strategy",Single-player,"windows, mac"
The Shadow of Yidhra,2021,10.99,"Action, Indie, RPG",Single-player,windows
V-LOVER!,2025,10.99,"Casual, Indie, RPG, Simulation",Single-player,windows
Backrooms: Lost Tape,2022,10.99,"Action, Adventure, Indie",Single-player,windows
Half-Demon Shinobi,2024,10.99,"Casual, Indie",Single-player,windows
我打不过漂亮的她们,2025,10.99,"Indie, RPG, Strategy",Single-player,windows
Escape the Ayurok,2019,10.99,"Adventure, Indie",Single-player,windows
变量 Variables,2019,10.99,"Casual, Indie, Strategy",Single-player,windows
Leap Of Faith,2026,10.99,"Casual, Indie",Single&Multi-player,"windows, linux"
Touhou Luna Nights,2019,10.79,"Action, Adventure, Indie",Single-player,windows
Panzer War : Definitive Edition,2018,10.79,"Casual, Indie, Simulation",Single&Multi-player,windows
SOMA,2015,10.49,"Action, Adventure, Indie",Single-player,"windows, mac, linux"
Subsistence,2016,10.49,"Action, Early Access",Single&Multi-player,windows
Our Adventurer Guild,2024,10.49,"Indie, RPG, Strategy",Single-player,windows
Fly Corp,2023,10.49,"Indie, Simulation, Strategy",Single-player,"windows, mac"
Miasma Chronicles,2023,10.49,"Action, Strategy",Single-player,windows
Cyber Hook,2020,10.48,"Action, Indie",Single-player,windows
Living With Sister: Monochrome Fantasy,2024,10.39,Indie,Single-player,windows
Red Solstice 2: Survivors,2021,10.33,"RPG, Strategy",Single&Multi-player,windows
Tower of Time,2018,10.2,"Indie, RPG, Strategy",Single-player,"windows, linux"
The Weeping Swan: Ten Days of the City's Fall,2026,10.19,"Adventure, Indie, RPG",Single-player,windows
Frozenheim,2022,10.15,"Simulation, Strategy",Single&Multi-player,windows
Jotunnslayer: Hordes of Hel,2025,10.04,"Action, Indie, RPG",Single&Multi-player,windows
Ghost Exile,2022,10.04,"Action, Indie, Early Access",Single&Multi-player,windows
Staffer Case: A Supernatural Mystery Adventure,2023,10.02,Adventure,Single-player,"windows, mac"
Battle Cry of Freedom,2022,10,"Action, Indie, Massively Multiplayer, RPG, Simulation, Strategy",Multi-player,windows
沙雕之路,2019,10,"Action, Adventure, Casual, Indie, RPG, Early Access",Single-player,windows
Terraria,2011,9.99,"Action, Adventure, Indie, RPG",Single&Multi-player,"windows, mac, linux"
Garry's Mod,2006,9.99,"Casual, Indie, Simulation",Single&Multi-player,"windows, mac, linux"
Left 4 Dead 2,2009,9.99,Action,Single&Multi-player,"windows, linux"
PAYDAY 2,2013,9.99,"Action, RPG",Single&Multi-player,"windows, linux"
Lethal Company,2023,9.99,"Action, Adventure, Indie, Early Access",Single&Multi-player,windows
Portal 2,2011,9.99,"Action, Adventure",Single&Multi-player,"windows, linux"
R.E.P.O.,2025,9.99,"Action, Early Access",Single&Multi-player,windows
People Playground,2019,9.99,"Action, Casual, Indie, Simulation",Single-player,windows
Undertale,2015,9.99,"Indie, RPG",Single-player,"windows, mac, linux"
Half-Life 2,2004,9.99,Action,Single-player,"windows, linux"
Portal,2007,9.99,Action,Single-player,"windows, linux"
Counter-Strike,2000,9.99,Action,Multi-player,"windows, mac, linux"
Resident Evil 2,2019,9.99,Action,Single-player,windows
Counter-Strike: Source,2004,9.99,Action,Multi-player,"windows, linux"
Half-Life,1998,9.99,Action,Single&Multi-player,"windows, mac, linux"
Disco Elysium - The Final Cut,2019,9.99,RPG,Single-player,"windows, mac"
Escape the Backrooms,2025,9.99,"Action, Indie",Single&Multi-player,windows
POSTAL 2,2012,9.99,"Action, Adventure, Indie",Single-player,"windows, linux"
Hotline Miami,2012,9.99,"Action, Indie",Single-player,"windows, mac, linux"
Resident Evil Village,2021,9.99,Action,Single-player,windows
Megabonk,2025,9.99,"Action, Casual, Indie",Single-player,"windows, linux"
"Papers, Please",2013,9.99,"Adventure, Indie",Single-player,"windows, mac, linux"
DEVOUR,2021,9.99,Indie,Single&Multi-player,"windows, mac"
Black Desert,2019,9.99,"Action, Adventure, Massively Multiplayer, RPG, Strategy",Multi-player,windows
FTL: Faster Than Light,2012,9.99,"Indie, Simulation, Strategy",Single-player,"windows, mac, linux"
Left 4 Dead,2008,9.99,Action,Single&Multi-player,windows
OneShot,2016,9.99,"Adventure, Casual, Indie",Single-player,"windows, mac, linux"
Goat Simulator,2014,9.99,"Casual, Indie, Simulation",Single&Multi-player,"windows, mac, linux"
NARUTO TO BORUTO: SHINOBI STRIKER,2023,9.99,Action,Single&Multi-player,windows
Firework,2021,9.99,Indie,Single-player,windows
Ryse: Son of Rome,2014,9.99,Action,Single&Multi-player,windows
Love Is All Around,2023,9.99,"Adventure, Indie, RPG, Simulation, Strategy",Single&Multi-player,"windows, mac, linux"
KovaaK's,2018,9.99,"Action, Indie, Simulation",Single-player,windows
Backrooms: Escape Together,2022,9.99,"Action, Adventure, Casual, Indie, Early Access",Single&Multi-player,windows
ShellShock Live,2020,9.99,"Action, Casual, Indie, Massively Multiplayer, Strategy",Single&Multi-player,"windows, mac, linux"
Zero Hour,2024,9.99,"Action, Simulation, Strategy",Single&Multi-player,windows
Crab Champions,2023,9.99,"Action, Adventure, Casual, Indie, Early Access",Single&Multi-player,windows
Who's Your Daddy?!,2016,9.99,"Action, Casual, Indie",Multi-player,"windows, mac"
DOOM + DOOM II,2007,9.99,Action,Single&Multi-player,windows
HuniePop,2015,9.99,"Indie, RPG, Simulation, Strategy",Single-player,"windows, mac, linux"
Gas Station Simulator,2021,9.99,"Casual, Indie, Simulation",Single-player,"windows, mac"
NEKOPARA Vol. 1,2014,9.99,"Casual, Indie",Single-player,windows
Chinese Parents,2018,9.99,"Casual, Indie, RPG, Simulation",Single-player,"windows, mac"
Mini Motorways,2021,9.99,"Casual, Simulation, Strategy",Single-player,"windows, mac"
Mindustry,2019,9.99,Strategy,Single&Multi-player,"windows, mac, linux"
Counter-Strike: Condition Zero,2004,9.99,Action,Single&Multi-player,"windows, mac, linux"
Bopl Battle,2023,9.99,Action,Multi-player,windows
Before Your Eyes,2021,9.99,"Adventure, Indie",Single-player,"windows, mac"
Sifu,2023,9.99,"Action, Indie",Single-player,windows
The Beginner's Guide,2015,9.99,"Adventure, Indie",Single-player,"windows, mac, linux"
FlatOut 2,2006,9.99,Racing,Single&Multi-player,windows
ATLYSS,2024,9.99,"Action, Adventure, Casual, Indie, RPG, Early Access",Single&Multi-player,windows
Lost Castle / 失落城堡,2016,9.99,"Action, Adventure, Indie, RPG",Single&Multi-player,"windows, mac"
Finding Paradise,2017,9.99,"Adventure, Indie, RPG",Single-player,"windows, mac, linux"
60 Seconds! Reatomized,2019,9.99,"Adventure, Casual, Indie, Simulation, Strategy",Single-player,"windows, mac"
Stronghold Crusader HD (2012),2013,9.99,"Simulation, Strategy",Single&Multi-player,windows
Age of History 3,2024,9.99,"Simulation, Strategy",Single-player,"windows, mac"
Poly Bridge,2016,9.99,"Indie, Simulation",Single-player,"windows, mac, linux"
Hacknet,2015,9.99,"Indie, Simulation",Single-player,"windows, mac, linux"
Neon White,2022,9.99,"Action, Adventure, Indie",Single-player,windows
Fallout: A Post Nuclear Role Playing Game,2015,9.99,RPG,Single-player,windows
LOCKDOWN Protocol,2025,9.99,"Action, Casual, Indie, Strategy",Multi-player,windows
Day of Defeat: Source,2010,9.99,Action,Multi-player,"windows, linux"
Cyber Manhunt,2021,9.99,"Indie, RPG, Simulation",Single-player,"windows, mac"
Melvor Idle,2021,9.99,"Adventure, Casual, Indie, RPG",Single-player,"windows, mac, linux"
shapez,2020,9.99,"Casual, Indie, Simulation, Strategy",Single-player,"windows, mac, linux"
Project Winter,2019,9.99,"Action, Adventure, Casual, Indie, Strategy",Multi-player,windows
Labyrinthine,2023,9.99,"Action, Adventure, Indie",Single&Multi-player,windows
Webbed,2021,9.99,"Action, Adventure, Indie",Single-player,windows
Fallout 2: A Post Nuclear Role Playing Game,2009,9.99,RPG,Single-player,windows
Session: Skate Sim,2022,9.99,"Indie, Simulation, sports, Strategy",Single-player,windows
Scorn,2022,9.99,"Action, Adventure, Indie",Single-player,windows
Mini Metro,2015,9.99,"Indie, Simulation, Strategy",Single-player,"windows, mac, linux"
Reign Of Kings,2015,9.99,"Action, Adventure, Indie, RPG, Simulation",Multi-player,windows
Punch Club,2016,9.99,"Indie, RPG, Strategy",Single-player,"windows, linux"
Impostor Factory,2021,9.99,"Adventure, Casual, Indie, RPG",Single-player,"windows, mac, linux"
EVERSPACE™ 2,2023,9.99,"Action, Adventure, RPG, Simulation",Single-player,"windows, mac"
Serious Sam II,2012,9.99,"Action, Indie",Single&Multi-player,windows
FEZ,2013,9.99,Indie,Single-player,"windows, mac, linux"
Everhood,2021,9.99,"Action, Adventure, Indie, RPG",Single-player,windows
NEKOPARA Vol. 3,2017,9.99,"Casual, Indie",Single-player,windows
Mount & Blade: With Fire & Sword,2011,9.99,"Action, RPG",Single&Multi-player,windows
NEKOPARA Vol. 2,2016,9.99,"Casual, Indie",Single-player,windows
Bloons TD 5,2014,9.99,"Action, Strategy",Single&Multi-player,"windows, mac"
Friends vs Friends,2023,9.99,"Action, Indie",Multi-player,windows
PANICORE,2024,9.99,"Action, Adventure, Indie",Single&Multi-player,windows
The Quinfall,2026,9.99,Massively Multiplayer,Multi-player,windows
Gunpoint,2013,9.99,"Action, Indie, Strategy",Single-player,"windows, mac, linux"
Momodora: Reverie Under The Moonlight,2016,9.99,"Action, Adventure, Indie",Single-player,"windows, mac, linux"
Luck be a Landlord,2023,9.99,"Indie, Simulation, Strategy",Single-player,"windows, mac, linux"
Contagion,2013,9.99,"Action, Adventure, Indie",Single&Multi-player,windows
Tiny Rogues,2022,9.99,"Action, Adventure, Indie, RPG, Early Access",Single-player,windows
Deponia,2012,9.99,"Adventure, Indie",Single-player,"windows, mac, linux"
Evil West,2022,9.99,"Action, Adventure, RPG",Single&Multi-player,windows
Kingdom Rush Frontiers - Tower Defense,2016,9.99,Strategy,Single-player,"windows, mac, linux"
Party Hard,2015,9.99,"Action, Indie, Strategy",Single&Multi-player,"windows, mac, linux"
Oxenfree,2016,9.99,"Adventure, Indie",Single-player,"windows, mac, linux"
In Silence,2021,9.99,Action,Single&Multi-player,"windows, mac"
Baldi's Basics Plus,2020,9.99,"Action, Indie, Strategy, Early Access",Single-player,"windows, mac, linux"
Castle Story,2017,9.99,"Indie, Simulation, Strategy",Single&Multi-player,"windows, mac, linux"
SUPERHOT: MIND CONTROL DELETE,2020,9.99,"Action, Indie",Single-player,"windows, mac, linux"
Dungreed,2018,9.99,"Action, Indie",Single-player,"windows, mac, linux"
AudioSurf,2008,9.99,Indie,Single-player,windows
Orwell: Keeping an Eye On You,2016,9.99,"Adventure, Indie, Simulation",Single-player,"windows, mac, linux"
SUPERHOT VR,2017,9.99,"Action, Indie",Single-player,windows
We Were Here Too,2018,9.99,"Adventure, Casual, Indie",Multi-player,"windows, mac"
Next Day: Survival,2018,9.99,"Action, Indie, RPG",Single&Multi-player,windows
Internet Cafe Simulator,2019,9.99,"Adventure, Indie, Simulation",Single-player,windows
BAD END THEATER,2021,9.99,Simulation,Single-player,"windows, mac, linux"
Neva,2024,9.99,"Action, Adventure, Indie",Single-player,"windows, mac"
The Mean Greens - Plastic Warfare,2015,9.99,"Action, Indie",Multi-player,windows
Aviassembly,2025,9.99,"Simulation, Early Access",Single-player,windows
Her Story,2015,9.99,"Adventure, Casual, Indie, Simulation",Single-player,"windows, mac"
NEKOPARA Vol. 4,2020,9.99,"Adventure, Casual, Indie",Single-player,windows
Class of '09,2021,9.99,"Casual, Indie, RPG, Simulation",Single-player,"windows, mac, linux"
The Farmer Was Replaced,2025,9.99,"Casual, Indie, Simulation, Strategy",Single-player,"windows, mac"
CULTIC,2022,9.99,"Action, Indie",Single-player,windows
Dragon Cliff,2018,9.99,"Adventure, Casual, Indie, RPG, Simulation, Strategy",Single-player,windows
Is This Seat Taken?,2025,9.99,"Casual, Indie",Single-player,"windows, mac, linux"
Crazy Machines 3,2016,9.99,"Simulation, Strategy",Single-player,windows
Devil Daggers,2016,9.99,"Action, Indie",Single-player,"windows, mac, linux"
MIMESIS,2025,9.99,"Action, Adventure, Casual, Indie, Early Access",Multi-player,windows
Thank Goodness You're Here!,2024,9.99,"Adventure, Casual, Indie",Single-player,"windows, mac"
Poker Night at the Inventory,2026,9.99,Casual,Single-player,windows
ENDLESS™ Space - Definitive Edition,2012,9.99,Strategy,Single&Multi-player,"windows, mac"
Orcs Must Die!,2011,9.99,"Action, Indie, Strategy",Single-player,windows
Due Process,2020,9.99,"Action, Adventure, Indie, Simulation, Strategy, Early Access",Multi-player,windows
Bridge Constructor Portal,2017,9.99,"Simulation, Strategy",Single-player,"windows, mac, linux"
E.Y.E: Divine Cybermancy,2011,9.99,"Action, Indie, RPG",Single&Multi-player,windows
Fahrenheit: Indigo Prophecy Remastered,2015,9.99,"Adventure, RPG",Single-player,"windows, mac, linux"
Passpartout: The Starving Artist,2017,9.99,"Casual, Indie, Simulation",Single-player,"windows, mac, linux"
YAPYAP,2026,9.99,Action,Single&Multi-player,"windows, mac"
Sid Meier's Pirates!,2006,9.99,RPG,Single-player,windows
Nordic Ashes: Survivors of Ragnarok,2024,9.99,"Action, Adventure, Casual, Indie, RPG, Strategy",Single-player,"windows, mac, linux"
"Good Pizza, Great Pizza - Cooking Simulator Game",2023,9.99,"Casual, Indie, Simulation",Single-player,"windows, mac"
The Silent Age,2015,9.99,"Adventure, Casual, Indie",Single-player,"windows, mac"
Mad Father,2016,9.99,"Adventure, Indie",Single-player,windows
Emily is Away <3,2021,9.99,"Adventure, Casual, Indie, RPG, Simulation",Single-player,"windows, mac"
Tower of Babel: Survivors of Chaos,2025,9.99,"Action, RPG, Early Access",Single-player,"windows, mac"
Magicite,2014,9.99,"Action, Adventure, Indie, RPG",Single&Multi-player,"windows, mac, linux"
Long Live The Queen,2013,9.99,"Indie, RPG, Simulation, Strategy",Single-player,"windows, mac, linux"
Medieval Engineers,2015,9.99,"Action, Indie, Simulation, Strategy",Single&Multi-player,windows
Nidhogg,2014,9.99,"Action, Indie, sports",Single&Multi-player,"windows, mac"
Teamfight Manager,2021,9.99,"Indie, Simulation, sports",Single&Multi-player,"windows, mac"
Shotgun King: The Final Checkmate,2022,9.99,"Action, Indie, Strategy",Single-player,"windows, mac, linux"
Species: Unknown,2025,9.99,"Action, Indie, Early Access",Single&Multi-player,windows
Öoo,2025,9.99,"Action, Adventure, Indie",Single-player,windows
Hatoful Boyfriend,2014,9.99,"Casual, Indie, Simulation",Single-player,windows
Fears to Fathom - Ironbark Lookout,2023,9.99,"Adventure, Casual, Indie",Single-player,windows
PIPE by BMX Streets,2018,9.99,"Indie, Simulation, sports",Single-player,"windows, mac"
ANEURISM IV,2025,9.99,"Action, RPG, Simulation",Multi-player,"windows, mac"
Turbo Dismount™,2014,9.99,"Action, Indie, Simulation",Single-player,"windows, mac"
KLETKA,2026,9.99,"Action, Adventure, Indie",Single&Multi-player,"windows, linux"
art of rally,2020,9.99,"Action, Indie, Racing, Simulation, sports",Single-player,"windows, mac, linux"
Tom Clancy's Rainbow Six® Vegas 2,2008,9.99,Action,Single&Multi-player,windows
Mount & Blade,2008,9.99,"Indie, RPG",Single-player,windows
Beyond The Wire,2022,9.99,"Action, Indie, Massively Multiplayer, Simulation, Strategy",Multi-player,windows
Tom Clancy's Splinter Cell Chaos Theory®,2005,9.99,Action,Single-player,windows
Phoenix Point,2020,9.99,"RPG, Strategy",Single-player,"windows, mac"
A Difficult Game About Climbing,2024,9.99,"Action, Adventure",Single-player,"windows, mac"
Blitzkrieg 3,2017,9.99,Strategy,Single-player,windows
iRacing,2015,9.99,"Massively Multiplayer, Racing, Simulation, sports",Single&Multi-player,windows
Rift of the NecroDancer,2025,9.99,"Action, Indie, RPG",Single-player,windows
私のリアルは充実しすぎている フルボイス版,2022,9.99,"Adventure, Casual, Indie",Single-player,windows
Beat Hazard,2010,9.99,"Action, Casual, Indie",Single&Multi-player,"windows, mac, linux"
Acting Lessons,2019,9.99,Indie,Single-player,"windows, mac, linux"
DeadPoly,2022,9.99,"Action, Adventure, Casual, Indie, Massively Multiplayer, RPG, , Early Access",Single&Multi-player,windows
Super Fantasy Kingdom,2025,9.99,"RPG, Simulation, Strategy, Early Access",Single-player,windows
Gaokao.Love.100Days,2015,9.99,"Adventure, Casual, Indie, Simulation",Single-player,windows
Hearts of Iron III,2009,9.99,Strategy,Single&Multi-player,"windows, mac"
Arctic Eggs,2024,9.99,"Adventure, Indie, Simulation",Single-player,"windows, mac, linux"
Sakura Spirit,2014,9.99,Indie,Single-player,"windows, mac, linux"
Angels of Death,2016,9.99,"Adventure, Indie, RPG",Single-player,windows
PAC-MAN™ Championship Edition DX+,2013,9.99,Action,Single-player,windows
Mr.President!,2016,9.99,"Action, Adventure, Indie, Simulation",Single-player,windows
Reus,2013,9.99,"Indie, Simulation, Strategy",Single-player,"windows, mac, linux"
DEADBOLT,2016,9.99,"Action, Indie",Single-player,"windows, mac, linux"
OPERATOR,2023,9.99,"Action, Indie, RPG, Simulation, Strategy, Early Access",Single&Multi-player,windows
OPERATOR,2023,9.99,"Action, Indie, RPG, Simulation, Strategy, Early Access",Single&Multi-player,windows
SKYHILL,2015,9.99,"Adventure, Indie, Simulation",Single-player,"windows, mac, linux"
Apocalypse Party,2023,9.99,"Action, Casual, Indie, Strategy",Single&Multi-player,windows
Evoland,2013,9.99,"Adventure, Indie, RPG",Single-player,"windows, mac"
OneShot: World Machine Edition,2024,9.99,"Adventure, Casual, Indie",Single-player,"windows, mac"
Defense Grid: The Awakening,2008,9.99,"Indie, Strategy",Single-player,windows
Our End of the World,2017,9.99,"Adventure, Indie, Simulation",Single-player,"windows, mac"
Ben and Ed,2015,9.99,"Action, Adventure, Indie",Single-player,windows
The Hex,2018,9.99,Indie,Single-player,"windows, mac, linux"
GRIME,2021,9.99,"Action, Indie, RPG",Single-player,"windows, mac"
Melody's Escape,2016,9.99,Indie,Single-player,"windows, mac, linux"
Interstellar Marines,2013,9.99,"Action, Indie, RPG, Simulation, Early Access",Single&Multi-player,"windows, mac, linux"
Stories Untold,2017,9.99,"Adventure, Indie",Single-player,"windows, mac"
Half-Life Deathmatch: Source,2006,9.99,Action,Multi-player,"windows, linux"
TheoTown,2019,9.99,"Adventure, Casual, Indie, Simulation, Strategy",Single&Multi-player,"windows, mac, linux"
Thomas Was Alone,2012,9.99,Indie,Single-player,"windows, mac"
Old Market Simulator,2024,9.99,Simulation,Single&Multi-player,windows
Men of War: Assault Squad,2011,9.99,Strategy,Single&Multi-player,windows
The Thrill of the Fight - VR Boxing,2019,9.99,"Action, sports",Single-player,windows
The Drone Racing League Simulator,2017,9.99,"Action, Indie, Racing, Simulation, sports",Single&Multi-player,"windows, mac"
Sacred Gold,2008,9.99,"Action, RPG",Single-player,windows
My Vow to My Liege,2020,9.99,"Casual, Indie",Single-player,"windows, mac"
Megaloot,2024,9.99,"Casual, Indie, RPG, Strategy",Single&Multi-player,windows
Civilization IV: Beyond the Sword,2007,9.99,Strategy,Single-player,"windows, mac"
SuchArt: Genius Artist Simulator,2022,9.99,"Adventure, Casual, Indie, Simulation",Single-player,windows
Bloodstained: Curse of the Moon,2018,9.99,Action,Single-player,windows
Hunt Down The Freeman,2018,9.99,Action,Single-player,windows
Buddy Simulator 1984,2021,9.99,"Adventure, Casual, Indie, RPG, Simulation",Single-player,windows
CASE: Animatronics,2016,9.99,"Action, Adventure, Indie, Simulation",Single-player,"windows, mac"
Penumbra Overture,2009,9.99,"Action, Adventure, Indie",Single-player,"windows, mac, linux"
Tom Clancy's Splinter Cell®,2008,9.99,Action,Single-player,windows
GemCraft - Chasing Shadows,2015,9.99,"Action, Indie, Strategy",Single-player,windows
"Guns, Gore & Cannoli",2015,9.99,"Action, Indie",Single&Multi-player,"windows, mac"
FlatOut 3: Chaos & Destruction,2011,9.99,Racing,Single&Multi-player,windows
Spooky's Jump Scare Mansion: HD Renovation,2017,9.99,"Action, Adventure, Indie",Single-player,"windows, mac"
Perfect Heist 2,2021,9.99,"Action, Casual, Indie, Strategy",Single&Multi-player,"windows, linux"
灾厄黑龙与谎言公主,2025,9.99,"Adventure, Indie, RPG",Single-player,"windows, mac, linux"
Amnesia™: Memories,2015,9.99,Adventure,Single-player,windows
Risen 2: Dark Waters,2012,9.99,RPG,Single-player,windows
The Bridge,2013,9.99,"Adventure, Casual, Indie, Strategy",Single-player,"windows, mac, linux"
Caveblazers,2017,9.99,"Action, Adventure, Indie",Single&Multi-player,windows
LUFTRAUSERS,2014,9.99,"Action, Casual, Indie, Simulation",Single-player,"windows, mac, linux"
The Guild II Renaissance,2010,9.99,"Simulation, Strategy",Single-player,windows
Warbox,2021,9.99,"Action, Early Access",Single-player,windows
Caster,2009,9.99,"Action, Adventure, Casual, Indie, RPG, Strategy",Single-player,"windows, mac"
Exit the Gungeon,2020,9.99,"Action, Adventure, Indie",Single-player,windows
Blockland,2013,9.99,"Action, Indie, Simulation",Single&Multi-player,windows
Juicy Realm,2018,9.99,"Action, Adventure, Casual, Indie, RPG",Single&Multi-player,"windows, mac"
Rock of Ages,2011,9.99,"Action, Indie, Racing, Strategy",Single&Multi-player,windows
Heartbound,2018,9.99,"Action, Adventure, Indie, RPG, Early Access",Single-player,"windows, linux"
60 Parsecs!,2018,9.99,"Adventure, Casual, Indie, RPG, Simulation, Strategy",Single-player,"windows, mac"
Lucid Blocks,2026,9.99,"Action, Adventure, Indie, RPG",Single-player,windows
Serious Sam Classics: Revolution,2019,9.99,"Action, Indie",Single&Multi-player,windows
Fears to Fathom - Woodbury Getaway,2024,9.99,"Adventure, Casual, Indie",Single-player,windows
Class of '09: The Flip Side,2024,9.99,"Casual, Indie",Single-player,"windows, mac"
Notch - The Innocent LunA: Eclipsed SinnerS,2015,9.99,"Adventure, Casual, Indie",Single-player,windows
Just Go,2022,9.99,"Casual, Indie, Simulation, Strategy",Single&Multi-player,"windows, mac"
Welcome to the Game II,2018,9.99,"Indie, Simulation, Strategy",Single-player,"windows, mac"
CASE 2: Animatronics Survival,2019,9.99,"Action, Adventure, Indie, Massively Multiplayer, Simulation",Single&Multi-player,windows
planetarian HD,2017,9.99,"Adventure, Casual, Simulation",Single-player,windows
Heretic's Fork,2023,9.99,"Action, Strategy",Single-player,windows
Superfighters Deluxe,2018,9.99,"Action, Indie",Single&Multi-player,windows
Path of Achra,2024,9.99,RPG,Single-player,windows
Beat Banger,2023,9.99,"Casual, Indie, Early Access",Single-player,"windows, mac, linux"
Shank,2010,9.99,"Action, Indie",Single&Multi-player,"windows, mac, linux"
Blackguards,2014,9.99,"Action, Adventure, Indie, RPG, Strategy",Single-player,windows
Roguelands,2016,9.99,"Action, Adventure, Indie, RPG",Single&Multi-player,"windows, mac, linux"
Shadow Warrior Classic Redux,2013,9.99,Action,Single-player,"windows, mac, linux"
Primordia,2012,9.99,"Adventure, Indie",Single-player,"windows, mac, linux"
Eternights,2023,9.99,"Action, Casual, Indie, RPG",Single-player,windows
Dungeons of Sundaria,2023,9.99,"Action, Adventure, Indie, RPG",Single&Multi-player,windows
Bladed fury,2018,9.99,"Action, Adventure, Casual, Indie, RPG",Single-player,windows
The Hat Man: Shadow Ward,2016,9.99,"Action, Adventure, Indie",Single-player,"windows, mac"
Old Man's Journey,2017,9.99,"Adventure, Casual, Indie",Single-player,"windows, mac"
Academia : School Simulator,2021,9.99,"Indie, Simulation, Strategy",Single-player,"windows, mac"
Endoparasitic,2022,9.99,Indie,Single-player,"windows, mac, linux"
Zombie Driver HD,2012,9.99,"Action, Indie, Racing",Single-player,windows
Knights and Merchants,2013,9.99,"Simulation, Strategy",Single&Multi-player,"windows, mac, linux"
Dwarven Realms,2024,9.99,,Single-player,windows
Mitsurugi Kamui Hikae,2014,9.99,"Action, Indie",Single-player,windows
再刷一把2：金色传说,2024,9.99,"Adventure, Indie, RPG, Strategy",Single-player,windows
Penumbra: Black Plague Gold Edition,2009,9.99,"Action, Adventure, Indie",Single-player,"windows, mac, linux"
Dungeon Rampage,2025,9.99,"Action, Casual, Indie, RPG, Early Access",Multi-player,windows
SIFU Kidnapped! Adventure in the Women's Kingdom,2026,9.99,"Adventure, Casual, Indie, RPG, Strategy",Single-player,windows
Windward,2015,9.99,"Action, Adventure, Indie, RPG",Single&Multi-player,"windows, mac, linux"
MILFs of Sunville - Season 1,2023,9.99,"Indie, RPG",Single-player,"windows, mac"
BlazBlue: Calamity Trigger,2014,9.99,Action,Single&Multi-player,windows
近畿霊務局 - Kinki Spiritual Affairs Bureau,2024,9.99,"Action, Indie",Single-player,windows
DG2: Defense Grid 2,2014,9.99,"Indie, Strategy",Single&Multi-player,windows
IL-2 Sturmovik: 1946,2008,9.99,Simulation,Single&Multi-player,windows
SpaceChem,2011,9.99,"Indie, Simulation",Single-player,"windows, mac, linux"
Redeemer: Enhanced Edition,2017,9.99,"Action, Indie",Single&Multi-player,windows
DEAD OR SCHOOL,2019,9.99,"Action, Indie, RPG",Single-player,windows
Wargame: European Escalation,2012,9.99,"Indie, Simulation, Strategy",Single&Multi-player,"windows, mac, linux"
Sky Force Reloaded,2017,9.99,"Action, Indie",Single&Multi-player,"windows, mac, linux"
Equilinox,2018,9.99,"Casual, Indie, Simulation",Single-player,"windows, mac, linux"
Train Valley,2015,9.99,"Action, Adventure, Casual, Indie, Simulation, Strategy",Single-player,"windows, mac, linux"
Sid Meier's Railroads!,2007,9.99,Strategy,Single&Multi-player,"windows, mac"
The Ship: Murder Party,2006,9.99,"Action, Indie, RPG",Single&Multi-player,windows
Twilight Struggle,2016,9.99,"Simulation, Strategy",Single&Multi-player,"windows, mac"
Shank 2,2012,9.99,"Action, Adventure, Indie",Single&Multi-player,"windows, mac"
Lifeless Planet Premier Edition,2014,9.99,"Action, Adventure, Indie",Single-player,"windows, linux"
SuperPower 2 Steam Edition,2014,9.99,"Simulation, Strategy",Single&Multi-player,windows
Charlie Murder,2017,9.99,"Action, Adventure, Indie, RPG",Single&Multi-player,"windows, mac, linux"
Nova Lands,2023,9.99,"Adventure, Indie, Simulation, Strategy",Single-player,windows
The Last Stand Legacy Collection,2021,9.99,"Action, Adventure",Single-player,"windows, mac"
Garden Galaxy,2022,9.99,"Casual, Indie",Single-player,windows
Among Us 3D: VR,2022,9.99,Casual,Multi-player,windows
The Upturned,2022,9.99,"Action, Adventure, Indie",Single-player,windows
Conquest Dark,2025,9.99,"Action, Indie, RPG, Early Access",Single-player,windows
Among Us 3D,2025,9.99,Casual,Multi-player,windows
Red Faction,2001,9.99,Action,Single&Multi-player,windows
Bus Simulator 16,2016,9.99,Simulation,Single&Multi-player,"windows, mac"
RAID: World War II,2017,9.99,"Action, Adventure, RPG",Single&Multi-player,windows
The Count Lucanor,2016,9.99,"Adventure, Indie, RPG",Single-player,"windows, mac, linux"
Snakeybus,2019,9.99,"Action, Casual, Indie",Single&Multi-player,"windows, mac"
SpellForce - Platinum Edition,2009,9.99,"Action, RPG",Single-player,windows
LOVE³ -Love Cube-,2019,9.99,"Casual, Indie",Single-player,windows
Dear Esther: Landmark Edition,2017,9.99,"Adventure, Casual, Indie, ",Single-player,"windows, mac"
Duck Detective: The Ghost of Glamping,2025,9.99,"Adventure, Casual, Indie",Single-player,"windows, mac, linux"
Home Design 3D,2015,9.99,Simulation,Single-player,"windows, mac"
Subliminal,2026,9.99,"Adventure, Indie, RPG, Simulation, Strategy",Single-player,windows
Fallout Tactics: Brotherhood of Steel,2009,9.99,Strategy,Single&Multi-player,windows
GONE Fishing,2025,9.99,"Action, Adventure, Indie, Early Access",Single&Multi-player,windows
Misao - 2024 HD Remaster,2017,9.99,"Adventure, Casual, Indie",Single-player,windows
Doom & Destiny,2015,9.99,"Indie, RPG",Single-player,"windows, mac"
Witch Hunt,2018,9.99,"Action, Adventure, Indie",Single-player,windows
Robot Roller-Derby Disco Dodgeball,2015,9.99,"Action, Indie, sports",Single&Multi-player,"windows, mac, linux"
White Noise 2,2017,9.99,"Action, Adventure, Indie, Strategy",Single&Multi-player,"windows, mac, linux"
DEATH NOTE Killer Within,2024,9.99,"Casual, Strategy",Multi-player,windows
Hextech Mayhem: A League of Legends Story™,2021,9.99,"Action, Indie",Single-player,windows
FRAMED Collection,2018,9.99,"Adventure, Casual, Indie",Single-player,"windows, mac, linux"
Space Pirates and Zombies,2011,9.99,"Action, Indie, RPG, Strategy",Single-player,"windows, mac, linux"
Gods Will Be Watching,2014,9.99,"Adventure, Indie",Single-player,"windows, mac, linux"
再见断刀,2025,9.99,"Adventure, Indie, RPG",Single-player,windows
Glyphica: Typing Survival,2024,9.99,"Action, Indie, Strategy, Early Access",Single-player,"windows, mac"
我来自江湖 From Jianghu,2020,9.99,"Adventure, Indie, RPG, Simulation, Strategy, Early Access",Single-player,windows
Miracle Snack Shop,2018,9.99,"Casual, Indie, Simulation",Single-player,windows
Touhou Danmaku Kagura Phantasia Lost,2024,9.99,"Action, Adventure, Casual, Indie",Single-player,windows
Ikaruga,2014,9.99,"Action, Indie",Single&Multi-player,windows
Knights of Honor,2009,9.99,Strategy,Single&Multi-player,windows
LIZARDS MUST DIE 2,2025,9.99,"Action, Adventure, Indie, Massively Multiplayer",Single&Multi-player,windows
Zombieville USA 3D,2025,9.99,"Action, Indie",Single&Multi-player,windows
Zeno Clash,2009,9.99,"Action, Indie",Single-player,windows
Crashlands 2,2025,9.99,"Action, Adventure, Indie, RPG",Single-player,windows
Lichdom: Battlemage,2014,9.99,"Action, Indie, RPG",Single-player,windows
Sakura Swim Club,2015,9.99,"Casual, Indie",Single-player,"windows, mac, linux"
Sky Force Anniversary,2015,9.99,"Action, Indie",Single&Multi-player,"windows, mac, linux"
Oh Deer,2024,9.99,"Action, Casual, Indie",Multi-player,windows
They Bleed Pixels,2012,9.99,"Action, Indie",Single-player,"windows, mac, linux"
Breach & Clear,2014,9.99,"Action, RPG, Simulation, Strategy",Single-player,"windows, mac, linux"
Backyard Baseball '97,2024,9.99,"Casual, sports",Single-player,windows
Arco,2024,9.99,"Action, Indie, Strategy",Single-player,"windows, mac"
SWORD x HIME,2020,9.99,"Action, Adventure, Indie, RPG",Single-player,"windows, mac, linux"
Heave Ho,2019,9.99,"Adventure, Indie",Single&Multi-player,"windows, mac"
Sanctum,2011,9.99,"Action, Casual, Indie, Strategy",Single&Multi-player,"windows, mac"
Race The Sun,2013,9.99,"Action, Indie, Racing",Single-player,"windows, mac, linux"
Super Fancy Pants Adventure,2017,9.99,"Action, Adventure, Casual, Indie",Single-player,"windows, mac"
我只是想让她们都幸福,2025,9.99,"Adventure, RPG, Simulation",Single-player,windows
Warsim: The Realm of Aslona,2022,9.99,"Indie, RPG, Simulation, Strategy",Single-player,windows
Fairy Fencer F,2015,9.99,RPG,Single-player,windows
Fresh Start Cleaning Simulator,2022,9.99,"Action, Adventure, Casual, Indie, Simulation",Single-player,windows
Shattered Pixel Dungeon,2022,9.99,"Adventure, Indie, RPG",Single-player,"windows, mac, linux"
Overlord™: Raising Hell,2008,9.99,RPG,Single-player,windows
Dungeon Warfare,2015,9.99,"Indie, Strategy",Single-player,"windows, mac, linux"
Double Dragon: Neon,2014,9.99,"Action, Indie",Single&Multi-player,windows
Carcassonne - Tiles & Tactics,2017,9.99,"Casual, Strategy",Single&Multi-player,windows
Neighbors: Suburban Warfare,2025,9.99,"Action, Casual, Indie, Strategy, Early Access",Multi-player,windows
Hakuoki: Kyoto Winds,2017,9.99,Adventure,Single-player,windows
The Longest Journey,2007,9.99,"Action, Adventure, RPG",Single-player,windows
极速营救,2025,9.99,"RPG, Strategy",Single-player,windows
"Ship, Inc.",2025,9.99,"Casual, Indie, Simulation, Strategy",Single-player,"windows, mac, linux"
Knights of Pen and Paper +1 Edition,2013,9.99,"Indie, RPG",Single-player,"windows, mac, linux"
Enclave,2013,9.99,"Action, RPG",Single-player,"windows, mac, linux"
寄居隅怪奇事件簿 Hermitage Strange Case Files,2018,9.99,Indie,Single-player,windows
Sexy Mystic Survivors,2022,9.99,"Action, Casual, Indie, RPG, Early Access",Single-player,windows
BIT.TRIP RUNNER,2011,9.99,"Action, Indie",Single-player,"windows, mac"
The Last Door - Collector's Edition,2014,9.99,"Adventure, Indie",Single-player,"windows, mac, linux"
The Pathless,2021,9.99,"Action, Adventure, Indie",Single-player,windows
Kathy Rain,2016,9.99,"Adventure, Indie",Single-player,"windows, mac"
Predynastic Egypt,2016,9.99,"Indie, Simulation, Strategy",Single-player,"windows, mac, linux"
Sinister Night 2,2025,9.99,"Action, Adventure, Casual, RPG, Strategy",Multi-player,windows
Original War,2014,9.99,"Indie, Strategy",Single&Multi-player,windows
Love Ribbon,2017,9.99,"Casual, Indie",Single-player,"windows, mac, linux"
Cat God Ranch,2024,9.99,"Casual, Indie, RPG, Simulation, Strategy",Single-player,"windows, mac"
WRC 4 FIA World Rally Championship,2013,9.99,Racing,Single&Multi-player,windows
Endless Monday: Dreams and Deadlines,2023,9.99,"Adventure, Indie",Single-player,"windows, mac, linux"
Minit,2018,9.99,"Adventure, Indie",Single-player,"windows, mac, linux"
The Initial,2017,9.99,"Action, Adventure, Indie, RPG",Single-player,"windows, mac"
Take On Mars,2017,9.99,Simulation,Single&Multi-player,windows
Kitty Powers' Matchmaker,2015,9.99,"Casual, Indie, Simulation",Single-player,"windows, mac"
Blood Code,2015,9.99,"Adventure, Casual, Indie, Simulation, Strategy",Single-player,"windows, mac, linux"
Tom Clancy's Splinter Cell Double Agent®,2009,9.99,Action,Single-player,windows
Klonoa Phantasy Reverie Series,2022,9.99,"Action, Adventure, Casual",Single&Multi-player,windows
Wildmender,2023,9.99,"Adventure, Indie, Simulation, Strategy",Single&Multi-player,windows
Nexomon,2020,9.99,"Adventure, Casual, Indie, RPG, Simulation",Single-player,"windows, mac"
NIMRODS,2024,9.99,"Action, Adventure, Casual, Indie, RPG, Early Access",Single-player,"windows, mac"
Darkest Hour: A Hearts of Iron Game,2011,9.99,Strategy,Single&Multi-player,windows
Teslagrad,2013,9.99,Indie,Single-player,"windows, mac, linux"
Analogue: A Hate Story,2012,9.99,Indie,Single-player,"windows, mac, linux"
Corruption of Champions II,2020,9.99,"Adventure, Casual, Indie, RPG, Early Access",Single-player,"windows, linux"
The Dishwasher: Vampire Smile,2017,9.99,"Action, Indie",Single&Multi-player,"windows, mac, linux"
Garten of Banban 4,2023,9.99,"Action, Adventure, Casual, Indie",Single-player,windows
The Uncertain: Last Quiet Day,2016,9.99,"Adventure, Indie",Single-player,"windows, mac"
Critters for Sale,2021,9.99,"Action, Adventure, Indie",Single-player,"windows, linux"
CRUEL,2025,9.99,"Action, Indie",Single-player,windows
Neon Drive,2016,9.99,"Action, Indie",Single-player,"windows, mac, linux"
Ideology in Friction,2019,9.99,"Indie, RPG",Single-player,windows
Another World – 20th Anniversary Edition,2013,9.99,"Action, Adventure",Single-player,"windows, mac, linux"
Volgarr the Viking,2013,9.99,"Action, Adventure, Indie",Single-player,"windows, mac, linux"
Nuclear Dawn,2011,9.99,"Action, Strategy",Multi-player,"windows, mac, linux"
Academy Love Saga: Tennis Angels EX,2025,9.99,"RPG, Simulation, sports",Single-player,windows
Intrusion 2,2012,9.99,"Action, Indie",Single-player,"windows, linux"
Dropsy,2015,9.99,"Adventure, Indie",Single-player,"windows, mac, linux"
Lakeview Cabin Collection,2015,9.99,Indie,Single-player,"windows, mac"
Gnomes,2025,9.99,"Casual, Indie, Strategy",Single-player,windows
Drug Lord Tycoon,2024,9.99,"Action, Casual, Indie, Simulation, Strategy, Early Access",Single-player,windows
DeadCore,2014,9.99,"Action, Indie",Single-player,"windows, mac, linux"
Fragmented,2017,9.99,"Action, Indie, RPG",Single-player,windows
The Walking Trade,2026,9.99,"Indie, Simulation",Single-player,windows
City of Broken Dreamers: Book One,2020,9.99,Indie,Single-player,"windows, mac, linux"
Knock-knock,2013,9.99,"Adventure, Casual",Single-player,"windows, mac, linux"
恋爱吗？我家猫会后空翻,2025,9.99,"Casual, RPG, Simulation",Single-player,windows
Tom Clancy's Rainbow Six® Vegas,2008,9.99,Action,Single&Multi-player,windows
Solar 2,2011,9.99,"Action, Adventure, Casual, Indie, Simulation",Single-player,"windows, mac, linux"
Whispers from the Star,2025,9.99,"Adventure, Casual, RPG, Simulation",Single-player,windows
Impossible Creatures Steam Edition,2015,9.99,Strategy,Single&Multi-player,windows
Weapon Shop Fantasy,2017,9.99,"Adventure, Casual, Indie, RPG, Simulation",Single-player,"windows, mac, linux"
Rebel Cops,2019,9.99,Strategy,Single-player,"windows, mac, linux"
Shoppe Keep 2,2019,9.99,"Adventure, Indie, RPG, Simulation, Strategy",Single&Multi-player,windows
METAL SLUG ATTACK RELOADED,2024,9.99,"RPG, Simulation, Strategy",Single&Multi-player,windows
A New Beginning - Final Cut,2012,9.99,"Adventure, Indie",Single-player,"windows, mac"
D&D Lords of Waterdeep,2017,9.99,Strategy,Single&Multi-player,"windows, mac"
Die Young,2019,9.99,"Action, Adventure, Indie, Simulation",Single-player,windows
Atlantic Fleet,2016,9.99,"Simulation, Strategy",Single-player,"windows, mac"
Angels with Scaly Wings™ / 鱗羽の天使,2017,9.99,"Adventure, Indie, RPG, Simulation",Single-player,"windows, mac, linux"
The Walking Dead: Saints & Sinners - Chapter 2: Retribution,2023,9.99,"Action, Adventure, RPG",Single-player,windows
Bee Island,2023,9.99,"Action, Casual, Indie, Simulation, Strategy",Single-player,windows
DRAPLINE,2025,9.99,"Adventure, Indie, RPG, Simulation, Early Access",Single-player,windows
Sakura Angels,2015,9.99,"Casual, Indie",Single-player,"windows, mac, linux"
TurretGirls,2025,9.99,"Action, Indie",Single-player,windows
Manual Samuel - Last Tuesday Edition,2016,9.99,"Adventure, Indie",Single&Multi-player,"windows, mac, linux"
Garten of Banban 7,2024,9.99,"Action, Adventure, Casual, Indie",Single-player,windows
Oddworld: Stranger's Wrath HD,2010,9.99,"Action, Adventure, Strategy",Single-player,windows
1954 Alcatraz,2014,9.99,"Adventure, Indie",Single-player,windows
Kingsway,2017,9.99,"Adventure, RPG, Simulation",Single-player,windows
Toilet Chronicles,2022,9.99,"Action, Adventure, Indie, Simulation",Single-player,windows
No-brainer Heroes 挂机吧！勇者,2019,9.99,"Adventure, Casual, Indie, RPG, Simulation, Strategy",Single-player,"windows, mac"
Trap Shrine,2019,9.99,Casual,Single-player,windows
Orwell: Ignorance is Strength,2018,9.99,"Adventure, Indie, Simulation",Single-player,"windows, mac, linux"
Four Last Things,2017,9.99,"Adventure, Indie",Single-player,windows
Obscure II (Obscure: The Aftermath),2014,9.99,"Action, Adventure",Single&Multi-player,windows
Butcher's Creek,2025,9.99,Action,Single-player,windows
Parking Garage Rally Circuit,2024,9.99,"Action, Indie, Racing",Single&Multi-player,"windows, mac, linux"
Workplace Fantasy,2023,9.99,"Adventure, Indie, RPG",Single-player,"windows, mac"
Love at First Sight,2015,9.99,Indie,Single-player,"windows, mac, linux"
Proteus,2013,9.99,"Adventure, Casual, Indie",Single-player,"windows, mac, linux"
Ascension: Deckbuilding Game,2014,9.99,"Casual, Strategy",Single&Multi-player,"windows, mac"
Undusted: Letters from the Past,2025,9.99,"Casual, Indie, Simulation",Single-player,windows
High Hell,2017,9.99,"Action, Indie",Single-player,"windows, mac"
Garten of Banban 8: Anti Devil,2025,9.99,"Action, Adventure, Casual, Indie",Single-player,windows
Always Sometimes Monsters,2014,9.99,"Indie, RPG",Single-player,"windows, mac, linux"
Oblivity - Find your perfect Sensitivity,2022,9.99,"Action, Casual, Indie, Simulation",Single-player,windows
Kinetic Void,2014,9.99,"Action, Indie, Simulation",Single-player,"windows, mac, linux"
Cheaters Cheetah,2025,9.99,Action,Single&Multi-player,windows
Glory & Miserable Survivors DX,2023,9.99,"Action, Casual, RPG",Single-player,windows
Toy Soldiers,2012,9.99,"Action, Casual, Simulation, Strategy",Single-player,windows
Amanda the Adventurer 2,2024,9.99,"Adventure, Indie",Single-player,windows
Go! Go! Nippon! ~My First Trip to Japan~,2014,9.99,Adventure,Single-player,windows
"That Dragon, Cancer",2016,9.99,"Adventure, Indie",Single-player,"windows, mac, linux"
Topple Tactics,2023,9.99,"Action, Casual, Indie, Strategy",Multi-player,windows
Overlooting,2025,9.99,"Adventure, RPG, Strategy",Single-player,windows
The Long Journey Home,2017,9.99,"Indie, RPG, Simulation, Strategy",Single-player,"windows, mac"
WRC 5 FIA World Rally Championship,2015,9.99,Racing,Single&Multi-player,windows
MewnBase,2023,9.99,"Casual, Indie, Simulation",Single-player,"windows, linux"
"Please, Don't Touch Anything 3D",2016,9.99,"Adventure, Casual, Indie",Single-player,"windows, mac"
Snow Daze: The Music of Winter Special Edition,2018,9.99,Casual,Single-player,"windows, mac, linux"
Bounty Train,2017,9.99,"Indie, Simulation, Strategy",Single-player,"windows, mac"
Forgive Me Father 2,2024,9.99,"Action, Indie",Single-player,windows
Mind Over Magnet,2024,9.99,"Adventure, Indie",Single-player,"windows, mac"
Disciples III: Reincarnation,2014,9.99,"RPG, Strategy",Single&Multi-player,windows
Lunar Mirror:The Pavilion of Desire,2023,9.99,"Adventure, Indie",Single-player,windows
Border Officer,2019,9.99,"Action, Adventure, Indie, Simulation",Single-player,windows
ElecHead,2021,9.99,"Action, Adventure, Indie",Single-player,windows
Bloomtown: A Different Story,2024,9.99,"Adventure, Indie, RPG",Single-player,windows
Scrutinized,2020,9.99,"Indie, Simulation",Single-player,windows
Heavy Bullets,2014,9.99,"Action, Indie",Single-player,"windows, mac, linux"
The House of Da Vinci 3,2022,9.99,"Adventure, Indie",Single-player,"windows, mac"
King's Bounty: Warriors of the North,2012,9.99,"RPG, Strategy",Single-player,"windows, mac"
Gemini Rue,2011,9.99,"Adventure, Indie",Single-player,"windows, mac, linux"
Creepy Tale 2,2021,9.99,"Adventure, Indie",Single-player,"windows, mac, linux"
"YEAH! YOU WANT ""THOSE GAMES,"" RIGHT? SO HERE YOU GO! NOW, LET'S SEE YOU CLEAR THEM!",2023,9.99,Casual,Single-player,windows
Dealer's Life,2019,9.99,"Casual, Indie, Simulation",Single-player,windows
Tangy TD,2026,9.99,"Action, Indie, Strategy",Single-player,windows
荒岛求生：逃出美女岛,2025,9.99,"Adventure, Indie, RPG, Simulation",Single-player,"windows, mac"
Whispering Willows,2014,9.99,"Adventure, Indie",Single-player,"windows, mac, linux"
Wagotabi: A Japanese Journey,2025,9.99,"Casual, Indie, RPG, Simulation",Single-player,"windows, mac, linux"
Legend of Dungeon,2013,9.99,"Action, Indie, RPG",Single&Multi-player,"windows, mac, linux"
Hero of the Kingdom III,2018,9.99,"Adventure, Casual, Indie, RPG",Single-player,"windows, mac, linux"
Garten of Banban 6,2023,9.99,"Action, Adventure, Casual, Indie",Single-player,windows
Beast Battle Simulator,2018,9.99,"Action, Indie, Simulation, sports, Strategy",Single-player,windows
Dustforce DX,2012,9.99,"Action, Indie",Single-player,"windows, mac, linux"
The Purring Quest,2015,9.99,Indie,Single-player,windows
Shantae: Risky's Revenge - Director's Cut,2014,9.99,"Action, Adventure, Indie",Single-player,windows
Holy Potatoes! A Weapon Shop?!,2015,9.99,"Indie, Simulation",Single-player,"windows, mac, linux"
Sentinels of the Multiverse,2014,9.99,"Indie, Strategy",Single&Multi-player,"windows, mac, linux"
Regular Human Workshop,2022,9.99,"Indie, Simulation",Single-player,windows
Castle In The Darkness,2015,9.99,"Action, Adventure, Indie, RPG",Single-player,windows
Avernum: Escape From the Pit,2012,9.99,"Indie, RPG, Strategy",Single-player,"windows, mac"
Sin Spire,2026,9.99,"Action, Adventure, Indie",Single-player,windows
Armikrog,2015,9.99,"Adventure, Indie",Single-player,"windows, mac, linux"
McPixel 3,2022,9.99,"Adventure, Casual, Indie",Single-player,"windows, mac, linux"
Panzermadels: Tank Dating Simulator,2016,9.99,"Adventure, Casual, Indie, RPG, Simulation",Single-player,"windows, mac"
Dead Synchronicity: Tomorrow Comes Today,2015,9.99,"Adventure, Indie",Single-player,"windows, mac, linux"
Majesty 2,2009,9.99,"Simulation, Strategy",Single-player,windows
The Procession to Calvary,2020,9.99,"Adventure, Indie",Single-player,"windows, mac, linux"
Smilemo,2022,9.99,"Action, Adventure, Indie",Single-player,windows
Sword of the Stars: The Pit,2013,9.99,"Casual, Indie, RPG, Strategy",Single-player,"windows, mac, linux"
Home Wars,2017,9.99,"Action, Indie, Strategy",Single-player,windows
Kero Blaster,2015,9.99,"Action, Adventure, Indie",Single-player,"windows, mac"
The Yawhg,2014,9.99,"Indie, RPG",Single&Multi-player,windows
The Black Masses,2024,9.99,"Action, Adventure, Indie, RPG",Single&Multi-player,windows
ISLANDERS: New Shores,2025,9.99,"Casual, Indie, Simulation, Strategy",Single-player,"windows, mac"
Ridge Racer™ Unbounded,2012,9.99,Racing,Single-player,windows
Touhou Artificial Dream in Arcadia,2023,9.99,"Adventure, Indie, RPG",Single-player,windows
Subway Midnight,2021,9.99,"Adventure, Indie",Single-player,windows
NEKOPARA After,2025,9.99,"Adventure, Casual, Indie",Single-player,windows
Atom Zombie Smasher,2011,9.99,"Indie, Strategy",Single&Multi-player,"windows, mac, linux"
IL-2 Sturmovik: Cliffs of Dover Blitz Edition,2017,9.99,Simulation,Single&Multi-player,windows
My Little Blacksmith Shop,2025,9.99,"Casual, Simulation",Single-player,windows
Redout 2,2022,9.99,"Action, Racing, sports",Single&Multi-player,windows
New Star™ GP,2024,9.99,"Indie, Racing, sports",Single&Multi-player,windows
Project Sparrow,2022,9.99,"Action, Indie, Early Access",Multi-player,windows
King's Bounty: Armored Princess,2009,9.99,"RPG, Strategy",Single-player,"windows, mac"
My Neighbor's Lonely Wife 2,2023,9.99,"Indie, Simulation",Single-player,windows
Q-UP,2025,9.99,"Casual, RPG, Simulation, Strategy",Single&Multi-player,"windows, mac"
PUSS!,2018,9.99,"Action, Adventure, Indie",Single-player,"windows, mac"
吞食孔明传 Tunshi Kongming Legends,2019,9.99,"Adventure, Indie, RPG, Strategy",Single-player,windows
Indie Game: The Movie,2012,9.99,Indie,Single-player,"windows, mac"
THRESHOLD,2024,9.99,"Adventure, Indie",Single-player,windows
Soul Touch,2025,9.99,"Adventure, Casual, Indie, RPG, Simulation, Strategy",Single-player,windows
KARAKARA,2016,9.99,"Casual, Indie",Single-player,windows
SILENT BREATH,2024,9.99,"Adventure, Indie, Simulation, Early Access",Single&Multi-player,windows
BRUTALISTICK VR,2024,9.99,"Action, Indie, Early Access",Single-player,windows
Sex Chess,2022,9.99,"Action, Casual, Strategy",Single&Multi-player,windows
AMNESIA,2022,9.99,"Adventure, Indie, Early Access",Single-player,windows
Carrier Deck,2017,9.99,Simulation,Single-player,windows
1979 Revolution: Black Friday,2016,9.99,"Action, Adventure, Indie",Single-player,"windows, mac"
Starblast,2017,9.99,"Action, Casual, Indie, Massively Multiplayer",Multi-player,"windows, mac"
Night Swarm,2025,9.99,"Action, Adventure, Casual, RPG",Single-player,windows
On-Together: Virtual Co-Working,2026,9.99,"Casual, Indie, Simulation",Single&Multi-player,"windows, mac"
PuzzleQuest: Challenge of the Warlords,2008,9.99,Casual,Single&Multi-player,windows
Half Minute Hero: Super Mega Neo Climax Ultimate Boy,2012,9.99,"Action, Casual, RPG",Single&Multi-player,windows
Blaster Master Zero,2019,9.99,Action,Single&Multi-player,windows
Beach Invasion 1944,2022,9.99,"Action, Casual, Indie, Simulation",Single-player,windows
BUTCHER,2016,9.99,"Action, Adventure, Indie",Single-player,"windows, mac, linux"
Fantasy Blacksmith,2019,9.99,"Indie, Simulation",Single-player,windows
Splendor,2015,9.99,"Casual, Strategy",Single&Multi-player,windows
Catlateral Damage,2015,9.99,"Action, Casual, Indie, Simulation",Single-player,"windows, mac, linux"
Anomaly: Warzone Earth,2011,9.99,"Action, Indie, Strategy",Single-player,"windows, mac, linux"
Red Faction II,2009,9.99,"Action, Strategy",Single-player,windows
Lunar Mirror,2023,9.99,"Indie, RPG, Early Access",Single-player,windows
Samurai Bringer,2022,9.99,"Action, Indie",Single-player,windows
Duck Season PC,2019,9.99,"Casual, Indie",Single-player,windows
Demigod,2011,9.99,"Action, Indie, RPG, Strategy",Single&Multi-player,windows
Fight The Dragon,2014,9.99,"Indie, RPG",Single&Multi-player,"windows, mac, linux"
GoNNER,2016,9.99,Indie,Single-player,"windows, mac, linux"
Blades of Time,2012,9.99,"Action, Adventure",Single&Multi-player,"windows, mac"
The Almost Gone,2020,9.99,"Adventure, Indie",Single-player,"windows, mac"
One-Eyed Likho,2025,9.99,"Adventure, Indie",Single-player,windows
Infectonator: Survivors,2016,9.99,"Action, Adventure, Indie, RPG, Simulation, Strategy",Single-player,"windows, mac"
AI War: Fleet Command,2009,9.99,"Indie, Strategy",Single&Multi-player,"windows, mac, linux"
Quiplash,2015,9.99,"Casual, Indie, Strategy",Multi-player,"windows, mac, linux"
Gothic 3: Forsaken Gods Enhanced Edition,2011,9.99,RPG,Single-player,windows
Lunavania,2025,9.99,"Action, Adventure, Indie, RPG, Early Access",Single-player,windows
Tyrant's Realm,2025,9.99,"Action, Indie, RPG",Single-player,windows
Enter The Backrooms,2021,9.99,"Adventure, Casual, Indie",Single-player,windows
Anna - Extended Edition,2013,9.99,"Adventure, Indie",Single-player,"windows, linux"
Silent Storm Gold Edition,2013,9.99,"Action, RPG, Strategy",Single-player,windows
Toren,2015,9.99,"Adventure, Indie",Single-player,"windows, mac"
Rise of Insanity,2018,9.99,"Adventure, Indie, Simulation",Single-player,"windows, linux"
KarmaZoo,2023,9.99,"Action, Casual",Multi-player,windows
BROK the InvestiGator,2022,9.99,"Action, Adventure, Indie, RPG",Single&Multi-player,"windows, mac"
Dream Car Builder,2018,9.99,"Indie, Racing, Simulation",Single&Multi-player,windows
Koi-Koi Japan [Hanafuda playing cards],2015,9.99,Casual,Single&Multi-player,"windows, mac"
Shaolin vs Wutang,2018,9.99,"Action, Casual, Indie",Single&Multi-player,windows
Galactic Civilizations® II: Ultimate Edition,2011,9.99,"Indie, Strategy",Single-player,windows
Aotenjo: Infinite Hands,2025,9.99,"Casual, Indie, Simulation, Strategy, Early Access",Single-player,"windows, mac"
Cosmonautica,2015,9.99,"Adventure, Indie, Simulation, Strategy",Single-player,windows
Bridge Constructor,2013,9.99,"Casual, Indie, Simulation",Single-player,"windows, mac, linux"
Panty Party,2017,9.99,"Action, Adventure, Casual, Indie, Simulation",Single-player,windows
Latex Dungeon,2022,9.99,RPG,Single-player,"windows, mac, linux"
StrikeForce Kitty,2018,9.99,"Adventure, Casual, Indie",Single-player,"windows, mac"
The Uncertain: Light At The End,2020,9.99,"Action, Adventure, Indie, Simulation",Single-player,windows
Linelight,2017,9.99,"Action, Adventure, Casual, Indie",Single-player,"windows, mac, linux"
Battlevoid: Harbinger,2016,9.99,"Action, Indie, Simulation, Strategy",Single-player,"windows, mac, linux"
Sunrider Academy,2015,9.99,"Casual, Indie, Simulation",Single-player,"windows, mac, linux"
Pile Up!,2025,9.99,"Casual, Indie, Strategy",Single-player,windows
Prime of Flames,2022,9.99,"Adventure, Indie, RPG, Strategy",Single-player,"windows, mac"
Blackguards 2,2015,9.99,"Adventure, Indie, RPG, Strategy",Single-player,"windows, mac"
Gorky 17,2013,9.99,"RPG, Strategy",Single-player,"windows, mac, linux"
GAROU: MARK OF THE WOLVES,2016,9.99,Action,Single&Multi-player,windows
Lead and Gold: Gangs of the Wild West,2010,9.99,Action,Multi-player,windows
Earth Defense Force: Insect Armageddon,2011,9.99,Action,Single&Multi-player,windows
Hakuoki: Edo Blossoms,2018,9.99,Adventure,Single-player,windows
The Backrooms: Survival,2023,9.99,"Action, Adventure, Indie, Massively Multiplayer, Simulation",Single&Multi-player,windows
Q.U.B.E: Director's Cut,2014,9.99,"Action, Adventure, Indie",Single-player,"windows, mac, linux"
Darkwater,2026,9.99,"Action, Adventure, Casual, Indie, RPG, Strategy",Single&Multi-player,windows
Home Sheep Home: Farmageddon Party Edition,2014,9.99,"Action, Adventure, Casual, Indie",Single&Multi-player,windows
The Path,2009,9.99,"Adventure, Indie",Single-player,"windows, mac"
Odallus: The Dark Call,2015,9.99,"Action, Indie",Single-player,windows
Industry Giant 2,2015,9.99,"Simulation, Strategy",Single-player,windows
Paranormal Cleanup,2025,9.99,"Action, Adventure, Indie",Single&Multi-player,windows
ARMA: Gold Edition,2011,9.99,"Action, Simulation, Strategy",Single&Multi-player,windows
Memory Oblivion Box,2016,9.99,"Adventure, Casual, Indie",Single-player,windows
Golf Around!,2020,9.99,"Casual, Indie, Simulation, sports",Single&Multi-player,"windows, mac"
Tropico 3,2009,9.99,"Simulation, Strategy",Single-player,windows
Drawful 2,2016,9.99,"Casual, Indie, Strategy",Multi-player,"windows, mac, linux"
Chaos Reborn,2015,9.99,"Indie, RPG, Strategy",Single&Multi-player,"windows, mac, linux"
Monster Loves You!,2013,9.99,"Adventure, Casual, Indie, RPG, Simulation",Single-player,"windows, mac, linux"
Oozi: Earth Adventure,2013,9.99,"Casual, Indie",Single-player,windows
PixelJunk™ Nom Nom Galaxy,2015,9.99,"Action, Casual, Indie, Strategy",Single&Multi-player,windows
Unity of Command: Stalingrad Campaign,2012,9.99,"Indie, Strategy",Single&Multi-player,"windows, mac, linux"
Sakura Beach,2015,9.99,"Indie, Simulation",Single-player,"windows, linux"
ACTION SANDBOX,2022,9.99,Simulation,Single-player,windows
Golf Gang,2022,9.99,"Action, Casual, Racing, sports",Single&Multi-player,windows
Post Apocalyptic Mayhem,2011,9.99,"Action, Racing",Single&Multi-player,windows
"Imperivm RTC - HD Edition ""Great Battles of Rome""",2021,9.99,Strategy,Single&Multi-player,windows
A Mortician's Tale,2017,9.99,"Casual, Indie",Single-player,"windows, mac"
Earth 2160,2006,9.99,Strategy,Single&Multi-player,"windows, mac, linux"
Blood Bowl - Legendary Edition,2010,9.99,"sports, Strategy",Single&Multi-player,windows
SkyDrift,2011,9.99,"Indie, Racing",Single&Multi-player,windows
Aquaria,2008,9.99,Indie,Single-player,"windows, linux"
Lone Survivor: The Director's Cut,2012,9.99,"Action, Adventure, Indie, RPG, Simulation",Single-player,"windows, mac"
Creepy Tale 3: Ingrid Penance,2023,9.99,"Adventure, Indie",Single-player,"windows, mac, linux"
Prime World: Defenders,2013,9.99,"Casual, Indie, RPG, Strategy",Single-player,"windows, mac"
Kung Fu Strike - The Warrior's Rise,2012,9.99,"Action, Indie",Single&Multi-player,windows
Teacup,2021,9.99,"Adventure, Casual, Indie",Single-player,windows
Escape First Alchemist ⚗️,2023,9.99,"Action, Adventure, Casual, Indie, Simulation, sports",Single&Multi-player,windows
Stealth Bastard Deluxe,2012,9.99,"Action, Indie",Single-player,"windows, mac, linux"
Sakura Fantasy,2015,9.99,"Casual, Indie",Single-player,"windows, mac, linux"
2064: Read Only Memories,2015,9.99,"Adventure, Indie",Single-player,"windows, mac, linux"
Runestone Keeper,2015,9.99,"Casual, Indie, RPG, Strategy",Single-player,"windows, mac"
Osmos,2009,9.99,"Casual, Indie",Single-player,"windows, mac, linux"
FootLOL: Epic Soccer League,2014,9.99,"Action, Indie, RPG, sports",Single&Multi-player,"windows, mac, linux"
Carmageddon Max Pack,1997,9.99,"Action, Indie, Racing",Single&Multi-player,windows
Gurumin: A Monstrous Adventure,2015,9.99,"Action, Adventure, Indie, RPG",Single-player,windows
The Walking Dead: Destinies,2023,9.99,"Action, Adventure",Single-player,windows
Card City Nights,2014,9.99,"Adventure, Casual, Indie",Single-player,"windows, mac, linux"
Dark Sector,2009,9.99,Action,Single&Multi-player,windows
Waking Mars,2012,9.99,"Action, Adventure, Indie",Single-player,"windows, mac, linux"
Jamestown,2011,9.99,"Action, Indie",Single&Multi-player,"windows, mac"
Tales From Space: Mutant Blobs Attack,2012,9.99,"Action, Indie",Single-player,"windows, mac, linux"
Dwarfs!?,2011,9.99,"Casual, Indie, Strategy",Single-player,"windows, mac, linux"
PixelJunk™ Monsters Ultimate,2013,9.99,Strategy,Single&Multi-player,"windows, mac, linux"
The Anacrusis,2023,9.99,"Action, Indie",Single&Multi-player,windows
Turbo Golf Racing,2024,9.99,"Action, Racing, sports",Single&Multi-player,windows
Sacred Citadel,2013,9.99,Action,Single&Multi-player,windows
The Norwood Suite,2017,9.99,"Adventure, Casual, Indie",Single-player,"windows, mac"
198X,2019,9.99,Indie,Single-player,windows
Paranautical Activity: Deluxe Atonement Edition,2014,9.99,"Action, Indie, RPG",Single-player,"windows, mac, linux"
Backseat Drivers,2025,9.99,"Casual, Indie, Racing, Simulation",Multi-player,windows
Defend Your Life: TD,2015,9.99,"Action, Casual, Indie, Strategy",Single-player,"windows, mac, linux"
AaaaaAAaaaAAAaaAAAAaAAAAA!!! for the Awesome,2011,9.99,"Action, Indie, sports",Single-player,"windows, linux"
The First Templar - Steam Special Edition,2011,9.99,"Action, Adventure",Single&Multi-player,windows
Autobahn Police Simulator,2015,9.99,"Action, Casual, Simulation",Single-player,windows
Blood Knights,2013,9.99,"Action, RPG",Single&Multi-player,windows
Earth 2150 Trilogy,2013,9.99,Strategy,Single&Multi-player,"windows, mac, linux"
Tiny Tina's Assault on Dragon Keep: A Wonderlands One-shot Adventure,2021,9.99,"Action, Adventure, RPG",Single&Multi-player,windows
Demonicon,2013,9.99,"Action, Adventure, RPG",Single-player,windows
GNOG,2018,9.99,"Adventure, Casual, Indie",Single-player,"windows, mac, linux"
Beatbuddy: Tale of the Guardians,2013,9.99,"Action, Adventure, Casual, Indie",Single-player,"windows, mac, linux"
Murderous Pursuits,2018,9.99,"Action, Indie, Simulation, Strategy",Single&Multi-player,windows
Dream Pinball 3D,2012,9.99,"Casual, Simulation",Single&Multi-player,"windows, mac, linux"
And Yet It Moves,2009,9.99,"Action, Indie",Single-player,"windows, mac, linux"
NightSky,2011,9.99,"Casual, Indie, Strategy",Single-player,"windows, mac, linux"
Steel Rats™,2018,9.99,"Action, Racing",Single-player,"windows, mac, linux"
10 Second Ninja X,2016,9.99,"Action, Indie",Single-player,windows
Fire & Maneuver,2023,9.99,"Indie, Strategy",Single&Multi-player,windows
Wednesdays,2025,9.99,Indie,Single-player,"windows, mac"
Space Farmers,2014,9.99,"Action, Indie",Multi-player,"windows, mac, linux"
Scrap Garden,2016,9.99,"Action, Adventure, Indie",Single-player,"windows, mac, linux"
Kyle is Famous: Complete Edition,2019,9.99,"Adventure, Casual, Indie, Simulation",Single-player,"windows, mac, linux"
Vertiginous Golf,2015,9.99,"Indie, sports",Single&Multi-player,"windows, mac, linux"
TO THE MOON,2025,9.99,"Action, Adventure, Casual, Indie",Single-player,windows
OpenTTD,2021,9.99,"Casual, Indie, Simulation",Single&Multi-player,"windows, mac, linux"
The fall,2025,9.99,"Adventure, Casual, Indie",Single-player,windows
House,2024,9.99,"Adventure, Casual, Indie",Single-player,windows
MAiZE,2025,9.99,"Action, Adventure, Casual, Indie, RPG, Strategy",Single-player,"windows, mac"
Small World,2023,9.99,"Action, Adventure",Single-player,windows
DARK,2025,9.99,"Action, Indie",Single-player,windows
The ball,2025,9.99,"Adventure, Casual, Indie",Single-player,windows
ARK: Survival Evolved,2017,9.89,"Action, Adventure, Indie, Massively Multiplayer, RPG",Single&Multi-player,"windows, mac"
ATLAS,2018,9.89,"Action, Adventure, Massively Multiplayer, RPG, Early Access",Single&Multi-player,windows
Slay the Princess — The Pristine Cut,2023,9.89,"Adventure, Indie, RPG, Simulation",Single-player,"windows, mac, linux"
Last Oasis,2020,9.89,"Action, Adventure, Indie, Massively Multiplayer, RPG, Early Access",Multi-player,windows
GUILTY GEAR Xrd REV 2,2016,9.89,Action,Single&Multi-player,windows
Endzone 2,2025,9.89,"Simulation, Strategy",Single-player,windows
ContractVille,2025,9.88,"Casual, Indie, Simulation",Single&Multi-player,windows
Gloomhaven,2021,9.79,"Adventure, RPG, Strategy",Single&Multi-player,"windows, mac"
POOLS,2024,9.79,Adventure,Single-player,"windows, mac, linux"
Warlords Battlecry III,2016,9.78,Strategy,Single-player,windows
Duck Detective: The Secret Salami,2024,9.76,"Adventure, Casual, Indie",Single-player,"windows, mac, linux"
Necesse,2025,9.74,"Action, Adventure, Indie, RPG",Single&Multi-player,"windows, mac, linux"
Farming Simulator 17,2016,9.74,Simulation,Single&Multi-player,"windows, mac"
MISERY,2025,9.74,"Action, Adventure, Indie, Massively Multiplayer, Simulation",Single&Multi-player,"windows, linux"
Easy Delivery Co.,2025,9.74,"Casual, Indie, Racing, Simulation",Single-player,windows
Farming Simulator 2013 Titanium Edition,2013,9.74,"Casual, Simulation",Single&Multi-player,"windows, mac"
One Piece Burning Blood,2016,9.74,Action,Single&Multi-player,windows
Tinkerlands,2025,9.74,"Action, Adventure, Casual, Indie, RPG, Simulation, Strategy, Early Access",Single&Multi-player,windows
Gatekeeper,2025,9.74,"Action, Adventure, Indie",Single&Multi-player,windows
Roadside Research,2026,9.74,"Casual, Simulation, Early Access",Single&Multi-player,windows
Eclipsium,2025,9.74,"Adventure, Indie",Single-player,windows
Frontier Hunter: Erza’s Wheel of Fortune,2024,9.74,"Action, Adventure, Casual, Indie, RPG",Single-player,"windows, mac"
DEAD LETTER DEPT.,2025,9.74,Indie,Single-player,"windows, linux"
Grunn,2024,9.74,"Adventure, Indie, Simulation",Single-player,"windows, mac"
Small Spaces,2025,9.74,"Casual, Simulation, Early Access",Single-player,windows
INCISION,2025,9.74,"Action, Indie",Single-player,windows
SteamWorld Heist II,2024,9.68,"Indie, RPG, Strategy",Single-player,windows
SCARLET NEXUS,2021,9.59,"Action, Adventure, RPG",Single-player,windows
Chill with You : Lo-Fi Story,2025,9.59,"Adventure, Casual, Indie",Single-player,"windows, mac"
Ni no Kuni™ II: Revenant Kingdom,2018,9.59,"Adventure, RPG",Single-player,windows
Fresh Body,2021,9.58,"Action, Adventure, Indie, RPG",Single-player,"windows, mac"
Sol Cesto,2026,9.37,"Indie, Strategy",Single-player,windows
Demolish & Build 2018,2018,9.33,"Indie, Simulation",Single&Multi-player,windows
Recycling Center Simulator,2024,9.16,"Casual, Indie, Simulation",Single-player,windows
Temtem: Swarm,2026,9.09,"Action, Casual, RPG",Single&Multi-player,windows
I am not a Monster: First Contact,2018,9.08,"Indie, RPG, Strategy",Single-player,windows
Mutilate-a-Doll 2,2019,9,"Casual, Indie, Simulation",Single-player,windows
BlazeRush,2014,9,"Action, Casual, Indie, Racing",Single&Multi-player,"windows, mac, linux"
Kao the Kangaroo,2022,9,"Action, Adventure, Casual",Single-player,windows
Jurassic World Evolution,2018,8.99,"Simulation, Strategy",Single-player,windows
CODE VEIN,2019,8.99,"Action, RPG",Single&Multi-player,windows
Golf It!,2023,8.99,"Casual, Indie, Simulation, sports",Single&Multi-player,"windows, mac"
GoreBox,2023,8.99,"Action, Casual, Indie, Simulation",Single&Multi-player,windows
Milk outside a bag of milk outside a bag of milk,2021,8.99,"Casual, Indie",Single-player,"windows, mac, linux"
Easy Red 2,2022,8.99,"Action, Indie, Simulation, Strategy",Single&Multi-player,"windows, mac, linux"
"Warhammer 40,000: Chaos Gate - Daemonhunters",2022,8.99,"RPG, Strategy",Single-player,windows
60 Seconds!,2015,8.99,"Adventure, Casual, Indie, Simulation, Strategy",Single-player,"windows, mac"
Super Bunny Man,2023,8.99,"Action, Indie",Single&Multi-player,"windows, mac, linux"
Alan Wake's American Nightmare,2012,8.99,"Action, Adventure",Single-player,windows
POSTAL Redux,2016,8.99,"Action, Indie",Single&Multi-player,"windows, linux"
Tomb Raider: Underworld,2008,8.99,"Action, Adventure",Single-player,windows
Amanda the Adventurer,2023,8.99,Indie,Single-player,windows
Matchmaking Inc.,2025,8.99,"Casual, Indie, RPG, Simulation",Single-player,"windows, mac, linux"
Crime Simulator,2025,8.99,"Action, Indie, Simulation",Single&Multi-player,windows
The Cat Lady,2013,8.99,"Adventure, Indie",Single-player,windows
Summer of '58,2021,8.99,"Indie, Simulation",Single-player,windows
Psychopomp GOLD,2024,8.99,"Action, Adventure",Single-player,windows
再刷一把 PlayAgain,2022,8.99,"Adventure, Indie, RPG, Strategy",Single-player,windows
Murky Divers,2024,8.99,"Action, Adventure, Indie",Single&Multi-player,windows
PICO PARK 2,2024,8.99,"Action, Casual",Multi-player,"windows, mac"
Circle Empires,2018,8.99,"Casual, Indie, Strategy",Single-player,"windows, mac, linux"
Hitman 2: Silent Assassin,2007,8.99,Action,Single-player,windows
35MM,2016,8.99,Indie,Single-player,windows
THE KING OF FIGHTERS XIV STEAM EDITION,2017,8.99,Action,Single&Multi-player,windows
Techtonica,2024,8.99,"Indie, Simulation, Strategy",Single&Multi-player,windows
Boxes: Lost Fragments,2024,8.99,"Adventure, Casual, Indie",Single-player,windows
恋爱绮谭~不存在的夏天~,2020,8.99,"Adventure, Casual, Simulation",Single-player,windows
Endorphin Vice,2022,8.99,"Action, Casual, Indie, Simulation, Early Access",Single-player,windows
他人世界末 On-looker,2020,8.99,"Adventure, Casual, Indie, RPG, Simulation",Single-player,windows
Echoes of the Plum Grove,2024,8.99,"Casual, Indie, Simulation",Single-player,"windows, mac"
Ambrosia,2021,8.99,"Indie, RPG",Single-player,windows
Ratz Instagib,2016,8.99,"Action, Indie",Multi-player,"windows, mac"
Emissary Zero,2025,8.99,"Adventure, Indie, Massively Multiplayer",Single&Multi-player,windows
Slice & Dice,2024,8.99,,Single-player,"windows, mac, linux"
Thief: Deadly Shadows,2007,8.99,Action,Single-player,windows
I Am Legion: Stand Survivors,2025,8.99,"Action, Adventure",Single-player,windows
The Citadel,2020,8.99,"Action, Casual, Indie",Single-player,windows
Monsters are Coming! Rock & Road,2025,8.99,"Action, Indie, Strategy",Single-player,windows
The Baby In Yellow,2023,8.99,"Adventure, Indie, Simulation, Early Access",Single-player,windows
Bing in Wonderland,2023,8.99,"Action, Casual, Indie",Single-player,windows
Rebirth:Beware of Mr.Wang,2021,8.99,"Action, Casual, Indie",Single-player,windows
Battle of Empires : 1914-1918,2015,8.99,"Action, Indie, Simulation, Strategy, ",Single&Multi-player,"windows, mac, linux"
Hero of the Kingdom II,2015,8.99,"Adventure, Casual, Indie, RPG",Single-player,"windows, mac, linux"
First Cut: Samurai Duel,2024,8.99,"Action, Indie",Single&Multi-player,windows
Multi Turret Academy,2024,8.99,"Action, Indie, Early Access",Single-player,windows
Stay Close,2016,8.99,"Action, Adventure, Indie",Single&Multi-player,windows
Lushfoil Photography Sim,2025,8.99,"Adventure, Casual, Indie, Simulation",Single-player,windows
电竞俱乐部/ESports Club,2017,8.99,"Indie, Simulation, sports, Strategy, Early Access",Single-player,windows
Endless Alice,2025,8.99,"Action, Adventure, Indie, RPG, Early Access",Single&Multi-player,windows
Jagged Alliance 2 - Wildfire,2012,8.99,"RPG, Strategy",Single-player,"windows, mac, linux"
Game Dev Story,2022,8.99,"Casual, Indie, Simulation, Strategy",Single-player,windows
東方幕華祭 TouHou Makuka Sai ~ Fantastic Danmaku Festival,2018,8.99,"Action, Adventure, Casual, Indie",Single-player,windows
Moonleap,2023,8.99,"Action, Adventure, Casual, Indie, Strategy",Single-player,windows
Port Royale 3,2012,8.99,"Action, Simulation, Strategy",Single&Multi-player,windows
Pih,2024,8.99,"Action, Casual, Indie",Single-player,windows
RAILGRADE,2023,8.99,"Simulation, Strategy",Single-player,"windows, mac"
Anemoiapolis: Chapter 1,2023,8.99,"Adventure, Indie",Single-player,windows
ORDER 13,2025,8.99,"Action, Indie, Simulation",Single-player,windows
Love n Life: Lucky Teacher,2024,8.99,"Casual, RPG, Simulation",Single-player,windows
Green Hell VR,2022,8.99,"Action, Adventure, Indie, Simulation",Single-player,windows
九州：商旅（Nine Provinces: Caravan）,2021,8.99,"Casual, Indie, Simulation",Single-player,windows
反转21克,2024,8.99,RPG,Single-player,windows
Sketchy's Contract,2024,8.99,"Action, Adventure, Indie, Early Access",Single&Multi-player,windows
There Are No Orcs,2025,8.99,"Indie, Strategy",Single-player,windows
Succumate,2020,8.99,"Adventure, Indie, RPG",Single-player,windows
Utopia Must Fall,2024,8.99,"Action, Indie, Early Access",Single-player,"windows, mac"
Haven Park,2021,8.99,"Adventure, Indie, RPG",Single-player,"windows, mac, linux"
Monster Slayers,2017,8.99,"Action, Indie",Single-player,windows
BLACKHOLE,2015,8.99,"Action, Adventure, Indie",Single-player,"windows, mac, linux"
Bulb Boy,2015,8.99,"Adventure, Indie",Single-player,"windows, mac"
KnightShift,2013,8.99,"RPG, Strategy",Single&Multi-player,"windows, mac, linux"
Cibele,2015,8.99,Indie,Single-player,"windows, mac"
Acceleration of SUGURI 2,2018,8.99,"Action, Indie",Single&Multi-player,windows
Downfall,2024,8.99,"Action, Casual, Indie",Single-player,windows
Farmer's Life,2023,8.98,"Casual, Indie, Simulation",Single-player,windows
Octogeddon,2018,8.88,"Action, Casual, Indie, Strategy",Single-player,windows
Vigil: The Longest Night,2020,8.79,"Action, Indie, RPG",Single-player,"windows, linux"
Loot of Baal,2025,8.78,"Casual, RPG, Strategy",Single-player,windows
Viewfinder,2023,8.74,"Adventure, Indie",Single-player,windows
Ultros,2024,8.74,"Adventure, Indie",Single-player,"windows, mac"
PixARK,2019,8.59,"Action, Adventure, Casual, Massively Multiplayer, RPG, Strategy",Single&Multi-player,windows
Blood West,2023,8.49,"Action, Indie, RPG",Single-player,windows
Car Dealership Simulator,2023,8.49,"Casual, Indie, Simulation",Single-player,windows
ButtKnight,2025,8.49,"Action, Adventure",Single-player,"windows, mac"
Farming Simulator 15,2014,8.44,Simulation,Single&Multi-player,"windows, mac"
The Imperial Gatekeeper,2022,8.44,"Adventure, Indie, RPG",Single-player,windows
Risk of Rain 2,2020,8.24,"Action, Indie",Single&Multi-player,windows
Arise: A Simple Story,2020,8.1,"Adventure, Indie",Single&Multi-player,windows
Resident Evil 7 Biohazard,2017,7.99,"Action, Adventure",Single-player,windows
Getting Over It with Bennett Foddy,2017,7.99,Action,Single-player,"windows, mac, linux"
Content Warning,2024,7.99,"Action, Adventure, Indie",Multi-player,windows
RV There Yet?,2025,7.99,"Action, Adventure, Indie",Single&Multi-player,windows
A Plague Tale: Innocence,2019,7.99,"Action, Adventure",Single-player,windows
Potion Craft: Alchemist Simulator,2022,7.99,"Indie, Simulation",Single-player,windows
Bright Memory,2020,7.99,"Action, Adventure, Indie",Single-player,windows
Superliminal,2020,7.99,"Action, Adventure",Single&Multi-player,"windows, mac, linux"
Five Nights at Freddy's 2,2014,7.99,Indie,Single-player,windows
Untitled Goose Game,2020,7.99,"Action, Indie",Single&Multi-player,"windows, mac"
DUSK,2018,7.99,"Action, Indie",Single&Multi-player,"windows, mac, linux"
Fear & Hunger,2019,7.99,"Adventure, Indie, RPG",Single-player,"windows, mac"
A Short Hike,2019,7.99,"Adventure, Indie",Single-player,"windows, mac, linux"
Five Nights at Freddy's 4,2015,7.99,"Action, Indie, Strategy",Single-player,windows
Five Nights at Freddy's: Sister Location,2016,7.99,"Action, Indie, Simulation",Single-player,windows
Cultist Simulator,2018,7.99,"Indie, RPG, Simulation",Single-player,"windows, mac, linux"
Five Nights at Freddy's 3,2015,7.99,"Action, Indie, Simulation",Single-player,windows
Iron Lung,2022,7.99,"Adventure, Indie, Simulation",Single-player,windows
Granny,2018,7.99,"Adventure, Indie",Single-player,windows
Assemble with Care,2020,7.99,"Casual, Indie",Single-player,windows
Dale & Dawson Stationery Supplies,2024,7.99,"Casual, RPG, Strategy",Multi-player,windows
Monument Valley,2022,7.99,"Adventure, Casual, Indie, Strategy",Single-player,windows
METAL SLUG 3,2014,7.99,Action,Single&Multi-player,windows
Ember Knights,2023,7.99,"Action, Adventure, RPG",Single&Multi-player,windows
Let's School,2023,7.99,"Casual, Indie, Simulation",Single-player,windows
Berry Bury Berry,2026,7.99,"Adventure, Casual, Indie",Single-player,windows
Creature Kitchen,2026,7.99,"Casual, Indie, Simulation",Single-player,windows
To The Core,2023,7.99,"Adventure, Casual, Indie",Single-player,windows
Sex with the Devil,2021,7.99,"Action, Simulation",Single-player,windows
Tattletail,2016,7.99,"Action, Indie",Single-player,"windows, mac"
DON'T SCREAM,2024,7.99,"Casual, Simulation",Single-player,windows
METAL SLUG,2015,7.99,Action,Single&Multi-player,windows
Gato Roboto,2019,7.99,"Action, Adventure, Indie",Single-player,windows
Death's Gambit: Afterlife,2018,7.99,"Action, Adventure, Indie, RPG",Single-player,windows
FATE,2013,7.99,"Action, Adventure, RPG",Single-player,windows
Force of Nature,2016,7.99,"Action, Adventure, Indie, RPG, Simulation, Strategy",Single&Multi-player,windows
Fantasy Map Simulator,2024,7.99,"Indie, Simulation, Strategy, Early Access",Single-player,windows
One Finger Death Punch 2,2019,7.99,"Action, Casual, Indie",Single-player,windows
Dungeons of Dredmor,2011,7.99,"Casual, Indie, RPG",Single-player,"windows, mac, linux"
Just a To the Moon Series Beach Episode,2024,7.99,"Adventure, Indie, RPG",Single-player,"windows, mac, linux"
Refind Self: The Personality Test Game,2023,7.99,"Adventure, Casual, Indie",Single-player,windows
Monument Valley 2,2022,7.99,"Adventure, Casual, Indie, Strategy",Single-player,windows
Ashen,2019,7.99,"Action, Adventure, RPG",Single&Multi-player,windows
HIVESWAP: ACT 1,2017,7.99,"Adventure, Indie, RPG",Single-player,"windows, mac, linux"
7 Days to End with You,2022,7.99,"Adventure, Casual, Indie, Simulation",Single-player,windows
METAL SLUG X,2014,7.99,Action,Single&Multi-player,windows
PILGRIM,2024,7.99,"Action, Adventure, Indie, Early Access",Single&Multi-player,windows
She Sees Red - Interactive Movie,2019,7.99,"Adventure, Indie",Single-player,"windows, mac"
神都不良探 Underdog Detective,2022,7.99,"Adventure, Indie, RPG, Simulation, Strategy",Single-player,"windows, mac"
STANDBOX,2023,7.99,"Action, Casual, Indie",Single-player,windows
Electronic Super Joy,2013,7.99,"Action, Indie",Single-player,"windows, mac, linux"
A Legionary's Life,2019,7.99,"Indie, RPG",Single-player,windows
Hard Truck Apocalypse / Ex Machina,2014,7.99,"Action, Racing, RPG",Single-player,windows
Army of Ruin,2023,7.99,"Action, Casual, Indie",Single-player,"windows, mac"
Knights of Pen and Paper 2,2015,7.99,"Adventure, Indie, RPG, Simulation, Strategy",Single-player,"windows, mac, linux"
Nihilumbra,2013,7.99,"Adventure, Casual, Indie",Single-player,"windows, mac, linux"
1 to 1 humanoid edible toys,2024,7.99,"Adventure, Casual, Indie, Simulation",Single-player,"windows, mac"
Starcom: Nexus,2019,7.99,"Action, Adventure, Indie, RPG",Single-player,"windows, linux"
Millennium Dream,2026,7.99,"Action, Adventure, Casual, Simulation",Single-player,windows
Mini Healer,2020,7.99,"Action, Casual, Indie, RPG, Early Access",Single-player,windows
Shipwrecked 64,2024,7.99,"Adventure, Casual, Strategy",Single&Multi-player,windows
Boo Men,2022,7.99,"Action, Indie, Early Access",Single&Multi-player,windows
Aimbeast,2020,7.99,Action,Single&Multi-player,windows
Dialtown: Phone Dating Sim,2022,7.99,"Casual, Indie",Single-player,windows
Shadow Corridor,2019,7.99,"Action, Indie",Single-player,windows
Squirrel Stapler,2023,7.99,Action,Single-player,windows
Mosa Lina,2023,7.99,"Adventure, Indie, Simulation",Single&Multi-player,"windows, mac, linux"
Sword and Fairy 3,2021,7.99,RPG,Single-player,windows
DON'T SCREAM TOGETHER,2025,7.99,"Casual, Simulation",Multi-player,windows
Forward to the Sky,2015,7.99,"Action, Adventure, Casual, Indie, RPG",Single-player,"windows, mac, linux"
To The Rescue!,2021,7.99,"Casual, Indie, Simulation",Single-player,"windows, mac"
Granny: Chapter Two,2019,7.99,"Adventure, Indie",Single-player,windows
Rise of Liberty,2019,7.99,"Indie, Strategy",Single-player,"windows, mac"
Horripilant,2026,7.99,"Casual, Indie, RPG, Simulation",Single-player,"windows, linux"
STASIS,2015,7.99,"Adventure, Indie",Single-player,"windows, mac"
Luna's Fishing Garden,2021,7.99,"Adventure, Casual, Indie",Single-player,"windows, mac, linux"
Organized Inside,2025,7.99,"Casual, Indie, Simulation",Single-player,"windows, mac"
Higurashi When They Cry Hou - Ch.2 Watanagashi,2015,7.99,Adventure,Single-player,"windows, mac, linux"
Spirit Hunters: Infinite Horde,2023,7.99,Action,Single-player,windows
Grandpa High on Retro,2025,7.99,"Action, Adventure, Indie",Single-player,windows
Environmental Station Alpha,2015,7.99,"Action, Adventure, Indie",Single-player,"windows, mac, linux"
[Chilla's Art] Parasocial | パラソーシャル,2023,7.99,Indie,Single-player,windows
Galaxy on Fire 2™ Full HD,2012,7.99,"Action, Indie, Simulation, Strategy",Single-player,windows
Handyman Fantasy,2025,7.99,"Casual, Indie, RPG, Simulation",Single-player,windows
Superbrothers: Sword & Sworcery EP,2012,7.99,"Adventure, Indie",Single-player,"windows, mac, linux"
Spark the Electric Jester,2017,7.99,Action,Single-player,windows
SIMULACRA 2,2020,7.99,"Indie, Simulation",Single-player,windows
PewDiePie: Legend of the Brofist,2015,7.99,"Action, Adventure, Indie",Single&Multi-player,"windows, mac"
Capybara Spa,2022,7.99,Simulation,Single-player,windows
Robin Hood: The Legend of Sherwood,2011,7.99,Strategy,Single-player,windows
Digger Online,2015,7.99,"Action, Adventure",Multi-player,windows
Ambidextro,2025,7.99,"Action, Indie",Single-player,"windows, mac, linux"
Eroico,2018,7.99,Action,Single-player,windows
Northend Tower Defense,2024,7.99,"Action, Indie, Simulation, Strategy",Single-player,windows
RACE 07,2007,7.99,Racing,Single&Multi-player,windows
FACEMINER,2025,7.99,"Action, Indie, Simulation, Strategy",Single-player,"windows, mac, linux"
Necrosmith 2,2024,7.99,"Adventure, Indie, Simulation, Strategy",Single-player,"windows, mac"
Jets'n'Guns Gold,2014,7.99,"Action, Indie",Single-player,windows
A Kiss For The Petals - Remembering How We Met,2015,7.99,Adventure,Single-player,"windows, mac, linux"
Tower Wars,2012,7.99,"Action, Indie, Strategy",Single&Multi-player,"windows, mac"
Wayward,2016,7.99,"Adventure, Indie, RPG, Simulation, Early Access",Single&Multi-player,"windows, mac, linux"
Bloodwash,2021,7.99,Action,Single-player,windows
My Child Lebensborn Remastered,2023,7.99,"Indie, Simulation",Single-player,windows
One Turn Kill,2026,7.99,Strategy,Single-player,windows
Granny 3,2021,7.99,"Adventure, Indie",Single-player,windows
The Bathhouse | 地獄銭湯 Restored Edition,2024,7.99,Indie,Single-player,windows
Dustland Delivery,2024,7.99,"Adventure, Indie, RPG, Simulation, Strategy",Single-player,windows
HoloParade,2023,7.99,"Indie, Strategy",Single-player,"windows, mac"
Machinika: Museum,2021,7.99,"Adventure, Casual, Indie",Single-player,"windows, mac"
Stars End,2023,7.99,"Action, Adventure, Indie, Massively Multiplayer, Simulation",Single&Multi-player,windows
Higurashi When They Cry Hou - Ch.3 Tatarigoroshi,2016,7.99,Adventure,Single-player,"windows, mac, linux"
Food Truck Simulator,2022,7.99,"Casual, Indie, Simulation",Single-player,windows
Men of War: Vietnam,2011,7.99,Strategy,Single&Multi-player,windows
Let Them Come,2017,7.99,"Action, Indie",Single-player,"windows, mac"
Climbey,2022,7.99,"Racing, Simulation",Single&Multi-player,windows
Exiled Kingdoms,2018,7.99,"Action, Adventure, Indie, RPG",Single-player,"windows, mac, linux"
SanctuaryRPG: Black Edition,2015,7.99,"Action, Adventure, Casual, Indie, RPG, Strategy",Single-player,windows
HomeWork Is Crazy / 作业疯了,2019,7.99,"Casual, Indie",Single-player,windows
Despotism 3k,2018,7.99,"Indie, Simulation, Strategy",Single-player,"windows, mac, linux"
Near Death,2016,7.99,"Action, Adventure, Indie, Simulation",Single-player,"windows, mac, linux"
The Mooseman,2017,7.99,"Adventure, Indie",Single-player,"windows, mac, linux"
Stuck In Time,2021,7.99,"Adventure, Indie, RPG",Single-player,windows
Christmas Massacre,2021,7.99,"Action, Indie",Single-player,windows
A Gentlemen's Dispute,2025,7.99,"Action, Casual, Strategy",Multi-player,"windows, mac"
JellyCar Worlds,2022,7.99,"Action, Racing, Simulation",Single&Multi-player,windows
Zanzarah: The Hidden Portal,2015,7.99,"Action, Adventure, RPG",Single-player,windows
Higurashi When They Cry Hou - Ch.5 Meakashi,2017,7.99,Adventure,Single-player,"windows, mac, linux"
Doll Impostor,2024,7.99,"Action, Adventure, Casual, Indie, Strategy",Single&Multi-player,windows
Still Life,2011,7.99,Adventure,Single-player,windows
Brothers: A Tale of Two Sons Remake,2024,7.99,"Adventure, Casual",Single&Multi-player,windows
Delivery from the Pain:Survival / 末日方舟:生存,2019,7.99,"Action, Adventure, Indie, RPG, Simulation, Strategy",Single-player,windows
Bardbarian,2014,7.99,"Action, Adventure, Casual, Indie, RPG, Strategy",Single-player,"windows, mac"
The Bug Butcher,2016,7.99,"Action, Indie",Single&Multi-player,"windows, mac, linux"
Fairy Bloom Freesia,2012,7.99,"Action, Indie",Single-player,windows
Spin Hero,2024,7.99,"Indie, RPG, Strategy",Single-player,windows
The I of the Dragon,2015,7.99,RPG,Single-player,"windows, mac, linux"
Unplagued,2024,7.99,"Action, Adventure, Casual, Indie, Simulation",Single&Multi-player,windows
Doodle God,2015,7.84,"Casual, Indie, Simulation",Single-player,"windows, mac, linux"
Midnight Castle Succubus DX,2020,7.79,"Action, Adventure, RPG",Single-player,windows
Dungeons of Blood and Dream,2024,7.59,"Action, Adventure, Indie, RPG",Single-player,windows
Fischer's Fishing Journey,2025,7.56,"Casual, Indie",Single-player,windows
No One Survived,2025,7.5,"Adventure, Indie, RPG",Single&Multi-player,windows
The Hong Kong Massacre,2019,7.5,"Action, Indie",Single-player,windows
Oxygen Not Included,2019,7.49,"Indie, Simulation",Single-player,"windows, mac, linux"
Insurgency: Sandstorm,2018,7.49,Action,Multi-player,windows
Ghostrunner,2020,7.49,Action,Single-player,windows
SUPERHOT,2016,7.49,"Action, Indie",Single-player,"windows, mac, linux"
The Last Spell,2023,7.49,"Action, Indie, RPG, Strategy",Single-player,windows
Tyranny,2016,7.49,"Adventure, RPG",Single-player,"windows, mac, linux"
Storyteller,2023,7.49,Adventure,Single-player,"windows, mac"
FAITH: The Unholy Trinity,2022,7.49,"Adventure, Indie",Single-player,windows
Twelve Minutes,2021,7.49,"Adventure, Indie",Single-player,windows
Age of Wonders III,2014,7.49,"RPG, Strategy",Single&Multi-player,"windows, mac, linux"
FlatOut,2007,7.49,"Action, Racing, Simulation",Single&Multi-player,windows
SKALD: Against the Black Priory,2024,7.49,"Indie, RPG",Single-player,"windows, mac"
Rise of Industry,2019,7.49,"Indie, Simulation, Strategy",Single-player,"windows, mac, linux"
Wizard with a Gun,2023,7.49,"Action, Adventure, Indie",Single&Multi-player,windows
Space Pirate Trainer,2017,7.49,Action,Single-player,windows
Praey for the Gods,2021,7.49,"Action, Adventure, Indie, RPG",Single-player,windows
fault - milestone one,2014,7.49,Adventure,Single-player,"windows, mac, linux"
We Love Katamari REROLL+ Royal Reverie,2023,7.49,Action,Single-player,windows
fault - milestone two side:above,2015,7.49,Indie,Single-player,"windows, mac, linux"
Achilles: Legends Untold,2023,7.49,"Action, Adventure, Casual, Indie, RPG",Single&Multi-player,windows
8-Bit Armies,2016,7.49,"Indie, Simulation, Strategy",Single&Multi-player,windows
Detective Girl of the Steam City,2019,7.49,"Indie, RPG",Single-player,windows
Grow: Song of the Evertree,2021,7.49,"Action, Adventure, Casual",Single-player,windows
KILL KNIGHT,2024,7.49,Action,Single-player,windows
Cauldron,2025,7.49,"Adventure, Casual, Indie, RPG, Simulation, Strategy",Single-player,windows
Oceanhorn: Monster of Uncharted Seas,2015,7.49,"Action, Adventure, Indie, RPG",Single-player,"windows, mac"
Umurangi Generation,2020,7.49,"Casual, Indie, Simulation",Single-player,windows
Citystate II,2021,7.49,"Simulation, Strategy",Single-player,windows
DRAINUS,2022,7.49,"Action, Indie",Single-player,windows
Fade to Silence,2019,7.49,RPG,Single&Multi-player,windows
INSOMNIA: The Ark,2018,7.49,"Action, Indie, RPG",Single-player,windows
Hero's Journey,2022,7.49,Indie,Single-player,windows
Swarm Grinder,2024,7.47,"Action, Adventure, Indie",Single-player,"windows, mac, linux"
Company of Heroes - Legacy Edition,2007,7.39,"Action, Strategy",Single&Multi-player,windows
Bee Simulator,2020,7.2,"Adventure, Casual, Simulation",Single&Multi-player,windows
Spirit City: Lofi Sessions,2024,7.19,"Casual, Indie, Simulation",Single-player,"windows, mac"
Cozy Island,2025,7.19,"Adventure, Casual, Indie",Single&Multi-player,"windows, mac"
Labyrinth City: Pierre the Maze Detective,2021,7.19,"Adventure, Casual, Indie",Single-player,windows
Wall World 2,2025,7.19,"Action, Adventure, Indie, Strategy",Single-player,"windows, mac"
Storage Hustle,2023,7.19,"Casual, Indie, RPG, Simulation, Early Access",Single-player,windows
Railbound,2022,7.14,"Casual, Indie",Single-player,"windows, mac"
Liar's Bar,2024,6.99,"Casual, Indie, Simulation, Strategy, Early Access",Multi-player,windows
Inside the Backrooms,2022,6.99,"Adventure, Indie, Early Access",Single&Multi-player,windows
Clone Drone in the Danger Zone,2021,6.99,"Action, Indie",Single&Multi-player,"windows, mac"
CloverPit,2025,6.99,"Action, Adventure, Indie, Simulation, sports, Strategy",Single-player,windows
Death Must Die,2023,6.99,"Action, Casual, Indie, RPG, Early Access",Single-player,"windows, mac"
100% Orange Juice,2014,6.99,"Indie, Strategy",Single&Multi-player,"windows, mac, linux"
Cat Goes Fishing,2015,6.99,"Casual, Indie, Simulation",Single-player,windows
Nuclear Nightmare,2024,6.99,"Action, Adventure, Indie, Early Access",Single&Multi-player,windows
Rusty's Retirement,2024,6.99,"Casual, Indie, Simulation, Strategy",Single-player,"windows, mac"
Look Outside,2025,6.99,"Adventure, RPG",Single-player,windows
No Case Should Remain Unsolved,2024,6.99,"Adventure, Indie",Single-player,"windows, mac"
(the) Gnorp Apologue,2023,6.99,"Casual, Indie, Simulation, Strategy",Single-player,windows
Genital Jousting,2018,6.99,"Action, Indie",Single&Multi-player,"windows, mac"
Ages of Conflict: World War Simulator,2023,6.99,"Casual, Indie, Simulation, Early Access",Single-player,"windows, mac, linux"
Stick It to the Stickman,2025,6.99,"Action, Indie, Early Access",Single&Multi-player,"windows, mac"
Scritchy Scratchy,2026,6.99,"Casual, Indie, Simulation",Single-player,"windows, mac"
Tales of Maj'Eyal,2013,6.99,"Adventure, Indie, RPG",Single-player,"windows, mac, linux"
Talisman: Digital Classic Edition,2014,6.99,"Indie, RPG, Strategy",Single&Multi-player,"windows, mac"
Pogostuck: Rage With Your Friends,2019,6.99,"Action, Adventure, Casual, Indie",Single&Multi-player,windows
Tomb Raider: Legend,2007,6.99,"Action, Adventure",Single-player,windows
HunieCam Studio,2016,6.99,"Indie, Simulation",Single-player,"windows, mac, linux"
Meadow - A Shelter Game,2016,6.99,"Adventure, Indie, Massively Multiplayer",Multi-player,"windows, mac, linux"
Car Mechanic Simulator 2014,2014,6.99,Simulation,Single-player,"windows, mac"
Supraland Six Inches Under,2022,6.99,Adventure,Single-player,windows
Street Legal Racing: Redline v2.3.1,2016,6.99,"Racing, Simulation",Single-player,windows
TIS-100,2015,6.99,"Indie, Simulation",Single-player,"windows, mac, linux"
Scanner Sombre,2017,6.99,"Adventure, Indie",Single-player,"windows, mac"
Death Coming/死神来了,2017,6.99,"Adventure, Casual, Indie, Strategy",Single-player,windows
King's Bounty: The Legend,2009,6.99,"RPG, Strategy",Single-player,"windows, mac"
From The Darkness,2021,6.99,"Adventure, Indie",Single-player,windows
Obscure,2014,6.99,"Action, Adventure",Single&Multi-player,windows
A Game About Feeding A Black Hole,2025,6.99,"Casual, Indie",Single-player,"windows, mac, linux"
Bounty of One,2023,6.99,"Action, Casual, Indie, RPG",Single&Multi-player,"windows, mac, linux"
September 7th,2023,6.99,"Indie, Simulation",Single-player,windows
A Few Quick Matches,2025,6.99,"Action, Casual, Indie",Single&Multi-player,windows
Pool Nation,2013,6.99,"Casual, Indie, Simulation, sports, Strategy",Single&Multi-player,windows
Han Xiongnu Wars,2017,6.99,"Action, Adventure, Casual, Indie, RPG, Strategy",Single&Multi-player,windows
9 Years of Shadows,2023,6.99,"Action, Adventure, Indie",Single-player,windows
FatalZone,2024,6.99,"Action, Casual, Indie, RPG",Single-player,windows
Handyman Legend,2023,6.99,"Casual, Indie, RPG, Simulation",Single-player,windows
Beltmatic,2024,6.99,"Casual, Indie, Simulation, Strategy",Single-player,windows
The House of Da Vinci 2,2020,6.99,"Adventure, Indie",Single-player,"windows, mac"
Amenti,2025,6.99,Adventure,Single-player,windows
Yasuke Simulator,2025,6.99,"Action, Casual, Simulation",Single-player,windows
Choice of Robots,2014,6.99,"Indie, RPG",Single-player,"windows, mac, linux"
Granny Remake,2023,6.99,"Action, Adventure, Indie",Single-player,windows
Learn Japanese To Survive! Hiragana Battle,2016,6.99,"Adventure, Indie, RPG",Single-player,windows
Pizza Possum,2023,6.99,"Action, Casual, Indie",Single&Multi-player,windows
Welcome to Kowloon,2023,6.99,"Adventure, Indie",Single-player,windows
Corn Kidz 64,2023,6.99,"Action, Adventure, Indie",Single-player,windows
Smartphone Tycoon,2019,6.99,"Indie, Simulation, Strategy",Single-player,windows
Journey of a Roach,2013,6.99,"Adventure, Indie",Single-player,"windows, mac, linux"
14 Minesweeper Variants,2022,6.99,"Casual, Indie, Strategy",Single-player,"windows, mac"
Project Nimbus: Complete Edition,2017,6.99,"Action, Indie",Single-player,"windows, mac"
Backrooms Rec.,2024,6.99,"Action, Adventure, Indie, Early Access",Single&Multi-player,windows
Dreams of Desire: Definitive Edition,2021,6.99,"Casual, Indie",Single-player,"windows, linux"
Zueirama,2019,6.99,"Adventure, Casual, Indie",Single-player,windows
Anomalous Coffee Machine,2025,6.99,Indie,Single-player,windows
Cat in the Box,2020,6.99,"Adventure, Indie",Single-player,windows
Pictopix,2017,6.99,"Casual, Indie, Strategy",Single-player,"windows, mac, linux"
Outhold,2025,6.99,"Casual, Simulation, Strategy",Single-player,"windows, mac"
Urban Trial Freestyle,2013,6.99,"Action, Racing, Simulation, sports",Single-player,windows
Dreamlike Love with Seira,2024,6.99,"Casual, Indie",Single-player,windows
The Bunny Graveyard,2023,6.99,"Action, Adventure, Indie",Single-player,windows
Granny: Escape Together,2024,6.99,"Action, Adventure, Indie",Single&Multi-player,windows
JudgeSim,2024,6.99,"Casual, Indie, Simulation, Strategy",Single-player,windows
Crimson Snow (2023),2023,6.99,"Action, Adventure, Indie",Single-player,windows
Shadowgrounds,2006,6.99,Action,Single&Multi-player,"windows, mac"
BETON BRUTAL,2023,6.99,"Casual, Indie",Single-player,windows
Fractal Block World,2021,6.99,"Action, Adventure, Indie",Single-player,windows
Journey of Greed,2019,6.99,"Indie, Strategy",Single&Multi-player,"windows, mac"
Find Yourself,2021,6.99,"Indie, Simulation",Single-player,windows
NO-SKIN,2025,6.99,"Indie, RPG",Single-player,windows
Vangers,2014,6.99,"Action, Adventure, Indie, Racing",Single-player,"windows, mac, linux"
Attack on Toys,2021,6.99,"Action, Adventure, Casual, Indie, RPG, Simulation, Strategy, Early Access",Single&Multi-player,windows
SCP: Fragmented Minds,2025,6.99,"Action, Early Access",Single-player,windows
Yokai Art: Night Parade of One Hundred Demons,2022,6.99,"Action, Adventure, Casual, Indie, Strategy",Single-player,windows
METAL SLUG 2,2016,6.99,Action,Single&Multi-player,windows
Level Devil,2025,6.99,"Action, Adventure",Single&Multi-player,windows
Mail Time,2023,6.99,"Adventure, Indie",Single-player,"windows, mac"
Evan's Remains,2020,6.99,"Adventure, Casual, Indie",Single-player,"windows, mac"
Pajama Sam: No Need to Hide When It's Dark Outside,2014,6.99,"Adventure, Casual",Single-player,"windows, mac, linux"
Hero of the Kingdom: The Lost Tales 1,2020,6.99,"Adventure, Casual, Indie, RPG",Single-player,"windows, mac, linux"
[Chilla's Art] Shinkansen 0 | 新幹線 0号,2024,6.99,Indie,Single-player,windows
Doodle Empires,2025,6.99,"Indie, Simulation, Strategy, Early Access",Single-player,"windows, mac, linux"
Draw a Stickman: EPIC 2,2015,6.99,"Adventure, Casual, Indie",Single-player,windows
Father's Day,2022,6.99,"Indie, Simulation",Single-player,windows
Tingus Goose,2025,6.99,"Casual, Indie, Simulation, Strategy",Single-player,"windows, mac"
Mists of Aiden,2020,6.99,"Action, Adventure, Indie",Single-player,windows
Sex and the Furry Titty,2021,6.99,"Casual, Indie, Strategy",Single-player,windows
Bus-Simulator 2012,2013,6.99,Simulation,Single-player,windows
China: Mao's legacy,2019,6.99,"Indie, Simulation, Strategy",Single-player,"windows, mac, linux"
Villages & Dungeons,2025,6.99,,Single-player,"windows, mac"
Endgame of Devil,2023,6.99,"Casual, Indie, RPG, Strategy",Single-player,"windows, mac"
Another Try 2,2025,6.99,"Action, Adventure, Indie, Massively Multiplayer, Early Access",Single&Multi-player,windows
七人杀阵 - Seven Sacrifices,2018,6.99,"Adventure, Casual, Indie",Single-player,windows
Troublemaker,2023,6.99,"Action, Adventure, Indie",Single-player,windows
Vade Retro : Exorcist,2022,6.99,"Action, Casual, Indie, Simulation",Multi-player,windows
Tengami,2015,6.99,"Adventure, Casual, Indie",Single-player,"windows, mac"
DreadOut: Keepers of The Dark,2016,6.99,"Adventure, Indie",Single-player,windows
Snakebird,2015,6.99,Indie,Single-player,"windows, mac, linux"
Tiny Lands,2021,6.99,"Casual, Indie",Single-player,windows
Just Another Night Shift,2024,6.99,"Action, Casual, Indie, Strategy",Multi-player,windows
Zombie Kill of the Week - Reborn,2015,6.99,"Action, Indie",Single&Multi-player,"windows, mac"
The Journey Down: Chapter One,2013,6.99,"Adventure, Indie",Single-player,"windows, mac, linux"
8BitBoy™,2014,6.99,"Action, Casual, Indie",Single-player,"windows, mac"
Valhalla Hills,2015,6.99,"Indie, Simulation, Strategy",Single-player,"windows, mac, linux"
FURRY HITLER,2022,6.99,"Adventure, Casual",Single-player,windows
There Is No Light: Enhanced Edition,2022,6.99,"Action, Adventure, Indie, RPG",Single-player,windows
Head Shot,2016,6.99,"Action, Adventure, Casual, Indie, Early Access",Multi-player,windows
Party Quiz,2023,6.99,"Casual, Indie, Simulation, Early Access",Multi-player,"windows, linux"
Fearless Fantasy,2014,6.99,"Action, Adventure, Casual, Indie, RPG",Single-player,windows
Edge,2025,6.99,"Adventure, Indie, Simulation",Single-player,windows
Red Trigger,2016,6.99,"Action, Adventure, Indie",Single-player,windows
Canyon Capers,2014,6.99,"Action, Casual, Indie",Single-player,windows
WHAT THE GOLF?,2020,6.79,"Action, Adventure, Casual, Indie, Simulation",Single&Multi-player,"windows, mac, linux"
The Darkside Detective,2017,6.74,"Adventure, Casual, Indie",Single-player,"windows, mac, linux"
Songs for a Hero - Definitive Edition,2016,6.74,"Adventure, Casual, Indie",Single-player,"windows, mac, linux"
The Excavation of Hob's Barrow,2022,6.74,Adventure,Single-player,"windows, mac, linux"
The Darkside Detective: A Fumble in the Dark,2021,6.74,"Adventure, Casual, Indie",Single-player,"windows, mac, linux"
Halls of Torment,2024,6.66,"Action, Indie, RPG",Single-player,"windows, linux"
We Know the Devil,2016,6.66,"Adventure, Casual, Indie",Single-player,"windows, mac"
The Hungry Lamb: Traveling in the Late Ming Dynasty,2024,6.49,"Adventure, Indie, RPG",Single-player,windows
Sayonara Wild Hearts,2019,6.49,"Action, Casual",Single-player,windows
Sucker for Love: Date to Die For,2024,6.49,"Indie, RPG, Simulation",Single-player,windows
Strange Horticulture,2022,6.39,"Adventure, Indie, Simulation",Single-player,"windows, mac"
Whisper Mountain Outbreak,2025,6.39,"Action, Indie, Early Access",Single&Multi-player,windows
Junkyard Simulator,2021,6.39,"Indie, Simulation, Strategy, Early Access",Single-player,windows
BM General Hospital,2025,6.39,"Indie, RPG, Simulation",Single-player,windows
A Webbing Journey,2025,6.39,"Adventure, Casual, Indie, , Early Access",Single-player,"windows, mac, linux"
The Inn-Sanity,2025,6.31,Adventure,Single-player,windows
The NOexistenceN of Morphean Paradox : The Forest of Silver Shallots,2026,6.29,"Adventure, Indie, RPG, Early Access",Single-player,windows
OverDrift Festival,2022,6.29,"Massively Multiplayer, Racing, Simulation, sports",Single&Multi-player,windows
Eastshade,2019,6.24,"Adventure, Indie",Single-player,windows
Observation,2020,6.24,"Adventure, Indie",Single-player,windows
Hotel Renovator,2023,6.24,"Adventure, Casual, Indie, Simulation",Single-player,windows
Wordle,2021,6.12,"Casual, Indie, Simulation, sports",Single-player,"windows, mac, linux"
Golf Club Nostalgia,2021,6,"Casual, Indie, sports",Single-player,windows
Grand Theft Auto IV: The Complete Edition,2020,5.99,"Action, Adventure",Single&Multi-player,windows
A Dance of Fire and Ice,2019,5.99,Indie,Single-player,"windows, mac, linux"
The Henry Stickmin Collection,2020,5.99,"Adventure, Casual, Indie",Single-player,"windows, mac"
Age of History II,2018,5.99,Strategy,Single&Multi-player,windows
My Time at Portia,2019,5.99,"Adventure, Casual, Indie, RPG, Simulation",Single-player,"windows, mac"
ROUNDS,2021,5.99,"Action, Indie",Multi-player,"windows, mac"
Pathfinder: Wrath of the Righteous - Enhanced Edition,2021,5.99,"Action, Adventure, Indie, RPG, Strategy",Single-player,"windows, mac"
Hatred,2015,5.99,"Action, Indie",Single-player,"windows, linux"
Bendy and the Ink Machine,2017,5.99,"Action, Adventure, Indie, Strategy",Single-player,windows
Cruelty Squad,2021,5.99,"Action, Indie, Simulation",Single-player,windows
Townscaper,2021,5.99,"Casual, Indie, Simulation",Single-player,"windows, mac"
Pseudoregalia,2023,5.99,"Action, Adventure, Indie",Single-player,windows
The Past Within,2022,5.99,"Adventure, Indie",Multi-player,"windows, mac"
Bendy and the Dark Revival,2022,5.99,"Action, Adventure",Single-player,windows
KinitoPET,2024,5.99,"Casual, Indie, Simulation",Single-player,windows
Symphony of War: The Nephilim Saga,2022,5.99,"Adventure, Indie, RPG, Strategy",Single-player,windows
Supraland,2019,5.99,"Action, Adventure, Indie, RPG",Single-player,windows
Papa's Freezeria Deluxe,2023,5.99,"Action, Casual, Indie, Simulation, Strategy",Single-player,windows
FlyKnight,2025,5.99,"Action, Adventure, RPG",Single&Multi-player,windows
Tick Tock: A Tale for Two,2019,5.99,"Adventure, Casual, Indie",Multi-player,"windows, mac"
Stronghold HD (2012),2013,5.99,"Simulation, Strategy",Single&Multi-player,windows
CastleMiner Z,2014,5.99,"Action, Adventure, Indie",Single&Multi-player,windows
Hidden Folks,2017,5.99,"Adventure, Casual, Indie",Single-player,"windows, mac, linux"
Chillquarium,2023,5.99,"Casual, Simulation",Single-player,"windows, mac"
Total Tank Simulator,2020,5.99,"Action, Indie, Simulation, Strategy",Single-player,windows
Lost in Play,2022,5.99,"Adventure, Indie",Single-player,"windows, mac"
Railway Empire,2018,5.99,"Simulation, Strategy",Single-player,"windows, linux"
Necromunda: Hired Gun,2021,5.99,"Action, Adventure",Single-player,windows
Laika: Aged Through Blood,2023,5.99,"Action, Adventure",Single-player,windows
Home Behind,2016,5.99,"Adventure, Casual, Indie, RPG, Simulation, Strategy",Single-player,"windows, mac, linux"
God Of Weapons,2023,5.99,"Action, Casual, Indie, RPG",Single-player,windows
Dead Rising 4,2017,5.99,Action,Single&Multi-player,windows
Postal III,2012,5.99,Action,Single-player,windows
Spilled!,2025,5.99,"Adventure, Casual, Indie, Simulation, ",Single-player,"windows, mac"
Weird West: Definitive Edition,2022,5.99,"Action, Adventure, Indie, RPG, Simulation",Single-player,windows
Divine Divinity,2012,5.99,RPG,Single-player,windows
Leaf it Alone,2025,5.99,"Casual, Indie, Simulation",Single-player,windows
Low Magic Age,2017,5.99,"Adventure, Casual, Indie, RPG, Strategy, Early Access",Single-player,windows
Heliborne Collection,2017,5.99,"Action, Indie, Massively Multiplayer",Single&Multi-player,"windows, mac, linux"
Metal Garden,2025,5.99,"Action, Adventure, Indie",Single-player,windows
Prison Escape Simulator: Dig Out,2025,5.99,"Action, Adventure, Casual, Indie, Simulation",Single-player,"windows, mac"
Squirrel with a Gun,2024,5.99,"Action, Adventure, Indie, Simulation",Single-player,windows
Serious Sam Classic: The First Encounter,2019,5.99,"Action, Indie",Single&Multi-player,windows
"Sex, Please",2024,5.99,"Action, Simulation",Single-player,windows
The Sexy Brutale,2017,5.99,"Adventure, Indie",Single-player,windows
[Chilla's Art] The Closing Shift | 閉店事件,2022,5.99,"Action, Adventure, Casual, Indie, Simulation, Strategy",Single-player,windows
I wanna be the Creator,2019,5.99,"Action, Adventure, Indie",Single&Multi-player,windows
WRC Generations – The FIA WRC Official Game,2022,5.99,"Racing, Simulation",Single&Multi-player,windows
The Death | Thần Trùng,2022,5.99,"Adventure, Casual, Indie",Single-player,windows
Trover Saves the Universe,2019,5.99,"Action, Adventure, Indie",Single-player,windows
Master Of Pottery,2019,5.99,"Casual, Indie, Simulation, Early Access",Single&Multi-player,windows
Squishy the Suicidal Pig,2014,5.99,"Adventure, Indie",Single-player,"windows, mac"
Hard West 2,2022,5.99,"Action, RPG, Strategy",Single-player,windows
Suicide Guy,2017,5.99,Action,Single-player,"windows, mac, linux"
Maltese's Fluffy Onsen,2025,5.99,"Casual, Indie, Simulation",Single-player,"windows, mac"
Kopanito All-Stars Soccer,2016,5.99,"Action, Indie, sports",Single&Multi-player,"windows, mac, linux"
Folie Fatale,2024,5.99,"Adventure, Indie, Simulation",Single-player,"windows, mac"
"STAR WARS™ Dark Forces (Classic, 1995)",2009,5.99,Action,Single-player,"windows, mac"
Dreaming Sarah,2015,5.99,"Adventure, Casual, Indie",Single-player,"windows, linux"
Secret Pie (Adult Version),2021,5.99,"Adventure, Casual, Indie, Simulation",Single-player,windows
pureya,2021,5.99,"Action, Casual, Indie",Single-player,"windows, mac, linux"
Sex with Stalin,2020,5.99,"Indie, Simulation",Single-player,windows
Legendary,2008,5.99,Action,Single-player,windows
Geometry Arena,2021,5.99,"Action, Casual, Indie",Single-player,"windows, mac"
SEUM: Speedrunners from Hell,2016,5.99,"Action, Indie, Racing",Single-player,"windows, mac, linux"
Fish to Dish: Idle Sushi,2025,5.99,"Casual, Indie, RPG",Single-player,windows
Velvet Assassin,2009,5.99,Action,Single-player,"windows, mac"
The Crown of Leaves,2018,5.99,"Adventure, Casual, Indie",Single-player,"windows, linux"
Night Raider,2024,5.99,"Adventure, Indie",Single-player,windows
Majotori,2017,5.99,"Adventure, Casual, Indie",Single-player,"windows, mac, linux"
Goobies,2023,5.99,"Action, Casual, Indie, RPG, Strategy",Single-player,windows
Warhammer Age of Sigmar: Realms of Ruin,2023,5.99,"Action, Strategy",Single&Multi-player,windows
LEGO® Bricktales,2022,5.99,"Adventure, Casual, Simulation",Single-player,"windows, mac, linux"
Jacksmith: Weapons and Warriors,2025,5.99,"Action, Casual, Indie, Simulation, Strategy",Single-player,windows
Serious Sam Classic: The Second Encounter,2019,5.99,"Action, Indie",Single&Multi-player,windows
Trainee Death Simulator,2024,5.99,"Indie, RPG, Simulation, Strategy",Single-player,windows
Erica,2021,5.99,"Casual, Indie",Single-player,windows
Sixty Four,2024,5.99,"Casual, Indie, Simulation, Strategy",Single-player,"windows, mac"
"This Ain’t Even Poker, Ya Joker",2025,5.99,"Casual, Indie, Strategy",Single-player,windows
Richman 4,2022,5.99,Casual,Single&Multi-player,windows
Prospekt,2016,5.99,Action,Single-player,windows
Subsurface Circular,2017,5.99,"Adventure, Casual, Indie",Single-player,"windows, mac"
hack_me,2017,5.99,"Indie, Simulation",Single-player,windows
Disciples II: Gallean's Return,2006,5.99,Strategy,Single&Multi-player,windows
WW2 Rebuilder,2023,5.99,"Action, Adventure, Casual, Indie, RPG, Simulation, Strategy",Single-player,windows
IS Defense,2016,5.99,"Action, Indie",Single-player,"windows, linux"
Vital Shell,2026,5.99,"Action, RPG",Single-player,"windows, linux"
Green Project,2020,5.99,"Indie, Simulation",Single-player,windows
Lovely Planet,2014,5.99,"Action, Indie",Single-player,"windows, mac, linux"
Project Lazarus,2023,5.99,"Action, Casual",Single-player,windows
Mundaun,2021,5.99,"Action, Adventure, Indie",Single-player,windows
Mosaique Neko Waifus 5,2022,5.99,"Casual, RPG",Single-player,"windows, mac, linux"
Re-Volt,2022,5.99,Racing,Single&Multi-player,windows
GIBZ,2017,5.99,"Action, Adventure, Indie",Single&Multi-player,windows
Riven (1997),2010,5.99,"Adventure, Casual",Single-player,"windows, mac"
巅峰骑士团,2019,5.99,"Action, Adventure, Indie, RPG, Strategy",Single-player,"windows, mac"
Year Walk,2014,5.99,"Adventure, Indie",Single-player,"windows, mac"
Disciples II: Rise of the Elves,2006,5.99,Strategy,Single&Multi-player,windows
Broken Sword 2 - the Smoking Mirror: Remastered (2010),2009,5.99,"Adventure, Casual",Single-player,"windows, mac, linux"
Dread Flats,2025,5.99,"Adventure, Casual, Indie, RPG, Simulation",Single-player,windows
Cities in Motion 2,2013,5.99,"Simulation, Strategy",Single&Multi-player,"windows, mac, linux"
"Take me, Vitaly",2024,5.99,"Adventure, Indie, Simulation",Single-player,"windows, mac"
Dino Run DX,2015,5.99,"Action, Indie, Racing",Single-player,"windows, mac"
The Ramp,2021,5.99,"Casual, Indie, Simulation, sports",Single-player,windows
沉睡的法则 Things as They Are,2019,5.99,"Adventure, Indie, RPG",Single-player,windows
Love Love School Days,2023,5.99,"Action, Adventure, Indie",Single-player,windows
Tree Simulator 2022,2021,5.99,"Action, Adventure, Casual, Indie, Simulation",Single&Multi-player,windows
Caligo,2017,5.99,"Adventure, Indie",Single-player,windows
Do Not Feed the Monkeys 2099,2023,5.99,"Indie, Simulation, Strategy",Single-player,"windows, mac"
My Little Life,2025,5.99,"Casual, Indie, RPG, Simulation",Single-player,windows
Dementium II HD,2013,5.99,"Action, Adventure, Indie",Single-player,windows
Myst: Masterpiece Edition,2011,5.99,"Adventure, Casual",Single-player,"windows, mac"
Ticket to Ride®,2023,5.99,"Casual, Simulation, Strategy",Single&Multi-player,"windows, mac"
Chicken Invaders 5,2015,5.99,"Action, Casual, Indie",Single&Multi-player,"windows, mac"
Sudeki,2014,5.99,"Action, Adventure, RPG",Single-player,windows
Extremely Powerful Capybaras,2023,5.99,"Action, Casual, Indie, RPG",Single&Multi-player,windows
Yooka-Laylee and the Impossible Lair,2019,5.99,"Adventure, Indie",Single-player,windows
Adam Wolfe,2016,5.99,"Adventure, Casual",Single-player,"windows, mac"
PIT OF GOBLIN,2024,5.99,"Action, Adventure, Indie, Early Access",Single&Multi-player,windows
Penguins Arena: Sedna's World,2008,5.99,"Action, Casual, Indie",Single&Multi-player,"windows, mac"
Double Dragon Trilogy,2015,5.99,Action,Single&Multi-player,windows
Jack Move,2022,5.99,"Adventure, Indie, RPG",Single-player,"windows, mac"
Back to Bed,2014,5.99,"Action, Casual, Indie",Single-player,"windows, mac, linux"
Cities in Motion,2011,5.99,Simulation,Single-player,"windows, mac, linux"
Caravan,2016,5.99,"Adventure, Indie, Simulation, Strategy",Single-player,"windows, mac, linux"
Little Racers STREET,2014,5.99,"Casual, Indie, Racing",Single&Multi-player,"windows, mac, linux"
Estranged: The Departure,2020,5.99,"Action, Adventure, Casual, Indie",Single-player,"windows, mac, linux"
Remember Me,2025,5.99,"Adventure, Casual, Indie",Single-player,windows
WHAT THE PAK?!,2024,5.99,"Action, Casual, Indie, Early Access",Multi-player,windows
My Wife Threw Out My Card Collection (So I Bought a Dump to Find Them All) ⭐,2025,5.96,"Action, Casual, Simulation",Single-player,windows
Jesus Christ RPG Trilogy,2016,5.96,"Action, RPG",Single-player,windows
The friends of Ringo Ishikawa,2018,5.84,"Action, Adventure, Indie, RPG",Single&Multi-player,"windows, mac"
Otaku's Adventure,2019,5.59,"Adventure, Indie, RPG",Single-player,"windows, mac"
Slots & Daggers,2025,5.59,"Indie, Simulation, Strategy",Single-player,"windows, mac"
Lay a Beauty to Rest: The Darkness Peach Blossom Spring,2021,5.59,"Adventure, Casual, Indie, RPG",Single-player,windows
Super Battle Golf,2026,5.59,"Casual, Indie, sports",Single&Multi-player,windows
A Building Full of Cats 2,2025,5.59,"Adventure, Casual, Indie",Single-player,"windows, linux"
Paratopic,2018,5.49,"Adventure, Indie",Single-player,"windows, mac, linux"
Bogos Binted?,2026,5.49,"Casual, Indie, Simulation, Strategy",Single&Multi-player,windows
Absolute Drift,2015,5.39,"Action, Casual, Indie, Racing, Simulation, sports",Single-player,"windows, mac, linux"
Ex-Zodiac,2022,5.39,"Action, Indie, Early Access",Single-player,"windows, mac, linux"
Nunholy,2025,5.35,Action,Single-player,"windows, mac, linux"
Tiny Pasture,2025,5.29,"Casual, Indie, Simulation",Single-player,"windows, mac"
Yellow Taxi Goes Vroom,2024,5.26,"Action, Adventure, Indie",Single-player,windows
Dystopika,2024,5.24,"Casual, Indie, Simulation",Single-player,windows
Starpoint Gemini Warlords,2017,5.24,"Action, RPG, Simulation, Strategy",Single-player,windows
Tiny Aquarium: Social Fishkeeping,2025,5.24,"Casual, Indie, Massively Multiplayer, Simulation",Single&Multi-player,"windows, mac, linux"
The Great War: Western Front™,2023,5.24,Strategy,Single&Multi-player,windows
Doors: Paradox,2022,5.24,"Adventure, Casual, Indie",Single-player,windows
Anodyne,2013,5.24,"Action, Adventure, Casual, Indie",Single-player,"windows, mac, linux"
A Guidebook of Babel,2023,5.24,"Adventure, Indie",Single-player,"windows, mac"
Hospital 666,2024,5.19,"Action, Adventure, Indie",Single&Multi-player,windows
Aquarist,2024,5.16,"Casual, Indie, Simulation",Single-player,windows
Don't Starve Together,2016,5.09,"Action, Adventure, Indie, RPG, Simulation, Strategy",Single&Multi-player,"windows, mac, linux"
Euro Truck Simulator 2,2012,4.99,"Indie, Simulation",Single&Multi-player,"windows, mac, linux"
Geometry Dash,2014,4.99,"Action, Indie",Single-player,"windows, mac"
Vampire Survivors,2022,4.99,"Action, Casual, Indie, RPG",Single&Multi-player,"windows, mac"
Borderlands 2,2012,4.99,"Action, RPG",Single&Multi-player,"windows, mac, linux"
American Truck Simulator,2016,4.99,"Indie, Simulation",Single&Multi-player,"windows, mac, linux"
Stick Fight: The Game,2017,4.99,"Action, Casual, Indie",Multi-player,"windows, mac"
Cookie Clicker,2021,4.99,"Casual, Indie, Simulation, Strategy",Single-player,"windows, mac"
Resident Evil 4 (2005),2014,4.99,"Action, Adventure",Single-player,windows
Company of Heroes 2,2013,4.99,Strategy,Single&Multi-player,"windows, mac, linux"
WEBFISHING,2024,4.99,"Casual, Indie, Massively Multiplayer",Single&Multi-player,windows
Five Nights at Freddy's,2014,4.99,"Indie, Simulation",Single-player,windows
Chained Together,2024,4.99,"Adventure, Casual, Indie, Simulation",Single&Multi-player,windows
The Binding of Isaac,2011,4.99,"Action, Adventure, Indie, RPG",Single-player,"windows, mac"
What Remains of Edith Finch,2017,4.99,"Adventure, Indie",Single-player,windows
Your Only Move Is HUSTLE,2023,4.99,"Action, Indie, Simulation, Strategy",Single&Multi-player,"windows, linux"
Pacify,2019,4.99,"Action, Adventure, Casual, Indie, Strategy",Single&Multi-player,"windows, mac"
Town of Salem,2014,4.99,"Action, Casual, RPG, Strategy",Multi-player,"windows, mac"
Half-Life: Opposing Force,1999,4.99,Action,Single&Multi-player,"windows, mac, linux"
PICO PARK,2021,4.99,"Action, Casual, Indie",Multi-player,windows
Summer Memories,2020,4.99,"Adventure, RPG",Single-player,windows
Pro Soccer Online,2025,4.99,sports,Multi-player,windows
ABZU,2016,4.99,"Adventure, Casual, Indie, Simulation",Single-player,windows
Half-Life: Blue Shift,2001,4.99,Action,Single-player,"windows, mac, linux"
Nubby's Number Factory,2025,4.99,Strategy,Single-player,windows
Victoria II,2010,4.99,Strategy,Single&Multi-player,windows
ISLANDERS,2019,4.99,"Casual, Indie, Strategy",Single-player,"windows, mac"
CrossCode,2018,4.99,"Action, Adventure, Indie, RPG",Single-player,"windows, mac, linux"
Changed,2018,4.99,"Adventure, Indie, RPG",Single-player,windows
Gold Mining Simulator,2017,4.99,"Indie, Simulation",Single-player,windows
Pony Island,2016,4.99,Indie,Single-player,"windows, mac, linux"
Breathedge,2021,4.99,"Action, Adventure, Indie, Simulation",Single-player,windows
One Finger Death Punch,2014,4.99,"Action, Casual, Indie",Single-player,windows
Peggle Deluxe,2007,4.99,Casual,Single-player,"windows, mac"
Kindergarten,2017,4.99,"Adventure, Indie",Single-player,"windows, mac, linux"
Lunch Lady,2021,4.99,"Action, Adventure, Indie",Single&Multi-player,windows
Garfield Kart,2015,4.99,Racing,Single-player,"windows, mac"
An alt girl for skoof,2024,4.99,"Casual, Indie",Single-player,"windows, mac, linux"
Ravenous Devils,2022,4.99,"Casual, Indie, Simulation",Single-player,windows
Natural Selection 2,2012,4.99,"Action, Indie, Strategy",Multi-player,windows
Reventure,2019,4.99,"Adventure, Indie",Single-player,windows
Guns of Icarus Online,2012,4.99,"Action, Adventure, Indie, Simulation",Multi-player,"windows, mac, linux"
Manifold Garden,2020,4.99,"Adventure, Indie",Single-player,windows
Cube Escape Collection,2020,4.99,,Single-player,"windows, mac"
Team Fortress Classic,1999,4.99,Action,Multi-player,"windows, mac, linux"
VVVVVV,2010,4.99,"Action, Indie",Single-player,"windows, mac, linux"
Underground Blossom,2023,4.99,"Adventure, Indie",Single-player,"windows, mac"
Rusted Warfare - RTS,2017,4.99,"Indie, Strategy",Single&Multi-player,"windows, mac, linux"
LEWDAPOCALYPSE Hentai Evil,2020,4.99,"Action, Adventure, Casual, Indie",Single-player,"windows, mac, linux"
Minami Lane,2024,4.99,"Casual, Indie, Simulation, Strategy",Single-player,"windows, mac, linux"
Sword With Sauce,2018,4.99,"Action, Casual",Single-player,windows
Sticky Business,2023,4.99,"Casual, Simulation",Single-player,"windows, mac"
Outlaws of the Old West,2019,4.99,"Action, Adventure, Casual, Indie, Massively Multiplayer, RPG, Strategy, Early Access",Single&Multi-player,windows
112 Operator,2020,4.99,"Indie, Simulation, Strategy",Single-player,"windows, mac"
Sid Meier's Civilization® III Complete,2006,4.99,Strategy,Single&Multi-player,windows
Glass Masquerade,2016,4.99,"Casual, Indie",Single-player,"windows, mac"
Aim Hero,2016,4.99,"Action, Early Access",Single-player,windows
Incredibox,2021,4.99,"Casual, Indie",Single-player,"windows, mac"
Emily is Away Too,2017,4.99,"Adventure, Casual, Indie, RPG, Simulation",Single-player,"windows, mac, linux"
Mount Your Friends,2014,4.99,"Indie, Simulation, sports",Single&Multi-player,windows
Boneraiser Minions,2023,4.99,"Action, Casual, Indie, RPG",Single-player,windows
"Please, Don’t Touch Anything",2015,4.99,"Casual, Indie",Single-player,"windows, mac, linux"
FAR: Changing Tides,2022,4.99,"Action, Adventure, Indie",Single-player,windows
Primal Carnage,2012,4.99,"Action, Indie",Multi-player,windows
Granny Simulator,2019,4.99,"Casual, Indie, Simulation, Early Access",Single&Multi-player,windows
Noobs Want to Live,2023,4.99,"Action, Adventure, Casual, Indie",Single-player,"windows, mac"
Chill Pulse,2024,4.99,"Adventure, Casual, Indie, Simulation",Single&Multi-player,"windows, mac"
Day of Defeat,2003,4.99,Action,Multi-player,"windows, mac, linux"
Mosaique Neko Waifus 4,2021,4.99,"Casual, RPG",Single-player,"windows, linux"
Call of the Sea,2020,4.99,"Adventure, Casual, Indie",Single-player,windows
Nightmare of Decay,2022,4.99,"Action, Adventure, Indie",Single-player,windows
Hexcells Infinite,2014,4.99,"Casual, Indie, Strategy",Single-player,"windows, mac, linux"
Steelrising,2022,4.99,"Action, Adventure, RPG",Single-player,windows
Barn Finders,2020,4.99,"Casual, Indie, Simulation",Single-player,windows
Picayune Dreams,2023,4.99,Action,Single-player,windows
Garten of Banban 2,2023,4.99,"Action, Adventure, Casual, Indie",Single-player,windows
Project Highrise,2016,4.99,"Simulation, Strategy",Single-player,"windows, mac"
Wytchwood,2021,4.99,"Adventure, Casual, Indie, RPG",Single-player,"windows, mac"
Return to Shironagasu Island,2020,4.99,Adventure,Single-player,windows
Sword and Fairy,2021,4.99,RPG,Single-player,windows
Alien Shooter,2009,4.99,"Action, Indie, RPG",Single-player,windows
Legend Creatures(传奇生物),2020,4.99,"Casual, Indie, Strategy",Single-player,windows
The Tiny Bang Story,2011,4.99,"Adventure, Casual, Indie",Single-player,"windows, mac, linux"
"Love, Money, Rock'n'Roll",2022,4.99,"Adventure, Casual, Indie",Single-player,"windows, mac, linux"
Strange Jigsaws,2025,4.99,"Adventure, Casual, Indie",Single-player,windows
Kabuto Park,2025,4.99,"Casual, Indie, RPG, Simulation, Strategy",Single-player,"windows, mac, linux"
Fear Therapy,2021,4.99,"Indie, Early Access",Single&Multi-player,windows
Voidigo,2023,4.99,"Action, Adventure, Indie",Single&Multi-player,windows
NEKOPARA Extra,2018,4.99,"Casual, Indie",Single-player,windows
Last Evil,2020,4.99,"Indie, Strategy",Single-player,windows
Saiko no sutoka,2021,4.99,"Action, Adventure, Casual, Simulation",Single-player,windows
Commandos: Behind Enemy Lines,2007,4.99,Action,Single&Multi-player,windows
Redout: Enhanced Edition,2016,4.99,Racing,Single&Multi-player,windows
SIMULACRA,2017,4.99,"Adventure, Indie, Simulation",Single-player,"windows, mac"
HOLE,2024,4.99,"Action, Indie",Single-player,windows
Forgive Me Father,2022,4.99,"Action, Indie",Single-player,windows
Progressbar95,2020,4.99,"Casual, Indie, Simulation",Single-player,windows
Men of War™,2009,4.99,Strategy,Single&Multi-player,windows
Windowkill,2024,4.99,"Action, Indie",Single&Multi-player,"windows, linux"
The Dark Queen of Mortholme,2025,4.99,"Action, Casual, Indie",Single-player,"windows, linux"
Kanjozoku Game レーサー Online Street Racing & Drift,2022,4.99,"Massively Multiplayer, Racing, Simulation, sports",Single&Multi-player,windows
Initial Drift Online,2023,4.99,"Action, Indie, Massively Multiplayer, Racing, Simulation",Multi-player,windows
X-COM: UFO Defense,2008,4.99,Strategy,Single-player,windows
Rento Fortune: Online Dice Board Game (大富翁),2017,4.99,"Casual, Indie, Massively Multiplayer, Strategy",Single&Multi-player,"windows, mac, linux"
Laughing to Die,2024,4.99,"Adventure, Indie",Single-player,"windows, mac"
Star Trek: Resurgence,2024,4.99,Adventure,Single-player,windows
Zuma's Revenge!,2009,4.99,"Action, Casual",Single-player,windows
Dead Effect,2014,4.99,"Action, Indie",Single-player,"windows, mac"
Ash of Gods: Redemption,2018,4.99,"Adventure, Indie, RPG, Strategy",Single-player,"windows, mac, linux"
Last Day of June,2017,4.99,"Adventure, Indie",Single-player,windows
Fears to Fathom - Norwood Hitchhike,2022,4.99,"Adventure, Casual, Indie",Single-player,windows
Karate Survivor,2024,4.99,"Action, Casual, Indie",Single-player,"windows, mac"
Leap Year,2024,4.99,"Action, Adventure, Indie",Single-player,windows
Astro Prospector,2025,4.99,"Action, Casual, Indie, Simulation, Strategy",Single-player,windows
Glass Masquerade 2: Illusions,2019,4.99,"Casual, Indie",Single-player,"windows, mac"
Chop Goblins,2022,4.99,"Action, Indie",Single-player,windows
Bloody Trapland,2013,4.99,"Action, Adventure, Casual, Indie",Single&Multi-player,windows
Only Climb: Better Together,2023,4.99,"Action, Adventure, Indie",Single&Multi-player,windows
Akane,2018,4.99,"Action, Casual, Indie",Single-player,"windows, mac, linux"
Kill The Crows,2023,4.99,"Action, Indie",Single-player,"windows, mac"
Keep Digging,2025,4.99,"Adventure, Casual, Indie, Simulation",Single&Multi-player,windows
Dark Deception: Monsters & Mortals,2020,4.99,"Action, Casual, Indie",Multi-player,windows
Carry The Glass,2024,4.99,"Adventure, Casual, Indie, Simulation",Multi-player,windows
Garten of Banban 3,2023,4.99,"Action, Adventure, Casual, Indie",Single-player,windows
Angry Video Game Nerd Adventures,2013,4.99,"Action, Adventure, Indie",Single-player,windows
Mosaique Neko Waifus 2,2020,4.99,"Casual, RPG",Single-player,"windows, linux"
Dark Deity,2021,4.99,"Adventure, Indie, RPG, Strategy",Single-player,windows
Yogurt!,2020,4.99,"Adventure, Casual, RPG, Simulation",Single-player,windows
McPixel,2012,4.99,"Action, Adventure, Indie",Single-player,"windows, mac"
Time Wasters,2023,4.99,"Action, Casual, Indie, RPG",Single-player,windows
Dreamscaper,2021,4.99,"Action, Adventure, Indie, RPG",Single-player,windows
RollerCoaster Tycoon® Classic,2017,4.99,"Simulation, Strategy",Single-player,"windows, mac"
Little Big Workshop,2019,4.99,"Simulation, Strategy",Single-player,"windows, mac"
Fears to Fathom - Carson House,2023,4.99,"Adventure, Casual, Indie",Single-player,windows
Alien Shooter 2: Reloaded,2009,4.99,"Action, Indie, RPG",Single-player,windows
Deathmatch Classic,2001,4.99,Action,Multi-player,"windows, mac, linux"
Organ Trail: Director's Cut,2013,4.99,"Indie, Strategy",Single-player,"windows, mac, linux"
Chinese Paladin：Sword and Fairy,2017,4.99,RPG,Single-player,windows
Click Mage,2025,4.99,"Casual, Indie, Simulation",Single-player,windows
Commandos 2: Men of Courage,2007,4.99,Strategy,Single&Multi-player,windows
Creepy Tale,2020,4.99,"Adventure, Indie",Single-player,"windows, mac, linux"
Mirage Feathers,2024,4.99,"Action, Indie",Single-player,windows
Airscape - The Fall of Gravity,2015,4.99,"Action, Adventure, Indie",Single-player,"windows, mac, linux"
"Peace, Death!",2017,4.99,"Casual, Indie, Simulation",Single-player,windows
Agrou,2020,4.99,"Casual, Indie, Strategy",Multi-player,windows
ARMA: Cold War Assault,2011,4.99,"Action, Simulation, Strategy",Single-player,windows
Treasure Hunter Claire,2018,4.99,"Adventure, Indie, RPG",Single-player,windows
SOS OPS!,2023,4.99,,Single&Multi-player,windows
CARIMARA: Beneath the forlorn limbs,2025,4.99,"Adventure, Casual, Indie",Single-player,"windows, mac"
Hamster Hunter,2023,4.99,"Action, Adventure, Casual, Indie, Simulation",Single-player,"windows, mac, linux"
Survivalist,2015,4.99,"Action, Adventure, Indie, RPG, Simulation, Strategy",Single&Multi-player,windows
While We Wait Here,2024,4.99,"Adventure, Casual, Simulation",Single-player,"windows, mac"
Cat Cafe Manager,2022,4.99,"Indie, Simulation, Strategy",Single-player,windows
and Roger,2025,4.99,"Adventure, Casual, Indie, Simulation",Single-player,"windows, mac"
Earn to Die 2,2016,4.99,"Action, Indie, Racing",Single-player,"windows, mac"
千面 Melancholy Love,2020,4.99,"Adventure, Casual, Indie, RPG, Simulation",Single-player,"windows, mac"
Freeways,2018,4.99,"Indie, Simulation",Single-player,"windows, mac"
Desperados: Wanted Dead or Alive,2013,4.99,"Action, Strategy",Single-player,"windows, mac, linux"
It Steals,2020,4.99,"Action, Indie",Single-player,windows
140,2013,4.99,"Action, Indie",Single-player,"windows, mac, linux"
Emily Wants To Play,2015,4.99,"Action, Adventure, Casual, Indie, Simulation, Strategy",Single-player,"windows, mac"
Shoppe Keep,2016,4.99,"Adventure, Indie, RPG, Simulation",Single-player,"windows, mac, linux"
Hydrophobia: Prophecy,2011,4.99,"Action, Adventure, Indie, Strategy",Single-player,windows
Last Report,2025,4.99,"Adventure, Indie",Single-player,windows
WRATH: Aeon of Ruin,2024,4.99,Action,Single-player,"windows, linux"
Rocketbirds: Hardboiled Chicken,2012,4.99,"Adventure, Indie",Single&Multi-player,"windows, mac, linux"
Dollmare,2024,4.99,"Adventure, Indie, Simulation",Single-player,windows
Gourdlets,2024,4.99,"Casual, Indie, Simulation",Single-player,"windows, mac, linux"
Be My Horde,2024,4.99,"Action, Indie, Simulation, Early Access",Single-player,windows
Dude Simulator,2017,4.99,"Action, Adventure, Indie, Simulation",Single-player,windows
Mosaique Neko Waifus 3,2020,4.99,"Casual, RPG",Single-player,"windows, linux"
"10,000,000",2013,4.99,"Action, Casual, Indie, RPG",Single-player,"windows, mac, linux"
SteamWorld Build,2023,4.99,"Simulation, Strategy",Single-player,windows
Block Story™,2015,4.99,"Action, Adventure, Indie, RPG",Single-player,windows
Dude Simulator 2,2018,4.99,"Action, Adventure, Indie, Racing, Simulation",Single-player,windows
Bad Guys at School,2020,4.99,"Action, Casual, Indie, Simulation",Single&Multi-player,windows
Lunistice,2022,4.99,"Action, Adventure, Indie",Single-player,windows
Gestalt: Steam & Cinder,2024,4.99,"Action, Adventure, Indie, RPG",Single-player,windows
Ghost Master®,2006,4.99,Strategy,Single-player,windows
Choice of Life: Middle Ages,2020,4.99,"Adventure, Casual, Indie, RPG, Simulation",Single-player,"windows, mac, linux"
Circuits,2014,4.99,"Casual, Indie",Single-player,"windows, mac, linux"
The Artful Escape,2021,4.99,"Action, Adventure, Indie",Single-player,windows
Maniac,2024,4.99,"Action, Indie, Racing, RPG, Simulation",Single-player,"windows, mac, linux"
Decay: The Mare,2015,4.99,"Adventure, Indie",Single-player,"windows, mac, linux"
AXYOS,2018,4.99,"Action, Casual, Indie, Massively Multiplayer, Strategy",Single&Multi-player,windows
Desktop Defender,2025,4.99,"Casual, Indie",Single-player,windows
Kiwi Clicker - Juiced Up,2022,4.99,"Action, Casual, Indie, Simulation, Strategy",Single-player,windows
Toki Tori,2010,4.99,"Casual, Indie",Single-player,"windows, mac, linux"
Down To One,2016,4.99,Action,Single&Multi-player,windows
Nyan Cat: Lost In Space,2015,4.99,"Action, Casual",Single-player,"windows, linux"
Gomo,2013,4.99,"Adventure, Indie",Single-player,"windows, mac"
Thrive,2021,4.99,"Casual, Indie, Simulation, Early Access",Single-player,"windows, mac, linux"
Nomad Survival,2022,4.99,"Action, Indie",Single-player,windows
Slime 3K: Rise Against Despot,2024,4.99,"Action, Indie, RPG",Single-player,"windows, mac, linux"
Red Orchestra: Ostfront 41-45,2006,4.99,Action,Multi-player,"windows, mac, linux"
West Hunt,2023,4.99,"Casual, Indie",Single&Multi-player,windows
Kairo,2013,4.99,"Adventure, Indie",Single-player,"windows, mac, linux"
Occult,2022,4.99,"Action, Adventure, Indie, Massively Multiplayer",Single&Multi-player,windows
Only Up: With Friends,2023,4.99,"Action, Adventure, Casual, Indie",Single&Multi-player,windows
Bleed,2013,4.99,"Action, Indie",Single&Multi-player,"windows, mac, linux"
Revolution Ace,2014,4.99,"Action, Adventure, Indie",Single&Multi-player,windows
Save Jesus,2016,4.99,"Casual, Indie",Single-player,windows
Fishing Adventure,2019,4.99,"Indie, Simulation",Single-player,windows
Orbo's Odyssey,2023,4.99,"Action, Adventure",Single-player,windows
POPGOES Arcade,2022,4.99,RPG,Single-player,windows
Golfing Over It with Alva Majo,2018,4.99,"Action, Indie",Single-player,"windows, mac, linux"
Sixtieth Kilometer,2016,4.99,"Casual, Indie",Single-player,"windows, linux"
Orb of Creation,2022,4.99,"Casual, Indie, Strategy, Early Access",Single-player,windows
Time Walker: Dark World,2023,4.99,"Indie, Strategy",Single-player,"windows, mac"
Crypto Mining Simulator,2021,4.99,"Casual, Indie, Simulation, Strategy",Single-player,windows
The Light Remake,2020,4.99,"Adventure, Indie, Simulation",Single-player,windows
Who's at the door?,2025,4.99,"Adventure, Indie, Simulation",Single-player,windows
Ultimate Zombie Defense,2020,4.99,"Action, Adventure, Casual, Strategy",Single&Multi-player,"windows, mac"
Blitzkrieg Anthology,2014,4.99,Strategy,Single-player,windows
Cat Bait,2024,4.99,"Action, Casual, Indie, Early Access",Single-player,"windows, linux"
Just King,2023,4.99,"Action, Casual, Indie, RPG, Strategy",Single-player,windows
Crisis in the Kremlin,2017,4.99,"Indie, Simulation, Strategy",Single-player,"windows, mac, linux"
Boson X,2014,4.99,"Action, Indie",Single-player,"windows, mac, linux"
The Blackwell Legacy,2012,4.99,"Adventure, Indie",Single-player,"windows, mac, linux"
PAC-MAN 256,2016,4.99,Action,Single&Multi-player,"windows, mac, linux"
LOLLIPOP!,2021,4.99,"Casual, Indie",Single-player,windows
Love n War: Warlord by Chance,2021,4.99,"Casual, RPG, Simulation, Strategy",Single-player,windows
Desktop Survivors 98,2025,4.99,"Action, Casual, Indie",Single-player,windows
Thirty Flights of Loving,2012,4.99,"Adventure, Casual, Indie",Single-player,"windows, mac, linux"
Spellbook Demonslayers,2022,4.99,"Action, Casual, Indie, Early Access",Single-player,windows
Bright Lights of Svetlov,2021,4.99,Indie,Single-player,windows
Zortch,2023,4.99,"Action, Adventure, Indie",Single-player,windows
ARMORED HEAD,2020,4.99,"Action, Adventure, Indie",Single-player,windows
Snail Simulator,2023,4.99,"Action, Adventure, Casual, Indie, Massively Multiplayer, Simulation",Single&Multi-player,"windows, mac"
Beautiful Mystic Survivors,2022,4.99,"Action, Casual, Indie, RPG, Early Access",Single-player,windows
Andarilho,2020,4.99,"Action, Adventure, Casual, Indie, Simulation",Single-player,windows
Factory Town Idle,2024,4.99,"Casual, Indie, Simulation",Single-player,"windows, mac"
Crash Wheels,2018,4.99,"Indie, Racing",Single-player,windows
Imperial Glory,2014,4.99,Strategy,Single&Multi-player,windows
Divekick,2013,4.99,"Action, Indie",Single&Multi-player,windows
Abandon Ship,2019,4.99,"Adventure, Indie, RPG, Strategy",Single-player,"windows, mac, linux"
我的机器人女友,2026,4.99,"Casual, Indie, RPG, Simulation",Single-player,windows
Blues and Bullets,2015,4.99,Adventure,Single-player,"windows, mac, linux"
Super Trench Attack!,2014,4.99,"Action, Indie, RPG",Single-player,windows
Glass Masquerade 3: Honeylines,2023,4.99,"Casual, Indie",Single-player,"windows, mac"
Blitzkrieg 2 Anthology,2014,4.99,Strategy,Single-player,windows
eversion,2010,4.99,Indie,Single-player,"windows, mac, linux"
PARTICLE MACE,2015,4.99,"Action, Adventure, Indie",Single&Multi-player,windows
Catto's Post Office,2025,4.99,Casual,Single-player,windows
蓝宝石般的被害妄想少女/Damsel with persecutory delusion,2018,4.99,"Adventure, Casual, Indie, RPG, Simulation, Strategy",Single-player,"windows, mac"
Daylight,2014,4.99,"Action, Adventure, Casual, Indie",Single-player,windows
GRAVEN,2024,4.99,"Action, Adventure, RPG",Single&Multi-player,windows
Devolver Bootleg,2019,4.99,"Action, Adventure, Casual, Indie, sports",Single-player,windows
Cube Destroyer,2016,4.99,"Action, Indie",Single-player,windows
Faces of War,2014,4.99,"Action, Simulation, Strategy",Single&Multi-player,windows
[Chilla's Art] Aka Manto | 赤マント,2019,4.99,"Action, Adventure, Casual, Indie, Simulation, Strategy",Single-player,windows
Super Sanctum TD,2013,4.99,"Casual, Indie, Strategy",Single-player,"windows, mac"
Fatum Betula,2020,4.99,"Adventure, Casual, Indie",Single-player,windows
Zetria,2022,4.99,"Action, Adventure, Indie",Single-player,"windows, mac"
轮回修仙传,2025,4.99,"Indie, RPG, Strategy",Single-player,windows
Oddworld: Munch's Oddysee,2010,4.99,"Action, Adventure, Strategy",Single-player,windows
D'LIRIUM,2023,4.99,"Action, Adventure, Indie",Single-player,windows
Cursorblade,2023,4.99,"Action, Casual, Indie",Single-player,windows
Ark Mobius: Censored Edition,2021,4.99,"Action, Adventure, Casual, Indie, RPG",Single-player,windows
Lyca,2025,4.99,"Casual, Indie, Simulation, Strategy",Single-player,windows
That Which Gave Chase,2023,4.99,"Action, Adventure, Indie",Single-player,windows
Escape from Yandere,2026,4.99,"Adventure, Indie, RPG",Single-player,windows
Commandos: Beyond the Call of Duty,2007,4.99,Action,Single&Multi-player,windows
夜永 Eternal Love,2020,4.99,"Adventure, Casual, Indie, RPG, Simulation",Single-player,"windows, mac"
Hymer 2000,2025,4.99,"Adventure, Indie, RPG",Single-player,"windows, mac"
Juice Galaxy,2023,4.99,"Indie, RPG, Early Access",Single-player,"windows, mac, linux"
The Bible,2022,4.99,Indie,Single-player,windows
What Comes After,2020,4.99,"Adventure, Casual, Indie",Single-player,"windows, mac"
Commandos 3: Destination Berlin,2007,4.99,Action,Single&Multi-player,windows
Soldiers: Heroes of World War II - Enhanced Edition,2014,4.99,Strategy,Single&Multi-player,windows
The Boba Teashop,2025,4.99,"Action, Adventure, Casual, Indie, Simulation",Single-player,windows
Monday Night Combat,2011,4.99,"Action, Strategy, Indie, sports",Single&Multi-player,windows
Real Boxing™,2014,4.99,sports,Single&Multi-player,windows
Zombie Shooter,2009,4.99,"Action, Indie, RPG",Single-player,windows
Eryi's Action,2013,4.99,"Action, Adventure, Casual, Indie",Single-player,"windows, linux"
Camping Simulator: The Squad,2025,4.99,"Adventure, Indie, Simulation",Single&Multi-player,windows
Ancient Planet Tower Defense,2015,4.99,"Casual, Indie, Strategy",Single-player,"windows, mac"
You Must Build A Boat,2015,4.99,"Action, Casual, Indie, RPG, Strategy",Single-player,"windows, mac, linux"
Alpha Prime,2007,4.99,Action,Single-player,windows
Symphony,2012,4.99,"Action, Casual, Indie",Single-player,"windows, mac, linux"
Munin,2014,4.99,"Adventure, Casual, Indie",Single-player,"windows, mac, linux"
Ampu-Tea,2014,4.99,"Adventure, Casual, Indie, RPG, Simulation",Single-player,windows
Forged Battalion,2018,4.99,"Indie, Simulation, Strategy",Single&Multi-player,windows
Red Lake,2015,4.99,"Action, Adventure, Indie",Single-player,windows
Chicken Assassin: Reloaded,2016,4.99,"Action, Casual, Indie, RPG",Single-player,"windows, mac, linux"
Hexologic,2018,4.99,"Casual, Indie, Strategy",Single-player,"windows, linux"
Secret of the Magic Crystals,2010,4.99,"Casual, Indie",Single-player,"windows, mac, linux"
Guns of Icarus Alliance,2017,4.99,"Action, Adventure, Indie, Simulation",Multi-player,"windows, mac, linux"
Overture,2015,4.99,"Action, Adventure, Casual, Indie, RPG, Strategy",Single-player,windows
Type:Rider,2013,4.99,"Action, Adventure, Casual, Indie",Single-player,"windows, mac, linux"
Grass Simulator,2015,4.99,"Adventure, Casual, Indie, Simulation",Single&Multi-player,"windows, mac, linux"
The Novelist,2013,4.99,"Adventure, Casual, Indie",Single-player,"windows, mac, linux"
GOAT OF DUTY,2019,4.99,"Action, Early Access",Multi-player,windows
Divide By Sheep,2015,4.99,"Adventure, Casual, Indie",Single-player,"windows, mac"
Mini Thief,2018,4.99,"Casual, Indie, Strategy",Single&Multi-player,windows
RiMS Racing,2021,4.99,Racing,Single&Multi-player,windows
Scheming Through The Zombie Apocalypse: The Beginning,2018,4.99,"Adventure, Casual, Indie",Single-player,"windows, mac"
GUNTOUCHABLES,2025,4.99,"Action, Indie",Single&Multi-player,windows
Uriel's Chasm,2014,4.99,"Adventure, Casual, Indie",Single-player,windows
Adventures of Shuggy,2012,4.99,Indie,Single&Multi-player,"windows, mac, linux"
The Culling Of The Cows,2014,4.99,"Action, Casual, Indie, Strategy",Single-player,windows
Really Big Sky,2012,4.99,"Action, Indie",Single&Multi-player,windows
Find Love or Die Trying,2021,4.99,"Casual, Indie",Single-player,"windows, mac, linux"
Chip,2014,4.99,"Action, Indie, Strategy",Single-player,windows
Isle of Jura,2022,4.99,"Casual, Indie",Single-player,"windows, linux"
Zomborg,2017,4.99,"Action, Adventure, Indie, Strategy",Single-player,windows
Ricochet,2026,4.99,"Casual, Indie",Single-player,windows
Retail Royale,2023,4.99,"Action, Massively Multiplayer, Strategy",Multi-player,windows
Jaded,2025,4.99,"Action, Indie",Single-player,"windows, mac, linux"
Rat Quest,2024,4.99,Action,Single-player,windows
Ink,2021,4.99,"Action, Casual, Indie, Massively Multiplayer",Single&Multi-player,windows
FurryFury: Smash & Roll,2022,4.99,"Action, Adventure, Casual, Strategy",Single&Multi-player,windows
Bioprototype,2025,4.99,"Action, Indie, Strategy",Single-player,"windows, mac, linux"
CHASER,2025,4.99,"Action, Indie, Racing, ",Single-player,windows
Racer 8,2014,4.99,"Casual, Racing",Single-player,"windows, mac"
NO STRANGERS,2024,4.99,"Adventure, Casual, Indie, RPG, Simulation, Strategy",Multi-player,windows
rush,2023,4.99,"Casual, Strategy",Single-player,windows
Untrusted,2021,4.99,"Indie, RPG",Multi-player,"windows, linux"
PANZER BALL,2020,4.99,"Action, Casual, Indie, Racing",Single&Multi-player,windows
Depths Of Horror: Mushroom Day,2021,4.99,"Action, Adventure, Indie, ",Single-player,windows
DRACOMATON,2023,4.99,"Action, Indie",Single-player,"windows, mac"
PEAK,2025,4.95,"Action, Adventure, Indie",Single&Multi-player,windows
Venba,2023,4.94,,Single-player,"windows, mac"
Decarnation,2023,4.94,"Action, Adventure, Indie",Single-player,windows
We Were Here Together,2019,4.93,"Adventure, Casual, Indie",Multi-player,"windows, mac"
If Found...,2020,4.93,"Casual, Indie",Single-player,"windows, mac"
Gamblers Table,2026,4.89,"Casual, Indie, Simulation, Strategy",Single-player,"windows, linux"
Achilles: Survivor,2025,4.89,"Action, Adventure",Single-player,windows
Dark and Light,2017,4.85,"Action, Adventure, Massively Multiplayer, RPG, Simulation, Early Access",Single&Multi-player,windows
The Headliners,2025,4.79,"Action, Indie",Single&Multi-player,windows
When The Past Was Around,2020,4.79,"Adventure, Casual, Indie",Single-player,"windows, mac"
MY HERO ONE'S JUSTICE 2,2020,4.79,Action,Single&Multi-player,windows
Legend of Grimrock 2,2014,4.79,"Adventure, Indie, RPG",Single-player,"windows, mac"
The Shore,2021,4.79,"Action, Adventure, Indie",Single-player,windows
Noobs Are Coming,2025,4.79,"Action, Casual, Indie, RPG",Single&Multi-player,windows
Swarmlake,2018,4.78,"Action, Casual, Indie",Single-player,windows
Commando Collection,2024,4.78,"Action, Adventure, Casual, Indie",Single-player,windows
Asgard's Fall — Viking Survivors,2025,4.68,"Action, Adventure, Casual, Indie, RPG, Strategy, Early Access",Single-player,windows
True or False,2016,4.5,"Casual, Indie",Single-player,"windows, mac, linux"
Space Hulk: Deathwing Enhanced Edition,2018,4.49,"Action, Adventure",Single&Multi-player,windows
Blazing Sails,2023,4.49,"Action, Adventure, Casual, Indie",Multi-player,windows
Rebel Inc: Escalation,2021,4.49,"Simulation, Strategy",Single&Multi-player,"windows, mac"
Crashlands,2016,4.49,"Action, Adventure, Indie, RPG",Single&Multi-player,windows
Edge Of Eternity,2021,4.49,"Action, Adventure, Indie, RPG, Strategy",Single-player,windows
CaseCracker,2022,4.49,"Adventure, Casual, Indie, RPG, Simulation, Strategy",Single-player,"windows, mac"
Medieval Kingdom Wars,2019,4.49,"Action, Indie, Simulation, Strategy",Single&Multi-player,windows
Tempest: Pirate Action RPG,2016,4.49,"Action, Indie, RPG",Single&Multi-player,"windows, mac"
Bud Spencer & Terence Hill - Slaps And Beans,2018,4.49,"Action, Adventure, Indie",Single&Multi-player,"windows, mac, linux"
Dordogne,2023,4.49,"Adventure, Indie",Single-player,windows
Underworld Ascendant,2018,4.49,"Action, Adventure, Indie, RPG",Single-player,"windows, mac, linux"
Crumble,2020,4.49,"Action, Adventure, Indie, Racing",Single&Multi-player,"windows, mac, linux"
Out There Somewhere,2016,4.42,"Action, Adventure, Indie",Single-player,"windows, mac"
Cafe Owner Simulator,2022,4.36,"Casual, Indie, Simulation",Single-player,windows
Clue/Cluedo: Classic Edition,2018,4.24,"Casual, Strategy",Single&Multi-player,windows
Fever Meme,2025,4.2,"Action, Adventure, Casual, Indie",Single-player,windows
"Warhammer 40,000: Mechanicus",2018,4.19,Strategy,Single-player,"windows, mac, linux"
A Tower Full of Cats,2024,4.19,"Adventure, Casual",Single-player,"windows, linux"
Zort,2024,4,"Action, Adventure, Indie, Early Access",Single&Multi-player,windows
Resident Evil 3,2020,3.99,Action,Single&Multi-player,windows
Game Dev Tycoon,2013,3.99,"Casual, Indie, Simulation, Strategy",Single-player,"windows, mac, linux"
Verdun,2015,3.99,"Action, Indie, Massively Multiplayer, Simulation, Strategy",Single&Multi-player,"windows, mac, linux"
Stacklands,2022,3.99,"Casual, Indie, Simulation",Single-player,"windows, mac"
CARRION,2020,3.99,"Action, Adventure, Indie",Single-player,"windows, mac, linux"
LIZARDS MUST DIE,2023,3.99,"Action, Adventure, Indie, Massively Multiplayer",Single&Multi-player,"windows, mac"
Machinarium,2009,3.99,"Adventure, Indie",Single-player,"windows, mac"
Tales of the Black Forest,2019,3.99,"Adventure, Indie, RPG",Single-player,windows
Company of Heroes,2006,3.99,"Action, Strategy",Single&Multi-player,windows
Battlefleet Gothic: Armada 2,2019,3.99,Strategy,Single&Multi-player,windows
Shotgun Farmers,2019,3.99,"Action, Indie",Single&Multi-player,"windows, mac, linux"
One Piece Pirate Warriors 3,2015,3.99,Action,Single&Multi-player,windows
The Vagrant,2018,3.99,"Action, Adventure, Indie, RPG",Single-player,windows
A Bird Story,2014,3.99,"Adventure, Indie, RPG",Single-player,"windows, mac, linux"
Rusty Lake: Roots,2016,3.99,"Adventure, Indie",Single-player,"windows, mac"
Police Stories,2019,3.99,"Action, Indie, Simulation, Strategy",Single&Multi-player,windows
Curse of the Dead Gods,2021,3.99,"Action, Adventure",Single-player,windows
Kind Words (lo fi chill beats to write to),2019,3.99,"Casual, Indie",Single&Multi-player,"windows, mac, linux"
"Gremlins, Inc.",2016,3.99,"Indie, Strategy",Single&Multi-player,"windows, mac, linux"
Rusty Lake Paradise,2018,3.99,"Adventure, Indie",Single-player,"windows, mac"
The House of Da Vinci,2017,3.99,"Adventure, Indie",Single-player,"windows, mac"
The White Door,2020,3.99,"Adventure, Indie",Single-player,"windows, mac"
Coromon,2022,3.99,"Adventure, Indie, RPG, Strategy",Single&Multi-player,"windows, mac"
Old World,2022,3.99,"RPG, Simulation, Strategy",Single&Multi-player,"windows, mac, linux"
Vampires' Melody,2020,3.99,"Adventure, Casual, Indie, RPG",Single-player,"windows, mac"
Creaks,2020,3.99,"Adventure, Casual, Indie",Single-player,"windows, mac"
Climber Animals: Together,2024,3.99,"Adventure, Casual, Indie, Simulation",Single&Multi-player,"windows, mac"
Seek Girl:Fog Ⅰ,2020,3.99,"Action, Adventure, Casual, Indie, RPG, Strategy",Single-player,windows
Savage Lands,2021,3.99,"Action, Adventure, Indie, RPG, Simulation",Single&Multi-player,windows
Plug & Play,2015,3.99,"Adventure, Casual, Indie",Single-player,"windows, mac, linux"
Tiny Snow,2019,3.99,"Adventure, Casual, Indie",Single-player,windows
ISEKAI QUEST,2020,3.99,"Adventure, Casual, Indie, RPG",Single-player,"windows, mac"
Three Kingdoms The Last Warlord,2021,3.99,"Indie, Simulation, Strategy",Single-player,windows
IMSCARED,2016,3.99,"Action, Adventure, Indie",Single-player,windows
Rebirth:Mr Wang,2020,3.99,"Casual, Indie, RPG",Single-player,windows
Dream Ending,2019,3.99,"Adventure, Casual, Indie",Single-player,windows
Hello Charlotte EP3: Childhood's End,2018,3.99,"Indie, RPG",Single-player,windows
Swords and Sandals Classic Collection,2019,3.99,"Action, Adventure, Casual, RPG, Strategy",Single&Multi-player,"windows, mac"
Hidden Through Time,2020,3.99,Casual,Single-player,"windows, mac"
Intravenous,2021,3.99,"Action, Indie",Single-player,windows
Sucker for Love: First Date,2022,3.99,"Indie, RPG, Simulation",Single-player,windows
Yet Another Zombie Defense HD,2017,3.99,"Action, Indie",Single&Multi-player,windows
恋爱关系/Romance,2021,3.99,"Casual, Simulation",Single-player,windows
大千世界,2020,3.99,"Adventure, Indie, RPG",Single-player,windows
Kiosk,2025,3.99,"Adventure, Indie, Simulation",Single-player,"windows, mac, linux"
人间 The Lost We Lost,2019,3.99,"Adventure, Casual, Indie, Simulation",Single-player,windows
Epiphyllum in Love,2020,3.99,"Adventure, Casual, Indie",Single-player,windows
Wild Animal Racing,2016,3.99,"Action, Casual, Indie, Racing, Simulation, sports",Single&Multi-player,"windows, mac, linux"
Lost: Find,2021,3.99,Casual,Single-player,windows
The Escape: Together,2023,3.99,"Action, Indie, Early Access",Single&Multi-player,windows
Click and Conquer,2025,3.99,"Casual, Simulation, Strategy",Single-player,"windows, mac, linux"
Nine-Ball Roulette,2025,3.99,"RPG, Simulation, sports",Multi-player,windows
Stygian: Reign of the Old Ones,2019,3.99,"Indie, RPG",Single-player,"windows, mac, linux"
ISEKAI FRONTLINE,2023,3.99,"Action, Adventure, Casual, Indie, RPG",Single-player,windows
"BEARS, VODKA, BALALAIKA! 🐻",2019,3.99,"Action, Adventure, Indie, RPG, Simulation",Single-player,"windows, mac, linux"
CUCKOLD SIMULATOR: Life as a Beta Male Cuck,2025,3.99,"Action, Adventure, Casual, Indie, Simulation",Single-player,windows
Psalm 5:9-13,2024,3.99,Indie,Single-player,windows
Company of Heroes: Tales of Valor,2009,3.99,Strategy,Single&Multi-player,windows
KIDS,2019,3.99,"Adventure, Casual, Indie",Single-player,"windows, mac, linux"
异常 | Exception,2019,3.99,"Indie, Strategy",Single-player,windows
How to Train Your Cock,2025,3.99,"Casual, Indie, Simulation",Single&Multi-player,windows
Talented,2024,3.99,"Action, Indie",Single-player,windows
bit Dungeon II,2014,3.99,"Action, Adventure, Indie, RPG",Single-player,"windows, mac"
Woodle Tree Adventures,2016,3.99,"Action, Adventure, Indie",Single&Multi-player,"windows, mac, linux"
The Dream Machine: Chapter 1 & 2,2012,3.99,"Adventure, Casual, Indie",Single-player,windows
Mobile Empire,2018,3.99,"Casual, Indie, Simulation, Strategy",Single-player,"windows, mac"
Sakura Hime,2021,3.99,"Casual, Indie, RPG, Simulation",Single-player,windows
Miss Neko: Pirates,2024,3.99,"Action, Adventure, Casual, RPG",Single-player,windows
KAMITSUBAKI CITY ENSEMBLE,2024,3.99,"Action, Adventure, Casual, Indie, sports",Single-player,windows
The Basement Collection,2012,3.99,"Adventure, Indie, Strategy",Single-player,"windows, mac"
Run!ZombieFood!,2017,3.99,"Adventure, Casual, Indie, Strategy",Single-player,windows
Trigon: Space Story,2022,3.99,"RPG, Simulation, Strategy",Single-player,"windows, mac, linux"
Increlution,2021,3.99,"Indie, Early Access",Single-player,"windows, mac, linux"
挂姬恶魔 IDLE DEVILS,2024,3.99,"Adventure, Casual, Indie, RPG",Single-player,windows
懒人修仙传,2018,3.99,"Casual, Indie, RPG, Simulation",Single-player,windows
Bagel Love Story,2024,3.99,"Adventure, Casual, Indie",Single-player,windows
Clash: Artifacts of Chaos,2023,3.99,"Action, Adventure, Indie",Single-player,windows
ADR1FT,2016,3.99,"Adventure, Indie",Single-player,windows
Unholy Heights,2013,3.99,"Indie, Simulation, Strategy",Single-player,windows
Microcosmum: survival of cells,2015,3.99,"Action, Casual, Indie, RPG, Simulation, Strategy",Single-player,windows
Leaving Lyndow,2017,3.99,"Adventure, Indie",Single-player,windows
Tinyfolks,2022,3.99,"Indie, RPG, Strategy",Single-player,"windows, mac, linux"
"Calm Down, Stalin",2016,3.99,"Casual, Indie",Single-player,windows
你好！我们还有场恋爱没谈-番外篇,2025,3.99,"Casual, Simulation",Single-player,"windows, mac"
Cats in Time,2021,3.99,"Adventure, Casual, Indie",Single-player,windows
"Lewd Girls, Leave Me Alone! I Just Want to Play Video Games and Watch Anime! ~ Hentai Edition",2023,3.99,"Casual, Indie, RPG, Simulation, Strategy",Single-player,windows
ARCADE GAME SERIES: PAC-MAN,2016,3.99,Action,Single-player,windows
Reigns: Game of Thrones,2018,3.99,"Adventure, Indie, RPG",Single-player,"windows, mac, linux"
Easy Red,2017,3.99,"Action, Indie, Simulation, Strategy",Single-player,"windows, mac, linux"
Gem Defender: Soyjak Survivors,2023,3.99,"Action, Casual, Indie, Strategy",Single-player,"windows, mac, linux"
BBQ Simulator: The Squad,2022,3.99,"Casual, Indie, Simulation",Single&Multi-player,"windows, mac"
Three Heroes,2015,3.99,"Action, Adventure, Indie",Single-player,windows
Draw a Stickman: EPIC,2013,3.99,"Adventure, Casual, Indie",Single-player,windows
PropHunter,2021,3.99,"Action, Adventure, Casual, Indie, Massively Multiplayer, RPG, sports, Early Access",Multi-player,windows
Seal World,2023,3.99,Casual,Single-player,"windows, mac, linux"
Company of Heroes: Opposing Fronts,2007,3.99,"Action, Strategy",Single&Multi-player,windows
HOARD,2011,3.99,"Action, Casual, Indie, Strategy",Single&Multi-player,"windows, mac, linux"
Face It - A game to fight inner demons,2017,3.99,"Action, Adventure, Indie",Single-player,"windows, mac, linux"
AtmaSphere,2018,3.99,"Action, Adventure, Casual, Indie",Single-player,windows
Paragnosia,2024,3.99,"Adventure, Casual, Indie, Simulation",Single-player,"windows, linux"
Drunken Wrestlers 2,2019,3.99,"Action, Casual, Indie, Simulation, sports, Early Access",Multi-player,windows
Polyball,2017,3.99,"Action, Casual, Indie, Racing, Simulation",Single&Multi-player,"windows, mac, linux"
Their Land,2023,3.99,"Action, Adventure, Indie",Single&Multi-player,windows
Jet Racing Extreme: The First Encounter,2018,3.99,"Action, Indie, Racing, Simulation, sports",Single&Multi-player,"windows, mac, linux"
Billies Wheelie,2025,3.99,"Action, Adventure, Casual, Indie, Racing, Strategy",Single&Multi-player,windows
Paper Dolls: Original / 纸人,2019,3.96,"Action, Adventure, Indie",Single-player,windows
Donut County,2018,3.89,"Adventure, Casual, Indie",Single-player,"windows, mac"
武林志（Wushu Chronicles）,2019,3.89,"Adventure, Casual, Indie, RPG, Simulation",Single-player,windows
Guilty as Sock!,2025,3.85,"Casual, Simulation",Multi-player,"windows, mac"
Tales & Tactics,2024,3.8,"Adventure, RPG, Strategy",Single&Multi-player,windows
Hexarchy,2023,3.8,"Indie, Simulation, Strategy",Single&Multi-player,"windows, mac"
Darkest Dungeon®,2016,3.74,"Indie, RPG, Strategy",Single-player,"windows, mac, linux"
Gorogoa,2017,3.74,"Adventure, Casual, Indie",Single-player,"windows, mac"
How to Survive,2014,3.74,"Action, Adventure, RPG",Single&Multi-player,windows
Magicka 2,2015,3.74,"Action, Adventure",Single&Multi-player,"windows, mac, linux"
How to Survive 2,2016,3.74,"Action, Adventure, RPG",Single&Multi-player,windows
Lucius,2012,3.74,"Action, Adventure, Indie",Single-player,windows
BRAZILIAN DRUG DEALER 3: I OPENED A PORTAL TO HELL IN THE FAVELA TRYING TO REVIVE MIT AIA I NEED TO CLOSE IT,2025,3.74,"Action, Adventure, Indie",Single&Multi-player,windows
GUILTY GEAR XX ACCENT CORE PLUS R,2015,3.74,Action,Single&Multi-player,windows
THE GAME OF LIFE 2,2020,3.74,"Casual, Simulation, Strategy",Single&Multi-player,windows
Apotheon,2015,3.74,"Action, Adventure, Indie, RPG",Single-player,"windows, mac, linux"
Gas Guzzlers Extreme,2013,3.74,"Action, Racing, sports",Single&Multi-player,windows
Definitely Not Fried Chicken,2023,3.74,"Simulation, Strategy",Single-player,windows
Fallen ~Makina and the City of Ruins~,2018,3.74,"Adventure, Indie, RPG",Single-player,windows
Lucius II,2015,3.74,"Action, Adventure, Indie, Simulation",Single-player,"windows, linux"
The Unfinished Swan,2020,3.74,"Adventure, Indie",Single-player,windows
Miasmata,2012,3.74,"Action, Adventure, Indie",Single-player,windows
CRYPTARK,2017,3.74,"Action, Adventure, Indie, Strategy",Single&Multi-player,"windows, mac, linux"
Anomaly Agent,2024,3.59,"Action, Adventure, Indie",Single-player,"windows, mac, linux"
Pumpkin Jack,2020,3.59,"Action, Adventure, Indie",Single-player,windows
Mr. Prepper,2021,3.59,"Action, Adventure, Casual, Indie, RPG, Simulation",Single-player,"windows, mac"
Conarium,2017,3.59,"Adventure, Indie",Single-player,"windows, mac, linux"
Anomaly Exit,2024,3.59,"Adventure, Casual, Indie",Single&Multi-player,windows
BOKURA: planet,2025,3.56,"Action, Adventure, Casual, Indie",Multi-player,"windows, mac"
Dog Brew,2024,3.5,"RPG, Simulation",Single-player,"windows, linux"
Barro Racing,2020,3.5,"Casual, Indie, Racing",Single&Multi-player,windows
Brotato,2023,3.49,"Action, Casual, Indie, RPG",Single&Multi-player,"windows, mac, linux"
GreedFall,2019,3.49,RPG,Single-player,windows
A Game About Digging A Hole™,2025,3.49,"Adventure, Indie",Single-player,windows
Shelldiver,2025,3.49,"Action, Adventure",Single-player,windows
F1® Manager 2024,2024,3.49,"Simulation, Strategy",Single-player,windows
One Way Heroics,2014,3.49,"Indie, RPG",Single-player,windows
Starpoint Gemini 2,2014,3.49,"Action, RPG, Simulation",Single-player,windows
SUMMERHOUSE,2024,3.49,"Casual, Indie, Simulation, Strategy",Single-player,"windows, mac"
Virginia,2016,3.49,"Adventure, Casual, Indie",Single-player,"windows, mac"
Lost But Found,2024,3.49,"Casual, Simulation, Strategy",Single-player,"windows, mac, linux"
Paddle Paddle Paddle,2025,3.49,"Casual, Racing, sports",Single&Multi-player,windows
Maktala: Slime Lootfest,2025,3.49,"Action, Casual, Indie, RPG, Strategy",Single-player,"windows, mac, linux"
A Shelter Full of Cats,2024,3.49,"Casual, Indie",Single-player,"windows, linux"
Hell Pie,2022,3.49,"Action, Adventure",Single-player,windows
Ad Infinitum,2023,3.49,"Action, Adventure",Single-player,windows
The Next Door,2016,3.49,"Adventure, Casual, Indie",Single-player,windows
Just Ignore Them,2017,3.48,"Adventure, Indie",Single-player,windows
Keep on Mining!,2025,3.24,"Casual, Indie",Single-player,windows
Urbek City Builder,2022,3.22,"Indie, Simulation, Strategy",Single-player,windows
Bionic Commando: Rearmed,2009,3.19,Action,Single&Multi-player,windows
Among Us,2018,2.99,Casual,Multi-player,windows
Muse Dash,2019,2.99,"Action, Casual, Indie",Single-player,"windows, mac"
Frostpunk,2018,2.99,"Simulation, Strategy",Single-player,"windows, mac"
Buckshot Roulette,2024,2.99,"Action, Indie, Simulation",Single&Multi-player,"windows, linux"
Enter the Gungeon,2016,2.99,"Action, Adventure, Indie",Single&Multi-player,"windows, linux"
Plague Inc: Evolved,2016,2.99,"Casual, Indie, Simulation, Strategy",Single&Multi-player,"windows, mac, linux"
Draw & Guess,2021,2.99,"Casual, Indie",Single&Multi-player,"windows, mac, linux"
20 Minutes Till Dawn,2023,2.99,"Action, Adventure, Casual, Indie, Strategy",Single-player,"windows, mac"
Sally Face - Episode One,2016,2.99,"Adventure, Indie",Single-player,"windows, mac, linux"
Call of Juarez: Gunslinger,2013,2.99,Action,Single-player,windows
Super Hexagon,2012,2.99,"Action, Indie",Single-player,"windows, mac, linux"
Mage Arena,2025,2.99,"Action, Early Access",Multi-player,windows
Portal Knights,2017,2.99,"Action, Adventure, RPG",Single&Multi-player,windows
Refunct,2015,2.99,"Adventure, Casual, Indie",Single-player,windows
NEKOPARA Vol. 0,2015,2.99,"Casual, Indie",Single-player,windows
911 Operator,2017,2.99,"Casual, Indie, Simulation, Strategy",Single-player,"windows, mac"
Retrowave,2022,2.99,"Action, Casual, Indie, Racing, Simulation",Single&Multi-player,windows
Nodebuster,2024,2.99,"Casual, Indie, Simulation, Strategy",Single-player,windows
FPV Kamikaze Drone,2023,2.99,"Action, Massively Multiplayer, Simulation, Early Access",Single&Multi-player,windows
Superflight,2017,2.99,"Action, Casual, Indie, Racing, sports",Single-player,windows
Call of Cthulhu®,2018,2.99,"Adventure, RPG",Single-player,windows
ALTF4,2021,2.99,"Action, Adventure, Indie",Single&Multi-player,windows
Aliya: Timelink,2024,2.99,"Indie, RPG",Single-player,windows
Hylics,2015,2.99,"Indie, RPG",Single-player,windows
Tower Wizard,2025,2.99,"Indie, RPG, Simulation, Strategy",Single-player,windows
Downwell,2015,2.99,"Action, Adventure, Casual, Indie",Single-player,windows
Lucy -The Eternity She Wished For-,2016,2.99,"Adventure, Casual, Indie, Simulation",Single-player,windows
Digseum,2024,2.99,"Casual, Simulation",Single-player,windows
Reigns,2016,2.99,"Adventure, Indie, RPG, Simulation",Single-player,"windows, mac, linux"
LYNE,2014,2.99,"Casual, Indie",Single-player,"windows, mac, linux"
The Surge 2,2019,2.99,"Action, RPG",Single-player,windows
Shawarma Legend,2024,2.99,Simulation,Single-player,windows
DESOLATE,2019,2.99,"Action, Adventure, RPG",Single&Multi-player,windows
Feign,2025,2.99,"Casual, Indie, RPG, Strategy",Multi-player,"windows, mac"
Hexcells,2014,2.99,"Casual, Indie, Strategy",Single-player,"windows, mac, linux"
DLC Quest,2013,2.99,Indie,Single-player,"windows, mac"
SUPER CHICKEN JUMPER,2021,2.99,"Action, Adventure, Casual, Indie, Racing",Single&Multi-player,windows
Necrosmith,2022,2.99,"Adventure, Indie, Simulation, Strategy",Single-player,windows
Botanicula,2012,2.99,"Adventure, Casual, Indie",Single-player,"windows, mac"
Legend of Grimrock,2012,2.99,"Adventure, Indie, RPG",Single-player,"windows, mac, linux"
Miss Neko 3,2022,2.99,Casual,Single-player,windows
Intralism,2016,2.99,"Action, Casual, Indie",Single&Multi-player,"windows, mac, linux"
Wedding Witch,2023,2.99,"Action, Indie, RPG",Single-player,"windows, mac, linux"
Ten Trials of Babel: The Doppelganger Maze,2022,2.99,"Adventure, Indie",Single-player,"windows, mac"
Samorost 3,2016,2.99,"Adventure, Casual, Indie",Single-player,"windows, mac"
SNKRX,2021,2.99,"Action, Casual, Indie",Single-player,windows
Sundered®: Eldritch Edition,2017,2.99,"Action, Adventure, Indie",Single&Multi-player,"windows, mac, linux"
CHUCHEL,2018,2.99,"Adventure, Casual, Indie",Single-player,"windows, mac"
That's not my Neighbor,2025,2.99,"Adventure, Casual, Indie, Simulation",Single-player,"windows, linux"
LiEat,2016,2.99,"Indie, RPG",Single-player,windows
Murder Miners,2014,2.99,"Action, Casual, Indie",Single&Multi-player,"windows, mac, linux"
Ropuka's Idle Island,2025,2.99,"Casual, Indie, Simulation",Single-player,windows
OutDrive,2016,2.99,"Casual, Indie, Racing",Single-player,windows
Press X to Not Die,2017,2.99,"Action, Indie",Single-player,"windows, mac, linux"
Deponia: The Complete Journey,2014,2.99,Adventure,Single-player,"windows, mac, linux"
SPACEPLAN,2017,2.99,"Adventure, Casual, Indie",Single-player,"windows, mac"
s.p.l.i.t,2025,2.99,"Action, Indie, Simulation",Single-player,"windows, linux"
Wish,2020,2.99,"Action, Adventure, Casual, Indie",Single-player,"windows, mac"
Happy Game,2021,2.99,"Adventure, Casual, Indie",Single-player,"windows, mac"
Space Rock Breaker,2025,2.99,Casual,Single-player,windows
Cthulhu Saves the World,2011,2.99,"Indie, RPG",Single-player,windows
Frog Detective 1: The Haunted Island,2018,2.99,"Adventure, Casual, Indie",Single-player,"windows, mac"
Replica,2016,2.99,"Adventure, Indie",Single-player,"windows, mac"
[Chilla's Art] The Convenience Store | 夜勤事件,2020,2.99,"Action, Adventure, Casual, Indie, Simulation",Single-player,windows
Peekaboo,2019,2.99,"Action, Adventure, Casual, Indie, Massively Multiplayer, RPG, Simulation",Multi-player,windows
Street Racing Syndicate,2014,2.99,Racing,Single&Multi-player,windows
Game Corp DX,2015,2.99,"Indie, Simulation",Single-player,"windows, mac, linux"
MyVoiceZoo,2025,2.99,"Casual, Indie, Simulation",Single-player,windows
Cornerpond,2025,2.99,"Casual, Indie, Simulation",Single-player,windows
Indivisible,2019,2.99,"Action, Indie, RPG",Single&Multi-player,"windows, mac, linux"
Chushpan Simulator,2024,2.99,"Action, Adventure, RPG, Simulation",Single-player,windows
Wavetale,2022,2.99,Adventure,Single-player,windows
12 Labours of Hercules,2015,2.99,"Casual, Strategy",Single-player,"windows, mac, linux"
Mining Mechs,2023,2.99,"Adventure, Casual, Indie",Single&Multi-player,windows
GUILTY GEAR Xrd -SIGN-,2015,2.99,Action,Single&Multi-player,windows
Hexcells Plus,2014,2.99,"Casual, Indie, Strategy",Single-player,"windows, mac, linux"
Metel - Horror Escape,2020,2.99,"Action, Adventure, Indie, Early Access",Single-player,"windows, mac"
Oddworld: Abe's Oddysee®,2008,2.99,Adventure,Single-player,windows
Nation Red,2009,2.99,"Action, Indie",Single&Multi-player,"windows, mac, linux"
Soul Gambler,2014,2.99,"Adventure, Indie, RPG",Single-player,windows
a new life.,2020,2.99,Indie,Single-player,"windows, mac, linux"
Angvik,2014,2.99,"Action, Indie",Single-player,"windows, mac"
Incredicer,2025,2.99,"Casual, Indie, Simulation, Strategy",Single-player,windows
Dead Pixels,2012,2.99,"Action, Indie, RPG",Single&Multi-player,"windows, linux"
Save Room - Organization Puzzle,2022,2.99,"Casual, Indie",Single-player,"windows, linux"
Banebush,2024,2.99,"Adventure, Indie",Single-player,"windows, mac, linux"
Frog Detective 3: Corruption at Cowboy County,2022,2.99,"Adventure, Casual, Indie",Single-player,"windows, mac"
Season of 12 Colors,2016,2.99,"Adventure, Casual, Indie",Single-player,"windows, mac, linux"
Super Kiwi 64,2022,2.99,Action,Single-player,windows
12 Labours of Hercules II: The Cretan Bull,2015,2.99,"Adventure, Casual, Indie, Strategy",Single-player,"windows, mac, linux"
Stickman Trenches,2023,2.99,"Action, Casual, Strategy",Single-player,"windows, mac"
Super Amazing Wagon Adventure,2013,2.99,"Action, Adventure, Indie",Single-player,windows
Make America Great Again: The Trump Presidency,2016,2.99,"Action, Casual, Indie, Simulation, Strategy",Single-player,windows
CLICKOLDING,2024,2.99,Indie,Single-player,windows
The Adventure of NAYU,2021,2.99,"Casual, Indie",Single-player,"windows, mac"
King of the Bridge,2024,2.99,"Adventure, RPG, Strategy",Single-player,"windows, mac"
坏小孩,2021,2.99,"Adventure, Indie",Single-player,windows
Nosferatu: The Wrath of Malachi,2014,2.99,"Action, Adventure",Single-player,windows
Desktop Kanojo,2020,2.99,"Casual, Indie, Simulation",Single-player,windows
Grim Nights,2018,2.99,"Indie, Strategy",Single-player,windows
Oddworld: Abe's Exoddus®,2008,2.99,Adventure,Single-player,windows
Chef: A Restaurant Tycoon Game,2020,2.99,Simulation,Single-player,windows
Mod and Play,2020,2.99,"Indie, Massively Multiplayer",Multi-player,windows
Tametsi,2017,2.99,Indie,Single-player,windows
TRADESMAN: Deal to Dealer,2024,2.99,"Casual, Indie, Early Access",Single-player,windows
64.0,2017,2.99,"Action, Indie",Single-player,"windows, mac"
Stone Simulator – Just Be a Rock,2025,2.99,"Adventure, Casual, Indie, Massively Multiplayer, Simulation",Single&Multi-player,windows
Breath of Death VII,2011,2.99,"Indie, RPG",Single-player,windows
Frog Detective 2: The Case of the Invisible Wizard,2019,2.99,"Adventure, Casual, Indie",Single-player,"windows, mac"
H-Isekai Loves,2022,2.99,"Adventure, Casual, Indie, RPG, Simulation",Single-player,windows
Sexual Void,2020,2.99,"Casual, Indie, Simulation",Single-player,windows
[Chilla's Art] Stigmatized Property | 事故物件,2019,2.99,"Action, Adventure, Casual, Indie, Simulation, Strategy",Single-player,windows
The Impossible Game,2014,2.99,Indie,Single-player,"windows, mac, linux"
Over 9000 Zombies!,2015,2.99,"Action, Indie",Single&Multi-player,windows
[Chilla's Art] Night Delivery | 例外配達,2021,2.99,"Adventure, Casual, Indie",Single-player,windows
SquareCells,2015,2.99,"Casual, Indie",Single-player,"windows, mac, linux"
墨心：波云诡船,2020,2.99,"Adventure, Indie",Single-player,windows
Through the Woods,2016,2.99,"Adventure, Indie",Single-player,windows
Linelith,2022,2.99,"Casual, Indie, Strategy",Single-player,"windows, mac, linux"
The Crooked Man,2018,2.99,"Adventure, Casual, Indie",Single-player,windows
Love n War: Hero by Chance,2021,2.99,"Casual, RPG, Simulation, Strategy",Single-player,windows
Reigns: Her Majesty,2017,2.99,"Casual, Indie, Simulation",Single-player,"windows, mac, linux"
EXIT KUN,2024,2.99,"Action, Adventure, Casual",Single&Multi-player,windows
Alicemare,2016,2.99,"Adventure, Indie",Single-player,windows
小小侠客模拟器,2025,2.99,,Single-player,windows
Fill Up The Hole,2025,2.99,"Indie, Simulation, Strategy",Single-player,windows
挂机手游模拟器,2025,2.99,"Casual, Indie, Simulation, Strategy",Single-player,windows
Twilight Survivors,2024,2.99,"Action, Adventure, Casual, Indie, RPG",Single-player,windows
Blueprint Tycoon,2016,2.99,"Casual, Indie, Simulation",Single-player,"windows, mac, linux"
Myths of Rules,2023,2.99,"Indie, RPG",Single-player,"windows, mac"
Scalak,2018,2.99,"Casual, Indie",Single-player,"windows, mac, linux"
Far Fishing,2025,2.99,"Casual, Indie",Single-player,windows
ESCAPE FROM BOYKISSER,2024,2.99,Indie,Single-player,windows
TT Isle of Man: Ride on the Edge 2,2020,2.99,"Action, Racing, RPG, Simulation, sports",Single&Multi-player,windows
Five Nights At Floppa,2022,2.99,"Action, Indie",Single-player,windows
LOVE,2014,2.99,"Action, Indie",Single-player,"windows, linux"
12 Labours of Hercules III: Girl Power,2015,2.99,"Casual, Strategy",Single-player,"windows, mac, linux"
Frederic: Resurrection of Music,2014,2.99,"Action, Casual, Indie",Single-player,"windows, mac, linux"
Cosmic DJ,2014,2.99,"Casual, Indie",Single-player,"windows, mac"
Furry Feet,2021,2.99,"Casual, Indie",Single-player,windows
Windosill,2009,2.99,"Adventure, Casual, Indie",Single-player,"windows, mac"
Gun Metal,2014,2.99,Action,Single-player,windows
16bit Trader,2015,2.99,"Adventure, Casual, Indie, RPG, Simulation, Strategy",Single-player,"windows, mac, linux"
The Deed: Dynasty,2016,2.99,"Adventure, Indie, RPG",Single-player,windows
Spoiler Alert,2014,2.99,"Adventure, Casual, Indie",Single-player,"windows, mac, linux"
Dreams of Aether,2025,2.99,Action,Single-player,windows
WhiteLily 1：丽丽公主,2018,2.99,"Adventure, Casual, Indie, RPG, Strategy",Single-player,windows
LASERS,2024,2.99,"Action, Indie, Massively Multiplayer, Racing",Single&Multi-player,windows
Fortify,2016,2.99,"Action, Indie, Strategy",Single&Multi-player,windows
Away,2018,2.99,"Adventure, Casual, Indie",Single-player,"windows, mac, linux"
TaskPals,2023,2.99,Indie,Single-player,windows
The Exit 8,2023,2.79,"Adventure, Indie, Simulation",Single-player,windows
Humans are not that against Lizardwomen,2024,2.79,"Adventure, Casual, Indie, RPG, Simulation",Single-player,windows
Platform 8,2024,2.79,"Adventure, Indie, Simulation",Single-player,windows
Lost in Anomaly,2024,2.79,"Indie, Early Access",Single-player,windows
Roadwarden,2022,2.74,"Adventure, Indie, RPG",Single-player,"windows, mac, linux"
Hero Siege,2014,2.71,"Action, Adventure, Indie, Massively Multiplayer, RPG",Single&Multi-player,"windows, linux"
Lorelai,2019,2.69,Adventure,Single-player,windows
A Juggler's Tale,2021,2.69,"Action, Adventure, Indie",Single-player,windows
Supernatural,2024,2.69,"Action, Adventure, Indie",Single-player,windows
Alchemy Garden,2022,2.59,"Casual, Indie, Simulation",Single-player,windows
Lost,2019,2.5,"Action, Adventure, Casual, Indie, RPG, Strategy",Single-player,windows
Splatter - Zombiecalypse Now,2014,2.5,"Action, Adventure, Indie",Single&Multi-player,"windows, mac, linux"
Don't Starve,2013,2.49,"Adventure, Indie, Simulation",Single-player,"windows, mac, linux"
Magicka,2011,2.49,"Action, RPG",Single&Multi-player,windows
Endzone - A World Apart,2021,2.49,"Indie, Simulation, Strategy",Single-player,windows
Comedy Night,2017,2.49,"Casual, Indie, RPG, Simulation",Multi-player,"windows, mac"
The Wild Eight,2019,2.49,"Action, Adventure, Indie, RPG, Simulation",Single&Multi-player,windows
Viscera Cleanup Detail: Santa's Rampage,2013,2.49,"Indie, Simulation",Single&Multi-player,windows
Chorus,2021,2.49,"Action, Adventure",Single-player,windows
Insomnia: Theater in the Head,2022,2.49,"Adventure, Casual, Indie, RPG, Simulation",Single-player,"windows, mac"
SteamWorld Quest: Hand of Gilgamech,2019,2.49,"Adventure, RPG",Single-player,"windows, mac, linux"
HALF DEAD 2,2019,2.49,"Action, Adventure, Massively Multiplayer",Single&Multi-player,windows
Simmiland,2018,2.49,"Indie, Simulation",Single-player,"windows, mac"
Frankenstein: Master of Death,2015,2.49,"Adventure, Casual, Indie",Single-player,"windows, mac, linux"
Puzzle Agent,2010,2.49,"Action, Adventure, Casual",Single-player,"windows, mac"
Black Mirror I,2014,2.49,Adventure,Single-player,windows
Before the Echo,2011,2.49,"Indie, RPG",Single-player,"windows, mac, linux"
Alone in the Dark (2008),2013,2.49,"Action, Adventure",Single-player,windows
S.W.I.N.E. HD Remaster,2019,2.49,Strategy,Single&Multi-player,windows
Morbid: The Seven Acolytes,2020,2.49,"Action, Adventure, Indie, RPG",Single-player,windows
Silver Chains,2019,2.49,"Adventure, Indie",Single-player,windows
Kukoro: Stream chat games,2024,2.49,"Casual, Indie",Multi-player,"windows, mac"
Flesh Eaters,2016,2.49,"Action, Adventure, Indie, RPG, Simulation",Single-player,windows
Levelhead,2020,2.49,"Action, Adventure, Indie, Simulation",Single&Multi-player,windows
Puzzle Agent 2,2011,2.49,"Action, Adventure, Casual",Single-player,"windows, mac"
Capsized,2011,2.49,"Action, Indie",Single&Multi-player,"windows, mac, linux"
Cakey's Twisted Bakery,2024,2.49,"Action, Adventure, Indie",Single-player,windows
Nuts,2024,2.49,"Action, Adventure, Casual, Simulation, Strategy, ",Single-player,windows
Post Void,2020,2.39,"Action, Indie",Single-player,windows
Hook,2015,2.39,"Casual, Indie",Single-player,"windows, mac, linux"
klocki,2016,2.39,"Casual, Indie",Single-player,"windows, mac, linux"
A Castle Full of Cats,2022,2.39,"Adventure, Casual",Single-player,"windows, linux"
I'm on Observation Duty,2019,2.39,Indie,Single-player,"windows, mac, linux"
Lacuna – A Sci-Fi Noir Adventure,2021,2.39,"Adventure, Indie",Single-player,windows
Malware,2024,2.39,"Casual, Indie, Simulation, Strategy",Single-player,windows
Transport INC,2020,2.39,"Casual, Simulation, Strategy",Single-player,"windows, mac"
Planet Coaster,2016,2.24,"Action, Adventure, Casual, Simulation, Strategy",Single-player,"windows, mac"
THE KING OF FIGHTERS 2002 UNLIMITED MATCH,2015,2.24,Action,Single&Multi-player,windows
THE KING OF FIGHTERS '98 ULTIMATE MATCH FINAL EDITION,2014,2.24,Action,Single&Multi-player,windows
Shady Part of Me,2020,2.24,Indie,Single-player,windows
Vanguard Princess,2014,2.24,"Action, Casual, Indie",Single&Multi-player,"windows, mac, linux"
Shark Attack Deathmatch 2,2019,2.24,"Action, Indie",Single&Multi-player,windows
Proverbs,2024,2.24,Casual,Single-player,"windows, mac"
True Fear: Forsaken Souls Part 1,2016,2.24,"Adventure, Casual",Single-player,"windows, mac"
Space Hulk: Tactics,2018,2.24,Strategy,Single&Multi-player,windows
月球坠落时 Moon Fall,2021,2.24,"Indie, RPG, Simulation",Single-player,windows
The Cabin Factory,2024,2.09,"Adventure, Indie, Simulation",Single-player,windows
RATSHAKER™,2024,2.09,"Action, Adventure, Casual, Indie",Single-player,windows
City Lights Love Bites Season 0 [Pilot Season],2025,2,"Adventure, Casual, Indie",Single-player,"windows, mac, linux"
Mirror 2: Project X,2022,1.99,"Adventure, Indie, RPG, Early Access",Single-player,windows
Metro 2033 Redux,2014,1.99,Action,Single-player,"windows, mac, linux"
Mirror,2018,1.99,"Adventure, Indie, RPG",Single-player,"windows, mac"
Tricolour Lovestory,2017,1.99,"Adventure, Casual, Indie",Single-player,windows
The Test,2020,1.99,"Adventure, Casual, Indie, RPG, Simulation",Single-player,windows
Zup! S,2018,1.99,"Casual, Indie",Single-player,windows
EVERSPACE™,2017,1.99,"Action, Indie",Single-player,"windows, mac, linux"
Crime Boss: Rockay City,2024,1.99,Action,Single&Multi-player,windows
Zup!,2016,1.99,"Casual, Indie",Single-player,windows
Zup! F,2019,1.99,"Casual, Indie",Single-player,windows
Bad Rats: the Rats' Revenge,2009,1.99,Indie,Single-player,windows
Rusty Lake Hotel,2016,1.99,"Adventure, Indie",Single-player,"windows, mac"
Defy Gravity Extended,2016,1.99,"Action, Casual, Indie",Single-player,windows
Yokai's Secret,2020,1.99,"Action, Casual, Indie, RPG",Single-player,windows
Zup! 2,2016,1.99,"Casual, Indie",Single-player,windows
Zup! X,2018,1.99,"Casual, Indie",Single-player,windows
The Test: Hypothesis Rising,2020,1.99,"Adventure, Casual, Indie, RPG, Simulation",Single-player,windows
Fox Hime Zero,2018,1.99,"Adventure, Casual, Indie, RPG",Single-player,"windows, mac"
SteamWorld Dig 2,2017,1.99,"Action, Adventure, Indie",Single-player,"windows, mac, linux"
Zup! 3,2017,1.99,"Casual, Indie",Single-player,windows
The Test: Final Revelation,2020,1.99,"RPG, Simulation",Single-player,windows
Drift86,2019,1.99,"Casual, Indie, Racing",Single&Multi-player,windows
Fantasy Girl,2019,1.99,"Adventure, Casual, RPG, Simulation, Strategy",Single-player,windows
12 is Better Than 6,2015,1.99,"Action, Indie",Single-player,"windows, mac, linux"
Another Adventure,2017,1.99,"Adventure, Indie",Single-player,"windows, mac"
Zup! 8,2018,1.99,"Casual, Indie",Single-player,windows
Hard West,2015,1.99,"Adventure, Indie, RPG, Strategy",Single-player,"windows, mac, linux"
Zup! Z,2020,1.99,"Casual, Indie",Single-player,windows
Fox Hime,2017,1.99,"Adventure, Casual, Indie, RPG",Single-player,"windows, mac"
We Were Here Expeditions: The FriendShip,2023,1.99,"Adventure, Casual, Indie",Multi-player,windows
Fluffy Store,2019,1.99,"Adventure, Casual, Indie, RPG",Single-player,"windows, mac"
大侠请重来,2022,1.99,"Casual, Indie",Single-player,"windows, mac"
Music Racer,2018,1.99,"Action, Casual, Indie, Racing",Single&Multi-player,windows
Her New Memory - Hentai Simulator,2022,1.99,"Casual, Indie, Simulation",Single-player,windows
West Sweety,2019,1.99,"Adventure, Casual, Indie, RPG, Simulation",Single-player,windows
Oh...Sir!! The Insult Simulator,2016,1.99,"Indie, Simulation",Single&Multi-player,"windows, mac, linux"
SchoolBoy Runaway,2024,1.99,Indie,Single-player,windows
Looking Up I See Only A Ceiling,2023,1.99,"Adventure, Indie",Single-player,"windows, mac, linux"
Timberman VS,2018,1.99,"Action, Casual, Indie",Single&Multi-player,"windows, mac"
Zup! 4,2017,1.99,"Casual, Indie",Single-player,windows
THE CORRIDOR,2020,1.99,"Adventure, Indie",Single-player,windows
Bad Parenting 1: Mr. Red Face,2024,1.99,"Adventure, Indie",Single-player,windows
Zup! 5,2017,1.99,"Casual, Indie",Single-player,windows
Zenge,2016,1.99,"Casual, Indie",Single-player,"windows, mac, linux"
Necromunda: Underhive Wars,2020,1.99,"Action, Strategy",Single&Multi-player,windows
Half Dead,2016,1.99,"Action, Adventure",Single&Multi-player,windows
Seek Girl Ⅲ,2019,1.99,"Action, Adventure, Casual, Indie, RPG, Strategy",Single-player,windows
Kao the Kangaroo: Round 2 (2003 re-release),2019,1.99,"Action, Adventure, Casual, Racing",Single-player,windows
Miss Neko 2,2021,1.99,"Adventure, Casual, Indie",Single-player,windows
Zup! Zero,2017,1.99,"Casual, Indie",Single-player,windows
Dream Date,2020,1.99,"Adventure, Casual, Indie, RPG, Simulation",Single-player,windows
Zup! 6,2017,1.99,"Casual, Indie",Single-player,windows
Seek Girl Ⅱ,2019,1.99,"Casual, Indie",Single-player,windows
I hate this game,2019,1.99,Indie,Single-player,windows
Mosaique Neko Waifus,2020,1.99,"Casual, RPG",Single-player,"windows, linux"
Hentai Crush,2019,1.99,"Casual, Indie, Simulation",Single-player,windows
妄想症：Deliver Me,2018,1.99,"Adventure, Indie, Simulation",Single-player,windows
Turbo Pug,2015,1.99,"Casual, Indie",Single-player,windows
Aventura Copilului Albastru și Urât,2021,1.99,"Adventure, Casual, Indie",Single-player,windows
Zup! 7,2017,1.99,"Casual, Indie",Single-player,windows
"I, Zombie",2014,1.99,"Casual, Indie, Strategy",Single-player,windows
Savant - Ascent,2013,1.99,"Action, Indie",Single-player,"windows, mac, linux"
Purple Place - Classic Games,2023,1.99,"Casual, Indie, Simulation",Single-player,"windows, mac, linux"
Unfair Flips,2025,1.99,"Casual, Indie",Single-player,windows
Cities XXL,2015,1.99,Simulation,Single-player,windows
Crimson Imprint plus -Nonexistent Christmas-,2017,1.99,"Adventure, Casual, Indie",Single-player,windows
Zup! 9,2019,1.99,"Casual, Indie",Single-player,windows
Seek Girl Ⅳ,2020,1.99,"Action, Adventure, Casual, Indie, RPG, Strategy",Single-player,windows
ULTIMATE HARDBASS DEFENCE,2019,1.99,"Action, Indie, Massively Multiplayer",Single&Multi-player,windows
Hentai Asmodeus,2019,1.99,"Adventure, Casual, Simulation",Single-player,windows
Girl and Goblin,2019,1.99,"Adventure, Casual, RPG, Strategy",Single-player,windows
MEMOLOGY: GOYDA,2024,1.99,"Casual, Indie, RPG, Simulation, sports",Single-player,windows
q.u.q.,2023,1.99,Indie,Single-player,"windows, mac, linux"
White Shadows,2021,1.99,"Action, Adventure, Casual, Indie",Single-player,windows
The Adventures of Fei Duanmu 端木斐异闻录,2017,1.99,"Adventure, Indie",Single-player,"windows, mac, linux"
Taboos: Cracks,2019,1.99,"Casual, Indie",Single-player,windows
Rock Simulator,2019,1.99,"Casual, Indie, Simulation",Single&Multi-player,windows
Star Saviors,2016,1.99,"Action, Indie, Strategy",Single&Multi-player,windows
Hover,2017,1.99,"Action, Adventure",Single&Multi-player,"windows, mac, linux"
NALOGI,2018,1.99,"Adventure, Casual, Indie, RPG, Strategy",Single-player,windows
Scania Truck Driving Simulator,2014,1.99,"Indie, Simulation",Single-player,windows
GunSoul Girl,2021,1.99,"Action, Adventure, Casual, Indie",Single-player,windows
KunKunNight,2023,1.99,"Action, Indie",Single-player,windows
Train Life: A Railway Simulator,2022,1.99,Simulation,Single-player,windows
Zup! XS,2019,1.99,"Casual, Indie",Single-player,windows
Source of Madness,2022,1.99,Action,Single&Multi-player,windows
Hashiriya Drifter-Online Drift Racing Multiplayer (DRIFT/DRAG/RACING),2020,1.99,"Indie, Massively Multiplayer, Racing, RPG, Simulation, sports",Single&Multi-player,"windows, mac, linux"
Camera Obscura,2015,1.99,"Action, Adventure, Indie, Strategy",Single-player,windows
Bot Vice,2016,1.99,"Action, Adventure, Indie",Single-player,windows
The Underground Man,2016,1.99,"Adventure, Indie",Single-player,"windows, mac"
Momodora III,2014,1.99,"Action, Indie",Single-player,windows
Once in Yaissor,2016,1.99,"Adventure, Indie",Single-player,windows
Zup! Zero 2,2018,1.99,"Casual, Indie",Single-player,windows
Seek Girl Ⅶ,2020,1.99,"Casual, Indie",Single-player,windows
AHEGAL,2018,1.99,"Action, Indie",Single-player,windows
Dead In Vinland,2018,1.99,"Adventure, Indie, RPG, Simulation, Strategy",Single-player,"windows, mac, linux"
How To Survive: Third Person Standalone,2015,1.99,"Action, Adventure, RPG",Single-player,windows
Tentacle Girl,2020,1.99,"Adventure, Casual, RPG, Strategy",Single-player,"windows, mac"
Depraved,2019,1.99,"Indie, Simulation, Strategy",Single-player,"windows, mac, linux"
Seek Girl Ⅵ,2020,1.99,"Casual, Indie, Strategy",Single-player,windows
The Last of Waifus,2020,1.99,"Action, Adventure",Single-player,windows
The Horrorscope,2020,1.99,"Adventure, Casual, Indie, RPG, Simulation",Single-player,windows
qop,2017,1.99,"Casual, Indie",Single-player,windows
ANIME - World War II,2020,1.99,"Action, Indie",Single-player,windows
The Chosen RPG,2016,1.99,"Action, Adventure, Indie, RPG",Single-player,windows
Orion Sandbox Enhanced,2018,1.99,"Action, Adventure, Casual, Indie, RPG",Single-player,windows
Aquarium Designer,2021,1.99,"Casual, Indie, Simulation",Single-player,windows
Madness Cubed,2016,1.99,"Action, Adventure, Indie, Massively Multiplayer, Simulation",Single&Multi-player,windows
FEMINAZI: The Triggering,2017,1.99,"Action, Casual, Indie, Simulation",Single-player,windows
TT Isle of Man: Ride on the Edge,2018,1.99,"Action, Racing, Simulation, sports",Single&Multi-player,windows
Intergalactic Bubbles,2015,1.99,"Casual, Indie",Single-player,"windows, mac, linux"
Terrorhedron Tower Defense,2014,1.99,"Casual, Indie, Strategy",Single&Multi-player,windows
СИМУЛЯТОР ОДИНОЧЕСТВА В РУССКОЙ ДЕРЕВНЕ,2021,1.99,"Action, Adventure, Casual, Indie, RPG, Simulation",Single-player,windows
Chinatris,2020,1.99,"Casual, Indie",Single-player,"windows, mac"
The Confession,2020,1.99,"Casual, RPG, Simulation",Single-player,windows
Wayout,2016,1.99,"Casual, Indie",Single-player,"windows, mac, linux"
The Moon Sliver,2014,1.99,Adventure,Single-player,windows
Nexus - The Jupiter Incident,2007,1.99,"Indie, Simulation, Strategy",Single&Multi-player,windows
They Breathe,2014,1.99,"Action, Adventure, Indie",Single&Multi-player,"windows, mac"
Real Horror Stories Ultimate Edition,2014,1.99,Indie,Single-player,windows
tomorrow won't come for those without ██████,2020,1.99,"Adventure, Indie, RPG",Single-player,windows
Warhammer Age of Sigmar: Storm Ground,2021,1.99,Strategy,Single&Multi-player,windows
Marble Mayhem: Fragile Ball,2015,1.99,"Casual, Indie",Single-player,windows
Battle Ranch: Pigs vs Plants,2015,1.99,"Casual, Indie, Strategy",Single-player,"windows, mac, linux"
My Furry Protogen 🐾,2023,1.99,"Adventure, Casual, Indie",Single-player,windows
Need For Drink,2017,1.99,"Action, Adventure, Casual, Simulation",Single&Multi-player,windows
恋爱模拟器 Love Simulation,2018,1.99,"Casual, Simulation, Strategy",Single-player,windows
CATGIRL LOVER,2019,1.99,"Casual, Indie, RPG",Single-player,windows
State of Anarchy,2016,1.99,"Action, Casual, Indie, Simulation",Single-player,"windows, mac"
Sins Of The Demon RPG,2016,1.99,"Action, Adventure, Indie, RPG",Single-player,windows
MOMO.EXE,2018,1.99,"Action, Adventure, Indie",Single-player,"windows, mac, linux"
Mirror Maker,2019,1.99,"Indie, RPG, Simulation",Single-player,windows
New kind of adventure,2015,1.99,"Adventure, Indie, RPG, Early Access",Single-player,windows
Tiny Bridge: Ratventure,2015,1.99,"Adventure, Indie, Strategy",Single-player,"windows, mac"
Touch Some Grass,2022,1.99,"Casual, Simulation",Single-player,"windows, mac"
Terra Incognita Chapter One: The Descendant,2015,1.99,"Adventure, Indie, RPG, Early Access",Single-player,windows
Chair F*cking Simulator,2020,1.99,"Casual, Indie, Simulation",Single-player,windows
Pizza Connection 3,2018,1.99,"Simulation, Strategy",Single-player,"windows, mac, linux"
Shatter,2010,1.99,"Action, Indie",Single&Multi-player,"windows, mac, linux"
Cube Runner,2016,1.99,"Action, Casual, Indie",Single-player,"windows, mac"
Ampersand,2015,1.99,"Indie, Racing",Single-player,windows
Caveman World: Mountains of Unga Boonga,2016,1.99,"Adventure, Casual, Indie",Single-player,"windows, mac, linux"
Turbo Pug DX,2016,1.99,"Casual, Indie",Single-player,windows
Freebie,2016,1.99,"Casual, Indie",Single-player,windows
Magrunner: Dark Pulse,2013,1.99,"Action, Adventure, Indie",Single-player,windows
Street Warriors Online,2016,1.99,"Action, Massively Multiplayer, Simulation, sports",Multi-player,windows
Crime Simulator: Playgrounds,2024,1.99,"Action, Indie, Simulation",Single&Multi-player,windows
Press Any Button,2021,1.99,"Casual, Indie",Single-player,windows
Will Glow the Wisp,2017,1.99,"Action, Indie",Single-player,windows
Glass,2026,1.99,"Casual, Indie",Single-player,"windows, linux"
Windbound,2026,1.99,"Casual, Indie, RPG, Strategy",Multi-player,windows
A Story About Farting,2024,1.99,"Action, Adventure, Casual, Indie, Simulation, sports",Single-player,"windows, mac, linux"
The Surge,2017,1.94,"Action, RPG",Single-player,windows
The Shrouded Isle,2017,1.94,"Indie, Simulation",Single-player,"windows, mac"
Vampire's Fall: Origins,2020,1.94,"Indie, RPG",Single-player,windows
WAVESHAPER,2017,1.89,"Action, Casual, Indie",Single-player,"windows, linux"
Fingered,2015,1.87,"Casual, Indie",Single-player,windows
The Gunk,2022,1.84,"Action, Adventure",Single-player,windows
Plantera 2: Golden Acorn,2023,1.84,"Casual, Indie, Simulation",Single-player,windows
Project Warlock,2018,1.8,"Action, Indie",Single-player,windows
The NOexistenceN of you AND me,2024,1.79,"Adventure, Indie, RPG",Single-player,"windows, mac"
BADLAND: Game of the Year Edition,2015,1.79,"Action, Adventure, Indie",Single&Multi-player,"windows, mac, linux"
Rocket Rats,2024,1.79,"Action, Casual",Single-player,windows
Bad Dream: Coma,2017,1.79,"Adventure, Casual, Indie",Single-player,"windows, mac"
Dead Age 2: The Zombie Survival RPG,2021,1.79,"Action, Adventure, Casual, Indie, RPG, Simulation, Strategy",Single-player,"windows, mac, linux"
Flower,2019,1.74,"Adventure, Casual",Single-player,windows
RIOT: Civil Unrest,2019,1.69,"Indie, Simulation, Strategy",Single&Multi-player,"windows, mac, linux"
Tinkertown,2023,1.69,"Adventure, Indie, RPG",Single&Multi-player,windows
Barro,2018,1.68,"Casual, Indie, Racing",Single&Multi-player,windows
Waveform,2012,1.68,"Adventure, Indie, Strategy",Single-player,"windows, mac, linux"
Barro GT,2022,1.68,"Casual, Indie, Racing",Single&Multi-player,windows
Hero of the Kingdom,2013,1.59,"Adventure, Casual, Indie, RPG",Single-player,"windows, mac, linux"
Supernormal,2024,1.59,"Action, Adventure, Indie",Single-player,windows
Milk inside a bag of milk inside a bag of milk,2020,1.49,"Adventure, Indie",Single-player,"windows, mac, linux"
Hand Simulator,2017,1.49,Simulation,Single&Multi-player,windows
The Last Campfire,2021,1.49,"Adventure, Indie",Single-player,windows
Florence,2020,1.49,"Adventure, Casual, Indie",Single-player,"windows, mac"
Hand Simulator: Survival,2019,1.49,"Action, Adventure, Indie, Massively Multiplayer, RPG, Simulation",Single&Multi-player,windows
Battlefleet Gothic: Armada,2016,1.49,Strategy,Single&Multi-player,windows
Dead Age,2016,1.49,"Action, Adventure, Casual, Indie, RPG, Simulation, Strategy",Single-player,"windows, mac, linux"
SteamWorld Heist,2016,1.49,"RPG, Strategy",Single-player,"windows, mac, linux"
Milo and the Magpies,2021,1.49,"Adventure, Indie",Single-player,"windows, mac"
Cockroach Simulator,2016,1.49,"Indie, Simulation",Multi-player,"windows, mac, linux"
Seasons after Fall,2016,1.49,"Adventure, Indie",Single-player,windows
Wanba Warriors,2020,1.49,"Action, Indie",Single&Multi-player,windows
The Technomancer,2016,1.49,"Action, RPG",Single-player,windows
Say No! More,2021,1.49,"Casual, Indie",Single-player,"windows, mac"
Of Orcs And Men,2012,1.49,"Action, RPG",Single-player,windows
THE KING OF FIGHTERS '97 GLOBAL MATCH,2018,1.49,Action,Single&Multi-player,windows
Leisure Suit Larry - Wet Dreams Don't Dry,2018,1.49,Adventure,Single-player,"windows, mac"
川建国同志想要连任/Comrade Trump's Re-election,2020,1.49,"Casual, Indie, RPG, Strategy",Single-player,windows
The Textorcist: The Story of Ray Bibbia,2019,1.49,"Action, Indie",Single-player,"windows, mac"
Cities XL Platinum,2013,1.49,Simulation,Single-player,windows
The Inner World,2013,1.49,"Adventure, Indie",Single-player,"windows, mac, linux"
Age of Wonders,2010,1.49,"RPG, Strategy",Single&Multi-player,windows
The Slater,2018,1.49,"Action, Indie",Single-player,windows
Investigator,2016,1.49,"Adventure, Indie, Simulation",Single-player,windows
Space Run Galaxy,2016,1.49,"Indie, Strategy",Single&Multi-player,windows
Memories of a Vagabond,2014,1.49,"Adventure, Indie, RPG",Single-player,windows
挂机神话,2023,1.47,"Casual, Indie, RPG, Strategy",Single-player,windows
Tower Hunter: Erza's Trial,2019,1.43,"Action, Adventure, Casual, Indie, RPG",Single-player,windows
Pilgrims,2019,1.39,"Adventure, Casual, Indie",Single-player,"windows, mac, linux"
Detective Grimoire,2014,1.39,"Adventure, Indie",Single-player,windows
Sand:box,2023,1.39,"Casual, Indie, Simulation",Single&Multi-player,"windows, mac, linux"
THE GAME OF LIFE,2015,1.29,"Adventure, Casual, Simulation",Single&Multi-player,"windows, mac"
Arctico,2022,1.29,"Adventure, Casual, Indie",Single&Multi-player,"windows, mac"
Once Again,2022,1.27,"Adventure, Casual, Indie",Single-player,"windows, mac"
Greyfox RPG,2015,1.26,"Adventure, Indie, RPG",Single-player,windows
Labyronia RPG,2015,1.26,"Action, Adventure, Indie, RPG",Single-player,windows
Destiny Warriors RPG,2015,1.26,"Adventure, Indie, RPG",Single-player,windows
UNLOVED,2016,1.24,Action,Single&Multi-player,windows
Super Panda Adventures,2014,1.24,"Action, Adventure, Indie",Single-player,windows
Super Meat Boy,2010,1.19,Indie,Single-player,"windows, mac, linux"
We Are The Dwarves,2016,1.19,"Action, Adventure, Indie, Massively Multiplayer, RPG, Strategy",Single&Multi-player,"windows, mac, linux"
DEPLOYMENT,2018,1.19,"Action, Adventure, Indie, Massively Multiplayer, Racing, sports, Strategy",Single&Multi-player,windows
Wall World,2023,1.04,"Action, Adventure, Indie, Strategy",Single-player,windows
Bio Inc. Redemption,2018,1.03,"Indie, Simulation, Strategy",Single&Multi-player,windows
Blackout Z: Slaughterhouse Edition,2017,1,"Action, Indie",Single-player,windows
SUPER DISTRO,2015,1,"Action, Adventure, Indie",Single-player,windows
Blood and Bacon,2016,0.99,"Action, Adventure, Casual",Single&Multi-player,windows
ORION: Prelude,2013,0.99,"Action, Adventure, Indie, RPG",Single&Multi-player,windows
Mountain,2014,0.99,"Casual, Indie, RPG, Simulation",Single-player,"windows, mac, linux"
Hentai Girl,2018,0.99,"Casual, Indie, RPG, Simulation",Single-player,"windows, mac"
Montaro,2016,0.99,"Casual, Indie",Single-player,windows
Timberman,2015,0.99,"Action, Casual, Indie",Single&Multi-player,"windows, mac, linux"
Dino D-Day,2011,0.99,"Action, Indie",Multi-player,windows
Your Mother,2025,0.99,"Casual, Indie, RPG",Single&Multi-player,windows
Shower With Your Dad Simulator 2015: Do You Still Shower With Your Dad,2015,0.99,"Action, Indie, Simulation",Single&Multi-player,windows
Bean Battles,2018,0.99,"Action, Indie",Multi-player,windows
SteamWorld Dig,2013,0.99,"Action, Adventure, Indie",Single-player,"windows, mac, linux"
Euro Truck Simulator,2013,0.99,"Indie, Simulation",Single-player,"windows, mac"
MUSYNX,2018,0.99,"Indie, Simulation",Single-player,windows
Dictators:No Peace Countryballs,2020,0.99,"Casual, Indie, Simulation, Strategy",Single-player,"windows, mac, linux"
Bit Blaster XL,2016,0.99,"Action, Casual, Indie",Single-player,"windows, mac, linux"
Swaying Girl,2020,0.99,"Casual, RPG",Single-player,windows
The First Tree,2017,0.99,"Adventure, Indie",Single-player,"windows, mac, linux"
Wet Girl,2019,0.99,"Adventure, Casual, Indie, RPG",Single-player,windows
Soccer Online: Ball 3D,2017,0.99,sports,Single&Multi-player,"windows, mac"
Hentai Girl Linda,2018,0.99,"Casual, Indie, RPG, Simulation",Single-player,"windows, mac"
Miss Neko,2019,0.99,"Action, Casual",Single-player,windows
Clownfield 2042,2021,0.99,Action,Single&Multi-player,windows
A Building Full of Cats,2022,0.99,Casual,Single-player,"windows, linux"
Seraph's Last Stand,2022,0.99,"Action, Casual",Single-player,windows
There's Poop In My Soup,2016,0.99,"Casual, Indie",Single-player,"windows, mac"
Hentai Girl Karen,2019,0.99,"Casual, Indie, RPG, Simulation",Single-player,"windows, mac"
Hentai Girl Hime,2018,0.99,"Casual, Indie, RPG, Simulation",Single-player,"windows, mac"
Takedown: Red Sabre,2014,0.99,"Action, Simulation, Strategy",Single&Multi-player,windows
Kandidatos,2020,0.99,"Action, Indie",Single&Multi-player,windows
Orbt XL,2017,0.99,"Action, Casual, Indie",Single-player,"windows, mac, linux"
Hentai Girl Fantasy,2019,0.99,"Casual, Indie, RPG, Simulation",Single-player,"windows, mac"
Pretty Angel,2019,0.99,"Casual, Indie, RPG, Simulation",Single-player,"windows, mac"
Guardians of Orion (Phase 2),2016,0.99,"Action, Indie, RPG",Single&Multi-player,windows
Pretty Neko,2020,0.99,"Casual, Indie, RPG, Simulation",Single-player,"windows, mac"
Your Mom,2025,0.99,"Casual, Indie, RPG, Simulation",Single-player,"windows, mac"
My Name is Mayo,2016,0.99,"Casual, Simulation",Single-player,windows
Crazy Flasher Series 2021,2021,0.99,"Action, Indie",Single-player,windows
Flowers Blooming at the End of Summer,2021,0.99,"Casual, Indie",Single-player,"windows, mac, linux"
inbento,2021,0.99,"Casual, Indie",Single-player,"windows, mac"
VERGE:Lost chapter,2015,0.99,"Action, Adventure, Indie",Single-player,windows
Скуф на рыбалке,2025,0.99,"Adventure, Indie, Simulation",Single-player,windows
秦殇 (Prince of Qin),2022,0.99,"Action, Adventure, RPG",Single-player,windows
Hentai Killer,2019,0.99,"Adventure, Casual, Indie, Massively Multiplayer",Single&Multi-player,windows
Mars: War Logs,2013,0.99,"Action, RPG",Single-player,windows
Minimalism,2017,0.99,"Action, Adventure, Casual, Indie",Single-player,windows
Haunt the House: Terrortown,2014,0.99,"Action, Casual, Indie",Single-player,windows
The Deed,2015,0.99,"Adventure, RPG",Single-player,windows
ВЗЛОМ ЖОПЫ,2020,0.99,Simulation,Single-player,windows
Bus Driver,2014,0.99,"Indie, Simulation",Single-player,windows
Sakuya Izayoi Gives You Advice And Dabs,2020,0.99,Casual,Single-player,windows
Marlow Briggs and the Mask of Death,2013,0.99,"Action, Adventure",Single-player,windows
Rage Wars,2016,0.99,"Adventure, Casual, Indie",Single-player,"windows, mac, linux"
Love wish,2020,0.99,"Action, Casual, Indie",Single-player,windows
Gachi Heroes,2018,0.99,"Action, Adventure, Casual, Indie, RPG, Simulation",Single-player,windows
ЕСТЬ ДВА СТУЛА,2018,0.99,Simulation,Single-player,windows
Screen Cat,2025,0.99,"Casual, Indie, Simulation",Single-player,windows
Oik,2017,0.99,"Casual, Indie",Single-player,windows
Sudocats,2022,0.99,Casual,Single-player,"windows, linux"
Valakas Story,2019,0.99,"Action, Adventure, Casual",Single-player,windows
符文女孩/Rune Girl,2019,0.99,"Adventure, Casual, Indie, RPG",Single-player,windows
Super Meat Boy Forever,2022,0.99,"Action, Adventure, Indie",Single-player,windows
I Can't Believe It's Not Gambling,2017,0.99,"Casual, Simulation",Single-player,"windows, linux"
Toree 3D,2021,0.99,"Action, Adventure, Indie",Single-player,windows
RetroMaze,2018,0.99,"Casual, Indie",Single-player,windows
Shan Gui (山桂),2014,0.99,"Adventure, Casual, Indie",Single-player,"windows, mac, linux"
ANIME STANDING,2020,0.99,"Action, Adventure",Single-player,windows
Despair,2015,0.99,"Action, Adventure, Indie",Single-player,windows
Running Through Russia,2017,0.99,"Adventure, Casual, Indie, Early Access",Single-player,"windows, mac, linux"
Furry Aim Trainer,2025,0.99,"Action, Casual, Indie",Single-player,windows
Mineirinho Director's Cut,2020,0.99,"Action, Indie",Single&Multi-player,windows
Oik 2,2017,0.99,"Casual, Indie",Single-player,windows
Lizard Survivors: Battle for Hyperborea,2023,0.99,"Action, Casual, Indie, RPG",Single-player,"windows, mac"
UBERMOSH Vol.5,2017,0.99,"Action, Indie",Single-player,"windows, linux"
Montaro RE,2018,0.99,"Casual, Indie",Single-player,windows
Zodiacats,2022,0.99,Casual,Single-player,"windows, linux"
Braveland,2014,0.99,"Adventure, Casual, Indie, RPG, Strategy",Single-player,"windows, mac, linux"
UBERMOSH Vol.3,2016,0.99,"Action, Indie",Single-player,"windows, linux"
UBERMOSH:BLACK,2016,0.99,"Action, Indie",Single-player,"windows, linux"
Landlord of the Woods,2021,0.99,"Adventure, Casual, Indie",Single-player,"windows, mac"
UBERMOSH:WRAITH,2017,0.99,"Action, Indie",Single-player,"windows, linux"
CBT With Yuuka Kazami,2020,0.99,Casual,Single-player,windows
- Arcane Raise -,2017,0.99,"Adventure, Casual, Indie, RPG, Strategy",Single-player,"windows, mac, linux"
Fireboy & Watergirl: Elements,2019,0.99,Action,Single&Multi-player,"windows, mac"
Симулятор Прыгания по Гаражам,2022,0.99,Simulation,Single-player,windows
Crash Drive 2,2015,0.99,"Action, Casual, Indie, Racing, Simulation",Single&Multi-player,"windows, mac, linux"
Dollar,2024,0.99,"Casual, Indie, Simulation",Single&Multi-player,windows
H-SNIPER: Middle East,2020,0.99,"Action, Adventure, Indie, RPG, Simulation, Strategy",Single-player,windows
Toree 2,2021,0.99,"Action, Casual, Indie",Single-player,windows
Golf Peaks,2018,0.99,"Casual, Indie, sports",Single-player,"windows, mac"
Oik 3,2017,0.99,"Casual, Indie",Single-player,windows
Survival Zombies The Inverted Evolution,2017,0.99,"Action, Adventure, Indie, Simulation",Single&Multi-player,"windows, mac, linux"
Alchemy Mysteries: Prague Legends,2014,0.99,"Adventure, Casual, Indie",Single-player,"windows, linux"
Suits: A Business RPG,2016,0.99,"Action, Adventure, Indie, RPG",Single-player,"windows, mac, linux"
Cart Racer,2017,0.99,"Action, Adventure, Casual, Indie, Racing",Single-player,windows
The Red Solstice,2015,0.99,Strategy,Single&Multi-player,windows
H-SNIPER: World War II,2020,0.99,"Action, Simulation",Single-player,windows
Hitler Waifu,2023,0.99,"Action, Adventure, Casual, Indie",Single-player,windows
恶魔迷宫 | Evil Maze,2016,0.99,"Action, Adventure, Indie, RPG, Strategy",Single-player,windows
Through Abandoned: The Underground City,2015,0.99,"Adventure, Casual, Indie",Single-player,windows
Sinking Simulator,2019,0.99,"Casual, Indie, Simulation",Single-player,windows
Weapons Genius,2015,0.99,"Action, Casual, Indie, Simulation",Single-player,windows
The 39 Steps,2013,0.99,"Adventure, Casual, Indie",Single-player,"windows, mac, linux"
Hacker Evolution,2010,0.99,Simulation,Single-player,"windows, mac, linux"
Make it indie!,2015,0.99,"Adventure, Indie, Simulation",Single-player,"windows, mac, linux"
Nephise Begins,2017,0.99,"Adventure, Casual, Indie",Single-player,windows
Heaven Island - VR MMO,2015,0.99,"Adventure, Indie, Massively Multiplayer",Single&Multi-player,"windows, mac, linux"
Distant Space 2,2017,0.99,"Action, Adventure, Casual, Indie",Single-player,windows
Reversion - The Escape (1st Chapter),2014,0.99,"Adventure, Casual, Indie",Single-player,windows
A grande bagunça espacial - The big space mess,2016,0.99,"Action, Casual, Indie",Single-player,windows
Endorlight,2016,0.99,"Action, Adventure, Casual, Indie",Single&Multi-player,windows
Slingshot people,2016,0.99,"Action, Casual, Indie, Simulation",Single-player,windows
Nothing,2026,0.99,"Adventure, Indie, RPG",Single-player,windows
Achievement Clicker,2020,0.99,Casual,Single-player,"windows, mac, linux"
The Deer,2019,0.99,"Adventure, Indie",Single-player,windows
愤怒的孙子们,2024,0.99,"Action, Adventure, Indie, RPG",Single-player,windows
Caribbean Crashers,2024,0.99,"Adventure, Casual, Indie, Simulation, Strategy",Single-player,windows
Ice World,2024,0.99,"Action, Adventure, Indie",Single&Multi-player,windows
Arcade Moonlander,2017,0.99,"Action, Adventure, Casual, Indie, Racing",Single-player,windows
HENTAI MINESWEEPER,2019,0.99,"Casual, Indie, Strategy",Single-player,"windows, mac, linux"
Cats Organized Neatly,2020,0.98,"Casual, Indie",Single-player,windows
Sizeable,2021,0.89,"Casual, Indie",Single-player,"windows, mac"
Dogs Organized Neatly,2021,0.89,"Casual, Indie",Single-player,windows
Epido,2019,0.89,"Action, Casual, Indie",Single-player,windows
BARRIER X,2016,0.89,"Action, Indie",Single-player,windows
DISTRAINT 2,2018,0.8,"Adventure, Casual, Indie",Single-player,windows
Morphopolis,2014,0.79,"Adventure, Casual, Indie",Single-player,windows
PANELKI,2022,0.79,"Adventure, Casual, Indie, Simulation",Single&Multi-player,windows
TYRONE vs COPS,2022,0.79,"Action, Indie",Single-player,"windows, linux"
The Cat Games,2017,0.79,"Action, Casual, Indie, Simulation, sports",Single-player,windows
CAT Interstellar,2017,0.79,"Action, Adventure, Indie, Simulation",Single-player,"windows, linux"
Bound By Flame,2014,0.76,"Action, RPG",Single-player,"windows, linux"
Crystals of Time,2014,0.76,"Casual, Indie",Single-player,windows
Space Run,2014,0.74,"Indie, Strategy",Single-player,"windows, mac, linux"
NecroVision,2009,0.74,Action,Single&Multi-player,windows
Candle,2016,0.74,"Adventure, Indie",Single-player,"windows, mac, linux"
Final Exam,2013,0.74,"Action, Indie",Single&Multi-player,windows
Pixel Puzzles 2: Anime,2015,0.74,"Action, Casual, Indie, Simulation, Strategy",Single-player,windows
Yesterday,2017,0.74,"Casual, Indie, Strategy, Early Access",Single-player,windows
DISTRAINT: Deluxe Edition,2015,0.69,"Adventure, Casual, Indie",Single-player,windows
Samorost 2,2009,0.69,"Adventure, Casual, Indie",Single-player,"windows, mac"
Dude Simulator 3,2019,0.69,"Action, Adventure, Indie, Racing, Simulation",Single-player,windows
Sinister City,2014,0.69,"Adventure, Casual, Indie",Single-player,windows
Deadly 30,2014,0.69,"Action, Indie",Single-player,"windows, mac"
My Cute Fuhrer,2020,0.69,"Adventure, Casual, Indie",Single-player,windows
DR LIVESEY ROM AND DEATH EDITION,2023,0.65,"Action, Adventure, Indie, RPG, Simulation",Single-player,windows
RUSSIA BATTLEGROUNDS,2018,0.65,"Action, Adventure, Indie, Massively Multiplayer, RPG",Single&Multi-player,windows
DOKA 2 KISHKI EDITION,2018,0.65,"Action, Adventure, Casual, Indie, RPG, Simulation",Single-player,windows
STORM AREA 51: AYY LMAO EDITION,2019,0.65,"Action, Adventure, Casual, Indie, Massively Multiplayer, RPG, Simulation, Strategy",Single&Multi-player,windows
Plantera,2016,0.59,"Casual, Indie, Simulation",Single-player,windows
BOOBS SAGA: Prepare To Hentai Edition,2020,0.59,"Action, Adventure, Massively Multiplayer",Single&Multi-player,windows
100 hidden cats,2021,0.59,"Adventure, Casual, Indie",Single-player,windows
Achievements printer,2018,0.59,"Action, Casual, Indie, sports",Single-player,windows
Mouse (Sneaking),2018,0.59,"Action, Adventure, Casual, Indie",Single-player,windows
Hentai 3018,2018,0.59,"Action, Casual, Indie",Single-player,windows
Tap Heroes,2015,0.59,"Action, Adventure, Casual, Indie, RPG",Single-player,windows
Loot Hero DX,2015,0.59,"Action, Adventure, Casual, Indie, RPG",Single-player,windows
Reflex,2022,0.59,"Casual, Strategy",Single-player,windows
Hitler is my crush,2023,0.54,"Action, Adventure, Casual, Indie",Single-player,windows
Seen,2019,0.49,"Action, Adventure, Indie, Early Access",Single-player,windows
House of Detention,2020,0.49,"Action, Adventure, Indie, Massively Multiplayer, RPG, Simulation, sports, Strategy",Single&Multi-player,"windows, mac, linux"
Russian Life Simulator,2019,0.49,"Action, Indie, Simulation, sports, Strategy",Single&Multi-player,"windows, mac, linux"
Apewar,2023,0.49,"Action, Casual, Indie, Early Access",Multi-player,windows
UBERMOSH,2015,0.49,"Action, Indie",Single-player,"windows, linux"
RUSSIAPHOBIA,2020,0.49,"Action, Adventure, Casual, Indie, Massively Multiplayer, RPG, Simulation, Strategy",Single&Multi-player,"windows, mac, linux"
Furry Love,2020,0.49,"Action, Adventure, Casual, Indie, RPG, Simulation",Single-player,"windows, mac, linux"
Erzurum,2021,0.49,"Adventure, Indie",Single-player,windows
Dead Bits,2014,0.49,"Action, Casual, Indie",Single-player,"windows, mac"
Dinosaur Hunt,2015,0.49,"Action, Adventure, Indie, Simulation",Single&Multi-player,"windows, mac, linux"
Rock 'N' Roll Defense,2016,0.49,"Action, Adventure, Casual, Strategy",Single-player,windows
Hentai Vs Furries,2020,0.49,"Action, Adventure, Casual, Indie",Single-player,windows
Drift Streets Japan,2015,0.49,"Action, Indie, Massively Multiplayer, Racing, Simulation, sports",Single&Multi-player,windows
OMON Simulator,2019,0.49,"Action, Adventure, Indie, RPG, Simulation, Strategy",Single-player,windows
Razortron 2000,2016,0.49,"Casual, Indie, Racing",Single-player,windows
Furry Love 2,2021,0.49,"Action, Adventure, Casual, Indie, RPG, Strategy",Single-player,"windows, mac, linux"
Cyberhunt,2017,0.49,"Action, Adventure, Casual, Indie",Single-player,windows
"Planes, Bullets and Vodka",2016,0.49,"Action, Casual, Indie",Single-player,windows
Mister Furry: Hot Muscles,2024,0.49,"Action, Adventure, Casual, Indie, RPG, Simulation, sports, Strategy",Single-player,"windows, mac, linux"
Barro F,2020,0.49,"Casual, Indie, Racing",Single&Multi-player,windows
Hentai Police,2020,0.49,"Action, Adventure, Casual, Indie, RPG, Simulation",Single-player,"windows, mac, linux"
Miss Furry,2021,0.49,"Action, Adventure, Casual, Indie, RPG, Strategy",Single-player,"windows, mac, linux"
QUICKERFLAK,2022,0.49,"Action, Adventure, Casual, Indie",Single-player,windows
Barro 2020,2019,0.49,"Casual, Indie, Racing, Simulation, sports",Single&Multi-player,windows
Travellin Cats in Italy,2023,0.49,"Casual, Indie",Single-player,windows
Delicious! Pretty Girls Mahjong Solitaire,2016,0.49,Casual,Single-player,"windows, mac"
Travellin Cats in Bali,2023,0.49,"Casual, Indie",Single-player,windows
Overcast - Walden and the Werewolf,2014,0.49,"Action, Adventure, Indie",Single-player,windows
Trip to Vinelands,2016,0.49,"Action, Indie",Single-player,"windows, linux"
Travellin Cats in Maple Hollow 🍂,2023,0.49,"Casual, Indie",Single-player,windows
TTV2,2017,0.49,"Action, Indie",Single-player,"windows, linux"
寇莎梅特：困世迷情 Consummate:Missing World,2017,0.49,"Adventure, Indie, RPG",Single-player,windows
Conan the mighty pig,2016,0.49,"Action, Adventure, Indie",Single-player,"windows, mac, linux"
Ninja Stealth,2016,0.49,"Casual, Indie, Strategy",Single-player,windows
Hentai Shooter 3D,2018,0.49,Action,Single-player,windows
Cute Cats,2021,0.49,Casual,Single-player,windows
Distant Space,2016,0.49,"Action, Adventure, Casual, Indie",Single-player,windows
Polygoneer,2017,0.49,"Action, Casual, Indie",Single-player,windows
Pleasure Puzzle:Portrait 趣拼拼：肖像画,2018,0.49,"Casual, Indie, Simulation",Single-player,windows
Hentai Furry,2025,0.49,"Casual, Indie",Single-player,windows