game_name,release_year,price$,recommendations_count,reviews,rating%,median_playtime_minutes,peak_players,achievements_count,follows
PUBG: BATTLEGROUNDS,2017,Free,1758578,2698699,60.13,5803,3257248,37,3452396
Black Myth: Wukong,2024,59.99,870954,1197735,95.86,2864,2415714,81,1443888
Palworld,2024,29.99,353117,418929,93.34,2333,2101867,57,619625
Counter-Strike 2,2012,Free,5031947,9528336,85.89,6370,1862531,1,4765607
Monster Hunter Wilds,2025,38.49,192133,316091,48.20,3352,1384608,50,521421
Dota 2,2013,Free,14372,2694424,80.57,1205,1295114,0,2491599
ELDEN RING,2022,59.99,812607,1125787,92.37,5722,953426,42,1145777
Banana,2024,Free,0,95600,80.85,394,917272,76,16585
Baldur's Gate 3,2023,59.99,734546,834041,96.04,5103,875343,54,995228
Battlefield™ 6,2025,69.99,268072,333690,65.41,1309,747440,53,400795
Goose Goose Duck,2021,Free,0,79580,85.32,260,702845,38,130002
Marvel Rivals,2024,Free,0,380605,76.33,445,644269,49,244622
Apex Legends™,2020,Free,1575,1041472,67.30,844,624473,12,593253
Hollow Knight: Silksong,2025,19.99,368571,402283,88.37,2610,587150,52,594367
Path of Exile 2,2024,29.99,153086,207110,72.40,3209,578569,0,376255
Slay the Spire 2,2026,24.99,103495,109475,80.10,1928,574638,0,168489
Valheim,2021,19.99,449894,530741,93.26,1824,502387,0,514179
Terraria,2011,9.99,1207980,1515309,96.74,1998,489886,137,938088
Capcom Arcade Stadium,2021,Free,384,4662,54.60,184,488791,20,43346
ARC Raiders,2025,39.99,276091,381272,85.10,2437,481966,50,440993
Fallout 4,2015,19.99,285753,423104,80.52,1986,472962,84,931317
Life is Strange 2,2018,Free,22166,39912,85.31,201,468717,46,85560
Capcom Arcade 2nd Stadium,2022,Free,194,1191,66.10,352,463928,19,10957
Among Us,2018,2.99,639595,726653,91.22,659,447476,33,340977
Sons Of The Forest,2024,29.99,268180,301496,87.44,893,414257,32,623616
POSTAL,1997,Free,2503,13486,89.15,199,412063,27,8063
NARAKA: BLADEPOINT,2021,Free,197605,339351,68.81,468,385770,40,581838
Grand Theft Auto V Legacy,2015,—,1874272,2054117,87.11,5536,364548,77,3449618
HITMAN™ 2,2018,—,31375,74899,89.40,241,361001,146,288583
Kathy Rain,2016,9.99,1795,3930,88.53,271,348015,20,8367
Resident Evil Requiem,2026,69.99,93732,160267,94.93,1116,344214,49,237020
Counter-Strike,2000,9.99,167386,258869,96.30,182,319586,0,227644
Destiny 2,2019,Free,133857,645453,76.84,472,316750,23,737652
ELDEN RING NIGHTREIGN,2025,39.99,123486,180172,81.11,2563,313593,37,219914
Escape From Duckov,2025,17.99,81363,102065,83.36,859,301322,55,125976
Crimson Desert,2026,69.99,86438,124868,82.61,1447,276261,34,253156
Kholat,2015,19.99,2013,6861,65.34,304,272019,20,33498
R.E.P.O.,2025,9.99,300841,374335,95.21,619,271571,0,303408
The First Descendant,2024,Free,0,110269,57.08,268,264860,24,263181
Last Epoch,2024,34.99,105973,117912,75.76,2719,264708,0,227151
Yu-Gi-Oh! Master Duel,2022,Free,0,97643,71.56,694,262689,11,77349
Rust,2018,39.99,1125261,1348572,86.48,2907,262284,102,1288146
Kingdom Come: Deliverance II,,59.99,130876,177842,92.94,3243,256206,83,324503
Team Fortress 2,2007,Free,46644,1224756,90.26,4205,253997,520,1436910
Where Winds Meet,2025,Free,0,107022,85.93,158,251008,45,163732
ARK: Survival Evolved,2017,9.89,575712,764270,82.76,855,248405,32,1651503
Mount & Blade II: Bannerlord,2022,49.99,222740,287567,86.87,4166,248216,50,898183
PAYDAY 2,2013,9.99,442989,671902,88.61,516,247709,1328,8221976
THE FINALS,2023,Free,0,264610,77.67,254,242619,50,359062
Lethal Company,2023,9.99,407245,505135,96.13,698,240817,0,322997
Stardew Valley,2016,14.99,855922,996048,97.71,1652,236614,49,1057141
Once Human,2024,Free,0,168295,76.67,240,231668,0,285897
Path of Exile,2013,Free,1032,246412,88.08,500,229337,127,275312
"Warhammer 40,000: Space Marine 2",,19.79,152673,205946,82.65,838,225690,50,347756
Dispatch,2025,29.99,161475,170807,96.42,578,220060,36,217415
Braveland,2014,0.99,1183,3197,78.62,258,218169,21,4411
Skillshot City,2017,Free,114,2668,80.56,315,214143,40,9131
No Man's Sky,2016,23.99,303791,403347,84.04,1116,212613,27,858120
Content Warning,2024,7.99,67034,156893,92.91,192,204439,48,104855
Dota Underlords,2019,Free,0,90969,81.19,364,202334,0,68560
Tom Clancy's Rainbow Six Siege,2015,Free,1237530,1501651,82.06,2354,201933,48,1293421
Bongo Cat,2025,Free,0,96960,95.15,1852,194508,28,876860
Stellar Blade™,2025,59.99,55561,85048,92.64,1667,192078,45,220594
A Story About My Uncle,2014,14.99,12125,29121,89.67,242,190590,15,32575
Warframe,2013,Free,2880,664114,86.65,528,189837,193,905260
Football Manager 2020,2019,—,17111,31711,87.56,14349,189464,97,56184
Dune: Awakening,2025,49.99,63916,74710,69.63,3735,189333,72,267945
Satisfactory,2024,39.99,224549,266655,96.15,2318,186158,44,407316
鬼谷八荒 Tale of Immortal,2023,19.99,191358,226281,54.67,2332,184171,169,242944
Manor Lords,2024,39.99,72042,85894,83.44,641,173178,11,555133
PEAK,2025,4.95,252634,309878,93.81,437,170759,54,174679
Resident Evil 4,2023,15.99,159525,239572,96.12,1441,168191,46,303257
Total War: WARHAMMER III,2022,59.99,99168,141586,69.58,2931,166754,138,300287
Overwatch®,2023,Free,264,393152,29.81,405,165651,164,117304
DISTRAINT: Deluxe Edition,2015,0.69,7496,12704,90.63,256,165266,16,8526
The Tiny Bang Story,2011,4.99,3756,6583,84.60,308,164840,0,5870
Company of Heroes 2,2013,4.99,68218,112304,78.17,279,164688,452,166844
Left 4 Dead 2,2009,9.99,788871,1026595,96.79,510,162399,101,1282057
Halo: The Master Chief Collection,2019,39.99,233909,256497,91.10,804,161024,700,492983
Enshrouded,2024,29.99,87549,98670,85.09,1296,160405,52,375983
ARMORED CORE™ VI FIRES OF RUBICON™,2023,59.99,64943,82973,90.25,1051,156171,30,216384
Orwell: Keeping an Eye On You,2016,9.99,8751,15355,88.13,254,154375,27,40541
Z1 Battle Royale,2018,Free,143196,202783,55.68,225,151239,0,505140
V Rising,2024,34.99,107641,132439,87.84,1536,150645,49,300751
Murderous Pursuits,2018,9.99,374,2804,62.44,303,149224,145,10160
BROKE PROTOCOL,2024,Free,1620,3223,72.57,424,147854,0,4729
Rocket League®,2015,—,435134,585293,86.40,2617,147632,88,653517
Clair Obscur: Expedition 33,2025,49.99,171274,261862,94.42,1829,145063,55,303179
Crusader Kings II,2012,Free,30851,74806,88.57,267,141439,161,120776
Fortified,2016,14.99,217,1722,71.85,302,138627,23,6915
Farming Simulator 25,2024,23.99,33549,49995,85.09,3015,135970,45,125571
DELTARUNE,2025,24.99,90608,98280,96.92,1106,133930,0,186031
XCOM® 2,2016,19.99,78201,107263,83.46,1477,133022,88,292165
Mecha BREAK,2025,Free,0,28016,59.53,163,132816,61,222012
WUCHANG: Fallen Feathers,2025,41.99,43142,101831,55.09,1297,131518,40,175523
DARK SOULS™ III,2016,59.99,273796,432657,93.45,2636,129975,43,643481
The Descendant,2016,14.99,589,7162,85.69,259,128847,50,6123
Hacknet,2015,9.99,16646,25841,91.51,263,127640,11,79796
Wolcen: Lords of Mayhem,2020,29.99,61736,67876,55.70,1252,127542,64,180641
Human Fall Flat,2016,19.99,172126,223509,93.53,359,127517,151,579911
War Thunder,2013,Free,1965,862187,64.84,474,125430,91,568270
7 Days to Die,2024,44.99,271506,397460,86.37,1615,125419,43,531134
Limbus Company,2023,Free,0,101257,86.42,839,124972,0,59491
Borderlands 2,2012,4.99,214434,317674,87.64,895,124678,75,317540
DRAGON BALL: Sparking! ZERO,2024,69.99,48359,69848,86.59,1007,122554,50,191194
Prismata,2018,Free,116,1209,77.39,433,122553,114,3956
Insurgency,2014,14.99,86427,124768,90.46,250,121575,100,262368
Shadowverse: Worlds Beyond,2025,Free,0,23630,29.91,1461,120488,27,14528
Eador. Masters of the Broken World,2013,19.99,1644,2795,66.49,272,118780,56,6832
Factorio,2020,35.00,189634,232312,96.02,3107,118674,88,407977
Total War: ROME II - Emperor Edition,2013,59.99,56958,92386,82.84,2329,118240,188,162862
Megabonk,2025,9.99,94815,100493,93.37,973,117336,139,72973
Battlefield™ V,2020,49.99,231294,264051,70.18,542,116104,21,320109
Don't Starve Together,2016,5.09,364656,528771,94.20,523,115925,0,747803
Mewgenics,2026,29.99,41275,43907,90.43,989,115428,281,94727
Granblue Fantasy: Relink,2024,39.99,37819,51250,88.50,1916,114054,54,153004
FragPunk,2025,Free,1623,48721,73.39,173,113946,0,101787
Liar's Bar,2024,6.99,47533,54961,88.43,164,113798,0,137092
Amarillo's Butt Slapper,2024,Free,0,5726,86.07,0,113068,7,4373
Total War: WARHAMMER,2016,59.99,32504,52907,76.98,1061,113019,185,322333
Hades II,2025,29.99,108322,116735,94.32,1628,112947,50,286555
Phasmophobia,2020,19.99,665877,816956,94.87,903,112717,54,447172
Unturned,2017,Free,7523,561427,90.30,338,112703,88,570369
EA SPORTS™ FIFA 23,2022,—,123933,150673,56.80,5925,110878,39,155610
REMNANT II®,2023,49.99,44823,66293,81.38,1141,110856,65,153610
EA SPORTS FC™ 25,2024,42.00,96020,104818,52.69,3963,110026,39,94164
Geometry Dash,2014,4.99,531802,573620,92.28,539,109993,547,174575
The Forest,2018,19.99,568122,667392,94.74,740,109397,45,798082
"Warhammer 40,000: Darktide",2022,39.99,102886,131219,70.40,1229,108395,36,214677
FIFA 22,2021,—,100616,120172,79.63,7042,108295,37,106393
Guns of Icarus Online,2012,4.99,8252,14675,87.65,265,107883,849,51575
EA SPORTS FC™ 24,2023,—,94246,111074,57.69,4582,107359,40,111978
Resident Evil Village,2021,9.99,99226,143738,94.31,908,106631,56,202403
Farming Simulator 22,2021,19.99,67540,90383,91.26,3459,105636,45,154056
Cities: Skylines II,2023,49.99,60103,86955,53.68,1647,104697,44,354286
Warhammer: Vermintide 2,2018,29.99,90007,145640,84.04,435,104323,26,253685
Party Animals,2023,19.99,54575,76703,78.72,347,104174,116,656630
The Witcher 3: Wild Hunt,2015,39.99,811913,876272,95.41,860,103329,78,1005589
Raft,2022,19.99,315784,369809,92.16,968,101096,104,655548
EA SPORTS FC™ 26,2025,22.50,52949,56621,45.83,2876,100753,43,69192
Counter-Strike: Source,2004,9.99,133240,190586,95.10,429,100056,147,443402
RV There Yet?,2025,7.99,63681,75291,89.29,277,100002,57,118275
Red Dead Redemption 2,2019,59.99,797763,865310,91.60,1662,99993,51,951248
Crusader Kings III,2020,49.99,92836,141704,88.68,2508,98872,188,315202
Portal 2,2011,9.99,382012,457538,97.74,482,98460,51,356293
ARK: Survival Ascended,2023,11.24,92774,102010,59.80,2162,98047,32,255994
Highguard,2026,—,0,40749,45.70,93,97249,32,19286
MIR4,2021,Free,0,14816,64.53,545,97173,0,23119
RimWorld,2018,34.99,201009,237123,96.74,3813,96040,0,632096
Hollow Knight,2017,14.99,480532,536629,96.03,804,95655,63,451013
Chained Together,2024,4.99,51761,60498,88.63,246,94480,16,87279
Football Manager 2021,2020,—,14384,23872,91.42,12447,93865,98,49410
Divinity: Original Sin 2 - Definitive Edition,2017,44.99,176737,201658,94.55,2352,93701,97,500842
Hearts of Iron IV,2016,49.99,271753,374665,88.08,3372,93196,266,476357
Sins of a Solar Empire®: Rebellion,2012,19.99,10189,16257,90.85,421,93109,68,56681
REMATCH,2025,17.99,34995,46944,67.58,987,92841,37,111514
Far Cry® 5,2018,59.99,168848,184684,80.23,1377,92445,72,409352
METAL GEAR SOLID V: THE PHANTOM PAIN,2015,19.99,71511,106150,90.62,1189,91195,42,256093
Cats,2024,Free,0,4522,75.39,190,90669,2,1741
House Flipper,2018,24.99,90952,105451,92.69,452,90666,96,267295
Tomb Raider Game of the Year,2013,19.99,168355,263763,94.98,474,89538,50,206782
Football Manager 2024,2023,—,16636,27830,89.57,11011,89478,100,67669
ENDLESS™ Legend,2014,29.99,14332,18955,81.79,387,89190,139,145849
Football Manager 2022,2021,—,13795,21506,90.45,19291,88767,98,43057
Starbound,2016,14.99,120550,165443,90.98,1228,88709,51,262211
Nioh 3,2026,69.99,10392,17049,78.55,2190,88045,51,57575
F1 2015,2015,—,1286,7973,59.42,299,88029,45,10679
Umamusume: Pretty Derby,2025,Free,0,54608,92.19,666,87453,20,29692
inZOI,2025,39.99,27323,30000,75.30,407,87377,0,424302
BattleBit Remastered,2023,14.99,127353,146043,81.06,640,87323,0,207275
Need for Speed™ Heat,2020,69.99,122339,146833,83.15,383,86196,42,147025
VPet-Simulator,2023,Free,0,50607,96.45,0,85551,75,58625
Total War: WARHAMMER II,2017,59.99,87715,125147,91.04,3131,84920,152,401735
Football Manager 26,2025,35.99,18416,30866,33.26,3419,84909,44,61119
Digimon Story Time Stranger,2025,69.99,14413,20640,87.80,2058,84458,46,93192
Football Manager 2023,2022,—,13457,19795,87.85,15436,83715,100,51521
The Red Solstice,2015,0.99,878,2552,68.63,252,82980,73,21630
Nobody - The Turnaround,2022,—,8234,14285,59.21,961,82511,42,216419
Stories: The Path of Destinies,2016,14.99,1924,6574,85.56,303,81664,37,24109
Forza Horizon 5,2021,59.99,248174,268604,88.21,1282,81096,164,567244
GrandChase,2021,Free,0,25459,64.29,404,79883,0,75705
VRChat,2017,Free,148,260201,74.76,148,79593,0,232912
DARK SOULS™ II,2014,39.99,31964,45358,86.77,2448,79528,38,124196
DayZ,2018,49.99,378895,457807,77.05,2374,78937,13,696524
Little Nightmares,2017,19.99,50992,115172,93.41,94,78169,22,197745
PAYDAY 3,2023,29.99,47479,63404,44.68,813,77938,22,185245
Europa Universalis V,2025,59.99,22265,26932,71.19,2330,77320,57,102161
Ghost of Tsushima DIRECTOR'S CUT,2024,59.99,60094,89629,92.43,1832,77154,77,209842
Vampire Survivors,2022,4.99,247365,261031,97.23,1150,77061,243,141370
Bless Unleashed,2021,Free,209,31030,52.64,136,76377,43,118987
Football Manager 2019,2018,—,7388,12488,84.66,7713,75982,77,58828
Crab Game,2021,Free,0,151629,90.26,86,75967,0,43902
Forza Horizon 4,2021,—,276526,300848,89.92,898,75689,178,409845
Risk of Rain 2,2020,8.24,234297,344833,92.82,1223,75406,171,346021
Resident Evil 2,2019,9.99,142702,204664,95.85,771,74227,44,314918
Euro Truck Simulator 2,2012,4.99,755819,944775,96.56,1668,73887,106,1321948
Garry's Mod,2006,9.99,1060821,1229061,96.17,1270,73863,29,806568
Fallout 76,2020,39.99,76338,137857,71.44,809,73368,72,166558
Football Manager 2017,2016,—,7785,11036,59.03,8442,72824,86,50608
ULTRAKILL,2020,24.99,194891,221427,96.27,388,71785,0,136149
It Takes Two,2021,39.99,209962,257634,94.35,818,71039,20,546821
The Binding of Isaac: Rebirth,2014,14.99,352600,388055,96.24,3015,70701,641,391238
Victoria 3,2022,49.99,40337,60149,68.85,2192,70100,127,183684
Killing Floor 2,2016,29.99,87162,129746,86.76,486,69987,307,609240
The Elder Scrolls V: Skyrim Special Edition,2016,39.99,209091,363547,91.42,1413,69906,75,555083
Stellaris,2016,39.99,139423,196768,84.21,1487,68602,211,543819
SCUM,2025,17.99,95975,123168,73.63,891,68322,69,446383
Middle-earth™: Shadow of War™,2017,49.99,85693,114282,87.69,1028,68183,72,317005
Yet Another Zombie Defense,2014,Free,7693,12360,84.61,204,67959,18,12585
Cookie Clicker,2021,4.99,84338,89409,94.98,6136,67867,637,26060
Splitgate,2019,Free,166,110981,90.16,226,67724,30,60980
Marvel’s Spider-Man Remastered,2022,59.99,92746,130819,94.65,1344,66436,78,200319
Heartopia,2026,Free,0,12664,66.15,247,66118,0,32401
Counter-Strike:Global Offensive,2012,Free,0,53556,95.55,37,66099,0,26195
Back 4 Blood,2021,59.99,54500,72251,68.18,531,65987,93,247619
Clicker Heroes,2015,Free,755,61949,88.20,636,65882,111,33924
The Seven Deadly Sins: Origin,2026,Free,0,12222,57.70,164,65753,0,51585
Project Zomboid,2013,19.99,336876,443230,93.19,783,65505,0,583391
Love Is All Around,2023,9.99,36160,45840,91.57,294,65435,65,105344
FANTASY LIFE i: The Girl Who Steals Time,2025,59.99,11485,13256,89.43,3028,65389,47,72325
Kingdom: Classic,2015,Free,5961,22531,88.66,235,64944,34,50700
Assassin’s Creed Shadows,2025,69.99,31674,35832,75.26,1299,64825,72,98782
Half-Life 2,2004,9.99,196373,270355,96.52,313,64085,69,103319
No Rest for the Wicked,2024,39.99,60716,75516,79.16,749,62997,0,205059
Stray,2022,17.99,150839,170085,95.96,300,62963,24,373566
Cortex Command,2012,19.99,1999,6046,70.15,162,62839,11,13360
Cult of the Lamb,2022,12.49,105623,122076,94.49,804,61780,57,260992
Grim Dawn,2016,24.99,88594,104873,92.40,976,61458,185,276692
Paladins®,2018,Free,8742,345634,84.27,584,60743,58,342614
Artifact,2022,Free,0,24746,47.21,0,60646,0,137692
Alien Swarm,2010,Free,297,21509,92.61,220,60467,66,87772
Black Desert,2019,9.99,61805,92373,72.93,222,60395,0,195925
Cities: Skylines,2015,29.99,216289,287465,91.92,831,60386,135,860573
Jurassic World Evolution,2018,8.99,48034,54942,85.99,571,60296,73,229627
Resident Evil 3,2020,3.99,80529,113658,81.91,436,60293,32,175792
Tales of ARISE,2023,19.99,27370,36328,85.20,1689,60274,58,142455
MORDHAU,2019,29.99,91558,113030,79.10,796,60204,38,173418
Hunt: Showdown 1896,2019,29.99,207084,269590,73.40,854,60124,36,501242
Dyson Sphere Program,2021,19.99,82117,90162,95.99,1038,59815,128,250187
Farming Simulator 19,2018,12.59,64147,75800,92.95,2074,59466,23,157969
NBA 2K23,2022,—,39825,51498,61.33,3226,59006,50,50155
ATLAS,2018,9.89,37059,42859,47.30,981,58939,0,157743
Dark and Darker,2024,Free,0,81611,64.29,186,57164,0,216238
Slay the Spire,2019,24.99,185541,211853,96.42,1517,57025,46,237810
Deep Rock Galactic: Survivor,2025,12.99,44756,46645,85.18,854,56943,300,87363
Arma 3,2013,29.99,228091,294585,89.47,897,56679,123,761562
The Crew™ 2,2018,29.99,85447,98514,76.68,275,55907,34,173376
Diablo® IV,2023,49.99,50301,67108,64.04,2654,55561,35,158824
HUMANKIND™,2021,49.99,21732,28251,67.95,845,55284,99,199230
Ready or Not,2023,49.99,248441,322678,76.92,685,55174,66,543972
BIOMUTANT,2021,39.99,13023,19994,65.31,316,55048,46,188764
Torchlight II,2012,19.99,32791,45188,90.96,613,54821,119,95782
Monster Hunter Stories 3: Twisted Reflection,2026,69.99,4434,6943,77.69,1637,54778,52,36577
Hades,2020,24.99,278427,300838,96.99,1037,54240,49,304693
Deep Rock Galactic,2020,29.99,298060,373546,96.20,833,54160,69,2836648
Bloons TD 6,2018,13.99,339471,383534,96.23,1364,53943,156,98484
Tree of Savior (English Ver.),2016,Free,5761,20423,63.29,436,53554,37,74206
TCG Card Shop Simulator,2024,12.99,44644,46940,94.81,771,53453,45,72382
ENDLESS™ Space 2,2017,39.99,17041,22808,81.71,469,53435,115,170733
Conan Exiles,2018,39.99,75572,111582,78.08,1504,53402,36,322214
Poppy Playtime,2021,Free,37971,134540,86.57,68,52866,100,207457
Eternal Return,2023,Free,107,71788,75.06,264,52853,0,95594
INAZUMA ELEVEN: Victory Road,2025,69.99,10600,11485,87.39,3291,52795,52,41629
RuneScape: Dragonwilds,2025,29.99,22617,24302,79.67,535,52641,0,145222
Icarus,,34.99,0,62696,73.46,0,52501,0,264280
HITMAN™,2016,—,23775,37182,81.87,407,51650,69,190476
Supermarket Simulator,2025,19.99,76536,81022,90.86,836,51363,15,124510
Subnautica,2018,29.99,313821,349086,96.03,904,51156,17,633867
Loop Hero,2021,14.99,33395,36086,90.97,745,51156,50,61182
Metro 2033 Redux,2014,1.99,88173,129731,90.87,360,50317,49,117943
PAYDAY™ The Heist,2011,14.99,21649,40758,91.57,209,50316,56,143588
TEKKEN 8,2024,59.99,44966,71172,53.16,1430,49977,47,107903
Escape the Backrooms,2025,9.99,112726,135822,89.48,386,48879,34,136878
NBA 2K20,2019,—,46619,60492,49.83,2472,48375,50,51279
Remnant: From the Ashes,2019,39.99,46363,56288,83.07,770,48289,50,187096
Europa Universalis IV,2013,49.99,94773,138308,85.86,1289,48165,373,220374
SUPERVIVE,2025,Free,0,23757,83.85,211,47913,0,39027
Watch_Dogs™,2014,19.99,46059,49400,77.95,592,47887,49,104142
Supermarket Together,2024,Free,0,89770,93.06,179,47836,48,65299
Escape from Tarkov,2025,49.99,44243,49160,47.21,3764,47800,80,114078
Nightingale,2024,29.99,15149,17859,65.78,647,47569,28,180268
SUPER PEOPLE,2022,Free,417,18304,56.62,153,47392,0,175630
Soulmask,2026,26.99,15527,18287,78.84,1453,46833,120,121633
Pathfinder: Wrath of the Righteous - Enhanced Edition,2021,5.99,32655,42339,82.30,949,46724,153,124762
NBA 2K22,2021,—,30263,38960,57.19,3390,46661,50,44154
Scrap Mechanic,2016,19.99,104531,117280,90.73,784,46643,0,324356
MY HERO ULTRA RUMBLE,2023,Free,0,25023,67.28,96,46591,15,40770
STAR WARS Jedi: Fallen Order™,2019,39.99,148878,170228,87.44,635,46550,39,208728
Core Keeper,2024,11.99,47931,63481,91.40,1003,46465,55,169167
Like a Dragon: Infinite Wealth,2024,69.99,15561,22926,88.80,4480,46161,74,50920
HoloCure - Save the Fans!,2023,Free,0,39781,97.01,0,46155,97,35639
Sultan's Game,2025,24.99,23794,33425,92.21,970,46106,15,75832
UNDECEMBER: 4th Anniversary,2022,Free,0,20467,52.37,130,46103,0,84882
Shape of Dreams,2025,24.99,14409,18428,87.74,888,45773,83,59828
Tom Clancy's Ghost Recon® Wildlands,2017,49.99,89297,103753,78.76,1322,45704,57,432265
Mirror 2: Project X,2022,1.99,111584,115934,25.21,157,45657,1,93192
"Warhammer 40,000: Rogue Trader",,26.00,29899,42735,86.19,1859,45405,106,133373
Battlerite,2017,Free,21431,59261,83.37,178,45145,0,473833
Oddworld: Abe's Oddysee®,2008,2.99,2207,4491,82.54,203,45049,0,5612
Persona 3 Reload,2024,59.99,37379,54838,92.68,2403,45002,56,107264
暖雪 Warm Snow,2022,17.98,34868,38497,91.24,1498,44702,158,84670
Rise of the Tomb Raider™,2016,29.99,122794,150597,92.93,788,44588,143,398612
Fish Idle 2: Underwater Mystery,2024,Free,690,1529,64.41,15390,44430,30,1203
EA SPORTS™ FIFA 21,2020,—,39695,55854,75.30,5283,44388,36,57506
DRAGON BALL FighterZ,2018,59.99,53908,75375,89.08,531,44303,35,210375
Balatro,2024,14.99,152334,188417,96.67,1254,43905,31,108669
Fellowship,2023,24.99,0,16642,73.98,0,43841,40,73355
Lords of the Fallen,2023,29.99,34327,50861,66.74,785,43075,77,137021
Age of Wonders 4,2023,49.99,15980,21873,79.84,1751,42877,106,104670
Half-Life: Alyx,2020,59.99,90782,102956,96.77,365,42858,42,254827
Fallout Shelter,2017,Free,0,80588,86.64,246,42656,35,110364
Subnautica: Below Zero,2021,29.99,94339,102841,88.99,979,42115,13,242734
Imperator: Rome,2019,39.99,19531,26982,64.64,797,41945,72,95258
Draw & Guess,2021,2.99,31233,34799,82.59,320,41766,0,47212
Farlight 84,2023,Free,0,54955,75.22,371,41396,0,39073
ENDLESS™ Space - Definitive Edition,2012,9.99,6590,9569,78.67,362,41263,93,27333
The Cycle: Frontier,2022,—,337,45340,63.51,105,40854,0,113149
Party Club,2025,11.88,125,3336,69.87,71,40828,14,16661
Wuthering Waves,2025,Free,0,43253,87.91,335,40721,0,60190
Turbo Pug DX,2016,1.99,422,1838,74.76,232,40590,27,1003
FINAL FANTASY VII REBIRTH,2025,49.99,21103,29891,75.24,1322,40564,61,77642
Horizon Forbidden West™ Complete Edition,2024,59.99,18976,28279,86.61,1790,40462,80,123565
STALCRAFT: X,2022,Free,0,97048,72.68,171,40311,17,76295
Temtem,2022,44.99,31227,39240,80.16,783,39572,47,143064
Egg,2026,Free,0,13026,83.57,0,39524,0,2778
Climber Animals: Together,2024,3.99,4857,4935,73.25,247,39181,12,8651
Brotato,2023,3.49,105420,112090,95.18,823,38905,177,84606
Project Winter,2019,9.99,13638,19073,80.89,254,38794,78,95577
BeamNG.drive,2015,24.99,358997,387444,96.44,602,38775,5,463081
Broken Arrow,2025,49.99,25631,35055,50.89,2999,38753,67,132802
Summoners War: Chronicles,2022,Free,0,11843,75.66,149,38641,0,21993
Planet Zoo,2019,11.24,78097,94135,89.81,389,38630,38,374968
Squad,2020,49.99,174152,234668,80.38,1005,38573,0,723619
Atomic Heart,2023,59.99,34373,45535,79.29,508,38469,69,239896
Shadow of the Tomb Raider: Definitive Edition,2018,39.99,69893,86579,82.76,690,38268,99,255441
Mortal Kombat 1,2023,49.99,30840,45047,70.82,749,38129,50,107939
The Day Before,2023,—,21957,23254,17.36,0,38104,0,235318
Strinova,2024,Free,0,29304,73.44,218,38043,0,57820
Hero's Land,2023,Free,0,45347,54.40,233,37249,37,12829
Tabletop Simulator,2015,19.99,47443,75594,92.88,524,37198,26,229880
Evil Genius 2: World Domination,2021,39.99,11114,13067,67.95,295,37117,90,71456
The Outlast Trials,2024,39.99,82107,100287,91.45,513,36689,27,205712
Mafia: Definitive Edition,2020,39.99,84637,105797,85.62,603,36679,43,133641
Company of Heroes 3,2023,23.99,22902,37860,56.80,1127,36646,24,147285
Backpack Battles,2025,14.99,18250,19912,89.37,869,36557,230,54429
AX:EL - Air XenoDawn,2015,Free,0,1299,72.98,53,35956,22,1976
Wartales,2023,34.99,30820,34349,85.18,1509,35879,227,207688
BATTLETECH,2018,39.99,22615,32665,82.40,591,35767,128,121211
Cube World,2019,19.99,9857,18700,37.32,476,35622,0,76275
God of War Ragnarök,2024,59.99,29228,45039,86.91,2369,35615,48,119887
Frostpunk 2,2024,22.49,19679,25363,73.86,530,35533,71,179063
BALL x PIT,2025,14.99,22035,24195,93.43,815,35402,63,42983
Gunfire Reborn,2021,19.99,87716,102748,91.86,1311,35263,134,132502
Mafia: The Old Country,2025,49.99,18530,27109,71.72,786,35247,55,101351
NBA 2K26,2025,66.08,14873,19299,65.19,1833,35165,48,29270
Dungeon of the ENDLESS™,2014,11.99,9363,13957,83.36,173,35159,33,50471
Mortal Kombat 11,2019,49.99,84535,112983,86.86,438,35147,58,178173
Luma Island,2024,19.99,10761,12173,82.03,806,35098,120,60387
Monster Hunter Stories 2: Wings of Ruin,2021,14.79,11676,16930,80.88,1818,34995,48,70848
Brawlhalla,2017,Free,2897,403955,79.79,216,34816,65,202359
South Park™: The Stick of Truth™,2014,29.99,59612,72197,95.92,664,34811,50,121366
Ori and the Will of the Wisps,2020,29.99,133324,143410,95.24,682,34807,37,201107
Astral Party,2024,Free,0,20297,54.57,227,34387,0,22566
CODE VEIN,2019,8.99,45354,61270,82.18,765,33895,43,172897
RoadCraft,2025,25.99,12653,15274,73.42,1095,33761,44,102582
龙胤立志传,2026,19.99,5324,5501,75.14,1682,33667,40,12257
Half-Life,1998,9.99,113675,159631,95.24,144,33471,0,66358
Last Oasis,2020,9.89,20463,24241,61.50,1476,33287,40,71835
Mount & Blade: Warband,2010,19.99,134051,170376,96.45,1870,33054,80,191364
The First Berserker: Khazan,2025,59.99,19592,30099,83.10,1853,32929,57,89119
Counter-Strike: Condition Zero,2004,9.99,20955,27847,89.55,33,32748,0,48123
Chinese Parents,2018,9.99,22837,26636,89.43,648,32593,23,90292
Paragon: The Overprime,2022,—,0,13053,61.84,126,32524,28,59006
DEATH STRANDING,2020,—,50820,79103,91.76,946,32515,63,201009
Farming Simulator 17,2016,9.74,22821,25654,91.42,2429,32313,17,118848
Ashes of Creation,2025,—,12646,18825,35.36,1825,31882,0,52444
NBA 2K21,2020,—,28215,38899,41.87,4688,31826,50,41635
Quarantine Zone: The Last Check,2026,15.99,9963,11192,80.26,447,31653,25,95702
DOOM: The Dark Ages,2025,69.99,26609,38227,86.39,781,31470,28,121297
SMITE®,2015,Free,1393,119879,77.87,260,31169,319,244582
Marvel's Avengers - The Definitive Edition,2020,—,24079,34402,65.84,501,31165,50,99899
GUILTY GEAR -STRIVE-,2021,19.99,46091,64378,86.87,1017,31156,39,126398
Medieval Dynasty,2021,34.99,41302,50140,88.98,986,31057,44,283081
Volcano Princess,2023,10.99,43727,47459,95.94,540,31057,234,72439
Spectre Divide,2024,Free,0,19799,63.13,100,30971,17,45494
Tribes of Midgard,2021,19.99,17361,23082,75.17,532,30930,26,96386
Dead Space,2023,59.99,56425,63931,89.24,506,30925,47,123935
Back to Bed,2014,5.99,724,2907,78.54,191,30771,20,3477
Left 4 Dead,2008,9.99,56486,66290,94.74,129,30616,73,344959
NBA 2K24,2023,—,33006,44133,32.55,2017,30363,50,34629
Killing Floor 3,2025,39.99,15191,19787,46.99,1138,30112,41,71516
Lies of P,2023,59.99,54528,76312,90.50,1355,30095,53,161344
Glass Masquerade,2016,4.99,5494,6950,93.56,283,29689,32,7503
PlanetSide 2,2012,Free,579,74451,79.54,186,29676,0,220331
Vampire: The Masquerade - Bloodhunt,2022,Free,0,58799,75.81,116,29475,35,115981
Mafia II (Classic),2011,29.99,35688,57743,92.29,748,29474,67,95859
Necesse,2025,9.74,22846,26935,91.22,454,29440,48,107819
Totally Accurate Battlegrounds,2018,Free,15344,87673,87.20,67,29438,0,86835
Frostpunk,2018,2.99,110782,132971,91.49,564,29361,115,382130
Abiotic Factor,2025,34.99,38096,53195,94.08,1056,29278,53,128131
NBA 2K19,2018,—,15496,22609,39.55,4103,29202,50,45071
Rotwood,2026,22.49,7297,7981,73.44,460,28595,22,45577
For The King II,2023,24.99,12023,15206,69.34,922,28528,126,60117
The Planet Crafter,2024,11.99,63583,67935,94.41,1226,28416,55,176552
Dwarf Fortress,2022,29.99,28697,30852,92.84,377,28340,0,195931
Marvel's Spider-Man 2,2025,59.99,25967,36576,80.52,1331,28189,43,96515
Russian Fishing 4,2021,Free,0,84661,58.36,109,28073,145,107597
eFootball™,2021,Free,1208,107444,50.29,168,27993,0,97618
Total War: EMPIRE – Definitive Edition,2009,24.99,20783,37330,88.96,889,27559,30,54801
Monster Hunter Rise: Sunbreak Demo,2022,Free,0,1195,77.55,52,27540,0,127
Jotun: Valhalla Edition,2015,14.99,2193,8539,75.38,112,27501,36,40614
Oxygen Not Included,2019,7.49,130878,139264,95.45,821,27486,50,408972
Limbo,2024,12.49,0,60531,90.76,0,27466,0,49652
Days Gone,2021,39.99,79872,112932,91.46,798,27450,67,205395
Batman™: Arkham Knight,2015,19.99,106480,153802,88.34,621,27406,113,194125
GRID 2,2013,—,8006,29777,82.62,180,27339,60,93137
Craftopia,2020,24.99,18161,20778,73.92,544,27246,50,168839
Albion Online,2018,Free,1888,90332,77.67,225,27227,154,103313
GUNDAM BREAKER 4,2024,29.99,3357,4086,71.44,1677,27110,51,28584
Titan Quest II,2025,34.99,15359,16064,82.02,409,27099,0,129722
Blue Archive,2025,Free,0,20170,90.04,644,27077,0,46199
Vampire: The Masquerade® - Bloodlines™ 2,2025,59.99,9519,11892,55.46,902,27020,78,193522
Bloodstained: Ritual of the Night,2019,39.36,29039,40907,91.57,992,26934,57,107824
Robocraft,2017,—,2406,117654,72.41,238,26725,43,155649
Kingdom Two Crowns,2018,19.99,29663,37712,88.64,619,26623,46,93950
Distant Space,2016,0.49,485,3042,81.85,423,26557,44,1259
觅长生,2023,14.99,26334,31065,91.25,1175,26379,68,73397
Sunkenland,2023,19.99,19750,23034,79.53,650,26154,107,154788
Hitman: Absolution™,2012,19.99,47596,61372,91.56,427,26137,47,71114
Halls of Torment,2024,6.66,30154,31253,93.54,712,26061,500,34724
Shadow Warrior,2013,29.99,15819,26569,90.00,207,25890,92,34279
DRAGON BALL Z: KAKAROT,2020,19.99,43156,57280,91.62,1171,25852,42,161073
SPLITGATE: Arena Reloaded,2025,Free,0,21774,62.94,116,25785,23,27917
Assetto Corsa EVO,2025,39.99,15040,19188,58.16,255,25752,0,82757
Kerbal Space Program 2,2023,49.99,27339,31245,27.43,687,25724,0,169777
"Warhammer 40,000: Dawn of War III",2017,39.99,14067,23426,48.53,329,25676,84,118171
Tainted Grail: The Fall of Avalon,2025,44.99,28427,29808,86.34,1150,25656,65,154660
Detroit: Become Human,2020,39.99,205731,238282,95.14,626,25615,48,236162
F1® 2021,2021,—,25856,34917,84.17,2606,25575,50,38590
F1® Manager 2022,2022,—,7517,10766,72.39,1962,25575,26,34888
Tiny Bunny,2025,10.99,26635,30009,81.38,441,25465,102,31876
NBA 2K18,2017,—,14773,18737,30.18,4571,25432,50,50138
MOBILE SUIT GUNDAM BATTLE OPERATION 2,2023,Free,0,21070,23.32,148,25422,17,42271
graveyard keeper,2022,Free,0,47409,84.78,0,25395,0,130114
Jagged Alliance 3,2023,44.99,10474,14274,87.11,517,25366,50,64382
Subverse,2024,39.99,18858,21535,54.98,218,25318,52,181379
Timberborn,2026,34.99,35980,38757,93.90,657,25234,59,176907
CloverPit,2025,6.99,21603,22446,88.37,337,25190,30,35503
F1® 22,2022,—,20748,25647,67.81,1941,25172,50,41718
Chivalry: Medieval Warfare,2012,24.99,44575,65170,81.39,242,25145,49,336335
Pixel Gun 3D: PC Edition,2024,Free,0,44687,66.61,127,25014,16,48937
Farthest Frontier,2025,34.99,22741,23759,84.80,614,24910,74,234848
Arma Reforger,2023,39.99,43518,48139,78.01,1084,24907,24,120032
Boundary,2023,—,13733,15985,54.60,184,24840,0,63488
Wayfinder,2024,24.99,24398,26044,59.06,572,24712,49,108539
Warhammer: End Times - Vermintide,2015,29.99,13592,21377,78.43,288,24700,108,200533
Banished,2014,19.99,37613,43019,88.79,607,24636,36,142120
Knight Online,2016,Free,110,11106,50.50,69,24594,0,37996
Wasteland 3,2020,39.99,16936,21936,82.93,1428,24555,86,87317
Rising Storm 2: Vietnam,2017,24.99,42116,58978,85.52,539,24518,132,142884
DARK SOULS™: REMASTERED,2018,39.99,95470,147810,91.25,1712,24501,41,161414
Shadowrun Returns,2013,14.99,9427,13574,86.22,241,24329,0,24492
REANIMAL,2026,39.99,10754,19820,72.24,320,24309,31,91121
Transport Fever 2,2019,39.99,25500,31301,88.72,1602,24308,61,115445
Shadowverse CCG,2016,Free,337,14946,72.34,454,24167,0,46589
Gotham Knights,2022,59.99,15418,24658,66.64,449,24138,61,57678
Killing Floor,2009,19.99,39677,68847,93.32,266,24107,285,113463
My Winter Car,2025,14.99,16990,17469,92.21,506,24107,64,37293
WEBFISHING,2024,4.99,56823,69739,95.81,452,24085,16,35024
F1® 2020,2020,—,25814,39997,91.80,2188,24010,50,40679
Space Engineers,2019,19.99,101719,136132,87.44,951,23888,30,344721
Scritchy Scratchy,2026,6.99,6553,6410,91.04,589,23881,34,7448
Dawn of Man,2019,24.99,16914,17662,84.87,704,23864,24,128236
Darkest Dungeon® II,2023,12.39,22822,25295,73.93,887,23800,121,90506
MiSide,2024,14.99,117892,137373,96.50,317,23741,26,137110
Torchlight: Infinite,2023,Free,0,19529,68.82,133,23715,43,27935
SILENT HILL 2,2024,69.99,39426,59459,93.22,1076,23676,43,135441
Headsnatchers,2019,14.99,0,1583,51.38,94,23574,52,6012
Just Cause™ 3,2015,19.99,102696,126295,83.29,427,23459,66,315865
AdVenture Capitalist,2015,Free,504,60019,86.26,321,22998,31,25135
ELEX,2017,29.99,12330,19443,73.12,470,22969,50,147751
DRAGON BALL XENOVERSE,2015,39.99,16952,21603,87.85,992,22850,50,97041
Wandering Sword,2023,24.99,34024,40840,93.08,1663,22824,110,83376
Rogue Legacy 2,2022,24.99,14016,14899,88.59,657,22811,39,57447
Little Nightmares III,2025,39.99,9433,19394,46.55,380,22653,38,106578
F1® 25,2025,59.99,20462,23513,85.47,1085,22595,46,47254
Car Mechanic Simulator 2021,2021,24.99,34322,35877,93.85,1116,22561,46,94847
They Are Billions,2019,29.99,45508,50673,83.82,1404,22395,34,279071
We Were Here Expeditions: The FriendShip,2023,1.99,3641,23628,88.29,131,22392,12,15790
Jump Space,2025,19.99,9140,10338,84.04,379,22365,15,132907
Summoners War,2024,Free,0,10063,70.18,929,22281,0,14195
Trackmania,2023,Free,0,19878,76.32,107,22128,0,9364
DEATH STRANDING DIRECTOR'S CUT,2022,39.99,45861,62287,90.92,552,22080,63,113237
Bright Memory: Infinite,2021,19.99,35976,39534,90.06,121,22076,30,99219
Divinity: Original Sin (Classic),2014,—,8150,11874,89.21,363,22040,63,79389
Planet Coaster,2016,2.24,59252,71910,89.80,247,21971,32,301418
House Flipper 2,2023,39.99,14960,18132,84.97,869,21945,48,87163
Battlefield: Bad Company™ 2,2010,—,31878,37387,83.87,507,21923,0,78177
SD GUNDAM BATTLE ALLIANCE,2022,59.99,4822,6030,62.18,1424,21909,43,39825
Dungeon Defenders,2011,14.99,11957,18762,90.95,457,21862,118,35239
My Time at Sandrock,2023,39.99,23599,28362,86.44,988,21778,60,138598
The Riftbreaker,2021,29.99,21007,23357,88.47,586,21741,54,115149
Sword Art Online: Fatal Bullet,2018,19.99,15406,19415,77.45,546,21727,63,148603
Sanfu,2023,10.99,17017,17527,81.02,280,21648,9,22800
Half Sword,2026,24.99,21686,22294,67.43,518,21604,0,106513
Slime Rancher 2,2025,29.99,41126,47148,92.76,443,21524,27,156224
Yu-Gi-Oh! Duel Links,2017,Free,0,44618,81.65,310,21520,20,81904
SMITE 2,2024,Free,7905,20896,55.18,185,21481,27,60370
Jurassic World Evolution 3,2025,44.99,8244,9832,90.34,1039,21387,33,67187
Hell Let Loose,2021,20.39,96852,146224,80.93,772,21385,195,341015
Brighter Shores,2024,Free,0,9349,66.97,213,21272,0,28225
PowerWash Simulator 2,2025,24.99,9562,10295,89.24,980,21150,50,23976
Kingdom Rush 5: Alliance TD,2024,19.99,9808,11105,86.02,700,21133,98,27650
PROJECT: PLAYTIME,2022,Free,0,56367,77.58,56,21105,0,77989
eFootball PES 2020,2019,—,8332,26150,70.30,195,21018,0,48321
Jurassic World Evolution 2,2021,14.99,38362,45633,88.68,328,20993,54,137778
Pummel Party,2018,14.99,45257,56819,87.19,438,20957,31,165106
POPUCOM,2025,19.99,3291,4053,84.12,521,20919,35,25463
Rusty's Retirement,2024,6.99,13537,14422,94.22,1156,20876,71,27693
Starpoint Gemini 2,2014,3.49,3015,4113,67.90,203,20842,52,51623
Portal,2007,9.99,167852,193029,97.28,175,20672,15,148388
MENACE,2026,39.99,9604,10498,88.10,990,20623,15,95082
Revolution Idle,2025,Free,0,10568,84.18,2304,20515,520,3262
Dead Island: Riptide Definitive Edition,2016,19.99,5935,12621,69.92,115,20476,35,23840
Resident Evil 7 Biohazard,2017,7.99,80916,117240,93.96,544,20449,58,231494
Super Battle Golf,2026,5.59,5981,6752,90.91,182,20421,44,18731
DiRT Rally,2015,—,20653,40096,86.39,117,20343,170,121350
Assetto Corsa,2014,19.99,130961,167811,91.66,295,20299,709,374049
Lost Castle 2,2024,14.39,8583,10825,77.81,910,20280,29,35491
Northgard: Definitive Edition,2018,34.99,53933,68081,84.10,516,20235,289,328431
Buckshot Roulette,2024,2.99,101904,116488,94.01,129,20226,16,77469
ヘブンバーンズレッド,2022,Free,0,6061,59.77,826,20201,27,18675
Hentai Furry,2025,0.49,0,2364,77.14,0,20153,50,1305
Home Behind 2,2022,19.99,6532,7184,84.51,1359,20081,30,28362
Far Cry® 6,2023,59.99,31286,33465,70.45,943,20080,99,57272
Darkest Dungeon®,2016,3.74,137412,158496,90.58,684,20064,120,378092
Planet Coaster 2,2024,22.49,11483,12884,70.91,414,20048,36,55599
Tiny Pasture,2025,5.29,6723,8198,89.88,2196,19732,55,20473
Barotrauma,2023,19.99,58369,84556,92.54,537,19655,76,151636
The Front,2025,19.99,9614,10768,66.51,882,19585,0,69999
Titan Quest Anniversary Edition,2016,19.99,25449,37328,88.74,297,19497,115,79770
Age of Wonders III,2014,7.49,6992,12758,78.40,168,19469,74,63185
Two Point Museum,2025,29.99,8378,11433,92.71,492,19439,44,54274
DRAGON BALL XENOVERSE 2,2016,19.99,41999,55878,88.57,1340,19416,61,192032
Call of Duty®: WWII,2017,59.99,32469,45761,69.28,364,19406,35,260187
Infection Free Zone,2024,17.49,15274,17250,78.88,497,19380,26,167119
FTL: Faster Than Light,2012,9.99,61776,77645,93.62,653,19301,51,64009
Omega Strikers,2023,Free,0,23588,82.78,130,19257,0,25074
Blue Prince,2025,29.99,15395,17620,84.64,931,19243,16,55145
Assassin's Creed Valhalla,2022,59.99,38251,41420,68.86,704,19181,92,85046
Sonic Frontiers,2022,59.99,22012,27362,87.66,489,19181,40,71013
Conqueror's Blade,2020,Free,4103,37776,66.76,163,19178,48,71509
Conqueror's Blade,2020,Free,4103,37776,66.76,163,19178,48,71509
Arma 2: Operation Arrowhead,2010,19.99,16156,22208,90.34,317,19175,0,109887
American Truck Simulator,2016,4.99,161548,191802,95.63,809,19153,130,493274
Legend of Heroes: Three Kingdoms,2025,19.99,6363,7737,85.91,534,19153,37,32847
Kerbal Space Program,2015,39.99,109865,134199,94.00,673,19149,0,290896
Cuphead,2017,19.99,185976,207341,95.07,394,19026,42,353464
Skul: The Hero Slayer,2021,19.99,50229,56956,91.67,867,18970,101,116104
TEKKEN 7,2017,39.99,67251,94547,82.42,560,18966,42,210472
Hotline Miami 2: Wrong Number,2015,14.99,66718,77109,92.70,301,18950,29,84610
Absolver,2017,29.99,11428,14759,71.24,252,18921,22,103362
Project F,2023,Free,0,1578,34.64,0,18920,0,16985
"Warhammer 40,000: Dawn of War II - Anniversary Edition",2009,49.99,7804,13598,85.71,345,18862,73,30356
Soulstone Survivors,2025,14.99,25148,26199,89.46,1101,18854,460,55680
The Isle,2015,19.99,100522,108858,79.34,822,18852,0,247099
Magicraft,2024,15.99,14367,16069,90.40,1558,18834,15,36482
GTFO,2021,39.99,45022,65372,82.89,396,18813,57,293013
shapez 2 - Factory,2024,29.99,12019,13234,94.99,326,18806,83,51458
PICO PARK:Classic Edition,2016,Free,0,3632,79.18,53,18798,0,13726
Dungeon Defenders II,2017,Free,2982,22068,75.86,179,18785,18,214525
Farming Simulator 15,2014,8.44,13174,15722,90.13,1518,18711,16,80285
Minimalism,2017,0.99,2369,4053,65.68,364,18698,165,1428
EARTH DEFENSE FORCE 6,2024,59.99,6010,6949,67.58,1837,18641,39,21095
The Walking Dead: Season Two,2013,14.99,26423,33541,94.55,590,18627,40,42051
Idle Champions of the Forgotten Realms,2020,Free,0,14931,75.62,170,18578,803,24219
Music Racer,2018,1.99,3336,3633,84.78,244,18509,15,2301
Pacific Drive,2024,29.99,19944,25015,81.72,376,18507,49,114266
Monster Train 2,2025,24.99,8003,9317,92.64,1585,18503,59,23600
Amazing Cultivation Simulator,2020,24.99,18964,23430,83.91,1167,18349,408,116205
"Warhammer 40,000: Dawn of War - Definitive Edition",2025,29.99,10658,11069,82.47,615,18262,109,42250
Life is Strange - Episode 1,2015,Free,122262,172398,95.00,200,18260,60,261006
Elin,2024,19.99,7894,8640,90.78,1725,18239,22,68231
Palia,2024,Free,0,40475,84.85,126,18179,52,85759
The Alters,2025,22.74,13212,17089,88.15,728,18120,56,102711
The King is Watching,2025,14.99,8021,9341,86.00,1036,17988,42,37734
ASTRONEER,2019,29.99,117219,137308,90.76,897,17986,56,521565
Plague Inc: Evolved,2016,2.99,53877,59899,92.70,293,17889,250,217202
Foxhole,2022,29.99,45314,50679,80.02,830,17704,0,201038
DC Universe™ Online,2011,Free,215,21706,79.16,455,17701,202,60878
The Callisto Protocol™,2022,59.99,34506,42865,64.62,593,17580,46,90317
Firewatch,2016,19.99,91305,96971,89.27,225,17568,10,200942
Dragon's Dogma 2 Character Creator & Storage,2024,Free,0,1910,76.49,66,17528,0,215
Quake Champions,2022,Free,6328,38735,72.78,84,17476,52,63845
Mage Arena,2025,2.99,17458,20042,89.11,71,17404,0,44120
Sniper Elite 4,2017,59.99,53390,62019,89.76,392,17366,85,238172
Construction Simulator,2022,24.99,9671,13384,79.25,659,17365,33,64112
Overcooked! 2,2018,24.99,59168,80711,89.14,362,17356,54,221127
Five Nights at Freddy's: Security Breach,2021,39.99,63971,68559,85.21,782,17219,29,115143
SpeedRunners,2016,14.99,22762,37061,92.17,259,17212,29,67858
The Texas Chain Saw Massacre,2023,14.99,18858,22622,65.33,1499,17198,51,62386
IXION,2022,34.99,14622,17045,77.15,847,17189,57,106379
John Carpenter's Toxic Commando,2026,39.99,5196,5858,75.23,617,17158,56,48528
Bloons TD Battles 2,2021,Free,0,33562,82.88,84,17137,0,17591
The Bazaar,2025,19.99,12029,12620,71.50,2212,17136,0,14610
Outpost: Infinity Siege,2024,24.99,11571,13538,64.64,1262,17128,26,68936
Inscryption,2021,19.99,130582,143449,95.55,671,17072,40,128358
Slime Rancher,2017,19.99,134701,151793,96.67,536,17059,57,259157
People Playground,2019,9.99,289932,309161,97.40,502,17015,17,99785
OCTOPATH TRAVELER II,2023,59.99,12706,15991,91.70,1551,17008,33,88098
Super Robot Wars 30,2021,59.99,5504,6380,83.62,2288,17005,38,39413
Chivalry 2,2022,39.99,43639,55167,78.43,423,16959,41,121105
Deceit,2017,—,2501,92601,78.11,107,16923,14,169651
BRINK,2011,Free,1970,8101,62.28,83,16824,43,30293
PICO PARK,2021,4.99,23487,29633,88.93,163,16802,0,63447
Don't Starve,2013,2.49,95892,112334,95.17,303,16796,0,215909
BATTALION: Legacy,2019,Free,12881,16330,59.14,351,16771,0,63341
Warborne Above Ashes,2025,Free,0,3001,46.38,422,16771,0,19742
Muck,2021,Free,0,182294,92.26,150,16715,49,61607
StarSavior,2025,Free,0,2533,61.99,583,16599,0,4096
Red Orchestra 2: Heroes of Stalingrad with Rising Storm,2011,19.99,24816,38113,90.66,278,16551,140,78278
Hero Siege,2014,2.71,35404,46052,66.51,265,16499,112,67267
Zaccaria Pinball,2025,Free,210,2189,77.32,32,16461,5000,6423
Bodycam,2024,33.32,39701,42015,74.63,152,16457,1,288395
Space Pilgrim Episode I: Alpha Centauri,2015,Free,758,1324,83.76,238,16445,7,3102
Starship Troopers: Extermination,2024,29.99,29289,32853,78.34,313,16372,25,127329
GreedFall,2019,3.49,18029,21531,74.91,330,16345,63,163377
Ruined King: A League of Legends Story™,2021,29.99,10510,11228,86.61,740,16297,52,58190
GUNTOUCHABLES,2025,4.99,304,4042,82.20,83,16284,79,12853
Banana Shooter,2022,Free,0,17808,87.00,81,16242,35,5077
Prison Architect,2015,29.99,59576,73574,87.65,537,16211,18,210120
A.V.A Global,2022,Free,0,7726,47.60,43,16199,6,47351
Vampyr,2018,39.99,18875,23972,76.13,444,16120,28,147808
Orcs Must Die! 2,2012,14.99,12835,19512,90.23,298,16119,27,39669
Stronghold Crusader: Definitive Edition,2025,19.99,9266,10158,89.50,601,16109,40,42124
Friday the 13th: The Game,2017,—,64544,77055,79.11,225,16096,53,214547
Waven,2023,Free,0,5051,77.87,341,16084,0,14511
Assassin’s Creed® IV Black Flag™,2013,39.99,70410,76730,87.14,1150,16049,60,152568
Castle Crashers®,2012,14.99,106096,136659,94.87,284,16013,12,210031
Black Squad,2019,Free,0,81345,74.99,86,15939,36,264182
Len's Island,2025,24.99,5659,7637,77.82,449,15912,31,82642
Death Must Die,2023,6.99,20616,21416,88.52,577,15905,59,56046
Ultimate Chicken Horse,2016,14.99,39801,52019,94.01,272,15874,31,124974
Tokyo Xtreme Racer,2025,49.99,14614,15052,91.55,1053,15824,45,54757
Enter the Gungeon,2016,2.99,78062,88347,93.79,411,15792,54,161748
Tyranny,2016,7.49,9700,13130,84.78,522,15792,70,107038
Mortal Kombat X,,19.99,38043,59025,84.71,426,15743,73,167360
She Will Punish Them,2020,15.99,17178,18161,84.47,308,15711,3,102038
"Warhammer 40,000: Space Marine - Anniversary Edition",2011,39.99,17774,32562,89.86,311,15653,60,47198
Upload Labs,2025,Free,0,6646,89.17,293,15592,35,6821
Aliens: Fireteam Elite,2021,29.99,21090,26414,78.32,307,15568,46,96287
RIFT,2011,Free,996,11547,72.69,287,15546,0,45282
The Murder of Sonic the Hedgehog,2023,Free,0,24810,94.83,80,15543,0,10533
20 Small Mazes,2024,Free,0,8700,95.61,0,15492,1,1074
Turbo Pug,2015,1.99,2218,3352,86.94,212,15462,0,1604
SpongeBob SquarePants: Battle for Bikini Bottom - Rehydrated,2020,29.99,14009,17735,91.71,238,15419,32,55921
Coral Island,2023,29.99,20570,26047,86.74,1698,15418,51,145165
HuniePop 2: Double Date,2021,19.99,8113,9336,88.59,682,15388,20,23254
Infestation: The New Beginning,2012,Free,17150,25413,42.17,458,15373,69,38041
Diablo II: Resurrected – Infernal Edition,2026,39.99,4364,4485,85.39,731,15348,43,28904
Tropico 6,2019,39.99,19348,28838,85.90,577,15294,40,118564
Avatar: Frontiers of Pandora™,2024,29.99,12537,13356,75.51,588,15283,52,62688
Bellwright,2024,29.99,17900,19213,79.17,795,15263,41,179746
Sword and Fairy 7,2021,29.99,15416,19008,71.16,528,15245,54,59718
X4: Foundations,2018,49.99,23534,28140,78.51,996,15198,172,152998
Banana & Cucumber,2024,Free,0,2003,66.13,0,15155,2,625
Aimlabs,2023,Free,261,133695,90.28,73,15141,100,171251
The Long Dark,2017,18.38,108331,121403,88.25,334,15037,87,502460
Meadow - A Shelter Game,2016,6.99,5051,5932,86.36,226,15036,137,25953
Inside the Backrooms,2022,6.99,38141,45989,79.36,230,15033,28,73571
Tiny Tina's Wonderlands,2022,59.99,17492,24284,69.53,565,15021,47,103410
100 Romantic Cats,2025,Free,0,1051,89.67,0,15018,100,1198
Assassin’s Creed® III,2012,—,12120,14189,72.40,1190,15007,44,40027
Cairn,2026,25.49,14697,17099,92.08,469,14996,52,73675
No More Room in Hell 2,2024,29.99,10525,18048,48.48,635,14980,0,88398
Dead Cells,2018,24.99,152630,179072,95.81,834,14910,121,401694
Enclave,2013,9.99,1831,6604,77.52,252,14907,0,11004
NBA 2K17,2016,—,5979,8785,53.41,5298,14905,49,39744
Sniper Elite 5,2022,49.99,23382,28724,82.06,740,14870,71,88838
Neverwinter,2013,Free,295,39368,76.41,413,14866,0,110838
SUPER ROBOT WARS Y,2025,59.99,1952,2550,80.69,4251,14812,37,15999
Drive Beyond Horizons,2025,24.99,16083,18154,76.31,594,14797,51,72368
BattleBlock Theater®,2014,14.99,55450,72497,95.58,268,14781,30,143640
YAPYAP,2026,9.99,6097,7165,82.28,157,14775,0,59880
Metro 2033,2010,—,5736,33885,90.82,99,14743,48,42389
X Rebirth,2013,29.99,5147,7308,44.16,185,14732,69,16791
SOULCALIBUR VI,2018,59.99,9569,14119,80.69,177,14684,49,75417
Into the Breach,2018,14.99,18480,21787,92.11,432,14682,70,94755
Going Medieval,2026,29.99,16347,20523,87.32,640,14676,94,177717
Five Nights at Freddy's: Secret of the Mimic,2025,39.99,9721,10290,84.07,651,14644,25,22799
Insurgency: Sandstorm,2018,7.49,102661,131494,83.89,827,14606,35,257721
SCARLET NEXUS,2021,9.59,13544,17898,79.01,535,14516,53,111510
The Spell Brigade,2024,12.99,11831,13390,82.42,800,14514,88,43204
F1® 23,,—,14208,17642,84.11,2448,14512,49,34938
AI LIMIT,2025,34.99,21404,34581,90.52,1345,14480,39,66220
Dream Daddy: A Dad Dating Simulator,2017,14.99,5383,6239,88.59,489,14471,19,42546
Infestation: The New Z,2016,Free,2174,33901,53.79,90,14437,69,96208
Tom Clancy's Ghost Recon® Breakpoint,2023,59.99,38662,41536,72.78,580,14382,50,69740
Loot Hero DX,2015,0.59,333,1516,71.25,265,14306,20,858
Sora no Kiseki the 1st,2025,59.99,4533,8446,94.80,1442,14295,43,19019
QUICKERFLAK,2022,0.49,1868,1903,86.23,422,14289,9,555
Mysterious School,2023,Free,203,1795,38.65,0,14157,22,2246
100 Aliens Cats,2024,Free,0,2025,91.00,0,14154,100,1321
RUNNING WITH RIFLES,2015,14.99,14486,16565,85.86,256,14149,45,99675
100 Space Cats,2024,Free,0,1257,67.39,0,14146,100,858
PixARK,2019,8.59,10730,13026,71.72,514,14144,35,133595
Dead Bits,2014,0.49,3419,8350,58.68,338,14137,0,1421
ENDER MAGNOLIA: Bloom in the Mist,2025,24.99,16069,17543,93.04,1309,14134,40,42226
Pixel Sketch,2017,Free,848,1015,70.06,244,14105,0,853
Dark and Light,2017,4.85,10554,11808,52.02,777,14089,29,141726
Monster Train,2020,24.99,19811,22789,93.64,855,14073,53,36182
Across the Obelisk,2022,19.99,10505,12818,79.20,1942,14037,148,33626
100 Korea Cats,2024,Free,0,1079,89.26,0,14037,100,1133
Girls' Frontline,2025,Free,0,6743,63.24,46,14019,55,11561
The Ascent,2021,29.99,18692,24187,72.67,264,14013,66,97834
Spec Ops: The Line,2012,—,28179,55924,91.78,193,13995,50,43612
Pixel Worlds: MMO Sandbox,2017,Free,0,7478,74.55,72,13962,0,6091
Serial Cleaner,2017,14.99,1338,4051,81.69,257,13958,28,6758
SCP: Secret Laboratory,2017,Free,0,229351,90.15,101,13908,52,148452
DRAGON BALL GEKISHIN SQUADRA,2025,Free,0,9652,64.42,145,13908,23,22555
9 Kings,2025,19.99,19053,20736,90.83,506,13905,54,47340
Eastward,2021,24.99,14243,16366,82.18,397,13882,30,107183
The Stanley Parable: Ultra Deluxe,2022,24.99,32647,34441,92.24,216,13802,11,59410
Cosmoteer: Starship Architect & Commander,2022,19.99,11639,12460,91.92,1117,13794,0,69339
ACE COMBAT™ 7: SKIES UNKNOWN,2019,14.99,44278,54482,86.41,391,13758,49,174084
Totally Accurate Battle Simulator,2021,19.99,138601,148087,96.48,302,13674,64,355058
One-armed robber,2023,Free,0,48447,89.77,75,13663,43,20278
Sonic Racing: CrossWorlds,2025,69.99,10096,14571,91.55,633,13630,44,42994
Sanctum 2,2013,14.99,7431,14360,87.71,175,13621,50,33448
Crime Scene Cleaner,2024,29.99,29568,31145,95.94,853,13577,80,75170
Marvel’s Spider-Man: Miles Morales,2022,49.99,36066,51869,91.60,704,13539,50,120605
Tropico 5,2014,19.99,9754,14338,77.04,549,13483,70,47923
Suicide Squad: Kill the Justice League,2024,69.99,12318,17437,61.05,207,13459,50,44610
Forager,2019,19.99,34758,43172,88.04,880,13438,103,115831
Dinkum,2025,19.99,24117,28509,90.05,707,13412,25,105435
Sins of a Solar Empire II,2024,49.99,6751,8216,81.85,620,13394,64,68528
Soda Dungeon 2,2020,Free,0,5600,90.89,975,13385,32,7575
100 Asian Cats,2023,Free,0,8410,94.12,12,13382,100,5003
Terra Incognita Chapter One: The Descendant,2015,1.99,761,1055,61.68,221,13352,15,1332
Hurtworld,2019,24.99,23693,31045,74.89,616,13333,0,230382
F1® 24,2024,—,15487,18914,72.24,1490,13327,50,29208
Deponia: The Complete Journey,2014,2.99,3329,6728,82.39,235,13321,105,19424
Mass Effect 2 (2010 Edition),2010,—,13312,15545,91.68,881,13320,0,33307
Nickelodeon All-Star Brawl,2021,49.99,4295,5643,68.92,124,13314,24,16615
My Time at Portia,2019,5.99,34627,44070,89.89,693,13299,91,183992
Reign Of Kings,2015,9.99,11872,14875,56.73,633,13278,0,92052
Tumblestone,2016,24.99,174,1987,74.75,485,13239,28,1639
Orcs Must Die! 3,2021,29.99,10760,14674,83.88,392,13210,38,49678
MELTY BLOOD: TYPE LUMINA,2021,49.99,8823,10255,86.14,845,13182,40,44646
Spiral Knights,2011,Free,182,23946,82.01,106,13143,54,38516
Rune Factory: Guardians of Azuma,2025,59.99,2775,3434,85.20,2413,13121,81,31500
Dirty Bomb®,2015,Free,1267,56897,80.14,103,13113,77,167356
美女，请别影响我成仙,2025,10.99,3010,3971,90.42,376,13040,41,17480
Apocalypse Party,2023,9.99,4587,5356,71.89,985,12972,44,21016
再刷一把2：金色传说,2024,9.99,2733,2808,44.53,11859,12958,100,3730
20 Minutes Till Dawn,2023,2.99,27431,28685,89.04,402,12953,34,33536
STORY OF SEASONS: Grand Bazaar,2025,49.99,2932,3784,90.22,985,12898,40,25186
Solo Leveling: ARISE OVERDRIVE,2025,39.99,6338,7578,69.53,883,12839,58,118352
Against the Storm,2023,29.99,31825,35597,92.79,538,12832,80,130294
再刷一把 PlayAgain,2022,8.99,4416,4524,65.08,10473,12812,0,5260
Kingdoms of Amalur: Reckoning™,2012,—,11872,12975,85.73,503,12800,61,36351
Smalland: Survive the Wilds,2024,34.99,7586,9727,80.04,410,12741,23,123369
Sun Haven,2023,24.99,21355,24700,79.42,968,12706,190,96540
Rise of the Ronin,2025,49.99,5874,9935,61.54,1863,12683,51,35298
Call of Duty®: Advanced Warfare - Gold Edition,2014,59.99,10901,25385,64.42,337,12675,45,87752
HumanitZ,2026,11.99,9439,12029,73.45,365,12674,23,100043
Super Fantasy Kingdom,2025,9.99,4983,5247,85.23,433,12672,52,39065
Shadow Warrior 2,2016,29.99,23929,27960,85.45,215,12634,64,141594
"Ranch Simulator: Build, Hunt, Farm",2023,24.99,37728,44923,78.09,429,12624,39,94455
Transport Fever,2016,29.99,9244,10803,81.27,1056,12615,53,81879
The Forever Winter,2024,29.99,19976,23160,68.08,528,12611,0,136652
The Binding of Isaac,2011,4.99,48463,62084,93.13,279,12575,99,65303
RuneScape ®,2020,Free,0,26715,80.67,68,12569,20,54565
Darwin Project,2020,Free,1376,18333,79.90,64,12513,14,53699
PlateUp!,2022,19.92,17684,25989,92.69,543,12460,26,42863
"Warhammer 40,000: Chaos Gate - Daemonhunters",2022,8.99,10876,14105,75.58,658,12455,68,65595
Fields of Mistria,2024,13.99,24882,27253,95.59,758,12452,0,129728
Destroy All Humans!,2020,29.99,8812,11316,89.81,208,12423,40,54750
Assetto Corsa Competizione,2019,39.99,31146,44992,90.98,455,12376,0,152974
DEVOUR,2021,9.99,67799,87088,89.30,245,12331,131,92835
DNF Duel,2022,49.99,3699,4184,62.21,495,12331,44,16982
Xuan-Yuan Sword VII,2020,34.99,8470,9559,61.86,913,12320,44,27605
MISERY,2025,9.74,15506,18212,83.38,200,12291,38,61032
CRSED: Cuisine Royale,2018,Free,0,38595,77.52,72,12266,13,84416
The Crew™,2014,—,15340,17097,62.12,1331,12236,0,90334
Gas Station Simulator,2021,9.99,23377,26901,86.19,555,12229,101,57061
Century: Age of Ashes,2021,Free,1265,18139,73.07,68,12222,33,75637
METAL GEAR RISING: REVENGEANCE,2014,29.99,68201,87659,94.53,507,12205,60,68838
Rogue Company,2021,Free,0,25848,73.10,150,12189,20,29341
Crossout,2017,Free,883,68315,74.29,310,12170,193,108677
The Walking Dead,2012,14.99,52344,79067,95.74,388,12114,48,63581
DARK SOULS™ II: Scholar of the First Sin,2015,39.99,80757,127085,82.99,1940,12106,38,200112
Battleborn,2016,—,3299,9723,61.91,228,12101,60,70425
Retro Rewind - Video Store Simulator,2026,19.90,5019,4942,92.46,455,12081,18,15917
F1® Manager 2024,2024,3.49,5007,6355,80.26,1257,12066,30,14647
Easy Red 2,2022,8.99,11930,12564,87.76,178,12026,33,53856
Trials of Mana,2020,49.99,4733,5659,88.32,1067,11998,44,47980
Hentai Shooter 3D,2018,0.49,790,1339,73.05,243,11995,0,8715
BONELAB,2022,39.99,17331,18847,79.55,422,11991,55,42670
KurtzPel,2019,Free,0,34094,60.03,117,11937,85,204660
Teenage Mutant Ninja Turtles: Shredder's Revenge,2022,24.99,12607,14452,91.92,165,11933,30,68536
BOOBS SAGA: Prepare To Hentai Edition,2020,0.59,2343,2773,69.93,187,11930,8,12485
BlazBlue Entropy Effect,2024,19.99,29186,34863,92.39,545,11918,43,84233
Call of Juarez: Gunslinger,2013,2.99,19855,42847,93.18,177,11902,26,42799
Melvor Idle,2021,9.99,14213,15680,88.07,2396,11867,86,26294
Norland,2024,29.99,8231,9709,79.54,470,11866,25,110108
Ultimate Zombie Defense,2020,4.99,1399,4666,82.21,87,11859,12,10274
Outlast,2013,14.99,100561,134474,95.13,157,11827,14,124074
Unfortunate Spacemen,2020,Free,254,7539,83.64,108,11823,85,22135
APB Reloaded,2011,Free,349,37505,62.80,181,11813,60,57631
World War 3,2022,Free,28822,54566,53.68,212,11792,0,170748
Rivals of Aether II,2024,14.99,6335,9195,78.18,753,11765,71,24851
HoloParade,2023,7.99,1135,1159,81.26,620,11729,94,7673
Magicka,2011,2.49,19026,31887,83.95,321,11727,88,45720
Spiritfarer®: Farewell Edition,2020,29.99,45971,51922,93.30,492,11726,39,119552
RISK: Global Domination,2020,Free,146,40912,78.21,139,11716,55,31882
Dungeons 2,2015,19.99,2271,5252,79.58,271,11705,25,31760
Grand Theft Auto IV: The Complete Edition,2020,5.99,170562,192976,82.21,654,11696,55,184481
Kenshi,2018,11.99,93492,110810,94.20,1059,11654,0,296408
The Past Within,2022,5.99,14181,16302,92.33,131,11642,24,37660
RACCOIN: Coin Pusher Roguelike,2026,11.99,2692,2709,81.27,161,11626,23,22294
The I of the Dragon,2015,7.99,449,1146,68.51,264,11612,0,1982
High On Life,2022,13.99,19530,24347,87.17,264,11608,44,94658
100 Istanbul Cats,2024,Free,0,2076,80.16,0,11585,100,1299
Pax Dei,2025,29.99,6808,10842,56.43,2057,11531,0,119426
Space Hulk: Deathwing,2016,—,4897,5729,54.19,180,11499,23,70813
CODE VEIN II,2026,67.49,4283,6059,61.93,980,11499,36,34801
Muse Dash,2019,2.99,114881,124896,89.13,185,11478,39,149202
Feed the Cups,2024,15.99,10914,14308,33.42,943,11413,65,15781
Battle vs Chess,2012,—,662,1518,70.28,357,11353,0,2302
Ultimate Custom Night,2018,Free,0,62011,93.24,79,11320,0,50726
Ghostrunner,2020,7.49,46138,65747,89.83,233,11294,45,137471
Poker Night 2,2013,—,5407,7373,85.10,253,11260,18,8155
DARK SOULS™: Prepare To Die™ Edition,2012,—,52782,78442,90.10,1021,11259,41,126867
WRC 7 FIA World Rally Championship,2017,19.99,11243,14664,80.25,123,11215,41,30609
Besiege,2020,14.99,47042,52181,93.53,166,11206,50,283702
KINGDOM HEARTS -HD 1.5+2.5 ReMIX-,2024,49.99,8404,9933,83.54,835,11152,197,33835
"Warhammer 40,000: Gladius - Relics of War",2018,39.99,7895,16897,79.98,126,11136,166,68551
Captain of Industry,2022,34.99,10013,10540,88.36,1215,11121,0,81539
VEIN,2025,19.99,9007,9776,87.04,348,11073,0,103418
Undertale,2015,9.99,287773,320120,95.49,337,11071,0,390736
Dream Pinball 3D,2012,9.99,360,1026,46.33,297,11060,0,361
WorldBox - God Simulator,2021,19.99,47742,53199,93.55,563,11034,54,190783
Everwind,2026,24.99,2336,2523,78.98,479,11022,9,88633
The Slormancer,2025,19.99,6802,7241,79.45,798,10989,83,42129
ENA: Dream BBQ,2025,Free,681,35203,96.46,123,10988,14,62919
The Jackbox Party Pack 3,2016,24.99,5078,6591,93.37,365,10972,20,17674
Big Ambitions,2023,22.99,12122,12612,90.08,870,10961,99,67064
Danganronpa: Trigger Happy Havoc,2016,19.99,33817,36016,94.07,946,10958,38,76111
Creativerse,2017,24.99,2635,30806,76.31,126,10929,0,116033
HITMAN World of Assassination,2022,29.99,52376,61817,85.57,525,10925,83,130566
No More Room in Hell,2013,Free,705,75726,88.55,103,10922,115,201581
Depth,2014,19.99,23404,32731,86.28,309,10916,40,143769
Idol Showdown,2023,Free,0,5787,90.75,54,10901,0,11480
Tropico 4,2011,14.99,8152,12649,89.29,210,10892,70,15845
Rain World,2017,24.99,41240,50710,92.39,113,10884,47,105465
Guild Wars 2®,2022,Free,461,27239,86.71,298,10875,0,96113
Risen 2: Dark Waters,2012,9.99,3428,6659,77.77,208,10867,49,14642
Two Worlds II HD,2011,24.99,3836,6954,62.90,414,10863,66,15249
Yi Xian: The Cultivation Card Game,2024,Free,4029,6633,72.10,725,10818,36,16227
Ni no Kuni™ II: Revenant Kingdom,2018,9.59,8008,11049,81.59,419,10805,63,110617
ATLYSS,2024,9.99,18530,22146,94.63,371,10803,20,50653
The Last Caretaker,2025,34.99,9905,10092,83.10,1638,10767,15,79165
SurrounDead,2022,11.99,21640,23853,90.00,457,10762,21,80928
Super Auto Pets,2021,Free,0,35711,88.75,204,10760,0,12742
Cash Cleaner Simulator,2025,19.99,6669,7255,89.23,1017,10747,12,14412
Stoneshard,2020,24.99,32271,33652,73.50,378,10738,74,154508
UBERMOSH,2015,0.49,5949,6241,87.63,256,10730,7,5785
DDNet,2020,Free,0,44316,86.77,0,10726,0,11721
ASKA,2024,24.99,9818,11414,78.15,503,10713,39,108966
Tiny Glade,2024,14.99,21558,23458,95.01,75,10692,0,185458
Project CARS,2015,—,8905,14437,77.66,293,10688,45,116172
EVE Online,2010,Free,7756,38491,72.55,189,10627,0,92937
The Jackbox Party Pack 7,2020,29.99,3942,4869,92.84,325,10599,20,14409
Just Cause 2: Multiplayer Mod,2013,Free,0,14650,89.23,345,10574,20,28454
Little Nightmares II,2021,29.99,47979,55999,91.53,347,10563,35,168042
Enigma of Fear,2024,19.49,2917,10073,93.70,738,10542,19,35780
Streamline,,—,0,2008,68.89,0,10513,0,3389
Chill with You : Lo-Fi Story,2025,9.59,9777,10050,95.64,721,10509,23,27833
Age of Wonders: Planetfall,2019,29.99,4718,6600,77.79,283,10462,80,73398
Warhaven,2023,—,0,6991,57.66,81,10456,0,50648
Nuclear Nightmare,2024,6.99,14347,17859,79.52,171,10441,15,33340
GunZ 2: The Second Duel,2014,Free,0,10631,65.09,74,10441,183,16591
Wobbly Life,2025,23.23,30718,33465,95.18,438,10421,68,40647
SD GUNDAM G GENERATION CROSS RAYS,2019,39.99,6875,8101,80.46,636,10415,39,47426
Azur Lane Crosswave,2020,39.99,6525,7409,67.63,274,10413,27,52750
Freestyle 2: Street Basketball,2015,Free,142,12721,70.77,141,10356,0,29280
Injustice: Gods Among Us Ultimate Edition,2013,19.99,9754,19883,84.45,131,10344,50,37534
Soulworker,2021,Free,0,10725,69.28,120,10332,0,41192
Minion Masters,2019,Free,1562,65175,88.00,151,10329,38,270684
Ultimate Epic Battle Simulator,2017,14.99,8573,12217,75.01,36,10326,0,87902
江湖十一,2023,17.99,5384,5611,42.40,1858,10225,0,10022
Unplagued,2024,7.99,0,4945,33.40,17,10199,0,3192
Daemon X Machina: Titanic Scion,2025,69.99,1569,1986,63.75,1516,10185,59,18798
Windblown,2024,24.99,8701,9910,86.89,296,10179,25,67141
Yet Another Zombie Survivors,2023,14.99,11885,13020,88.75,605,10173,141,38561
Potion Craft: Alchemist Simulator,2022,7.99,36487,43060,91.11,340,10161,29,125278
Poker Night at the Inventory (2010 Original Version),2010,—,6215,9682,87.40,157,10146,20,11398
Matchmaking Inc.,2025,8.99,5363,6826,85.54,700,10109,66,17028
Goat Simulator,2014,9.99,54287,69773,89.47,147,10108,127,104974
Dead Frontier 2,2019,Free,0,27999,69.09,54,10101,105,83119
State of Decay,2013,—,15314,17496,82.69,433,10079,46,47712
Realm of the Mad God Exalt,2012,Free,194,47388,81.46,129,10051,163,43215
The Hundred Line -Last Defense Academy-,2025,59.99,6531,8201,85.65,3745,10026,47,25632
911 Operator,2017,2.99,14326,19388,86.66,164,10019,18,50388
Ravenswatch,2024,14.99,15497,20785,78.43,551,10018,42,93885
Counter-Strike Nexon,2014,Free,583,43218,65.88,72,10007,196,84531
For The King,2018,19.99,30602,43128,86.42,801,9993,78,137979
Starbase,2021,34.99,6171,6712,55.69,2772,9969,0,55295
Snowbreak: Containment Zone,2023,Free,0,9605,71.78,350,9964,0,25715
Earth 2160,2006,9.99,744,1543,70.05,423,9960,0,2252
100 New Year Cats,2024,Free,0,1022,90.19,0,9918,100,649
Mini Motorways,2021,9.99,22829,23645,94.03,319,9914,160,38299
Sword of Convallaria,2024,Free,0,4594,73.00,251,9914,0,22720
LORT,2026,14.99,3276,3737,75.65,264,9899,52,28032
Bomber Crew,2017,15.99,10219,15289,85.56,196,9898,30,44206
Way of the Hunter,2022,29.99,8230,10934,78.36,355,9880,42,42359
ASTRA: Knights of Veda,2024,Free,0,4946,46.10,143,9877,0,12524
Unrailed!,2020,19.99,13565,19483,91.03,202,9852,53,60060
The Precinct,2025,29.99,7182,8498,84.67,354,9838,39,81409
Terra Invicta,2026,23.99,8317,9078,78.84,806,9826,100,105782
F1 2018,2018,—,4778,13515,87.17,356,9809,50,25804
Champions Online,2011,Free,192,4317,69.69,228,9794,709,12085
PICO PARK 2,2024,8.99,3823,4487,85.66,222,9782,30,25624
Expeditions: Rome,2022,44.99,4935,6498,84.98,522,9765,70,47186
EVERSPACE™ 2,2023,9.99,11617,12619,84.04,388,9760,58,115164
Men of War: Assault Squad 2,2014,29.99,35302,46064,89.56,927,9750,415,132666
Planets Under Attack,2012,11.99,317,1242,70.62,303,9723,21,752
Earth 2150 Trilogy,2013,9.99,440,1007,75.16,332,9712,0,2305
Spelunky 2,2020,19.99,19398,21591,90.66,342,9702,32,27576
"Warhammer 40,000: Inquisitor - Martyr",2018,49.99,19258,21976,74.81,466,9698,95,110837
Tales of Zestiria,2015,49.99,7138,9249,78.05,436,9696,56,127429
Stronghold: Definitive Edition,2023,14.99,9338,9905,84.06,280,9672,30,49583
Mortal Online 2,2022,39.99,10809,13538,59.74,1121,9657,161,45210
BARRIER X,2016,0.89,891,2337,81.90,138,9640,7,2336
Back to the Dawn,2025,23.99,8150,9867,91.72,566,9624,46,43890
UBERMOSH:WRAITH,2017,0.99,1135,1209,86.88,265,9620,22,597
Holo X Break,2024,Free,0,2648,82.94,102,9607,21,9204
Deadside,2024,24.99,34133,40064,74.87,650,9581,29,115803
Just Cause 4 Reloaded,2018,39.64,22829,31686,61.36,344,9571,61,109365
GOD EATER 3,2019,59.99,7604,9813,77.38,400,9549,32,61950
Yakuza: Like a Dragon,2020,19.99,27131,36315,92.27,1590,9535,63,69891
WWE 2K22,2022,—,7642,9971,71.57,1072,9535,54,17597
Madden NFL 24,2023,—,7355,8676,46.89,6444,9526,21,6410
Natural Selection 2,2012,4.99,8593,13311,83.05,168,9510,137,58140
Blade and Sorcery,2024,29.99,57742,60801,94.85,428,9509,37,87141
This War of Mine,2014,19.99,88448,105720,91.49,280,9503,59,399834
Shakes and Fidget,2016,Free,183,36829,90.34,280,9495,0,23298
Age of Empires® III (2007),2012,—,27558,32218,89.11,368,9490,0,104466
Dude Simulator,2017,4.99,1854,2078,60.35,198,9468,0,1956
MOBIUS FINAL FANTASY™,2017,—,1306,4382,71.39,120,9443,35,35725
Battlerite Royale,2019,Free,3343,8162,72.69,138,9441,0,27409
Tempest Rising,2025,39.99,9252,10979,85.52,509,9429,98,102849
ENDLESS™ Dungeon - Definitive Edition,2023,14.99,2914,3794,63.79,295,9415,50,58008
Arrow a Row,2023,Free,0,16952,94.11,0,9404,36,3399
LOCKDOWN Protocol,2025,9.99,15796,18986,84.37,302,9398,0,56355
Roadside Research,2026,9.74,2561,2885,83.73,258,9348,0,33274
Alien Swarm: Reactive Drop,2017,Free,0,23471,92.78,86,9335,198,97884
A Dance of Fire and Ice,2019,5.99,75148,80010,92.63,296,9330,47,78580
NBA 2K16,2015,—,4286,7378,51.77,3520,9322,50,28753
Mount & Blade: With Fire & Sword,2011,9.99,11101,13911,85.87,388,9315,21,33826
Gamblers Table,2026,4.89,2063,2079,70.02,842,9309,27,5003
Two Worlds Epic Edition,2009,14.99,2585,5865,75.38,407,9281,0,7195
Noita,2020,19.99,78649,85978,93.75,254,9256,14,181756
Ragnarok Online 2,2013,Free,0,3204,57.32,172,9254,0,12473
Battlefleet Gothic: Armada,2016,1.49,5059,5980,67.10,349,9253,50,75830
DAEMON X MACHINA,2020,49.99,6130,6761,82.25,343,9251,61,48231
How to Survive,2014,3.74,13982,17085,80.92,192,9231,43,44911
Empire of Sin,2020,39.99,4486,6217,48.11,893,9229,57,59098
ONE PIECE: PIRATE WARRIORS 4,2023,18.89,16831,21380,89.62,692,9219,40,80111
Day of Infamy,2017,14.99,17534,22116,80.51,594,9210,97,95770
《蜀山：初章》买断版,2022,24.99,5775,5979,72.54,5677,9202,0,17924
CONTROL Ultimate Edition,2020,39.99,46475,59320,85.00,354,9193,67,115048
Star Trek: Voyager - Across the Unknown,2026,27.99,3422,3795,77.18,741,9173,60,37174
Sengoku Dynasty,2024,29.99,6177,7382,72.90,813,9161,40,108116
Space Engineers 2,2025,29.99,3968,4372,74.13,110,9157,0,64536
Sakura Clicker,2015,Free,230,14372,81.31,115,9127,0,25154
Drug Dealer Simulator 2,2024,23.70,6998,7544,56.05,712,9126,39,30032
Mafia,2002,14.99,8691,16026,85.40,29,9112,0,36402
Waterpark Simulator,2025,12.99,9010,9568,92.96,1012,9103,59,22138
Pizza Tower,2023,19.99,64699,70925,96.66,279,9074,74,55960
Tower of Babel: Survivors of Chaos,2025,9.99,5827,5924,66.94,447,9060,74,15710
Blasphemous 2,,12.91,13686,17832,88.34,637,9055,60,46622
Manual Samuel - Last Tuesday Edition,2016,9.99,1490,3510,80.17,183,9036,36,7121
Gorky 17,2013,9.99,909,2165,77.74,327,9012,0,4806
Poker Night at the Inventory,2026,9.99,6854,7130,92.02,191,9006,20,17988
Hydroneer,2020,14.99,25855,27144,84.51,489,8996,78,57053
Yakuza 0,2018,—,61496,77344,93.88,962,8985,55,88358
KARDS - The WW2 Card Game,2020,Free,157,47400,68.71,128,8966,0,36496
Battlefleet Gothic: Armada 2,2019,3.99,9466,10755,73.03,325,8960,90,56058
Farmer Against Potatoes Idle,2024,Free,0,7914,91.99,220,8951,168,2156
Call to Arms - Gates of Hell: Ostfront,2021,34.99,29405,31098,83.41,1369,8950,414,110930
SpellForce 3 Reforced,2017,39.99,5694,7822,75.11,445,8932,39,101070
Aliens: Dark Descent,2023,39.99,14554,17829,85.79,667,8919,45,70604
The Elder Scrolls®: Legends™,2017,—,0,11086,73.23,169,8873,0,31251
Empyrion - Galactic Survival,2020,19.99,28970,34117,77.36,412,8829,0,242748
The Lord of the Rings: Return to Moria™,2024,29.99,9724,11570,79.92,590,8811,27,70778
Le Mans Ultimate,2025,39.99,12804,16457,77.59,1734,8809,44,50052
Sky: Children of the Light,2024,Free,0,22850,85.39,84,8806,0,93368
Demonologist,2023,19.99,18391,23578,83.60,387,8806,21,73530
Stranded: Alien Dawn,2023,34.99,9320,10916,82.55,1145,8792,58,109509
Persona® 5 Strikers,2021,59.99,12551,17631,85.58,586,8730,47,73040
BONEWORKS,2019,29.99,34021,36285,90.50,293,8717,16,100503
Deadzone: Rogue,2025,16.24,12972,14312,83.46,570,8679,58,52503
东北之夏,2023,Free,0,12165,94.81,0,8672,13,12197
MudRunner,2017,19.99,35963,42253,89.85,304,8667,62,118653
Doki Doki Literature Club Plus!,2021,14.99,28516,30573,94.83,254,8662,19,73900
School Days,2023,14.99,0,7393,73.48,12,8662,0,11943
School Days,2023,14.99,0,7393,73.48,12,8662,0,11943
Sea of Stars,2023,34.99,11286,14343,86.93,729,8635,54,111919
Deceive Inc.,2023,19.99,4714,7823,79.05,538,8632,36,26601
Noobs Want to Live,2023,4.99,4567,4945,86.42,533,8622,124,10008
Stronghold Kingdoms,2012,Free,274,9491,62.96,60,8616,0,15164
Soccer Online: Ball 3D,2017,0.99,4496,10538,82.27,95,8589,8,6348
Three Kingdoms Zhao Yun,2024,19.99,3776,4274,64.95,371,8571,63,21882
Crashlands 2,2025,9.99,2095,2335,84.06,959,8571,40,20189
Crab Champions,2023,9.99,25727,30152,95.75,503,8564,109,45414
Z1 Battle Royale: Test Server,2016,Free,1913,2561,52.10,17,8554,0,37143
Serious Sam 4,2020,39.99,15195,17282,81.67,522,8522,54,61354
Rogue: Genesia,2025,14.99,7946,8390,88.20,828,8516,361,18676
Car Mechanic Simulator 2018,2017,19.99,47940,52804,89.81,620,8474,60,134309
NARUTO SHIPPUDEN: Ultimate Ninja STORM 4,2016,19.99,71938,90138,89.76,497,8466,53,223565
Eiyuden Chronicle: Hundred Heroes,2024,49.99,3020,4432,73.86,608,8466,56,31736
Like a Dragon: Ishin!,2023,59.99,4709,6184,78.97,908,8461,56,44285
Total War: MEDIEVAL II – Definitive Edition,2006,24.99,26574,35531,93.69,414,8453,0,37250
KnightShift,2013,8.99,352,1427,68.13,298,8446,0,1440
Chicken Shoot Gold,2003,12.99,193,1048,68.57,301,8426,0,549
MIMESIS,2025,9.99,7274,8949,82.54,196,8417,0,58137
EARTH DEFENSE FORCE 5,2019,59.99,9236,11314,91.60,1034,8416,39,34055
Guilty as Sock!,2025,3.85,4175,4962,86.81,118,8409,31,26490
Keep Digging,2025,4.99,2654,2951,77.95,171,8404,43,10866
Assetto Corsa Rally,2025,29.99,7216,8686,85.46,206,8398,0,34342
Dune: Spice Wars,2023,34.99,11303,13275,77.65,484,8397,102,131696
Hello Kitty Island Adventure,2025,39.99,8563,11100,91.80,493,8393,53,42667
We Were Here Forever,2022,17.99,15555,17991,88.78,607,8390,39,44814
FINAL FANTASY XII THE ZODIAC AGE,2018,49.99,8146,9630,86.95,982,8386,41,67472
Millennia,2024,39.99,2950,3748,65.67,854,8382,49,38646
NGU INDUSTRIES,2021,Free,0,1573,74.44,635,8369,10,3605
Underground Blossom,2023,4.99,6412,6699,94.84,183,8368,35,9664
Yakuza Kiwami 3 & Dark Ties,2026,59.99,1746,2692,59.81,2794,8317,62,14096
Gigantic,2017,—,0,7412,75.09,63,8303,0,43028
Solasta: Crown of the Magister,2021,29.99,19196,21917,85.10,773,8291,132,92008
FOUNDRY,2024,29.99,2974,3526,78.40,526,8287,81,50488
The Walking Dead: A New Frontier,2016,14.99,15142,18216,81.69,535,8278,30,61658
Per Aspera,2020,29.99,4018,5666,74.04,609,8274,55,41526
Workers & Resources: Soviet Republic,2024,39.99,23451,25717,88.86,563,8264,17,141271
Mirror,2018,1.99,73589,85118,94.38,301,8250,114,148646
"No, I'm not a Human",2025,14.99,24130,27182,91.08,270,8248,60,72181
gogh: Focus with Your Avatar,2025,11.99,4244,4774,87.23,575,8236,77,22529
ELEX II,2022,49.99,3911,6786,71.52,1415,8233,50,31196
THE KING OF FIGHTERS XV,2024,11.99,8075,8860,81.58,590,8226,49,50985
SUPER DISTRO,2015,1.00,290,1154,38.79,289,8184,5,343
Bomb Rush Cyberfunk,2023,39.99,12262,15048,95.23,316,8174,23,48550
BLEACH Brave Souls,2020,Free,0,12477,85.37,284,8166,0,16084
Starship Troopers: Terran Command,2022,29.99,9028,11740,85.02,358,8163,84,89495
Riders Republic,2023,39.99,27870,29262,80.70,120,8145,34,76242
ANIMAL WELL,2024,24.99,21898,23583,93.61,309,8133,20,56959
Into the Dead: Our Darkest Days,2025,24.99,7528,8152,85.90,511,8132,0,89002
"Warhammer® 40,000: Dawn of War® II Chaos Rising",2010,—,1939,3483,87.36,223,8132,73,13103
The Legend of Bum-Bo,2019,14.99,5622,5907,78.55,631,8131,48,14909
Fallout: A Post Nuclear Role Playing Game,2015,9.99,16183,24526,92.11,56,8130,0,26438
Leaf Blower Revolution - Idle Game,2020,Free,0,26248,92.12,633,8125,24,5965
Contraband Police,2023,29.99,23542,24372,92.81,446,8124,93,93823
F1™ 2017,2017,—,3672,5956,84.63,1103,8111,50,31590
Life is Strange: Reunion,2026,39.99,3146,3756,87.97,371,8111,29,16797
Alpha League,2024,Free,0,1238,79.17,0,8111,0,880
Wildermyth,2021,24.99,16166,18072,92.38,567,8106,94,85498
Teamfight Manager,2021,9.99,5575,5803,84.12,552,8092,30,15496
Tales of Berseria™,2017,49.99,14299,18816,89.14,464,8085,51,112260
Disco Elysium - The Final Cut,2019,9.99,113320,125330,91.45,403,8081,45,224682
Rogue Legacy,2013,14.99,15738,18683,90.29,340,8079,29,26061
Battle Brothers,2017,29.99,24678,27186,86.39,1702,8060,101,83338
Wordle,2021,6.12,847,1114,75.33,360,8054,6,1702
State of Anarchy,2016,1.99,858,1088,80.83,230,8048,0,1914
World War Z,2021,29.99,23009,30375,81.32,437,8036,35,125961
NGU IDLE,2019,Free,0,12679,93.01,1439,8032,61,4901
Lords Of The Fallen™ 2014,2014,29.99,13237,20562,58.47,154,8024,56,78217
Six Days in Fallujah,2023,25.99,12675,16025,78.71,196,8021,34,112874
Twelve Minutes,2021,7.49,7217,7853,71.28,254,8021,12,46580
Library Of Ruina,2021,29.99,37260,41342,92.62,1029,8015,76,87385
Risen 3 - Titan Lords,2014,14.99,4309,6362,72.65,222,8011,50,27517
Demon Slayer -Kimetsu no Yaiba- The Hinokami Chronicles,2021,59.99,16535,19599,85.23,624,7995,47,85694
Shop Titans,2020,Free,0,17743,76.54,239,7990,94,21011
Monday Night Combat,2011,4.99,907,1199,75.55,180,7981,51,4479
Aloft,2025,24.99,2839,3505,81.16,800,7970,19,69173
Scorn,2022,9.99,13109,18035,75.36,137,7949,12,102563
ORION: Prelude,2013,0.99,19036,28356,74.24,115,7944,251,31981
Outer Wilds,2020,14.99,83171,99958,94.20,287,7936,31,176925
Lobotomy Corporation | Monster Management Simulation,2018,24.99,48680,52868,92.49,258,7928,0,135872
Heaven Island - VR MMO,2015,0.99,375,2049,57.53,361,7907,12,1352
My Summer Car,2025,14.99,103757,112483,93.58,851,7897,77,141411
Life is Feudal: Your Own,2015,19.99,8782,12041,64.95,493,7896,150,202821
SONIC X SHADOW GENERATIONS,2024,49.99,11231,14429,94.34,320,7894,40,33664
Age of History 3,2024,9.99,16781,17362,83.42,784,7887,93,40151
Garten of Banban 0,2025,Free,0,4012,69.51,100,7877,11,8637
Ascension,2025,19.99,2362,2620,59.96,897,7873,41,14746
Assassin's Creed Mirage,2024,49.99,10592,11227,74.78,699,7870,61,34644
Mega Man Battle Network Legacy Collection Vol. 1,2023,12.79,1233,1474,83.47,130,7843,56,12325
ASTLIBRA Revision,2022,24.99,28778,30155,93.20,1785,7828,99,47547
Voidtrain,2025,17.99,8182,9259,72.51,405,7824,55,124117
The Walking Dead: The Telltale Definitive Series,2020,49.99,33815,43822,94.71,307,7820,23,36391
Beholder,2016,13.99,22471,30232,89.86,187,7817,60,86290
Chillquarium,2023,5.99,7522,8074,89.55,938,7812,21,8519
Magic: The Gathering - Duels of the Planeswalkers 2013,2012,—,1163,1345,83.22,922,7807,25,3614
Wildgate,2025,29.99,4907,5493,75.42,283,7799,28,47333
Lost Light,2022,Free,0,27657,55.50,126,7787,0,25613
Celeste,2018,19.99,124606,138855,96.09,301,7782,32,112179
Mechabellum,2024,14.99,17040,18369,82.16,771,7782,0,49271
Citadel: Forged with Fire,2019,14.99,4991,5881,66.38,500,7777,50,74265
Orcs Must Die! Unchained,2017,Free,152,6101,67.26,96,7768,132,23742
Shawarma Legend,2024,2.99,6752,7265,89.50,444,7766,0,13700
Blood Strike,2025,Free,0,18100,79.55,115,7765,0,15489
Game Dev Tycoon,2013,3.99,39920,44696,93.42,488,7761,35,62581
Day of Defeat,2003,4.99,4420,7284,87.49,19,7758,0,7670
Islands of Insight,2024,11.99,1565,3168,69.83,126,7755,0,13636
Squad 44,2018,19.99,18837,25312,73.48,448,7753,0,163228
100 Christmas Cats,2023,Free,0,3875,83.71,25,7740,100,2222
Hardspace: Shipbreaker,2022,34.99,18910,21766,87.37,730,7731,27,87421
Darksiders III,2018,39.99,12030,16884,74.66,311,7730,64,100660
METAL GEAR SURVIVE,2018,29.99,3650,5656,64.68,694,7713,51,35072
Business Tour - Board Game with Online Multiplayer,2017,Free,0,79300,59.60,249,7707,19,30850
Griftlands,2021,19.99,13326,14323,91.22,504,7693,13,56436
SANABI,2023,14.99,40220,43399,95.42,531,7663,21,32993
Sniper Elite: Resistance,2025,49.99,4198,5369,73.55,792,7652,70,31907
Super Animal Royale,2021,Free,6466,43987,91.40,97,7648,13,50728
Absolum,2025,24.99,8215,9328,89.74,445,7642,37,47473
Play Together,2025,Free,0,1477,71.70,297,7633,36,6756
Contagion,2013,9.99,9986,15668,71.49,176,7624,165,71551
Particula,2015,29.99,643,2498,68.01,341,7590,0,942
Crime Boss: Rockay City,2024,1.99,9397,11564,58.63,197,7586,45,31023
Divinity: Original Sin - Enhanced Edition,2015,39.99,26322,31723,87.68,597,7565,54,135990
Youtubers Life,2017,19.99,13773,15424,75.88,506,7553,63,84709
Two Point Campus,2022,29.99,5516,7839,85.17,250,7553,48,53724
ONE PIECE ODYSSEY,2023,14.79,2423,3390,76.27,364,7545,56,48162
Zero Hour,2024,9.99,28383,33010,76.48,176,7537,25,81753
Defense Grid: The Awakening,2008,9.99,4480,5308,92.65,278,7534,87,8135
Keplerth,2022,14.99,3668,4136,81.71,808,7526,59,40777
Deadly Days: Roadtrip,2025,14.99,2506,2623,84.20,679,7520,14,13786
Enlisted,2024,Free,253,41990,78.90,211,7518,60,44372
Day of Defeat: Source,2010,9.99,15794,23370,89.75,141,7507,54,27026
The Quinfall,2026,9.99,10273,10970,54.08,284,7504,81,53641
Knights and Merchants,2013,9.99,2742,4918,82.47,258,7481,0,10640
A Game About Digging A Hole™,2025,3.49,17904,19121,87.54,155,7477,10,27933
ShellShock Live,2020,9.99,29155,35364,91.23,517,7455,63,67593
Sephiria,2025,14.99,4883,5274,90.45,2053,7451,24,12890
The Farmer Was Replaced,2025,9.99,7667,7969,92.86,186,7436,59,37245
Undisputed,2024,22.49,18495,21902,59.58,876,7433,37,75318
Doki Doki Literature Club!,2017,Free,432,219659,95.33,159,7402,0,166132
Estranged: The Departure,2020,5.99,329,2324,82.68,41,7399,14,5961
TCG Card Shop Simulator: Prologue,2024,Free,0,5530,90.89,74,7389,0,7971
Sanctum,2011,9.99,1966,3339,85.84,115,7380,100,15004
Catan Universe,2017,Free,0,17601,47.94,131,7376,21,13370
Escape Simulator 2,2025,15.99,3656,3995,88.81,534,7340,25,24740
Cell to Singularity - Evolution Never Ends,2021,Free,0,26487,87.77,321,7340,43,18498
Predecessor,2024,Free,8444,16575,70.88,209,7339,0,68868
A Hat in Time,2017,29.99,42480,52959,96.01,673,7312,46,95465
CarX Street,2024,19.99,16348,18249,69.45,456,7302,71,85102
我打不过漂亮的她们,2025,10.99,1137,1310,90.39,837,7299,56,8358
Forts,2017,14.99,20364,24436,89.98,422,7280,54,80462
Granblue Fantasy Versus: Rising,2023,49.99,5743,6825,80.77,798,7278,48,31950
嗜血印 Bloody Spell,2022,24.99,33392,38405,87.85,165,7267,60,168
Shadowrun: Hong Kong - Extended Edition,2015,19.99,3528,4769,83.82,891,7260,60,39310
UBERMOSH Vol.3,2016,0.99,1166,1244,86.84,273,7259,13,616
The Talos Principle 2,2023,29.99,12061,12948,92.53,1032,7258,87,29941
Let's School,2023,7.99,5640,7117,89.80,770,7255,44,31299
Rock 'N' Roll Defense,2016,0.49,3164,3457,84.49,326,7252,240,1480
Satellite Reign,2015,29.99,2585,5314,69.92,158,7251,40,52656
Amnesia: A Machine for Pigs,2013,19.99,7073,11901,68.41,36,7249,7,9513
Forward to the Sky,2015,7.99,1839,2217,78.90,200,7227,12,12146
Tower of Fantasy,2022,Free,0,11943,65.55,121,7210,0,78447
Tiny Tina's Assault on Dragon Keep: A Wonderlands One-shot Adventure,2021,9.99,435,3640,63.75,61,7202,30,7027
UBOAT,2024,29.99,24167,25764,83.41,467,7201,51,131579
Thief Simulator,2018,17.83,36374,38823,86.60,112,7188,33,123506
The Weeping Swan: Ten Days of the City's Fall,2026,10.19,5499,5184,62.90,695,7177,28,13201
Over The Top: WWI,2026,19.14,5185,5354,83.59,324,7170,32,24487
Batman: Arkham City,2011,—,1570,2142,93.52,799,7162,64,1813
UBERMOSH Vol.5,2017,0.99,1229,1310,88.77,274,7161,22,820
Black Mesa,2020,19.99,131748,141508,93.74,464,7158,50,262252
Abyssus,2025,24.99,4073,4617,82.41,730,7157,110,39653
Rec Room,2021,Free,110,76830,87.68,151,7154,0,39876
"Planes, Bullets and Vodka",2016,0.49,2498,2682,82.74,324,7140,9,610
My Friend Pedro,2019,19.99,24313,28189,93.50,170,7117,30,80348
UNDER NIGHT IN-BIRTH II Sys:Celes,2024,49.99,1855,2486,83.13,824,7109,27,8082
Dorfromantik,2022,13.99,26929,29068,94.25,172,7101,85,74180
Persona 4 Arena Ultimax,2022,29.99,3726,4497,84.60,302,7099,51,17890
Dragon Age: Origins,2009,—,9110,10526,89.19,575,7089,0,31735
Chrono Ark,2024,24.99,12249,13343,88.23,878,7084,40,41973
Razortron 2000,2016,0.49,2651,2830,83.10,327,7083,9,904
PRO EVOLUTION SOCCER 2018,2017,—,1367,4127,62.25,2730,7082,0,15923
Sakuna: Of Rice and Ruin,2020,29.99,4937,5658,88.91,908,7043,40,41923
GeoGuessr Steam Edition,2025,Free,0,23982,66.09,84,7043,40,11336
JoJo's Bizarre Adventure: All-Star Battle R,2022,19.59,12773,15892,88.26,301,7029,46,61141
Alchemy Factory,2025,17.99,1983,2138,86.18,527,7015,55,22772
Farm Together,2018,19.99,17582,22026,91.94,1100,6998,56,75195
Five Nights at Freddy's: Into the Pit,2024,19.99,9937,10713,92.88,234,6995,38,30086
Gloomhaven,2021,9.79,13392,15812,80.52,512,6983,61,89438
Cute Cats,2021,0.49,561,1012,80.54,242,6975,22,345
BLOCKADE 3D,2014,Free,404,25251,58.29,106,6968,0,25338
Eco,2018,22.49,11168,13816,79.19,1383,6964,87,190438
Antimatter Dimensions,2022,Free,0,4280,88.94,3025,6962,100,2237
Infinity Nikki,2025,Free,0,9641,54.87,163,6954,34,28963
UBERMOSH:BLACK,2016,0.99,1147,1259,83.79,274,6944,8,938
Propnight,2021,—,15885,20210,63.55,213,6919,43,45454
Mr. Prepper,2021,3.59,4675,5324,78.06,249,6911,103,61909
Pantheon: Rise of the Fallen,2024,39.99,4717,4984,72.07,10814,6908,0,21001
Megaloot,2024,9.99,3775,3972,70.30,542,6899,77,10430
Yaoling: Mythical Journey,2025,19.99,2808,3449,86.95,861,6889,69,18615
Tinkerlands,2025,9.74,3328,3768,83.16,732,6887,34,26324
Dome Keeper,2022,17.99,16423,19326,90.14,283,6883,47,72877
Hotline Miami,2012,9.99,103440,121391,95.63,244,6878,35,56859
Batman: Arkham City - Game of the Year Edition,2012,19.99,53572,75063,94.59,456,6871,64,53484
Breathedge,2021,4.99,14134,16086,80.35,200,6857,54,103379
Nation Red,2009,2.99,2198,2776,84.94,152,6850,145,6520
NARUTO SHIPPUDEN: Ultimate Ninja STORM Revolution,2014,29.99,7127,8881,82.16,417,6831,50,32683
Stormworks: Build and Rescue,2020,24.99,52555,57773,88.91,1241,6820,0,95374
Insanity Clicker,2016,Free,0,3021,65.66,176,6819,102,5316
Barony,2015,19.99,10048,14529,89.10,370,6790,301,48414
Tomb Raider I-III Remastered Starring Lara Croft,2024,29.99,6607,8263,82.10,167,6789,284,30701
I Am Legion: Stand Survivors,2025,8.99,2305,2420,79.18,1445,6776,80,7212
Project CARS 2,2017,—,11627,18432,79.59,363,6775,47,81880
The Last Spell,2023,7.49,12582,12980,89.09,803,6755,94,68070
Transistor,2014,19.99,27781,31043,92.02,149,6727,33,90735
Thronefall,2024,12.99,22043,22632,94.05,261,6723,34,84857
Tales of the Shire: A The Lord of The Rings™ Game,2025,34.99,3068,3594,79.28,647,6723,30,43942
SWORD OF JUSTICE,2025,Free,0,1747,52.84,642,6722,39,7856
BLEACH Rebirth of Souls,2025,50.99,4475,6612,65.30,1009,6709,36,37834
League of Maidens®,2025,Free,0,6852,54.79,66,6706,31,50615
Streamer Life Simulator 2,2026,19.99,6415,6674,79.54,339,6703,26,13293
Planetbase,2015,14.99,9386,10273,77.84,934,6670,30,109572
Reverse: 1999,2024,Free,0,4270,90.13,601,6668,0,9678
Argo,2023,Free,0,10855,51.24,0,6659,10,80764
Alan Wake,2012,14.99,42744,56588,88.60,225,6652,67,49225
Ratatan,2025,24.99,2336,2963,82.87,226,6649,0,29285
The Jackbox Party Pack 6,2019,29.99,2304,3058,90.95,210,6630,20,12854
Gold Mining Simulator,2017,4.99,14812,16076,71.32,784,6625,42,56452
Command & Conquer Red Alert™ 2 and Yuri’s Revenge™,2024,19.88,9808,9999,90.82,92,6617,0,22047
Escape Simulator,2021,11.99,16123,18917,91.68,319,6616,25,84339
Conquest Dark,2025,9.99,2398,2470,86.34,826,6605,0,16784
Harry Potter: Quidditch Champions,2024,29.99,2701,3323,73.04,361,6574,31,17488
Sven Co-op,2016,Free,273,32170,91.66,96,6572,0,55009
Nine Sols,2024,29.99,34683,39124,92.70,760,6568,35,91199
PRO EVOLUTION SOCCER 2019,2018,—,3239,5937,54.79,5099,6551,0,19565
Cyberhunt,2017,0.49,2514,2672,81.91,295,6546,500,820
Portal Knights,2017,2.99,16747,22174,81.77,435,6545,40,164449
WWE 2K23,2023,—,4783,7631,75.82,780,6535,63,13919
Their Land,2023,3.99,0,1925,42.89,0,6529,32,4884
Blood Bowl 2,2015,19.99,6992,9068,76.88,376,6511,31,35326
Helltaker,2020,Free,403,127022,96.33,73,6509,10,98509
Yooka-Laylee,2017,19.99,2850,5367,73.15,197,6508,35,26998
Age of Darkness: Final Stand,2025,27.99,9289,10421,73.65,490,6492,66,72401
Freddy Fazbear's Pizzeria Simulator,2017,Free,0,32619,91.84,74,6492,0,27211
Hacker Evolution,2010,0.99,414,1045,64.89,190,6487,0,1363
Amnesia: Rebirth,2020,29.99,7770,9190,75.34,389,6486,41,26654
Pioneers of Pagonia,2025,34.99,4573,5232,79.74,352,6478,34,83193
MechWarrior 5: Mercenaries,2021,29.99,12337,14723,82.79,851,6476,19,54201
Idle Skilling,2022,Free,0,2340,68.53,422,6466,0,2250
Dale & Dawson Stationery Supplies,2024,7.99,7573,8734,89.02,191,6465,38,27821
Race The Sun,2013,9.99,1963,6345,90.32,106,6455,25,5784
Thunder Tier One,2021,Free,4038,5506,67.61,185,6453,36,52025
Streets of Rage 4,2020,24.99,16930,19202,90.32,228,6438,45,46953
Darksiders Genesis,2019,29.99,10005,13240,80.06,251,6433,30,62933
Jamestown,2011,9.99,650,2359,89.81,67,6432,42,2891
Endzone - A World Apart,2021,2.49,8122,9824,75.14,211,6426,69,98682
Magicka 2,2015,3.74,9397,13750,80.66,184,6426,47,73698
Minecraft: Story Mode - A Telltale Games Series,2015,—,6659,8268,75.65,465,6423,50,86640
Cinderia,2026,16.19,2075,1975,83.49,245,6416,0,16099
Devolverland Expo,2020,Free,0,5721,86.40,46,6394,22,8907
Kingdoms of Amalur: Re-Reckoning,2020,39.99,6064,7846,75.24,388,6390,69,42239
Unnamed Space Idle,2023,Free,0,4019,89.29,611,6385,269,3063
Road to Vostok,2026,14.99,3656,2221,78.60,215,6368,0,82473
Empires of the Undergrowth,2024,29.99,16155,17408,92.14,602,6367,186,86667
GRAV,2015,19.99,4450,6915,47.17,143,6367,0,84806
Sneak Out,2024,Free,0,6622,67.79,0,6364,10,15632
The Quarry,2022,59.99,13954,22291,80.41,496,6349,40,73712
CARRION,2020,3.99,28120,30443,92.59,234,6347,21,81531
Neon Abyss 2,2025,19.99,1811,2068,66.66,412,6346,0,13038
JIANGHU CHRONICLES,2025,17.99,1997,2353,68.83,1000,6340,43,13856
ENDER LILIES: Quietus of the Knights,2021,24.99,41397,43970,92.07,495,6332,38,109234
Pharaoh™: A New Era,2023,22.99,4634,5147,72.94,248,6321,47,44282
The Headliners,2025,4.79,8010,9791,84.10,213,6315,20,42034
NARUTO TO BORUTO: SHINOBI STRIKER,2023,9.99,42394,56405,82.53,428,6310,48,145775
Living With Sister: Monochrome Fantasy,2024,10.39,11253,11652,93.46,462,6305,0,50116
Galactic Civilizations III,2015,29.99,8318,10374,75.00,412,6297,102,84034
Burnout Paradise: The Ultimate Box,2009,—,8809,13443,85.05,139,6284,0,16251
The Mageseeker: A League of Legends Story™,2023,29.99,2469,2699,80.54,339,6280,53,18689
Iron Sky: Invasion,2012,19.99,382,1301,61.80,423,6279,30,1691
Cozy Island,2025,7.19,2241,2420,88.19,279,6273,30,24035
Realm Grinder,2017,Free,0,7368,84.31,291,6265,14,15942
Motorsport Manager,2016,19.99,11325,14029,89.32,1275,6251,73,47262
A grande bagunça espacial - The big space mess,2016,0.99,168,1115,63.52,264,6242,100,397
Moonlighter,2018,19.99,16868,21609,80.61,277,6229,67,93338
Torchlight,2009,14.99,5350,7254,87.92,341,6217,66,12729
Magic: The Gathering - Duels of the Planeswalkers 2012,2011,—,873,1009,83.10,908,6206,26,2368
The Witness,2016,39.99,16490,20475,82.75,271,6185,2,118538
Digimon Survive,2022,59.99,3022,3608,76.68,985,6179,46,26806
Fast Food Simulator,2024,14.99,7870,8933,87.81,393,6172,11,36424
Car Dealer Simulator,2025,19.99,8018,8479,86.48,739,6172,103,21845
RADical ROACH Remastered,2014,Free,0,1123,54.66,346,6170,35,417
Madden NFL 23,2022,—,4791,6223,51.65,6373,6169,21,5780
Blackwake,2020,Free,20729,26049,79.27,96,6159,39,124158
Old School RuneScape,2021,Free,0,20151,81.05,87,6151,20,25693
九劫曲：诅咒之地 NINE TRIALS,2019,Free,1786,3352,59.21,229,6151,0,19340
ZERO Sievert,2024,19.99,13639,14716,82.81,496,6136,37,86371
Meme Mayhem,2024,16.99,4868,5054,73.25,1052,6133,45,6673
Hi-Fi RUSH,2023,29.99,26830,35146,95.06,269,6132,71,78437
"Papers, Please",2013,9.99,71617,78600,95.71,258,6129,13,121344
Redfall,2023,39.99,2428,4659,38.98,557,6124,66,42997
NO STRANGERS,2024,4.99,0,1293,80.33,134,6124,10,2341
Swag and Sorcery,2019,12.99,2308,3233,53.99,416,6118,48,12050
Gigantic: Rampage Edition,2024,19.99,3790,4440,64.86,269,6112,26,14940
Of Ash and Steel,2025,29.99,5412,6211,63.23,2227,6108,30,39398
Atomfall,2025,49.99,3700,4919,76.08,481,6095,54,69938
Overcast - Walden and the Werewolf,2014,0.49,1221,2949,60.16,231,6084,0,1113
造梦西游：无双,2025,Free,0,3176,75.29,0,6081,35,2768
Ale & Tale Tavern,2024,14.99,7938,9480,87.02,397,6075,69,41671
Legend of Grimrock,2012,2.99,4756,6627,90.49,188,6075,40,10177
SAMOLIOTIK,2016,21.68,1284,2771,80.66,299,6074,14,1065
KAIJU NO. 8 THE GAME,2025,Free,0,1086,65.20,912,6071,0,8711
Roots of Pacha,2023,24.99,3603,4356,90.35,1253,6062,62,44742
Knights of Honor II: Sovereign,2022,44.99,4779,6486,75.45,317,6061,100,62004
Desperados III,2020,39.99,11565,16235,94.01,461,6057,36,82118
Stranded Deep,2022,19.99,42987,47117,73.42,308,6036,37,348501
Three Kingdoms Mushouden,2025,24.99,1797,2070,72.12,2088,6033,38,13286
Knockout City™,2021,—,5013,8408,83.32,147,6027,50,24603
100 hidden cats,2021,0.59,2119,2315,90.15,158,6021,100,614
Orcs Must Die!,2011,9.99,6569,8405,92.87,162,6000,27,11183
Weapons Genius,2015,0.99,474,1229,46.30,0,5994,9,2037
Sker Ritual,2024,24.99,4845,5874,79.45,236,5992,52,34900
Loot of Baal,2025,8.78,1302,1437,60.54,4637,5986,44,6015
The Surge,2017,1.94,8668,11710,73.35,237,5978,67,64369
AudioSurf,2008,9.99,8863,11070,92.91,156,5977,19,14526
Outlast 2,2017,19.99,52459,62498,89.53,167,5966,24,178195
Dragon Cliff,2018,9.99,7563,8082,86.31,1023,5953,70,31430
Diplomacy is Not an Option,2024,29.99,10018,11577,83.05,284,5950,60,91333
Door Kickers 2: Task Force North,2025,24.99,11653,12836,93.48,575,5949,81,67148
Sea Power : Naval Combat in the Missile Age,2024,49.99,5013,5556,87.51,1165,5944,0,54507
EARTH DEFENSE FORCE 4.1 The Shadow of New Despair,2016,19.99,7646,10360,92.20,624,5940,51,43687
Bitburner,2021,Free,0,7144,92.02,0,5935,98,18834
EA SPORTS™ Madden NFL 25,2024,—,4466,5092,55.57,3076,5917,20,4604
Terra Nil,2023,24.99,7676,8360,85.12,307,5916,37,81935
Company of Heroes,2006,3.99,12150,18189,92.01,435,5906,0,29267
Lust Goddess,2024,Free,0,12117,55.27,229,5885,49,32273
天外武林 (Traveler of Wuxia),2023,24.99,3111,3172,82.42,1439,5874,37,8243
Urban Empire,2017,29.99,1903,2461,35.68,412,5840,74,31052
Legion TD 2 - Multiplayer Tower Defense,2021,24.99,12274,14835,84.33,717,5834,78,37634
METAL GEAR SOLID V: GROUND ZEROES,2014,19.99,13195,17856,82.89,139,5810,16,61460
R.I.P. - Reincarnation Insurance Program,2026,12.99,2207,2297,73.40,577,5801,40,14212
Card Hunter,2015,Free,0,5294,82.81,251,5800,50,29032
Wildfrost,2023,19.99,8038,8634,80.66,966,5797,27,20726
Jagged Alliance 2 - Wildfire,2012,8.99,1342,1919,76.54,424,5794,0,3991
The Wandering Village,2025,29.99,7378,8103,89.09,301,5786,32,111390
Tropico 3,2009,9.99,821,1918,85.18,47,5784,0,4260
Really Big Sky,2012,4.99,220,1889,72.48,101,5784,20,1062
Ratopia,2025,22.00,4427,4661,84.70,1053,5772,66,36786
Tower Wizard,2025,2.99,7785,7904,93.85,477,5772,12,8900
TTV2,2017,0.49,1142,1200,81.81,273,5766,5,415
Stronghold Crusader 2,2014,39.99,12377,17805,71.22,215,5763,81,77058
Skater XL - The Ultimate Skateboarding Game,2020,39.99,18403,19577,84.05,634,5741,0,41482
Rakion Chaos Force,2020,Free,0,3556,61.21,155,5740,0,8134
Dude Simulator 2,2018,4.99,1754,2017,56.17,179,5737,0,984
Trip to Vinelands,2016,0.49,1217,1294,80.96,267,5730,5,467
TerraTech,2018,24.99,20098,24500,89.39,1018,5726,15,118364
Travellers Rest,2020,17.99,15132,16623,86.10,432,5718,50,96272
Rebel Galaxy,2015,19.99,7147,8270,82.80,262,5717,37,95888
Void Crew,2024,14.99,6325,8146,84.18,482,5716,34,59370
Being a DIK - Season 1,2020,13.99,11252,11585,93.60,731,5709,98,56384
Bendy and the Dark Revival,2022,5.99,13012,14666,90.26,275,5703,38,29776
Torchlight III,2020,39.99,10344,11416,46.78,691,5692,59,53396
Fae Farm,2023,29.99,2649,3476,77.38,576,5692,51,24007
Soul Hackers 2,2022,59.99,2227,3215,64.17,951,5692,47,21241
Soda Dungeon,2017,Free,766,6271,91.03,512,5690,24,11453
Space Haven,2020,24.99,8998,9755,83.82,468,5687,0,117137
Phantom Brigade,2023,14.99,4085,4202,77.99,944,5671,46,48321
Amnesia: The Dark Descent,2010,19.99,20048,35271,92.68,64,5666,18,36854
Last Train Home,2023,39.99,4265,5231,84.28,403,5664,69,64951
F1 2016,2016,—,2935,4515,82.98,888,5658,49,26140
Roboquest,2023,24.99,18660,23801,93.07,848,5654,86,48395
Half-Life: Opposing Force,1999,4.99,24421,27882,93.26,194,5639,0,11859
Transformice,2015,Free,264,28526,86.28,76,5636,14,33604
Hell Clock,2025,19.99,3137,3420,80.80,596,5636,71,26459
Guild Wars® Reforged,2025,19.99,2831,2978,84.81,521,5634,0,16302
HELLCARD,2024,24.99,3263,4534,82.88,775,5629,83,27788
Freebie,2016,1.99,377,1409,70.94,243,5623,5,346
Red Faction Guerrilla Steam Edition,2009,—,6146,7681,87.25,218,5613,60,20268
Judgment,2022,39.99,8832,11440,91.49,1732,5606,47,23727
Madden NFL 22,2021,—,5418,7204,52.92,8826,5602,16,6835
MechWarrior 5: Clans,2024,29.99,5273,5550,72.73,2686,5600,66,30403
Woodle Tree Adventures,2016,3.99,1372,5372,65.35,187,5592,8,1605
SUPERHOT,2016,7.49,27330,40024,89.75,165,5584,26,134329
God Of Weapons,2023,5.99,4674,5082,81.89,400,5582,115,17575
Friends vs Friends,2023,9.99,10468,14337,81.11,214,5578,29,29713
恋爱吗？我家猫会后空翻,2025,9.99,1557,1662,90.66,739,5564,70,6491
Drift Streets Japan,2015,0.49,2772,3544,62.57,239,5559,0,7690
Jagged Alliance - Back in Action,2012,19.99,1021,1751,70.30,141,5553,60,3015
ANAREA Battle Royale,2020,—,1187,1803,45.06,158,5547,0,13498
Ylands,2019,Free,3671,8362,62.73,68,5540,56,58762
Star Trek: Infinite,2023,29.99,2983,3471,43.09,1002,5526,50,22819
Tower Dominion,2025,17.49,4555,4853,83.36,970,5525,30,15910
Punch Club 2: Fast Forward,2023,19.99,3620,4335,79.96,795,5509,66,17224
World of Sea Battle,2025,Free,0,6411,73.04,133,5504,59,19574
Frozen Flame,2022,19.99,2216,2966,61.87,336,5499,32,42302
Necromunda: Hired Gun,2021,5.99,5759,7828,64.05,183,5497,48,38617
100% Orange Juice,2014,6.99,14694,29760,89.32,126,5486,359,34361
Cat God Ranch,2024,9.99,1777,2140,89.52,479,5473,75,7481
Rabbit and Steel,2024,14.99,9487,10788,94.26,473,5472,54,25623
Yog-Sothoth’s Yard,2023,10.99,9820,13291,91.77,616,5459,101,32738
ONE PIECE Bounty Rush,2024,Free,0,4512,66.85,94,5455,12,7085
Nordhold,2025,19.99,2736,3027,84.60,557,5447,32,17799
Railway Empire,2018,5.99,7159,9628,80.64,559,5446,128,70344
Caliber,2023,Free,0,22124,74.12,96,5436,87,28272
The LEGO® NINJAGO® Movie Video Game,2017,19.99,1755,7828,82.87,60,5434,50,11214
轮回修仙传,2025,4.99,988,1093,79.21,371,5434,53,4186
Drawful 2,2016,9.99,811,4134,72.48,12,5430,10,10547
Mini Royale,2025,Free,0,3562,64.12,39,5429,31,57212
Isonzo,2022,29.99,13907,16676,81.12,502,5427,49,49199
Total War: PHARAOH,2023,39.99,3559,5337,62.12,263,5424,76,43159
(the) Gnorp Apologue,2023,6.99,9266,9604,92.34,925,5423,17,12554
HuniePop,2015,9.99,23975,31622,93.59,628,5416,20,49906
DJMAX RESPECT V,2020,49.99,29200,34090,86.94,452,5413,274,69786
Maltese's Fluffy Onsen,2025,5.99,2458,2820,90.53,342,5409,10,11544
Realm of Ink,2024,16.99,3600,3934,88.68,524,5395,71,22137
TEVI,2023,28.54,3396,3854,85.87,1602,5378,120,21696
King Arthur: Knight's Tale,2022,44.99,6590,7381,81.46,1389,5376,59,59309
Battle Chasers: Nightwar,2017,29.99,5537,7317,84.77,353,5375,48,66307
CarX Drift Racing Online,2017,16.99,81443,87985,93.66,875,5369,36,95683
MX Bikes,2019,34.99,32810,34280,92.48,3073,5369,0,26412
Resident Evil 4 (2005),2014,4.99,74553,93354,92.57,405,5343,12,68319
Machinika: Museum,2021,7.99,1124,6131,89.62,188,5343,0,4022
Life is Feudal: MMO,2018,Free,3433,7336,41.01,193,5331,0,46250
Haste,2025,19.99,11263,12248,89.66,287,5312,29,41180
Test Drive Unlimited Solar Crown,2024,49.99,5869,11352,37.27,733,5305,64,60764
Mitos.is: The Game,2015,Free,175,12008,79.15,103,5299,0,16820
Granblue Fantasy: Versus,2020,19.99,7640,8535,80.81,252,5287,50,45771
Nuclear Dawn,2011,9.99,1612,2483,75.79,171,5283,58,16444
Jujutsu Kaisen Cursed Clash,2024,59.99,2886,3832,60.19,651,5243,57,18790
Mortal Kombat Komplete Edition,2013,—,12103,18737,89.39,346,5235,50,30056
Path of Kung Fu,2025,14.99,4686,5328,70.42,719,5235,38,23443
"Warhammer 40,000: Eternal Crusade",2016,—,3736,12518,49.94,75,5230,67,51431
Hyper Light Breaker,2025,29.99,3390,3928,54.39,286,5230,0,49728
Skill Legends Royale,2024,Free,0,2816,72.62,501,5223,0,2903
Naval Action,2019,19.99,10023,14494,52.48,313,5222,0,104020
Wizardry Variants Daphne,2025,Free,0,3348,55.86,6223,5222,0,7359
Crash Drive 2,2015,0.99,1016,1450,85.41,243,5214,32,2609
Karos,2014,Free,0,1350,64.50,10255,5213,0,5685
"Dwarves: Glory, Death and Loot",2026,14.99,2373,2491,79.27,364,5205,58,14149
Summer Clover,2024,17.99,8374,8511,94.83,560,5199,32,41602
Tap Ninja - Idle game,2022,Free,0,9469,82.92,213,5198,160,3878
Dungeon Stalkers,2025,Free,0,3778,48.21,70,5194,0,34177
Stacklands,2022,3.99,28172,29191,94.04,359,5186,36,46102
Esports Godfather,2024,19.99,4182,4409,87.70,1248,5183,107,9129
"THE CUBE, SAVE US",2026,Free,0,2367,34.48,1835,5177,28,16893
Tavern Master,2021,14.99,12204,12840,89.65,459,5171,17,36527
The Crust,2024,29.99,2936,3426,74.48,982,5170,26,50814
Potionomics,2022,24.99,6822,7217,87.75,584,5170,30,35908
Kebab Chefs! - Restaurant Simulator,2024,17.99,6366,7374,81.21,530,5162,39,20370
Miscreated,2018,29.99,23016,31533,65.16,408,5159,29,195708
Super Meat Boy,2010,1.19,28274,37156,92.55,120,5153,48,27504
NECROPOLIS: BRUTAL EDITION,2016,29.99,3702,4652,63.72,254,5148,13,45314
Stick Fight: The Game,2017,4.99,99362,124643,92.23,196,5147,28,151574
Master of Command,2025,29.99,3077,3182,88.71,903,5142,96,25870
F.I.S.T.: Forged In Shadow Torch,2021,15.99,6429,6962,84.21,919,5133,43,35977
Dungeons of Dredmor,2011,7.99,3666,5391,90.54,352,5098,123,6537
The Hungry Lamb: Traveling in the Late Ming Dynasty,2024,6.49,48478,58212,92.92,335,5093,16,60036
Mr.Mine,2020,Free,0,18282,89.50,382,5093,110,5134
武侠乂 The Swordsmen X,2020,24.99,2419,3526,47.46,281,5075,61,42684
Once in Yaissor,2016,1.99,1226,1331,81.30,339,5073,5,1126
Mark of the Ninja,2012,—,11747,15870,94.45,232,5066,38,26226
Wargroove,2019,19.99,3993,5232,80.15,217,5065,23,36508
Turmoil,2024,12.99,0,15752,90.65,0,5055,0,59732
Getting Over It with Bennett Foddy,2017,7.99,73658,80954,81.25,130,5054,3,185200
Summer Memories,2020,4.99,23301,24262,90.71,420,5051,0,107183
Duck Game,2015,12.99,25181,38941,94.65,283,5047,18,57642
TOGETHER BnB,2021,17.99,8956,9283,58.34,387,5045,0,103632
Witchfire,2024,39.99,13704,14294,89.65,392,5042,30,112615
Rusty Lake Hotel,2016,1.99,6802,10028,93.16,138,5038,23,11143
Shadow Tactics: Blades of the Shogun,2016,39.99,30590,38155,94.09,197,5037,44,169539
AI War: Fleet Command,2009,9.99,986,1597,78.83,214,5027,322,10941
Tank Mechanic Simulator,2020,19.99,8371,9000,85.49,511,5022,76,41909
Adorables,2016,29.99,264,1113,72.47,454,5022,46,577
Lead and Gold: Gangs of the Wild West,2010,9.99,899,2197,69.55,39,5013,81,5619
KAKU: Ancient Seal,2024,24.99,806,1116,75.84,351,5009,84,54615
Animal Jam,2025,Free,0,4244,65.07,310,5009,0,5285
Dude Simulator 3,2019,0.69,1841,2107,66.55,99,5006,0,1124
The Dark Pictures Anthology: Little Hope,2020,19.99,6846,10264,72.61,316,4997,30,26822
Phoenix Point,2020,9.99,5174,6933,71.37,624,4993,47,30272
Memories of a Vagabond,2014,1.49,0,1248,76.46,224,4991,0,627
Surviving Mars: Relaunched,2025,39.99,1869,1899,52.01,1393,4990,60,16331
Midnight Ghost Hunt,2024,19.99,5408,7522,74.75,216,4987,42,56537
Onmyoji,2018,Free,270,3070,79.10,401,4978,121,14058
Distant Worlds 2,2022,49.99,2606,3485,69.48,1333,4974,0,29470
Star Conflict,2013,Free,200,15094,71.46,126,4973,213,94661
House of Legacy,2025,11.99,2990,3641,80.51,1205,4973,33,27056
Witch It,2020,19.99,14391,19697,86.95,150,4971,41,99996
RoboCop: Rogue City,2023,11.24,25310,33924,85.76,279,4971,27,73829
Backrooms: Escape Together,2022,9.99,29748,34744,86.70,231,4965,20,60578
Dragon Age™ Inquisition,2020,39.99,18583,20844,74.38,347,4964,69,45323
Biped,2020,14.99,8535,10821,83.18,148,4961,15,48681
Crime Simulator,2025,8.99,4866,5520,80.29,609,4956,60,25565
Hyper Light Drifter,2016,19.99,14892,18480,90.74,248,4954,23,110212
Solasta II,2026,39.99,2226,2429,73.96,729,4953,0,54963
Suikoden I&II HD Remaster Gate Rune and Dunan Unification Wars,2025,49.99,1857,2401,90.83,1213,4952,56,29174
Ancestors Legacy,2018,23.20,5717,8558,77.05,221,4940,62,74101
Altitude,2009,Free,655,1930,87.48,70,4940,52,11340
The Jackbox Party Pack 2,2015,24.99,1429,2162,90.79,196,4937,20,12636
A Plague Tale: Requiem,2022,17.49,18521,24405,89.00,636,4927,35,71024
月华辉映之刻,2025,11.99,3817,4293,87.85,1175,4922,39,6632
MADNESS: Project Nexus,2021,24.99,15413,16966,94.65,1018,4919,52,44811
Expeditions: A MudRunner Game,2024,17.99,2869,4643,56.14,651,4915,20,43274
Orcs Must Die! Deathtrap,2025,29.99,3847,4412,69.77,1389,4915,30,19071
LEGO® Worlds,2017,29.99,12444,15562,76.76,243,4911,71,134596
The Perfect Tower II,2025,Free,0,4257,83.89,0,4904,74,3432
Potion Permit,2022,19.99,4202,5240,77.39,507,4894,38,45858
Neon Echo,,14.99,0,4109,54.77,0,4889,0,12186
Uncharted Waters Origin,2023,Free,0,1729,46.51,668,4880,0,8101
The Dungeon Of Naheulbeuk: The Amulet Of Chaos,2020,34.99,6752,7914,84.73,566,4878,88,51442
Trails in the Sky 1st Chapter,2025,59.99,3494,3733,91.97,1696,4874,43,23957
Chronicon,2020,13.99,8735,9608,91.43,954,4868,152,36209
Kingdoms and Castles,2017,14.99,29797,30902,91.56,486,4856,12,145604
Stormgate,2025,Free,2093,9119,48.15,73,4854,36,77140
Little Witch in the Woods,2025,19.99,10994,12382,86.81,334,4850,61,89872
HIVESWAP: ACT 1,2017,7.99,3100,4035,89.00,194,4842,44,19316
Nubby's Number Factory,2025,4.99,16701,17968,95.05,440,4839,13,6053
Border Pioneer,2025,11.99,1570,1778,83.32,384,4834,50,10466
Vigor,2024,Free,1278,7632,46.24,59,4831,30,23325
The Stanley Parable,2013,14.99,39949,45453,90.78,149,4818,10,69781
The Deer,2019,0.99,0,2244,60.97,0,4788,8,1032
Idle Research,2022,Free,0,1834,80.82,1746,4787,99,2015
Wargame: Red Dragon,2014,29.99,15663,19627,86.58,844,4779,0,68980
BlazBlue Centralfiction,2017,39.99,9135,11803,91.27,546,4773,48,38590
Tactical Breach Wizards,2024,19.99,10908,11538,95.17,286,4761,61,51419
FINAL FANTASY VII EVER CRISIS,2023,Free,0,3362,59.86,452,4756,74,12446
Outlaws of the Old West,2019,4.99,5578,6292,58.30,622,4751,0,40994
Tiny Bookshop,2025,19.99,5973,6685,92.91,323,4748,56,33199
Ghost Watchers,2025,14.99,12609,16112,83.96,465,4747,50,37304
Galaxy Life,2022,Free,0,8455,88.87,244,4741,0,9986
Assassin's Creed® Syndicate,2015,29.99,30190,32153,78.76,892,4729,56,180447
The Jackbox Party Pack 8,2021,29.99,1120,1407,85.60,276,4723,20,7185
Automation Empire,2019,29.99,2573,2634,64.42,1087,4721,28,23018
Another Crab's Treasure,2024,29.99,15925,20344,90.88,470,4715,38,45563
Tiny Rogues,2022,9.99,9955,10466,93.61,760,4714,86,13557
NARUTO SHIPPUDEN: Ultimate Ninja STORM 3 Full Burst HD,2013,19.99,10638,14286,87.47,448,4713,54,36361
Tavern Keeper 🍻,2025,23.99,4217,4341,91.39,503,4711,52,34858
A Total War Saga: TROY,2021,39.99,3115,3592,69.66,505,4704,69,46143
Forza Motorsport,2023,69.99,11573,12224,50.40,1136,4703,57,37793
Pro Soccer Online,2025,4.99,22687,26840,80.60,379,4703,8,13594
Lost Castle / 失落城堡,2016,9.99,18274,23782,84.88,488,4701,98,101121
The Roottrees are Dead,2025,19.99,7666,7902,93.75,565,4692,22,21996
Danganronpa V3: Killing Harmony,2017,39.99,20672,21926,81.46,1571,4691,41,67755
Steel Division: Normandy 44,2017,19.99,4744,6293,72.75,865,4678,47,68981
FATAL FURY: City of the Wolves,2026,49.99,2584,3100,77.19,486,4674,42,20987
下一站江湖Ⅱ,2024,24.99,8175,9019,70.62,472,4668,111,37715
Lord of the Rings: War in the North,2011,—,3510,9464,79.53,255,4664,46,28867
Last Room,2021,29.99,936,1046,69.61,444,4653,0,1889
Wall World,2023,1.04,10790,11970,88.65,504,4650,24,20408
Football Manager 2020 Touch,2019,—,734,1025,82.94,292,4641,114,2022
Farming Simulator 2013 Titanium Edition,2013,9.74,3900,5340,89.30,1050,4639,16,15153
Surviving the Aftermath,2021,29.99,3091,4518,69.01,698,4637,74,56401
POSTAL 2,2012,9.99,112202,131476,95.61,204,4636,89,63670
The Mr. Rabbit Magic Show,2025,Free,0,5753,94.68,77,4635,18,3357
No One Survived,2025,7.50,6775,7592,63.62,412,4632,23,54469
Zenith: Nexus,2022,Free,3746,4505,64.89,168,4629,15,26124
Organ Trail: Director's Cut,2013,4.99,2394,3137,84.70,193,4629,28,7842
Weird West: Definitive Edition,2022,5.99,3814,4339,76.08,373,4621,53,50617
Esoteric Ebb,2026,24.99,4725,5000,92.79,380,4618,56,38534
Warhammer: Chaosbane,2019,29.99,3117,6298,57.62,271,4603,43,37775
Sid Meier's Civilization® III Complete,2006,4.99,5546,7604,86.80,27,4600,0,9789
Blasphemous,2019,24.99,50651,62533,88.39,217,4595,45,98459
Evil West,2022,9.99,9602,12702,72.57,327,4594,30,75331
Dino D-Day,2011,0.99,8003,15099,82.28,108,4585,77,15807
The Tenants,2022,19.99,6990,7674,77.14,329,4583,86,46023
Crashlands,2016,4.49,5454,6655,86.78,224,4580,36,42577
The Dark Pictures Anthology: House of Ashes,2021,29.99,6925,10372,86.46,357,4578,30,33865
Planetary Annihilation: TITANS,2015,29.99,11216,14451,82.60,379,4577,19,83162
Crush Crush,2016,Free,562,27937,87.06,418,4572,25,37191
To Be or Not to Be,2022,12.99,7826,8063,86.64,286,4559,46,65556
FINAL FANTASY VI,2022,17.99,4201,4549,88.65,364,4556,37,20436
Verdun,2015,3.99,28863,37609,84.66,281,4541,59,166854
EA SPORTS™ WRC,2023,41.98,10286,11092,60.98,621,4538,26,27083
Old Market Simulator,2024,9.99,3986,4940,85.32,491,4538,30,12727
Avorion,2020,24.99,12789,14316,87.79,1368,4533,68,118784
Ampersand,2015,1.99,581,1049,35.92,220,4524,0,265
SEGA Mega Drive and Genesis Classics,2010,—,7928,12119,77.83,28,4522,25,27317
The Dark Pictures Anthology: Man of Medan,2019,19.99,8817,13330,75.30,253,4518,30,53532
12 is Better Than 6,2015,1.99,4276,9800,81.44,248,4517,46,16539
Next Day: Survival,2018,9.99,8638,10245,61.60,314,4511,35,68265
Toki Tori,2010,4.99,1620,2122,84.07,54,4511,38,36445
Granado Espada,2017,Free,0,1353,62.60,128466,4505,0,7393
Devil May Cry 4 Special Edition,2015,24.99,15491,20616,85.56,444,4500,42,65727
Dungeons 4,2023,49.99,2303,3179,84.57,1074,4498,61,29482
Necrosmith,2022,2.99,4842,5310,83.18,292,4498,30,12367
你好！我们还有场恋爱没谈-番外篇,2025,3.99,1023,1049,89.41,401,4486,8,1908
STEEL HUNTERS,2025,—,0,4217,57.20,137,4479,29,34630
The Banner Saga,2014,24.99,13370,15851,86.84,309,4476,39,35602
Beat Saber,2019,29.99,69348,75890,93.99,611,4472,26,162661
The Next Door,2016,3.49,326,1058,50.58,211,4460,0,510
Rana Card,2025,12.99,1127,1342,85.50,935,4451,55,4088
Cast n Chill,2025,14.99,6905,7160,92.09,160,4447,33,38738
江湖客栈-The Jianghu,2024,Free,1361,2390,55.41,558,4444,75,6269
Captain Tsubasa: Rise of New Champions,2020,39.99,4744,6400,69.91,486,4442,50,25959
Wargame: Airland Battle,2013,19.99,3577,4439,84.19,413,4439,0,18540
Night of the Dead,2024,29.99,10263,11749,75.47,604,4434,80,88250
Stronghold: Warlords,2021,39.99,4371,5230,63.90,295,4434,102,46749
Hell is Us,2025,49.99,3119,5257,83.83,431,4431,40,60764
Town to City,2025,29.99,5174,5937,94.50,187,4428,35,48700
Interstellar Marines,2013,9.99,4278,7871,53.31,98,4426,28,38652
BitCraft Online,2025,15.99,2972,3344,71.74,2704,4418,0,37422
Mandragora: Whispers of the Witch Tree,2025,39.99,2648,3355,73.04,1984,4416,85,32753
Defy Gravity Extended,2016,1.99,6784,8543,83.72,94,4412,8,3089
Titan Souls,2015,14.99,7735,13497,77.36,43,4404,27,38025
Battle Ram,2023,29.99,2200,2653,81.05,219,4403,20,5100
From Space,2022,14.99,1421,1936,66.09,239,4402,41,11395
DiRT 4,2017,—,11205,16233,78.84,341,4396,48,46770
Your Mom,2025,0.99,2599,3010,91.67,417,4388,12,10127
Symphony of War: The Nephilim Saga,2022,5.99,12443,14286,92.07,668,4383,19,46706
Xenonauts 2,2026,25.99,3736,4343,78.24,1078,4382,20,61534
Children of Morta,2019,21.99,17729,22620,86.62,243,4381,45,99632
The Long Drive,2019,15.99,48132,54075,87.47,438,4375,0,74706
"I Love You, Colonel Sanders! A Finger Lickin’ Good Dating Simulator",2019,Free,0,12662,89.32,0,4372,0,14608
Egg Surprise,2024,Free,0,1230,64.28,5313,4358,18,641
Persona 5 Tactica,2023,59.99,1444,2083,71.23,1971,4344,40,17418
Car Mechanic Simulator 2015,2015,19.99,12048,14603,90.02,283,4340,0,40094
Mindustry,2019,9.99,22659,25865,93.64,416,4335,89,45555
Streets of Rogue,2019,19.99,16958,22731,93.81,289,4320,52,96597
Rogue Tower,2022,14.99,5699,5853,80.13,869,4318,140,20636
Punch Club,2016,9.99,11851,15483,78.79,334,4305,47,44519
The World of Kungfu: Dragon and Eagle,2024,17.99,4547,4798,65.97,2489,4298,81,13414
Timberman,2015,0.99,8387,11181,90.55,176,4296,20,4357
ENDLESS™ Legend 2,2025,49.99,2010,2392,80.91,695,4295,56,50150
MONMUSU,2018,Free,0,5246,77.76,164,4291,12,23460
Farm Together 2,2025,25.99,4223,5144,90.26,2235,4291,83,15938
Broforce,2015,14.99,49064,60440,95.23,352,4285,17,113980
One Piece Pirate Warriors 3,2015,3.99,8328,10753,76.54,465,4274,40,52849
Grand Ages: Medieval,2015,19.99,1560,1971,47.88,985,4274,50,35252
Lightyear Frontier,2024,24.99,3846,4265,81.56,373,4269,45,70178
Fabledom,2024,20.99,6382,7376,82.99,261,4266,22,59829
Hero's Hour,2022,17.99,4587,5664,77.44,198,4265,61,51460
Necromunda: Underhive Wars,2020,1.99,2679,2955,55.59,1528,4260,27,21815
Iratus: Lord of the Dead,2020,29.99,7119,8154,83.22,542,4258,75,44350
Head Shot,2016,6.99,141,1738,50.93,241,4255,0,1178
Reus,2013,9.99,4800,5900,76.25,105,4252,123,17496
Gorilla Tag,2023,19.99,48551,82010,89.87,56,4248,0,71652
Star Trucker,2024,24.99,4591,5009,76.49,223,4245,49,43446
RESIDENT EVIL RESISTANCE,2020,13.79,5318,8967,38.94,50,4233,51,5116
Figment,2017,19.99,1305,5599,84.43,61,4232,23,9630
The Incredible Adventures of Van Helsing,2013,14.99,7697,10195,80.83,214,4231,95,25829
Legacy of Kain™ Soul Reaver 1&2 Remastered,2024,29.99,2870,3569,85.87,163,4227,83,24319
Horripilant,2026,7.99,1742,1783,88.63,1060,4219,57,5116
Fischer's Fishing Journey,2025,7.56,1381,1572,86.73,16118,4219,92,4605
Spirit City: Lofi Sessions,2024,7.19,14390,15847,95.15,1711,4212,34,37409
X-Plane 11,2017,29.99,18785,19874,90.78,1560,4210,0,100240
Maneater,2021,39.99,19605,24188,85.69,255,4206,44,65124
Your Chronicle,2021,Free,0,2563,76.98,1233,4197,65,3494
Songs of Conquest,2024,29.99,11815,13177,83.73,352,4192,69,94795
Dungeon Siege III,2011,14.99,1966,2934,56.85,0,4189,54,1718
Bastion,2011,14.99,27989,37921,93.41,197,4186,24,47521
Touhou Danmaku Kagura Phantasia Lost,2024,9.99,2143,2357,79.00,3511,4179,57,16443
Inside,,24.99,0,73634,95.38,0,4170,0,174669
Wars and Roses,2022,19.99,2442,2546,43.21,423,4170,0,21137
MechWarrior Online™ Legends,2015,Free,155,12681,78.35,64,4155,36,62713
"Love, Money, Rock'n'Roll",2022,4.99,3672,7109,77.33,1080,4153,20,41424
Thief Simulator 2,2023,19.99,5973,6228,85.76,348,4152,50,32888
And Yet It Moves,2009,9.99,340,1326,67.82,26,4148,30,1333
Legend of Grimrock 2,2014,4.79,2993,3993,87.40,271,4146,60,41382
Poly Bridge,2016,9.99,16676,18478,88.97,146,4134,22,85512
War of the Three Kingdoms,2019,Free,0,79105,11.68,0,4134,0,8921
UFO 50,2024,24.99,6879,7231,92.10,331,4130,30,18333
Project: Gorgon,2026,24.99,4190,4509,83.86,3361,4126,0,22420
Beat Hazard,2010,9.99,5046,7421,91.59,210,4123,63,8252
The Walking Dead: The Final Season,2018,19.99,17043,21069,92.77,631,4120,48,46399
Line of Sight,2017,Free,2629,9021,59.02,56,4120,408,34639
WitchSpring R,2023,34.99,6539,7809,93.03,1762,4117,72,41413
UNLIGHT:Revive,2024,Free,0,1643,53.77,6031,4115,15,3205
Mind Over Magic,2025,17.49,4163,4309,83.98,246,4113,82,50259
Hollywood Animal,2025,19.99,3639,3963,71.89,2364,4110,13,22557
The Culling Of The Cows,2014,4.99,231,3446,72.22,180,4094,5,792
Grand Fantasia : ORIGIN,2024,Free,0,1183,50.78,3205,4090,0,3868
Kingdom Rush Vengeance - Tower Defense,2020,19.99,9522,10460,91.68,869,4085,90,29890
DARKEST DAYS,2025,Free,0,4720,49.36,64,4084,0,24756
JDM: Japanese Drift Master,2025,19.24,4684,5459,74.02,591,4082,26,67251
WAKFU,2014,Free,148,10650,74.42,156,4078,34,32181
沉默的蟋蟀,2023,14.99,1115,1291,85.24,1204,4075,74,5159
SOMA,2015,10.49,44681,50648,94.13,274,4072,10,128827
Prototype 2,2012,39.99,10155,15625,75.11,452,4070,43,54347
Crusaders of the Lost Idols,2015,Free,0,3033,80.00,184,4068,99,5377
Mutant Year Zero: Road to Eden,2018,34.99,13180,20394,88.22,290,4067,54,94762
KovaaK's,2018,9.99,35780,39532,91.25,380,4065,1,39879
A Plague Tale: Innocence,2019,7.99,58050,66950,91.84,564,4058,35,160809
Choo-Choo Charles,2022,19.87,15557,16977,88.70,177,4058,25,64970
DRAGON BALL: THE BREAKERS,2022,19.99,4894,6453,49.69,1509,4057,42,20775
Car Service Together,2026,19.99,2569,2841,80.08,327,4057,0,20005
Down To One,2016,4.99,1610,2141,40.56,173,4055,0,5283
SUNLESS SEA,2015,18.99,7556,9483,81.00,229,4049,54,78760
Pixel Puzzles Ultimate Jigsaw Puzzles,2022,Free,534,2769,73.36,295,4048,3343,2790
Blood Bowl 3,2023,29.99,3844,5529,49.52,1132,4045,42,21856
Vikings - Wolves of Midgard,2017,29.99,2799,4469,58.72,280,4043,39,33178
Art of War: Red Tides,2016,Free,707,6955,77.01,61,4031,0,60498
MICROVOLTS: Recharged,2023,Free,0,2579,65.37,90,4027,73,10683
Coromon,2022,3.99,6045,7698,82.42,332,4026,80,35716
Skullgirls 2nd Encore,2013,24.99,28984,41431,72.02,226,4016,45,75730
Whisper of the House,2025,14.99,4479,4810,93.40,424,4015,89,27962
Pyre,2017,19.99,8304,9250,87.76,219,4013,51,62483
Towns,2012,14.99,2386,2812,28.71,101,4011,0,4308
Destiny Warriors RPG,2015,1.26,1058,1227,52.27,269,4011,6,1474
Omerta - City of Gangsters,2013,14.99,1581,2383,65.30,215,4009,60,5602
FatalZone,2024,6.99,2132,2260,65.69,1128,4008,330,5860
The Talos Principle,2014,29.99,28915,32682,93.35,286,4007,40,177151
DR LIVESEY ROM AND DEATH EDITION,2023,0.65,12291,13657,91.80,47,4005,130,12535
Grocery Store Simulator,,7.49,0,6016,88.33,0,4004,0,10895
Grey Goo,2015,29.99,2591,4315,66.42,260,3999,35,46244
Nordic Ashes: Survivors of Ragnarok,2024,9.99,6023,6178,85.64,617,3992,232,13634
Kingdoms Reborn,2020,19.99,8695,9541,88.01,674,3990,36,97926
Andarilho,2020,4.99,1187,1295,64.31,420,3987,3,670
Space Crew: Legendary Edition,2020,15.99,1647,3115,72.31,102,3986,30,14734
Medieval Engineers,2015,9.99,5670,7287,52.01,213,3984,0,105788
theHunter Classic,2014,Free,549,44172,58.19,52,3984,170,92402
The Deed,2015,0.99,2076,3687,86.57,123,3976,17,6061
Dead Maze,2018,Free,0,4790,73.06,52,3967,26,19248
The Lord of the Rings Online™,2012,Free,171,22607,79.81,168,3965,0,87958
TopSpin 2K25,2024,19.99,1901,3940,53.28,519,3964,39,8677
WARNO,2024,39.99,13516,14990,79.08,862,3948,49,83147
Galactic Civilizations® II: Ultimate Edition,2011,9.99,947,1698,73.99,34,3946,0,3662
Chernobylite Complete Edition,2021,29.99,12293,15362,80.13,290,3944,35,99357
rush,2023,4.99,0,1259,85.12,0,3944,0,28298
Farm Manager 2018,2018,19.99,2518,2794,69.70,652,3940,32,18304
Ravenfield,2017,17.99,74728,78232,95.19,859,3939,0,123808
My Singing Monsters,2021,Free,0,46782,91.85,119,3939,0,24094
Shadow Gambit: The Cursed Crew,2023,39.99,4909,6163,88.26,533,3930,26,53852
ARK: The Survival Of The Fittest,2017,—,4602,11794,65.26,12,3929,0,70551
Darksiders™,2010,—,8402,12749,86.89,146,3929,43,16817
Bus Simulator 18,2018,14.99,8544,13440,79.38,472,3914,28,45461
Peeping Dorm Manager,2023,10.99,5984,6249,90.46,260,3914,20,39133
The Jackbox Party Pack,2014,24.99,1452,1901,86.59,175,3913,20,11219
Shift Happens,,15.99,0,4320,75.42,0,3905,0,16937
WE ARE FOOTBALL,2021,24.99,835,1448,74.35,2673,3905,42,5569
The Jackbox Party Pack 4,2017,24.99,2458,3374,91.15,238,3902,20,8181
Astrea: Six-Sided Oracles,2023,24.99,2958,4430,88.32,289,3900,80,17893
NARUTO X BORUTO Ultimate Ninja STORM CONNECTIONS,2023,33.99,3516,4785,59.28,698,3897,45,35487
Automobilista 2,2020,39.99,11203,14902,89.36,253,3896,0,48237
Tomb Raider IV-VI Remastered,2025,29.99,1384,1624,83.94,611,3893,168,15332
Gothic Playable Teaser,2019,—,10322,15236,68.92,41,3888,25,30234
PC Building Simulator,2019,19.99,41859,52426,91.88,355,3884,94,172427
Cauldron,2025,7.49,1510,1578,88.45,693,3881,100,5172
Heat Signature,2017,14.99,6786,7339,91.43,407,3877,70,38754
Wizard with a Gun,2023,7.49,2822,3819,77.83,245,3866,46,49843
Wreckfest,2018,29.99,29900,39824,86.58,409,3865,20,131676
Trimps,2022,Free,0,1425,86.22,1227,3865,87,1595
Wild Terra 2: New Lands,2022,39.98,1272,3349,52.03,56,3859,56,20935
Save Jesus,2016,4.99,1471,2236,85.66,194,3855,17,1460
Ropuka's Idle Island,2025,2.99,3740,3955,92.06,1037,3850,31,6381
Intravenous,2021,3.99,2758,5373,86.94,109,3849,45,14120
Hellslave,2022,19.99,638,3162,82.06,97,3840,43,9384
Digger Online,2015,7.99,1272,17864,48.92,43,3837,0,8281
Ashes of the Singularity: Escalation,2016,29.99,2665,4929,72.21,189,3831,54,28571
Men of War II,2024,44.99,5460,7227,60.52,1568,3829,318,49750
Creeper World 4,2020,24.99,4455,4629,91.40,804,3828,29,23123
Kaiju Princess 2,2024,17.99,2891,2989,93.31,361,3828,54,17036
Red Solstice 2: Survivors,2021,10.33,2576,3298,67.96,629,3826,99,32834
Train Simulator Classic,2015,29.99,19142,29054,70.52,259,3821,1384,84851
VEGA Conflict,2015,Free,0,4986,57.79,152,3814,40,27386
Agarest: Generations of War,2014,14.99,1667,1866,69.07,272,3813,50,9487
The Ship: Murder Party,2006,9.99,2558,5953,83.11,162,3811,0,14280
Castlevania: Lords of Shadow 2,2014,39.99,4735,6328,82.24,486,3802,56,22018
Ace Combat Assault Horizon - Enhanced Edition,2013,—,3233,5225,57.33,119,3795,50,7967
Banishers: Ghosts of New Eden,2024,49.80,5964,8542,82.37,408,3791,43,55914
Ghost Exorcism INC.,2021,11.99,4261,5446,73.71,292,3791,59,23812
Town of Salem,2014,4.99,30934,36324,86.34,468,3787,361,36717
New Cycle,2024,29.99,2522,2790,76.76,507,3782,55,69112
TaskPals,2023,2.99,0,1092,86.52,0,3778,0,898
Relic Hunters Zero: Remix,2015,Free,0,6753,90.12,71,3777,44,18573
Dawn of Defiance,2024,12.99,1648,1754,74.94,619,3771,0,32249
Thriving City: Song,2024,18.99,2964,3282,78.42,726,3766,88,26497
Peglin,2024,19.99,16165,17210,81.95,723,3764,52,32878
Baldur's Gate: Enhanced Edition,2013,19.99,14957,17480,90.14,295,3756,129,47521
Trine 2: Complete Story,2013,19.99,15189,21938,93.05,218,3755,97,38680
Town of Salem 2,2023,Free,3952,8811,69.08,52,3755,482,8901
Cyberdimension Neptunia: 4 Goddesses Online,2018,29.99,3912,4698,84.31,319,3750,50,31932
Firework,2021,9.99,40643,43872,95.80,217,3746,10,35386
Horizon Walker,2025,Free,0,2014,70.39,2795,3746,0,14283
SUPERHOT: MIND CONTROL DELETE,2020,9.99,9067,12488,82.10,126,3746,14,12481
M.A.R.S.,2021,Free,0,1149,62.06,109,3741,42,3910
Death's Door,2021,19.99,18480,21123,91.03,344,3740,24,64844
The Lost Village,2022,11.99,0,7309,75.45,0,3740,0,22927
SteamWorld Dig 2,2017,1.99,5524,8859,92.50,205,3736,34,21243
Space Pirates and Zombies,2011,9.99,2212,3146,87.11,212,3735,48,4922
Backpack Hero,2023,16.23,7284,8300,84.42,706,3733,35,32482
Secret World Legends,2017,Free,4418,9196,66.33,329,3731,0,47511
Dreadnought,,—,0,6614,67.06,0,3727,0,34044
Incremental Epic Hero 2,2025,Free,0,1625,69.62,1790,3723,31,2829
The Surge 2,2019,2.99,7129,9181,74.14,248,3719,57,45074
Blacksmith Master,2025,19.99,2285,2497,80.90,414,3715,72,30439
Drop Duchy,2025,14.99,2703,2819,86.21,290,3715,181,20940
Little Witch Nobeta,2022,24.99,10680,11521,80.49,283,3707,42,47843
STORY OF SEASONS: Friends of Mineral Town,2020,39.99,5159,5644,90.17,656,3706,35,31431
Dragonkin: The Banished,2026,24.99,1796,2141,72.06,974,3705,44,25965
Cubic Odyssey,2025,24.99,2316,2490,71.55,618,3705,37,22561
Eldegarde,2026,—,4676,5786,61.19,216,3698,0,42669
PAC-MAN™ Championship Edition DX+,2013,9.99,4872,8117,92.49,66,3694,12,7173
Knock on the Coffin Lid,2024,24.99,2660,2843,80.83,741,3690,226,68005
CryoFall,2021,19.99,4862,6408,76.49,312,3681,52,33077
Supermarket Simulator: Prologue,2024,Free,0,4552,90.07,76,3681,0,7394
Achievements printer,2018,0.59,1501,1895,81.50,185,3678,3003,794
Faeria,2017,19.99,1495,7182,81.25,132,3675,59,25948
Above Snakes: Prologue,2023,Free,0,1860,85.80,52,3672,0,7527
Hammerwatch II,2023,24.99,1856,2202,60.44,473,3671,37,16212
SpellForce: Conquest of Eo,2023,29.99,2074,2571,77.68,585,3669,101,25704
MARVEL Cosmic Invasion,2025,29.99,1729,1893,84.18,189,3668,35,22890
Kao the Kangaroo: Round 2 (2003 re-release),2019,1.99,2588,7922,90.32,39,3667,9,5132
Last Year,2019,Free,4508,9743,61.08,70,3666,0,21385
KLETKA,2026,9.99,5315,6549,87.98,293,3663,40,26025
News Tower,2025,24.99,4007,4225,90.77,441,3662,41,29033
Discounty,2025,19.99,2029,2432,79.41,476,3662,17,14974
F1 2012™,2012,—,2870,4214,89.84,741,3654,49,6181
Crime Scene Cleaner: Prologue,2024,Free,0,5340,91.40,76,3651,0,7466
Depersonalization,2024,13.99,5912,6689,90.04,195,3628,122,42840
Motor Town: Behind The Wheel,2021,19.99,7972,8599,91.01,1061,3622,25,32898
SYNDUALITY Echo of Ada,2025,24.49,3035,3426,42.37,366,3622,31,26894
Real Pool 3D - Poolians,2018,Free,0,19131,74.62,111,3618,13,10481
Parcel Simulator,2025,17.99,2374,2417,89.63,989,3617,24,9361
Armello,2015,24.99,10958,15975,80.15,376,3614,50,88460
DYSMANTLE,2021,19.99,10796,11350,88.28,640,3614,34,61135
Goat Simulator 3,2024,29.99,12858,14845,95.11,352,3613,64,28824
Dark Hours: Prologue,2024,Free,0,5499,85.49,68,3611,0,10229
StarDrive 2,2015,29.99,1928,2096,54.77,820,3609,34,17744
MineMogul,2025,14.99,3511,3567,92.30,430,3605,0,24886
Autonauts,2019,19.99,3563,4920,86.51,406,3598,26,20677
Talisman: Digital Classic Edition,2014,6.99,5515,9936,76.51,281,3590,255,19799
Old World,2022,3.99,5545,6339,79.97,255,3589,408,78290
Wargame: European Escalation,2012,9.99,2591,3386,75.52,191,3588,29,10034
Han Xiongnu Wars,2017,6.99,2194,4105,59.14,2885,3580,0,12658
Metal: Hellsinger,2022,29.99,13762,16704,93.38,154,3569,28,57356
STEINS;GATE,2016,29.99,23913,25491,94.84,244,3565,42,101107
The Great War: Western Front™,2023,5.24,2637,3191,64.96,523,3564,12,32943
Shadows of Doubt,2024,12.49,14188,17187,80.87,574,3562,35,86208
Through Abandoned: The Underground City,2015,0.99,650,1012,73.44,341,3561,5,621
GRID Autosport,2014,—,5171,8706,76.21,322,3554,60,21813
Hozy,2026,14.99,1938,2037,79.02,135,3551,9,22668
Wall World 2,2025,7.19,1520,1677,72.82,652,3550,49,10153
Five Nights at Freddy's: Sister Location,2016,7.99,11258,12418,87.78,116,3549,0,41117
Monsters are Coming! Rock & Road,2025,8.99,2170,2282,77.57,393,3544,30,18947
RAIDOU Remastered: The Mystery of the Soulless Army,2025,49.99,951,1356,88.29,1013,3544,42,13552
Dwarven Realms,2024,9.99,2742,3474,79.73,320,3541,199,10290
Fistful of Frags,2014,Free,473,36755,89.68,99,3537,20,71547
Plebby Quest: The Crusades,2020,19.99,2593,2874,82.36,770,3533,106,11680
Internet Cafe Simulator 2,2022,19.99,12102,13008,72.07,349,3527,23,23804
Beasts of Bermuda,2018,19.99,8246,9535,68.06,2999,3523,0,27002
Action Taimanin,2020,Free,0,19236,81.37,56,3521,0,69012
Aperture Desk Job,2022,Free,0,24686,92.75,32,3519,0,19943
Kingdom: New Lands,2016,14.99,9965,12176,83.52,299,3518,34,45276
Nobody Saves the World,2022,24.99,5577,6644,88.24,250,3517,41,40446
Persona 3 Portable,2023,19.99,4540,5480,78.19,269,3515,36,21700
The Guild 3,2022,29.99,6990,7851,59.94,723,3513,26,106644
DUCKSIDE,2024,14.99,2613,2997,70.88,382,3513,0,33712
反转21克,2024,8.99,1024,1132,69.89,547,3511,30,7428
Windward,2015,9.99,2665,3625,77.18,183,3510,31,56094
Space Hulk,2013,—,1540,2045,68.75,87,3505,28,6329
Cooking Simulator,2019,19.99,17526,19401,82.93,292,3500,302,72037
Skyforge,2017,—,0,4361,58.83,142,3499,52,23337
PANICORE,2024,9.99,10345,12499,77.48,198,3498,30,28613
Worm.is: The Game,2016,Free,0,4695,78.84,71,3498,0,5756
Holdfast: Nations At War,2020,19.99,25220,28033,88.10,290,3493,38,94473
Starcom: Unknown Space,2024,12.49,4173,4183,89.30,1291,3491,23,32158
Warlock - Master of the Arcane,2012,24.99,994,2625,82.79,173,3490,0,6130
Rento Fortune: Online Dice Board Game (大富翁),2017,4.99,3039,3459,50.36,273,3485,30,15019
Panzer Corps 2,2020,39.99,3416,4077,81.90,949,3480,120,26373
Deconstruction Simulator,2025,19.99,1205,1385,74.81,787,3476,20,11279
Yakuza Kiwami (Legacy),2019,—,17195,23237,90.95,1277,3474,55,44498
DEFCON,2006,11.99,3420,4290,84.44,44,3474,22,5627
Techtonica,2024,8.99,3001,3185,63.61,454,3472,24,44298
Dungeon Fighter Online,2016,Free,0,5656,59.90,210,3469,156,19706
To The Core,2023,7.99,4975,5078,89.55,556,3467,19,6726
ArcheBlade™,2014,Free,0,7614,71.78,67,3460,77,35840
SIFU Kidnapped! Adventure in the Women's Kingdom,2026,9.99,2683,2716,92.70,811,3459,34,3301
SYNTHETIK: Legion Rising,2018,19.99,10046,13016,91.38,403,3458,27,25044
Bendy and the Ink Machine,2017,5.99,23799,34481,87.31,73,3457,61,58221
GUILTY GEAR Xrd REV 2,2016,9.89,7908,10926,91.65,299,3455,42,32875
BUNNY GARDEN,2024,24.99,1141,1190,87.92,544,3454,23,18077
Moonstone Island,2023,19.99,3786,4731,81.42,195,3451,59,47075
This Is the Police 2,2018,14.99,5238,6470,73.46,312,3451,12,30475
Tales of Vesperia: Definitive Edition,2019,49.99,3702,4801,78.89,337,3450,53,32837
Mining Mechs,2023,2.99,2273,2408,86.42,512,3450,76,3901
Call of Cthulhu®,2018,2.99,10474,13350,77.54,323,3449,49,73854
10 Minutes Till Dawn,2022,—,0,4160,91.85,76,3444,0,5503
Firefighting Simulator: Ignite,2025,34.99,1604,2095,78.16,571,3442,58,16698
LARA CROFT AND THE TEMPLE OF OSIRIS™,2014,19.99,1242,4362,67.10,43,3438,40,14126
FREEDOM WARS Remastered,2025,39.99,1183,1314,67.17,1416,3438,44,10455
He is Coming,2025,19.99,3416,3729,82.07,211,3436,22,22834
CrossCode,2018,4.99,15673,17692,90.58,753,3429,86,76635
Digimon Story Cyber Sleuth: Complete Edition,2019,49.99,10380,12705,87.73,789,3429,103,38884
DON'T SCREAM TOGETHER,2025,7.99,1855,2157,52.90,103,3426,21,12635
Pixel Puzzles: Japan,2014,Free,422,2659,78.15,324,3423,26,680
Secrets of Grindea,2024,14.99,6917,8503,86.53,916,3419,69,75895
Victoria II,2010,4.99,16402,19899,90.02,576,3419,0,34639
EverSiege: Untold Ages,2026,19.99,1364,1417,69.01,1141,3411,80,12740
Train Fever,2014,19.99,2764,3522,63.19,888,3406,39,17254
Snake Pass,2017,19.99,1163,3302,77.20,149,3406,33,10827
Your Only Move Is HUSTLE,2023,4.99,35062,40973,94.52,397,3405,22,36279
Dungeon Rampage,2025,9.99,2684,2973,88.92,816,3401,0,29744
Jotunnslayer: Hordes of Hel,2025,10.04,6851,7228,80.40,305,3397,38,33499
Look Outside,2025,6.99,10914,11754,95.54,455,3391,152,23404
Grand Theft Auto: San Andreas,2008,—,70037,82999,90.66,177,3387,0,99144
Keep Talking and Nobody Explodes,2015,14.99,14005,16725,94.83,147,3386,10,118825
Greyfox RPG,2015,1.26,1722,2025,73.68,262,3385,16,1800
FreshWomen - Season 1,2022,13.99,17192,18495,92.87,222,3383,51,101377
Suzerain,2020,19.99,9950,11134,90.06,497,3382,220,23779
The Rise of the Golden Idol,2024,19.99,3521,3840,89.27,1275,3382,46,10452
Dungeon Rushers,2016,14.99,790,1233,60.92,456,3371,23,13070
DRAGON QUEST BUILDERS™ 2,2019,49.99,6714,7863,89.48,2118,3358,31,46057
Day of Dragons,2019,19.99,6126,7717,64.22,3075,3357,0,30271
SHINOBI: Art of Vengeance,2025,29.99,2984,4161,79.75,483,3355,29,20386
Stay Out,2019,Free,0,29811,67.73,42,3354,0,62783
Zombie Army 4: Dead War,2021,47.98,8876,10696,84.02,407,3352,70,48641
Initial Drift Online,2023,4.99,3194,5611,61.74,15,3352,36,7734
Danganronpa 2: Goodbye Despair,2016,19.99,28768,30428,93.87,1251,3344,47,54137
Company of Heroes - Legacy Edition,2007,7.39,4756,7210,90.33,85,3344,0,32693
The Last Starship,2026,19.99,1375,1444,72.63,709,3343,37,32768
Firestone – Idle Clicker Online RPG,2024,Free,0,6698,75.33,302,3343,75,6028
Aeons Echo,2024,Free,0,4378,71.75,51,3341,0,29018
Despotism 3k,2018,7.99,1000,3797,74.77,48,3341,30,7595
Everlusting Life,2025,Free,0,3414,49.68,775,3340,31,11398
"Yes, Your Grace",2020,19.99,12082,13662,85.00,265,3337,35,40299
The ball,2025,9.99,0,1139,71.36,0,3337,0,3920
Milky Way Idle,2025,Free,0,2175,46.75,7560,3337,77,1551
Gladiator Guild Manager,2024,14.99,3639,3882,78.70,365,3335,51,23719
Ancestors: The Humankind Odyssey,2020,39.99,9249,11381,77.12,150,3334,13,89690
Dungreed,2018,9.99,8910,9522,90.58,868,3332,24,26092
Police Simulator: Patrol Officers,2022,29.99,17959,21826,74.92,457,3330,20,88477
Beyond: Two Souls,2020,19.99,33787,39466,86.36,250,3330,45,59303
NORSE: Oath of Blood,2026,34.99,2211,2514,54.25,1153,3329,20,26199
Supraball,2019,Free,293,3231,74.63,77,3329,36,10230
DCS World Steam Edition,2013,Free,698,39981,83.56,64,3328,0,319735
Knightfall: A Daring Journey,2022,Free,2680,8131,86.72,41,3328,0,16819
OPERATOR,2023,9.99,4611,4816,80.69,331,3327,26,28518
OPERATOR,2023,9.99,4607,4816,80.69,331,3327,26,28518
Whiskerwood,2025,29.99,2506,2834,89.12,788,3320,21,37719
Occupy Mars: The Game,2026,17.99,2598,3028,68.55,148,3319,46,62657
Hue,2016,14.99,1609,11160,89.90,47,3316,13,6165
Journey,,3.74,0,37251,92.28,0,3313,0,77082
Arena of Kings,2021,Free,0,1659,71.87,98,3310,0,2585
Neighbors: Suburban Warfare,2025,9.99,1849,2132,65.12,312,3308,18,23555
Creeper World 3: Arc Eternal,2014,14.99,4041,4769,92.79,1148,3303,139,12904
RWBY: Grimm Eclipse,2016,19.99,9801,11589,78.96,205,3298,37,127512
Pathologic 3,2026,34.99,2214,2429,78.80,629,3296,72,23624
PATAPON 1+2 REPLAY,2025,29.99,1952,2216,80.76,128,3296,38,21823
Tainted Grail: Conquest,2021,19.99,7389,8144,87.52,401,3294,40,41975
Dungeons 3,2017,29.99,12577,18627,91.91,328,3289,60,53455
上帝之城 I：监狱帝国 [City of God I - Prison Empire],2018,18.99,1543,1910,67.71,690,3284,42,9685
Craft The World,2014,18.99,14861,16847,86.30,803,3283,94,111394
"Warhammer® 40,000: Dawn of War® - Soulstorm",2008,—,13480,18321,92.69,516,3283,0,17302
Keep on Mining!,2025,3.24,7605,7671,90.81,289,3283,22,5431
Cube Racer,2017,Free,0,2314,85.78,187,3283,24,3097
Neon White,2022,9.99,16582,19768,95.57,608,3277,63,34393
BLACK STIGMA,2025,Free,0,1286,67.19,0,3276,40,14457
SCP: Containment Breach Multiplayer,2021,Free,0,28033,81.99,0,3275,41,26614
Secret of Mana,2018,39.99,2373,2870,66.82,716,3261,37,42613
Richman 11,2022,18.99,1958,2859,47.57,527,3258,57,10956
Ryse: Son of Rome,2014,9.99,37041,43930,85.54,281,3257,73,102298
OpenTTD,2021,9.99,0,16440,92.79,0,3254,0,24472
PUBG: BLINDSPOT,2026,—,0,3508,67.78,54,3251,0,12759
Night Swarm,2025,9.99,1013,1113,75.94,1179,3248,44,5371
Gachi Heroes,2018,0.99,1698,2269,89.39,250,3247,88,1635
UnderMine,2020,19.99,9202,9758,87.83,555,3245,96,43503
"Warhammer 40,000: Dawn of War - Anniversary Edition",2007,14.99,8676,11788,92.02,120,3241,0,23996
ICEY,2016,10.99,24828,27514,88.09,215,3240,34,103447
War Robots,2018,Free,0,29557,59.64,84,3237,0,31795
Fish to Dish: Idle Sushi,2025,5.99,2037,2166,92.01,12531,3237,93,4018
Flotsam,2025,24.99,3976,4274,77.81,502,3234,42,56356
Yakuza Kiwami 2 (Legacy),2019,—,13605,17569,92.52,1883,3229,59,35201
Inkbound,2024,29.99,3543,3957,83.74,670,3229,39,25043
Deceit 2,2023,Free,995,6409,57.40,66,3228,10,16437
Farm Manager 2021,2021,18.68,2253,2346,76.26,438,3227,33,26892
Madden NFL 21,2020,—,3559,5159,50.44,2381,3226,28,5921
Pavlov,2024,24.99,37797,40473,87.32,335,3221,0,51840
New kind of adventure,2015,1.99,848,1519,42.82,211,3215,0,387
UNBEATABLE,2025,27.99,4896,5732,89.34,180,3214,44,32640
Five Nights at Freddy's 3,2015,7.99,10116,11072,87.82,97,3212,0,38482
I Am Future: Cozy Apocalypse Survival,2024,19.18,3894,4523,82.46,516,3195,47,32166
Zort,2024,4.00,10987,13197,88.08,175,3191,20,21305
Sifu,2023,9.99,19365,25915,90.15,201,3189,61,71062
Nosferatu: The Wrath of Malachi,2014,2.99,1526,3157,84.00,114,3188,0,6456
Caster,2009,9.99,3338,3955,76.99,76,3184,0,1111
Terminator: Dark Fate - Defiance,2024,39.99,3230,4191,80.31,1167,3183,80,30142
Pacify,2019,4.99,32563,42409,84.75,128,3173,52,66690
Knightica,2025,14.99,1073,1116,71.66,1249,3170,40,4863
OMORI,2020,19.99,77572,86086,95.57,581,3166,84,105957
Time Walker: Dark World,2023,4.99,1414,1486,82.13,494,3164,44,4248
A Little to the Left,2022,14.99,15636,17639,89.54,271,3158,65,54678
TurretGirls,2025,9.99,1501,1540,80.58,158,3158,20,13206
Blade Symphony,2014,Free,2855,4691,64.33,120,3155,26,17998
Revenge of the Titans,2011,14.99,660,1249,78.04,133,3155,77,2740
Wreckfest 2,2025,34.99,4862,5055,71.89,157,3153,0,43908
Slingshot people,2016,0.99,135,1181,41.46,210,3153,0,1584
Cataclismo,2025,29.99,3674,4095,86.18,313,3152,43,66988
Longvinter,2025,19.99,6773,7527,66.21,581,3152,50,40497
The Coffin of Andy and Leyley,2023,11.99,33733,36286,94.09,290,3150,20,84123
Half-Life: Blue Shift,2001,4.99,17924,20443,90.45,105,3145,0,9387
KUBOOM,2016,Free,104,4398,62.17,116,3145,0,5968
Cultist Simulator,2018,7.99,10420,14114,77.51,242,3143,83,44302
FPS Chess,2022,Free,0,41676,82.70,0,3142,0,9514
Stealth Inc 2: A Game of Clones,2015,14.99,120,1038,72.46,198,3142,12,1637
Atom Zombie Smasher,2011,9.99,1093,2086,85.76,80,3139,40,2188
DICEOMANCER,2024,14.99,4616,5460,92.71,525,3137,34,16121
Mist Survival,2018,10.99,13358,14059,74.64,423,3136,0,88249
Act of Aggression - Reboot Edition,2015,29.99,2454,3291,65.24,302,3131,85,35302
Defend Your Life: TD,2015,9.99,575,1091,75.96,188,3130,20,1306
Legend of Keepers: Career of a Dungeon Manager,2021,19.99,3885,4651,76.42,493,3127,24,36908
Flesh Eaters,2016,2.49,861,1346,68.43,210,3127,9,2116
Aethermancer,2025,21.99,2164,2239,87.60,391,3123,0,33783
Anna's Quest,2015,19.99,1784,2495,84.48,251,3119,39,5557
Fate/EXTELLA LINK,2019,49.99,4144,4670,89.40,444,3118,44,41251
Remember Me,2025,5.99,0,16683,81.37,0,3117,6,40024
Deponia,2012,9.99,9888,13248,84.56,221,3117,19,13416
Endorlight,2016,0.99,142,1405,59.12,266,3110,0,645
Will To Live Online,2018,Free,1966,18166,68.43,72,3108,0,70869
SteamWorld Build,2023,4.99,1790,2107,80.78,351,3108,28,28364
StarDrive,2013,29.99,1249,1484,45.33,70,3106,0,2109
Railway Empire 2,2023,27.49,1851,2533,70.64,1276,3104,87,20799
Songs of Syx,2020,24.99,7485,7844,92.18,1308,3103,34,59215
Blackthorn Arena,2020,24.99,3477,3778,67.29,1109,3098,29,13633
UnEpic,2014,12.99,5336,8128,88.65,315,3095,57,34709
Crisis in the Kremlin,2017,4.99,1355,1445,80.21,449,3095,42,6320
This Is the Police,2016,14.99,8996,11055,80.48,384,3093,10,56692
F.E.A.R. 3,2011,19.99,7248,13450,69.69,209,3090,50,20908
The Expendabros,2014,Free,173,18230,94.76,74,3088,0,31620
Train Sim World® 2,2020,19.99,7031,8222,79.46,438,3086,435,27164
Hatred,2015,5.99,23868,27723,82.78,129,3085,74,46687
Home Behind,2016,5.99,4987,6101,81.81,463,3083,35,30782
The Last Flame,2025,19.99,2625,2809,81.97,654,3083,62,11587
XERA: Survival,2021,Free,1897,7884,65.19,166,3079,0,29620
FINAL FANTASY,2021,11.99,7505,8042,91.94,767,3079,24,12850
ANVIL,,24.99,0,2200,60.04,0,3078,0,12822
Shadows Over Loathing,2022,22.99,3048,3249,92.02,832,3077,37,14985
Cry of Fear,2013,Free,296,82893,87.52,68,3075,0,78768
Morimens,2024,Free,0,3810,79.87,274,3074,33,9103
America's Army: Proving Grounds,2013,Free,126,11010,77.08,54,3073,100,57625
Ember Knights,2023,7.99,5815,6744,90.91,753,3073,135,27870
Barn Finders,2020,4.99,3908,4354,79.53,599,3069,47,18116
FINAL FANTASY VIII - REMASTERED,2019,19.99,4534,5282,73.03,148,3068,34,25715
WARMODE,2019,Free,329,16380,61.37,53,3066,0,33096
Temtem: Swarm,2026,9.09,2224,2433,76.37,870,3064,137,12720
Gang Beasts,2017,19.99,51936,64004,84.12,160,3062,19,251521
Regions Of Ruin,2018,11.99,1952,4621,83.46,70,3062,20,14297
Partisans 1941,2020,29.99,7393,8602,79.72,312,3061,30,50208
Hard West 2,2022,5.99,2633,3046,78.91,458,3058,38,24718
Anomaly 2,2013,14.99,435,1057,75.60,202,3055,65,4070
Curious Expedition 2,2021,19.99,3804,4089,86.01,666,3043,60,21414
Dreaming Sarah,2015,5.99,2286,2856,86.95,265,3038,22,4249
Endless Sky,2015,Free,0,6947,89.36,55,3035,0,26402
Warriors of the Nile,2020,12.99,2402,2536,75.92,1360,3034,39,4576
Pagan: Absent Gods,2019,19.99,2500,2786,50.00,483,3030,123,22514
"Little Kitty, Big City",2024,24.99,9925,13228,94.15,149,3028,39,64221
Bear and Breakfast,2022,19.99,4464,5230,86.64,469,3027,43,28596
Racer 8,2014,4.99,0,1311,45.44,203,3025,0,320
GOAT OF DUTY,2019,4.99,548,4060,82.38,16,3018,31,10948
ARMA: Cold War Assault,2011,4.99,2255,6219,77.63,22,3017,0,10452
Mall Simulator,2025,13.99,2579,2720,86.97,674,3014,70,8873
Defender's Quest: Valley of the Forgotten (DX edition),2012,14.99,2706,3493,91.24,978,3014,30,8255
Senren＊Banka,2020,34.99,32311,35603,96.51,756,3013,26,78654
Desktop Dungeons,2023,14.99,1129,2341,80.50,69,3012,35,12790
SpiderHeck,2022,14.99,3710,6169,89.60,124,3011,39,15360
Gems of War - Puzzle RPG,2014,Free,0,10703,76.94,360,3007,159,12467
Karate Survivor,2024,4.99,2861,3187,82.17,252,3007,22,7652
Space Farmers,2014,9.99,247,1785,71.03,156,3007,23,1263
Kandidatos,2020,0.99,3379,4284,87.10,51,3006,0,2651
Need For Speed: Hot Pursuit,2010,—,17429,19984,80.96,235,3005,0,49989
Curse of the Dead Gods,2021,3.99,7634,9008,81.59,226,3004,30,59224
Strike Force Heroes,2023,19.99,3993,4510,78.27,651,3004,44,27222
Lovely Planet,2014,5.99,1367,2685,86.78,180,2999,14,4988
Nunholy,2025,5.35,4814,5042,86.13,298,2998,8,29231
Zombie Panic! Source,2008,Free,0,7830,82.51,39,2996,106,49879
Lost Records: Bloom & Rage,2025,39.99,5402,5853,83.63,923,2996,49,29696
Dicey Dungeons,2019,14.99,10114,11524,87.03,390,2994,53,25753
Cuisineer,2023,24.99,1780,2045,74.73,764,2994,70,18199
Moonlighter 2: The Endless Vault,2025,26.98,2077,2586,82.73,585,2992,39,34629
BlazBlue: Cross Tag Battle,2019,19.99,3248,4610,77.79,289,2990,42,23106
Toram Online,2021,Free,0,5841,75.94,158,2989,0,12378
Halcyon 6: Starbase Commander,2016,14.99,961,1312,79.94,340,2988,69,23862
Escape Memoirs: Mini Stories,2022,Free,0,5912,81.45,102,2987,15,5864
Recettear: An Item Shop's Tale,2010,19.99,6601,7435,92.89,405,2986,0,16837
Command & Conquer™ Red Alert™ 3,2009,19.88,14300,15677,83.30,262,2984,0,57046
Caveman World: Mountains of Unga Boonga,2016,1.99,437,1466,71.34,189,2982,14,1445
High On Life 2,2026,59.99,1806,2118,69.00,378,2980,31,14747
CRYPTARK,2017,3.74,903,1912,79.14,43,2975,27,11969
That's not my Neighbor,2025,2.99,4032,4233,85.47,89,2975,18,10505
Doloc Town,2025,14.99,1718,2235,91.46,1224,2973,43,15733
Voyagers of Nera,2025,19.79,1707,2212,81.63,375,2968,0,39785
Villagers and Heroes,2014,Free,0,3431,60.32,38,2964,0,20314
Cornerpond,2025,2.99,2420,2588,92.75,4031,2962,52,3283
Pixel Puzzles 2: Anime,2015,0.74,177,1009,71.47,233,2960,27,888
The Censor DX Edition,2025,17.99,1150,1219,78.91,319,2959,50,25345
Immortal Life,2024,16.99,3772,4267,77.67,1428,2952,72,24036
Derail Valley,2019,39.99,8567,8884,93.58,2810,2950,0,29
Fate/EXTELLA,2017,39.99,4056,4436,87.65,466,2946,53,56586
Gatekeeper,2025,9.74,2617,3176,80.92,374,2946,81,21751
Company of Heroes: Tales of Valor,2009,3.99,1618,2371,88.44,75,2945,0,11764
The Last Stand: Aftermath,2021,24.99,5886,6566,78.48,406,2942,35,71376
Stronghold Crusader HD (2012),2013,9.99,17288,20766,95.16,245,2942,0,19635
Synergy,2025,Free,643,11523,86.80,170,2940,16,26638
Synergy,2025,Free,642,11523,86.80,170,2940,16,26638
ATOM RPG: Post-apocalyptic indie game,2018,14.99,10620,11211,80.19,474,2938,36,67782
ANNO: Mutationem,2022,24.29,5703,6453,78.66,225,2938,36,60457
Disgaea PC,2016,19.99,4240,4761,84.30,167,2937,30,40704
Grim Legends: The Forsaken Bride,2014,14.99,1044,1694,90.61,316,2931,24,2691
We Were Here Together,2019,4.93,14110,17236,80.66,340,2930,22,49117
Idol Manager,2021,19.99,3717,4043,84.43,524,2930,102,22944
Little Fighter 2 Remastered,2025,11.91,1693,1750,74.63,102,2929,83,14950
NASCAR 25,2025,59.99,1463,1507,69.80,1290,2929,17,6950
Drova - Forsaken Kin,2024,24.99,8853,9135,91.34,367,2928,52,54596
Darksiders II Deathinitive Edition,2015,29.99,15600,19877,77.17,409,2927,50,37526
Rivals of Aether,2017,29.99,32748,37494,94.02,379,2922,36,61177
Brick Rigs,2023,14.99,50906,56395,93.20,659,2920,0,70434
Spelunky,2013,14.99,14551,16543,89.88,158,2919,20,28145
The Night of the Rabbit,2013,19.99,2679,3353,86.18,218,2918,17,6014
The Thaumaturge,2024,13.99,3582,5466,80.53,754,2913,57,59807
Caves of Qud,2024,29.99,11389,12129,92.60,444,2912,150,49693
Trainee Death Simulator,2024,5.99,1702,1958,88.89,191,2912,30,7879
Sixtieth Kilometer,2016,4.99,1437,1662,74.28,294,2911,0,976
Inferna,2019,Free,0,2210,61.30,81,2907,0,7046
The Last Tinker™: City of Colors,2014,19.99,819,1045,76.80,296,2907,14,2359
Darksiders Warmastered Edition,2016,19.99,13142,17919,85.88,242,2904,43,20586
Age of History II,2018,5.99,46959,49330,88.32,713,2901,21,56705
Expeditions: Viking,2017,29.99,3234,4129,80.55,309,2901,40,34559
Russian Life Simulator,2019,0.49,7058,8239,86.16,143,2901,100,9661
Welcome to ParadiZe,2024,29.99,974,1257,65.00,317,2900,40,19885
FlyKnight,2025,5.99,10005,11214,93.56,133,2897,5,20299
Eternal Card Game,2018,Free,191,7009,75.16,182,2894,176,14649
The Death | Thần Trùng,2022,5.99,2793,2976,87.40,99,2894,2,7253
Rhythm Doctor,2025,19.99,24076,26020,95.96,253,2892,34,45996
BOOK OF HOURS,2023,24.99,4555,4910,82.19,805,2892,95,27784
Gravewood High,2023,Free,0,1123,55.52,39,2891,14,5386
Void Bastards,2019,29.99,3854,5388,83.05,179,2886,24,39295
Dealer's Life 2,2022,14.99,3879,4122,82.31,767,2884,51,14050
Indivisible,2019,2.99,2418,3674,69.26,86,2883,29,40929
Call to Arms,2018,14.99,17194,23895,77.97,224,2882,124,98630
Vampires: Bloodlord Rising,2026,19.99,1301,1486,70.64,267,2882,47,37809
Emergency Call 112 – The Fire Fighting Simulation 2,2021,29.99,4153,5611,60.42,649,2880,0,14353
METAL SLUG 3,2014,7.99,6756,8934,87.18,91,2879,30,19313
Golf It!,2023,8.99,24278,30586,88.66,306,2877,44,37555
Dungeon Defenders: Awakened,2020,14.99,3235,4800,64.79,830,2877,95,19125
Shovel Knight: Treasure Trove,2014,39.99,13913,16580,93.18,383,2875,138,61503
Hand of Fate 2,2017,29.99,5225,5763,81.81,272,2873,99,60353
AdVenture Communist,2016,Free,163,4668,63.36,94,2871,0,4375
A Date with Death,2023,Free,373,13337,95.32,359,2870,17,29534
Destroy All Humans! 2 - Reprobed,2022,39.99,2189,3071,75.67,262,2870,44,21539
The Bridge Curse 2: The Extrication,2024,24.99,2323,2984,89.86,337,2862,26,10461
The Walking Trade,2026,9.99,1572,1589,83.46,467,2857,33,8185
Quiplash,2015,9.99,985,2249,85.72,25,2855,10,7571
Dungeons & Dragons Online®,2012,Free,0,7761,69.88,185,2854,0,39
Pocket Waifu: Desktop Pet,2024,Free,0,1636,88.94,0,2852,39,3400
Die in the Dungeon,2025,14.99,2511,2768,88.22,496,2848,51,14663
Relic Hunters Legend,2025,19.99,1091,1267,66.98,512,2847,18,31040
Agony,2018,14.99,2251,2933,46.82,77,2845,35,51765
AI: THE SOMNIUM FILES - nirvanA Initiative,2022,39.99,3445,3612,83.24,1356,2845,49,13773
Stronghold 3 Gold,2012,29.99,2939,4766,34.12,227,2844,0,10877
BATTLE CRUSH,2024,—,0,1727,50.85,49,2840,0,10829
Hentai Police,2020,0.49,2041,2916,78.69,115,2840,100,9545
The Mean Greens - Plastic Warfare,2015,9.99,8283,10221,79.63,76,2836,24,38188
West of Loathing,2017,10.99,9555,10146,94.74,691,2835,28,33788
BLACK SOULS II,2025,13.99,3496,3660,93.65,1299,2835,102,14158
Mycopunk,2025,14.99,3606,4141,85.72,333,2832,35,22075
There's Poop In My Soup,2016,0.99,3682,4535,86.05,261,2826,22,4136
The Universim,2024,29.99,8359,10498,78.19,550,2825,60,192118
How to Survive 2,2016,3.74,8632,10991,67.95,285,2823,49,71304
Nova Lands,2023,9.99,2444,3363,86.02,594,2822,24,23959
SONIC SUPERSTARS,2023,59.99,2659,3550,67.00,195,2820,38,11823
The Exit 8,2023,2.79,9929,10387,90.56,65,2819,2,18156
Greedland,2025,12.99,2734,3123,80.74,576,2818,180,15376
The Henry Stickmin Collection,2020,5.99,52963,56563,96.86,259,2812,82,52915
Storage Hunter Simulator,2025,23.98,3556,3810,76.34,593,2810,72,19888
Cyber Manhunt,2021,9.99,14282,15427,90.36,549,2807,62,37046
SteamWorld Dig,2013,0.99,6360,10681,90.90,181,2805,24,12340
Steelrising,2022,4.99,4037,6694,70.33,201,2804,55,41291
Emily is Away,2015,Free,366,32179,86.91,49,2803,20,15087
Stick It to the Stickman,2025,6.99,6759,7202,93.87,215,2800,12,21392
RollerCoaster Tycoon® 3: Platinum,2008,—,4134,5228,88.69,187,2800,0,20225
DEPLOYMENT,2018,1.19,1032,1236,79.00,9,2798,54,2142
SULFUR,2024,23.78,7525,8088,84.29,613,2793,68,35070
Otaku's Adventure,2019,5.59,8060,8880,91.92,277,2792,27,21452
Civilization IV: Beyond the Sword,2007,9.99,3756,4927,92.69,565,2791,0,4649
Dungeon Clawler,2024,14.99,3185,3416,86.51,379,2790,34,14370
Panzar,2013,Free,0,5153,64.87,111,2789,0,13593
Seafarer: The Ship Sim,2025,24.99,1600,1764,66.38,339,2787,10,20440
Clanfolk,2022,29.99,3498,3751,88.11,468,2784,0,51718
Killsquad,2021,29.99,2837,3489,68.49,265,2784,156,31476
Volcanoids,2019,19.99,7570,9224,80.53,328,2783,40,94986
Idling to Rule the Gods,2016,Free,0,2076,81.42,1112,2783,77,2710
Astrometica,2024,12.99,2728,2987,80.15,654,2779,19,31287
Kindergarten 3,2025,19.99,1604,1692,89.86,603,2778,21,9653
Little Big Workshop,2019,4.99,2486,3352,80.67,350,2774,49,24423
Heretic's Fork,2023,9.99,3035,4005,82.25,475,2769,29,11638
EZ2ON REBOOT : R,2022,44.99,5860,6162,87.98,1774,2768,74,8721
Ship Graveyard Simulator 2,2023,24.99,3422,3901,74.84,1331,2765,75,18283
Cassette Beasts,2023,19.99,8554,10547,91.54,202,2764,123,40276
Aviassembly,2025,9.99,8261,8401,93.55,378,2762,11,21010
Shatter,2010,1.99,651,1327,88.59,81,2761,30,1881
Overlooting,2025,9.99,1330,1356,77.70,810,2760,32,6906
The Legend of Heroes: Trails of Cold Steel IV,2021,59.99,2191,2427,87.46,5284,2758,53,14325
Car For Sale Simulator 2023,2024,16.99,19459,20338,77.15,521,2756,64,34963
Hand Simulator,2017,1.49,28484,36316,82.38,111,2755,72,30158
Astro Colony,2022,19.99,2204,2515,79.36,322,2751,16,33255
"Warhammer 40,000: Mechanicus",2018,4.19,11050,14354,88.96,266,2748,34,47857
DOOM + DOOM II,2007,9.99,24328,27816,94.47,69,2748,33,21322
The Jackbox Party Pack 5,2018,29.99,2163,2883,89.56,197,2748,20,8948
Airport CEO,2021,24.99,7574,8151,81.11,384,2745,35,36549
Ib,2022,12.99,4690,5050,95.21,238,2745,1,22787
Gear Up,2015,Free,943,8347,73.11,67,2743,27,106265
Mon Bazou,2025,15.99,18960,19727,94.83,872,2741,69,28115
Backyard Baseball '97,2024,9.99,2001,2048,92.68,129,2741,25,5290
Nihilumbra,2013,7.99,2281,2983,84.98,153,2740,24,10189
Yakuza 3 Remastered,2021,129.13,7737,10069,78.83,1085,2740,50,9658
Solar 2,2011,9.99,1553,2206,86.86,162,2739,25,4061
Super Bunny Man,2023,8.99,9431,11572,83.38,159,2736,0,71043
Commander Quest,2025,11.99,2722,2794,73.67,1210,2735,63,8833
Tricolour Lovestory,2017,1.99,26124,28027,79.95,191,2733,70,52894
Towers of Aghasba,2024,29.99,1877,2021,66.79,1279,2733,34,50427
Thimbleweed Park™,2017,19.99,3533,4130,89.50,818,2733,33,25943
Hatsune Miku: Project DIVA Mega Mix+,2022,39.39,18471,22428,92.41,351,2730,54,50142
Office Life,2023,19.99,0,2047,85.17,0,2727,0,6554
Reflex,2022,0.59,0,1136,81.75,0,2725,38,680
Toribash,2014,Free,146,16781,86.30,66,2724,106,18809
Guacamelee! Super Turbo Championship Edition,2014,14.99,2570,6996,89.45,76,2723,30,8949
Samson,2026,24.99,1847,1656,53.67,288,2722,40,25181
Homicipher,2024,13.99,7389,7857,93.51,442,2721,0,26539
Quantum Break,,39.99,0,29973,84.07,0,2719,0,110150
Mordheim: City of the Damned,2015,19.99,6958,8327,68.95,255,2715,109,77209
Desynced,2026,29.99,1712,1874,77.46,293,2714,28,41771
SLUDGE LIFE,2021,14.99,1811,5400,87.92,28,2712,14,5086
SIGame,2025,Free,0,4245,85.95,0,2711,0,1144
Make it indie!,2015,0.99,407,1269,46.76,208,2704,9,513
Shadowrun: Dragonfall - Director's Cut,2014,14.99,5333,6482,86.52,382,2703,39,35490
Breeders of the Nephelym,2019,Free,0,10195,87.04,0,2702,0,54589
Restaurats,2025,14.92,1386,1668,86.51,310,2702,51,12266
Half-Life 2: Deathmatch,2004,—,10062,15065,88.55,37,2702,0,9927
Ballionaire,2024,12.34,2279,2490,82.86,290,2701,23,8969
Feign,2025,2.99,5100,6129,88.34,203,2700,26,11194
Garten of Banban 3,2023,4.99,2606,2890,71.36,161,2699,0,15287
Offworld Trading Company,2016,29.99,3571,5675,74.87,246,2698,255,95298
Carrier Command 2,2021,29.99,3345,3671,78.87,484,2696,32,27033
Heavy Rain,2020,19.99,23233,27460,83.77,240,2695,56,40206
Desktop Defender,2025,4.99,1628,1653,88.63,2816,2694,80,3400
Rune Factory 5,2022,39.99,1873,2046,74.13,1875,2690,47,25111
Mirthwood,2024,24.99,2189,2327,68.38,883,2688,20,45282
Train Sim World® 6,2025,39.99,1331,2788,73.26,373,2687,19,12838
WRC 9 FIA World Rally Championship,2021,29.99,2872,3502,74.83,130,2686,43,9785
Gothic II: Gold Edition,2010,19.99,12000,17013,91.53,391,2683,0,13810
Fallen Enchantress: Legendary Heroes,2013,24.99,1645,2516,72.17,230,2682,54,11920
Atlas Fallen: Reign Of Sand,2023,11.99,2612,4304,71.26,166,2679,38,43553
Chushpan Simulator,2024,2.99,2378,2766,82.07,166,2677,34,1945
HunieCam Studio,2016,6.99,5165,6578,85.03,292,2675,16,19197
BioShock™,2007,19.99,24784,31767,92.05,115,2674,0,35196
Democracy 3,2013,24.99,6241,7253,72.59,209,2674,42,27831
Project Hospital,2018,24.99,8087,9033,86.38,517,2673,61,68849
Lethal League Blaze,2018,19.99,4717,6612,93.66,272,2673,15,22433
Urban Myth Dissolution Center,2025,17.99,5463,5791,85.46,1020,2672,6,20011
G2 Fighter / 基因特工,2018,15.99,2247,3011,75.83,464,2670,30,13451
Sonic Origins,2022,29.99,4784,5841,73.36,451,2668,36,14381
Trine Enchanted Edition,2009,14.99,12691,15778,93.15,192,2659,33,21512
Clustertruck,2016,14.99,14364,18100,91.25,194,2658,19,64129
Phantom Doctrine,2018,39.99,3775,4643,72.09,197,2658,47,58850
Super Hexagon,2012,2.99,18246,24976,94.65,74,2650,6,8130
Factory Town Idle,2024,4.99,1183,1208,86.14,720,2650,74,2761
Timberman VS,2018,1.99,2997,3387,87.74,211,2649,29,1078
Factory Town,2021,19.99,4092,4421,87.51,205,2648,32,54806
Epic Battle Fantasy 5,2018,24.99,5504,5971,95.08,1818,2648,133,19784
Gunpoint,2013,9.99,10218,13263,94.81,162,2647,42,21080
Garten of Banban 4,2023,9.99,1670,1874,73.97,197,2647,0,13888
Baldur's Gate II: Enhanced Edition,2013,19.99,9222,10607,89.64,169,2644,93,46038
Staxel,2019,19.99,3093,4816,76.29,237,2644,28,45175
Deponia Doomsday,2016,19.99,2797,4000,82.58,406,2644,36,16445
Kena: Bridge of Spirits,2022,39.99,16140,16999,89.80,253,2643,41,66328
Train Sim World® 5,2024,49.99,2937,5130,76.68,177,2643,84,19321
CosmicBreak Universal,2021,Free,0,1413,56.94,306,2642,30,5498
Bound By Flame,2014,0.76,2983,3957,66.70,290,2639,41,15769
WORLD OF HORROR,2023,15.99,8888,9735,87.28,230,2637,0,65385
Bro Falls,2021,Free,0,20491,76.55,46,2635,0,19818
Bloons TD Battles,2016,Free,340,29235,88.92,135,2634,16,15825
Demon Slayer -Kimetsu no Yaiba- The Hinokami Chronicles 2,2025,59.99,2587,3334,79.79,521,2632,38,23533
The Spike Cross,2025,Free,0,2098,82.52,534,2632,0,2777
Primal Carnage,2012,4.99,4784,5805,74.50,140,2631,67,34628
Echoes of the Plum Grove,2024,8.99,2591,3034,84.54,2971,2631,45,17512
RaceRoom Racing Experience,2013,Free,1975,26961,74.87,41,2630,0,97066
Bus Simulator 21 Next Stop,2021,24.99,3824,6442,68.58,229,2629,37,23330
Hextech Mayhem: A League of Legends Story™,2021,9.99,2226,2335,77.25,92,2629,19,12279
Handyman Fantasy,2025,7.99,1434,1483,91.51,344,2626,19,12729
Long Live The Queen,2013,9.99,5796,7119,91.73,190,2623,45,12311
shapez,2020,9.99,13724,15260,93.45,277,2622,45,20311
Dolls Nest,2025,19.99,2147,2203,84.47,3006,2622,29,15379
The Midnight Walkers,2026,13.99,1333,1457,55.52,2878,2621,0,30836
Zoochosis,2024,12.49,2103,2288,59.35,195,2616,21,26874
Out There Somewhere,2016,4.42,6155,6918,89.99,128,2615,36,7675
Big Pharma,2015,24.99,1429,1923,74.57,251,2614,25,25840
Blackguards,2014,9.99,2953,3859,61.13,213,2609,45,9210
Post Apocalyptic Mayhem,2011,9.99,770,1519,80.14,130,2608,51,1981
Until Dawn™,2024,59.99,3131,4612,79.80,423,2607,29,36996
Firefighting Simulator - The Squad,2020,24.99,4237,5245,78.60,287,2606,30,31314
Cat Quest III,2024,19.99,2891,3880,91.43,299,2603,30,14440
Star Control®: Origins,2018,19.99,2047,2671,71.75,440,2601,88,37205
Kotama and Academy Citadel,2026,19.99,1958,2298,77.69,181,2600,40,13002
Nuclear Option,2023,19.99,7527,8022,92.29,619,2599,0,25711
"Warhammer 40,000: Battlesector",2021,39.99,4820,6439,84.97,321,2598,30,47360
Halcyon Days at Taoyuan,2026,11.99,826,1005,84.09,1285,2597,70,9217
Kabounce,2018,14.99,167,2559,87.08,31,2597,50,5940
Ice Lakes,2016,14.99,1120,1641,82.06,244,2595,60,10602
Face It - A game to fight inner demons,2017,3.99,517,1250,72.33,205,2594,16,1194
Five Nights at Freddy's: Help Wanted 2,2023,39.99,4919,5198,91.61,231,2593,37,14523
Artis Impact,2025,18.99,2109,2420,81.54,959,2590,35,15438
Re:Legend,2022,12.49,1510,2022,54.80,225,2589,70,18605
Slay the Princess — The Pristine Cut,2023,9.89,29056,30964,94.72,213,2583,131,59817
Blush Blush,2020,Free,110,7459,83.91,397,2581,19,13080
HOT WHEELS UNLEASHED™,2021,39.99,5338,7499,76.74,129,2579,53,25197
Wild West Legacy,2024,26.99,1684,2115,38.10,177,2576,31,30122
Yet Another Zombie Defense HD,2017,3.99,2518,3022,80.82,81,2573,27,10016
NEKOPARA Vol. 3,2017,9.99,11129,11954,94.13,141,2571,27,53024
FEZ,2013,9.99,11479,16047,90.34,108,2571,12,23986
ZED ZONE,2023,11.99,3385,3542,77.91,403,2569,0,26658
Chip,2014,4.99,192,1169,79.12,219,2569,22,561
Disciples: Liberation,2021,39.99,2643,3881,70.75,268,2568,50,27210
FreshWomen - Season 2,2025,13.99,2214,2262,79.20,941,2564,88,15911
Labyrinthine,2023,9.99,13600,17238,82.65,311,2563,39,38874
Allods Online RU,2016,Free,0,1688,62.96,4850,2563,0,2589
Car Manufacture,2024,19.99,1311,1328,63.60,848,2560,0,17790
CROWZ,2022,—,0,5059,44.33,44,2559,14,34295
One-armed cook,2022,Free,0,30757,89.74,57,2552,22,22134
Drill Core,2025,19.99,1974,2273,81.90,429,2549,83,20806
Roguebook,2021,24.99,3177,4285,81.18,675,2548,61,15540
FrostBound,2025,14.99,1090,1156,77.34,2360,2545,50,2561
Luck be a Landlord,2023,9.99,10060,11358,90.67,523,2544,186,12831
The Underground Man,2016,1.99,1305,1384,76.20,195,2542,28,7508
War of Dots,2026,Free,0,4339,79.24,0,2542,0,2608
Sinister Night 2,2025,9.99,1789,2014,83.42,3745,2541,22,7330
The Wild Eight,2019,2.49,6707,8192,66.51,245,2538,25,152926
Death's Gambit: Afterlife,2018,7.99,4201,5487,78.89,124,2538,43,58844
GRIS,2018,14.99,81748,93885,94.63,180,2535,17,134658
EXIT KUN,2024,2.99,1107,1180,80.91,205,2535,7,2790
iRacing,2015,9.99,5123,6734,83.32,164,2532,0,62845
NEKOPARA Vol. 4,2020,9.99,8202,8764,94.13,139,2529,19,35561
A Few Quick Matches,2025,6.99,2301,2566,81.77,120,2529,0,7257
Whispering Willows,2014,9.99,1223,1863,78.70,174,2527,20,5960
Mars Horizon,2020,16.99,2728,3059,81.01,364,2525,71,18283
Frozenheim,2022,10.15,3413,3859,67.97,201,2523,10,59677
Survive the Nights,2025,19.99,4423,6412,64.70,197,2522,89,57924
Strange Antiquities,2025,13.49,2660,2878,91.95,587,2521,22,16050
Crown and Adventure,2025,19.99,1607,1636,60.69,4516,2521,139,8154
Prehistoric Kingdom,2022,29.99,4798,5782,86.62,273,2520,28,73810
WWE 2K16,2016,—,1700,2788,63.42,1132,2520,55,9736
Project Highrise,2016,4.99,3819,4734,82.16,341,2515,88,39985
House of Detention,2020,0.49,8400,10597,88.21,68,2515,100,21080
Have a Nice Death,2023,24.99,9537,10529,83.80,371,2510,37,73746
Rift of the NecroDancer,2025,9.99,5090,5379,91.64,290,2509,35,20993
We Are The Dwarves,2016,1.19,1090,1617,67.62,237,2508,34,9723
Renown,2025,24.99,1100,1553,58.11,476,2507,1,32507
Home Sweet Home : Online,2023,—,0,2034,51.59,71,2507,0,6606
恋爱单选题,2024,10.99,2404,2465,77.88,477,2505,60,10049
Pit People®,2018,19.99,7396,8115,90.00,385,2504,27,79060
Hotel Renovator,2023,6.24,2179,2723,74.81,279,2503,27,15817
TUNIC,2022,29.99,15822,17265,89.26,748,2501,36,77636
TerraTech Worlds,2024,29.99,1936,2185,62.06,1808,2494,19,26398
ESCAPE FROM BOYKISSER,2024,2.99,981,1284,73.69,583,2492,8,1328
TRIANGLE STRATEGY,2022,59.99,3050,3539,77.41,549,2489,108,33268
Victor Vran ARPG,2015,19.99,3690,6426,83.09,252,2485,90,48030
Ultimate Fishing Simulator®,2018,19.99,7839,8699,86.84,99,2485,142,34074
Duel Corp.,2026,24.99,1142,1186,69.39,691,2485,65,27810
Dead Space™ 2,2011,19.99,24558,28437,92.00,360,2484,0,38013
Barro F,2020,0.49,2253,2459,80.89,150,2484,15,1164
E.Y.E: Divine Cybermancy,2011,9.99,6253,7964,82.21,188,2481,100,19778
Incursion Red River,2024,17.59,7162,7941,74.82,292,2478,8,53062
Mars First Logistics,2025,19.99,3253,3508,91.16,596,2477,17,23454
Sudden Strike 4,2017,19.99,6136,8195,76.37,215,2476,61,58618
Fantasy Map Simulator,2024,7.99,3739,3872,86.23,93,2475,0,40977
Awaria,2024,Free,0,18660,94.04,96,2467,8,8926
"Warhammer 40,000: Warpforge",2024,Free,0,3349,50.20,404,2466,377,9548
Command & Conquer™ Generals Zero Hour,2024,19.88,5464,5663,87.69,154,2464,0,14525
Conan the mighty pig,2016,0.49,956,1531,86.95,233,2460,0,757
Aces & Adventures,2023,19.99,2143,3365,85.95,466,2455,67,8711
Door Kickers: Action Squad,2018,13.99,8672,10464,91.97,202,2454,51,27125
Furry Love 2,2021,0.49,2632,4520,82.73,183,2452,100,7538
SENRAN KAGURA Peach Beach Splash,2018,29.99,3843,4239,78.54,284,2450,50,43957
EMERGENCY,2023,Free,0,6530,68.01,106,2449,193,13604
WWE 2K18,2017,—,1539,2150,53.69,1116,2444,52,6678
Furry Love,2020,0.49,4442,8341,81.78,209,2444,100,4783
Bendy: Lone Wolf,2025,12.78,197,1563,81.03,27,2441,21,4169
Serious Sam 3: BFE,2011,29.99,21528,28373,86.47,248,2439,62,39960
The Walking Dead: Michonne - A Telltale Miniseries,2016,14.99,5927,8104,78.44,243,2435,21,29075
Astral Ascent,2023,24.99,5147,8059,91.77,220,2432,89,27722
Nomad Survival,2022,4.99,1517,2167,80.79,478,2431,116,3916
Salt and Sanctuary,2016,17.99,19742,21530,87.41,368,2430,37,82679
NIGHT-RUNNERS™ PROLOGUE,2024,Free,0,21306,92.89,0,2428,0,32499
Beer Factory,2024,17.98,1396,1460,42.94,787,2428,0,10742
UNLOVED,2016,1.24,949,2110,71.03,142,2428,95,8888
Alpha Protocol™,2010,19.99,3371,5044,78.97,116,2427,0,9898
Amnesia: The Bunker,2023,24.99,9540,11554,90.69,254,2423,44,32181
Slapshot: Rebound,2024,Free,0,13748,81.48,62,2422,17,6890
梦江湖,2022,19.41,1328,1525,50.03,3506,2421,68,5388
Above Snakes,2023,24.99,1532,1934,72.41,327,2419,34,33691
VANQUISH,2022,Free,0,7684,86.81,0,2418,0,49510
Decktamer,2025,11.19,1654,1757,81.49,311,2418,40,8146
The Legend of Khiimori,2026,29.99,1251,1485,81.88,2671,2415,15,41159
Ravenous Devils,2022,4.99,9188,9625,89.85,305,2415,23,19215
Afterimage,2023,24.99,6493,9839,75.82,193,2412,46,27508
Dinosaur Hunt,2015,0.49,3351,3900,65.68,175,2412,1079,3901
Neverwinter Nights: Enhanced Edition,2018,19.99,7654,9306,87.72,292,2410,47,43990
Royal Quest Online,2024,Free,0,4611,76.24,94,2410,42,17545
"Invisible, Inc.",2015,19.99,5030,5721,88.26,234,2401,23,50465
City Car Driving,2016,24.99,31870,34339,81.13,272,2399,52,68636
Blackguards 2,2015,9.99,910,1262,64.84,269,2398,50,7902
Midas Gold Plus - Idle Clicker,2017,Free,293,1776,81.74,5358,2398,23,2411
Lakeburg Legacies,2023,22.99,1205,1339,69.34,637,2397,62,16228
In Silence,2021,9.99,9424,11921,73.26,117,2396,20,51293
F1 2014,2014,—,2091,2925,81.20,448,2393,49,9264
Faerie Solitaire,2010,14.99,1357,2526,86.88,276,2389,30,1226
Frederic: Resurrection of Music,2014,2.99,774,1047,79.02,234,2387,18,821
The Sims™ Legacy Collection,2025,19.99,2145,2258,68.86,134,2386,0,7768
WolfQuest: Anniversary Edition,2025,29.99,10815,12542,94.79,1942,2383,148,36438
GUILTY GEAR XX ACCENT CORE PLUS R,2015,3.74,5455,7552,93.06,206,2383,30,11544
Zombidle : REMONSTERED,2017,Free,0,1784,81.71,567,2382,35,3407
BLOCKPOST LEGACY,2019,Free,0,16516,73.31,59,2381,0,8895
Microcivilization,2026,17.99,1352,1371,76.80,554,2380,100,21550
Fap Queen 2,2019,Free,0,1026,78.69,0,2380,23,1722
SimRail - The Railway Simulator,2024,34.99,4993,5215,82.79,1676,2379,41,27042
镇邪,2022,14.99,2722,2950,83.80,812,2379,25,14294
Divide By Sheep,2015,4.99,474,2656,86.94,31,2378,19,1831
College Kings 2 - Episode 1,2022,12.99,1681,1751,75.77,905,2372,158,16327
Unrailed 2: Back on Track,2024,19.99,1541,1813,83.91,377,2370,56,16736
Antichamber,2013,19.99,13498,17590,92.73,121,2369,0,19387
Zombie Defense,2016,Free,0,2165,80.65,151,2369,0,8564
Edna & Harvey: Harvey's New Eyes,2012,19.99,2645,3338,85.29,288,2368,29,3962
The Technomancer,2016,1.49,2246,2981,66.35,235,2366,40,70211
Subliminal,2026,9.99,2275,2277,67.38,332,2364,25,30325
神舞幻想 Faith of Danschant,2017,29.99,4304,4845,59.60,241,2364,0,12241
One Step From Eden,2020,19.99,5994,7598,90.37,187,2360,35,33169
Blockland,2013,9.99,3335,5531,71.67,365,2358,11,20105
Patch Quest,2023,14.99,2037,2752,89.55,152,2356,27,10266
"Sex, Please",2024,5.99,2846,3234,71.89,177,2354,1,12556
Plan B: Terraform,2025,15.99,3381,3469,87.77,211,2352,22,34179
Labyronia RPG,2015,1.26,1132,1409,72.76,236,2350,6,2980
Munin,2014,4.99,815,1004,78.16,224,2349,18,1875
Sunless Skies: Sovereign Edition,2019,24.99,2618,3420,81.44,382,2344,31,29304
Aircraft Carrier Survival,2022,19.06,1131,1188,58.83,254,2342,18,25780
Space Hulk: Deathwing Enhanced Edition,2018,4.49,8842,10631,70.87,152,2341,23,38789
Dead Synchronicity: Tomorrow Comes Today,2015,9.99,1144,1575,79.95,266,2339,24,5043
Incredicer,2025,2.99,2080,2115,82.12,303,2339,26,1670
Decay: The Mare,2015,4.99,1639,2038,73.34,227,2338,42,3371
AirMech,2018,Free,0,10822,82.00,138,2336,91,44471
Detention,2017,11.99,12914,14788,80.59,187,2335,8,55431
Until We Die,2021,16.99,4180,4587,62.60,513,2335,28,21824
Fraymakers,2023,19.99,1189,1481,75.66,303,2333,0,14087
Card Shop Simulator Multiplayer,2025,11.99,1352,1803,82.15,605,2330,100,4524
Sunset Overdrive,2018,19.99,11713,14043,87.84,209,2326,80,34889
Berry Bury Berry,2026,7.99,5297,5407,95.03,463,2320,61,4774
Nickelodeon All-Star Brawl 2,2023,49.99,957,1718,73.52,230,2319,28,5264
Class of '09: The Flip Side,2024,9.99,3149,3302,55.72,339,2317,0,5779
Sid Meier's Civilization® IV,2006,19.99,2697,3565,88.84,76,2314,0,9779
100 Capitalist Cats,2024,Free,0,3781,93.51,16,2313,100,1362
Beyond The Wire,2022,9.99,5232,7526,62.23,123,2312,0,41911
Divinity: Dragon Commander,2013,39.99,1936,2504,71.69,259,2311,100,12961
Tiny and Big: Grandpa's Leftovers,2012,11.99,2766,4137,88.22,91,2311,53,4504
McPixel,2012,4.99,2537,3935,81.43,107,2311,0,3371
月圆之夜 (Night of Full Moon),2019,Free,323,10853,79.43,302,2310,162,22553
Kynseed,2022,24.99,3265,3635,79.80,124,2304,70,62406
Nice Day for Fishing,2025,19.99,2403,2849,81.50,221,2304,25,21824
Fallout 2: A Post Nuclear Role Playing Game,2009,9.99,13492,17000,91.62,94,2302,0,26161
Commandos: Origins,2025,49.99,1602,2222,75.28,2447,2296,69,35689
Barro,2018,1.68,3150,5341,76.49,27,2291,109,1952
Road 96 🛣️,2021,19.96,20751,24618,89.65,347,2289,12,58826
Idle Cave Miner,2023,Free,0,1069,76.56,173,2289,18,1153
The Legend of Heroes: Trails into Reverie,2023,59.99,1052,1147,88.94,7852,2286,53,10757
Shelldiver,2025,3.49,11770,12052,96.01,229,2286,13,5640
Space Pirates And Zombies 2,2017,19.99,2723,2828,76.31,328,2283,42,49113
Crypt of the NecroDancer,2015,14.99,23371,26264,93.40,169,2282,61,81877
Hyperdimension Neptunia Re;Birth1,2015,14.99,10088,12204,91.61,540,2281,45,50246
Go-Go Town!,2024,24.99,1923,2133,90.09,642,2280,26,21312
Runestone Keeper,2015,9.99,692,2460,81.11,393,2280,80,7047
Void War,2025,19.99,3248,3580,90.40,400,2278,38,25037
Nova Roma,2026,29.99,1234,1284,90.42,483,2275,36,43902
Honkai Impact 3rd,2021,Free,0,9932,71.43,87,2275,0,28698
Wild Assault,2025,14.99,3634,4014,69.23,2465,2274,107,31070
Rock of Ages 2: Bigger & Boulder™,2017,14.99,2699,3577,82.42,204,2273,21,23533
Wuppo: Definitive Edition,2016,14.99,4890,5911,91.13,155,2273,23,13027
Soul Gambler,2014,2.99,2178,2714,83.60,144,2273,24,1792
Pickle Clicker,2022,Free,0,1241,83.40,0,2272,13,308
Street Racing Syndicate,2014,2.99,2769,4285,81.91,184,2270,0,3744
Lost Judgment,2022,59.99,6981,9096,91.12,3442,2269,56,27479
ROUNDS,2021,5.99,33890,42242,93.42,277,2269,24,22500
We Who Are About To Die,2022,21.99,7962,8172,85.61,319,2266,3,58253
Ghostrunner 2,2023,13.99,7562,10937,78.42,172,2264,34,33441
Steel Division 2,2019,39.99,7941,9453,77.57,578,2260,58,67004
"Warhammer® 40,000: Dawn of War® - Dark Crusade",2007,—,7517,9374,93.35,305,2259,0,13033
H-SNIPER: Middle East,2020,0.99,1005,1291,83.46,89,2258,100,1721
Garten of Banban 8: Anti Devil,2025,9.99,1390,1480,83.34,199,2257,0,11912
Bendy: Secrets of the Machine,2024,Free,0,2105,79.31,40,2256,4,4038
Hobo: Tough Life,2021,29.99,8348,9676,81.89,479,2254,57,59363
Tales of Rein Ravine,2024,Free,0,1197,71.40,0,2253,0,5339
MIO: Memories in Orbit,2026,15.99,2690,3069,79.90,1122,2252,40,20754
Monster Prom 2: Monster Camp,2020,11.99,4969,6105,93.06,294,2252,49,16392
Mecharashi,2025,Free,0,1372,66.60,1596,2251,0,6832
Bopl Battle,2023,9.99,19987,23945,95.05,285,2250,28,19377
Jet Racing Extreme: The First Encounter,2018,3.99,0,1213,65.02,392,2248,12,1005
The one who pulls out the sword will be crowned king,2022,Free,0,8725,88.02,0,2247,2,2783
Screw Drivers,2024,Free,0,5694,83.11,141,2245,16,7515
Skyborn,2014,14.99,551,1717,83.13,233,2245,24,7340
Cartel Tycoon,2022,29.99,2751,3727,74.00,328,2244,19,33797
Dead Effect,2014,4.99,2918,3756,71.10,278,2244,61,16984
The Dark Eye: Memoria,2013,19.99,2040,2458,85.70,196,2243,31,6965
AXYOS,2018,4.99,1633,2271,51.09,137,2243,4,3458
EVERYBODY'S GOLF HOT SHOTS,2025,39.99,1004,1266,60.05,377,2241,38,5069
SKYHILL,2015,9.99,4588,5591,76.03,205,2240,46,18487
Crysis,2008,29.99,11895,13357,78.25,156,2237,0,28683
NosTale - Anime MMORPG,2017,Free,0,3584,68.58,86,2237,0,12242
Slots & Daggers,2025,5.59,6447,6584,91.19,294,2235,12,11122
GoreBox,2023,8.99,20294,22062,85.30,321,2231,0,13954
Enforcer: Police Crime Action,2014,19.99,1560,2296,47.60,275,2231,0,7844
Bioprototype,2025,4.99,0,1395,87.73,84,2231,39,2338
OMSI 2: Steam Edition,2013,29.99,8255,14411,83.52,5455,2228,0,40445
War for the Overworld,2015,29.99,6390,8010,83.54,274,2227,142,51368
China: Mao's legacy,2019,6.99,967,1038,86.48,568,2225,204,5117
Age of Water,2025,29.99,2835,3476,68.49,2847,2219,12,23822
King's Bounty: Warriors of the North,2012,9.99,1239,1980,76.63,524,2219,64,3815
Industries of Titan,2023,14.99,1540,1605,61.19,475,2217,83,65953
Terminus: Zombie Survivors,2024,19.99,4231,4395,90.76,679,2215,66,21400
Nidhogg,2014,9.99,5657,7836,87.36,105,2215,12,18082
Infinitode 2 - Infinite Tower Defense,2021,Free,772,4067,87.82,91,2215,45,6364
Masked Shooters 2,2016,29.99,616,1605,68.14,184,2215,12,1202
Idle Spiral,2022,Free,0,1851,77.04,430,2214,32,1330
Chained Echoes,2022,24.99,7359,7769,86.31,1013,2212,37,46091
风信楼,2021,11.99,3389,3648,90.47,1961,2212,102,14324
BLACK SOULS,2025,13.99,5711,6042,92.20,579,2211,65,22122
AEW: Fight Forever,2023,39.99,1319,1735,56.78,472,2210,38,7909
Overdungeon,2019,14.99,2850,3103,77.00,348,2205,54,14072
Blood of Steel,2020,Free,0,6876,73.79,110,2203,49,27849
STRAFTAT,2024,Free,0,19901,93.89,117,2202,10,11224
Sex with the Devil,2021,7.99,4696,5405,74.03,143,2199,4,22012
Warriors of the Nile 2,2022,14.99,1157,1190,84.22,2047,2199,20,3408
Gomo,2013,4.99,1559,1885,74.14,173,2199,0,1485
Paragnosia,2024,3.99,142,1650,86.62,68,2198,6,2110
Spellcaster University,2021,24.99,3358,4224,80.11,278,2197,26,37325
WHAT THE PAK?!,2024,5.99,0,1279,58.67,0,2197,56,5781
Fisher Online,2019,13.99,4135,4427,79.75,8021,2196,13,9386
Steel Rats™,2018,9.99,306,1388,55.88,18,2196,46,4398
Slash It,2016,39.99,762,1261,81.00,209,2196,302,606
Revenge of the Savage Planet,2025,29.99,2601,3290,82.71,569,2191,47,32835
Disgaea 5 Complete,2018,39.99,3048,3535,84.27,691,2191,51,23662
Stardom 3,2022,12.99,1553,1636,89.05,937,2191,0,4271
Chill Pulse,2024,4.99,4514,4722,92.12,1037,2189,17,11420
Fallen Earth Classic,2012,Free,0,7554,59.02,59,2186,650,42303
Sixty Four,2024,5.99,1573,1631,71.80,517,2186,34,5518
Mad Games Tycoon 2,2023,24.99,7144,7589,90.87,1477,2182,73,23575
BlackShot: Mercenary Warfare FPS,2016,Free,0,3058,53.75,83,2182,48,14637
Hand of Fate,2015,19.99,7974,10639,86.80,256,2178,53,71430
Dead Rising 4,2017,5.99,4664,8240,56.38,303,2178,104,39594
Party Quiz,2023,6.99,131,1593,83.49,110,2177,36,1007
Pixel Piracy,2014,14.99,5716,7359,63.97,244,2176,31,19851
VVVVVV,2010,4.99,6549,10407,93.37,99,2174,19,7860
FOREWARNED,2024,12.99,4998,6592,87.41,259,2173,53,24321
Everhood 2,2025,19.99,2143,2301,71.99,1315,2173,130,6105
Resist the succubus—The end of the female Knight,2024,16.99,1357,1410,72.91,197,2171,32,25202
Order of Battle: World War II,2015,Free,535,3123,75.87,111,2171,38,18996
Lost and Found Co.,2026,17.99,1459,1525,91.87,508,2171,27,12100
NIMRODS,2024,9.99,1706,1757,81.54,599,2168,20,10202
Necrosmith 2,2024,7.99,1253,1444,75.09,274,2168,38,8376
Journey To The Savage Planet,2021,29.99,5636,6831,84.19,280,2162,51,37954
Kingdom Eighties,2023,11.99,2964,3278,72.30,432,2159,31,15135
Travellin Cats in Paris,2023,Free,385,17948,96.39,21,2159,101,4096
Savage Lands,2021,3.99,4171,6677,54.24,155,2157,20,112557
GINKA,2023,22.99,2612,2768,87.43,557,2157,0,11091
Frozen Synapse,2011,24.99,1102,2618,79.74,117,2155,16,6468
Train Sim World® 4,2023,39.99,3279,3971,76.86,720,2154,250,17912
The Moon Sliver,2014,1.99,973,1149,72.87,125,2153,0,2096
Bio Inc. Redemption,2018,1.03,2795,2917,84.09,175,2152,41,16555
Lessaria: Fantasy Kingdom Sim,2025,24.90,2584,2683,75.95,364,2152,53,15562
The Whispered World Special Edition,2014,19.99,1656,2100,73.19,194,2150,20,3075
Nine-Ball Roulette,2025,3.99,1877,2081,84.22,213,2146,16,5448
Card Survival: Tropical Island,2022,24.99,2862,2958,90.97,1586,2144,54,10337
Sex with Stalin,2020,5.99,2157,3448,79.18,218,2144,27,6270
Guns of Icarus Alliance,2017,4.99,597,1439,73.36,34,2142,849,10034
Wildmender,2023,9.99,1719,2111,81.07,399,2141,108,26672
Reverse Collapse: Code Name Bakery,2024,24.99,4656,4985,76.85,594,2140,100,26948
Stardeus,2022,29.99,1402,1529,83.03,245,2139,30,31021
Swords & Souls: Neverseen,2019,14.99,5844,6224,90.12,670,2137,39,24706
Warpips,2022,16.99,4229,5056,84.57,196,2136,21,18017
STORY OF SEASONS: A Wonderful Life,2023,39.99,1160,1355,75.14,647,2132,34,15240
Recycling Center Simulator,2024,9.16,2434,2787,83.29,808,2132,38,8097
Miscrits: World of Creatures,2025,Free,0,2577,88.09,1087,2132,162,2901
Increlution,2021,3.99,1204,1225,80.94,36333,2132,0,2096
Injustice™ 2,2017,49.99,17010,23919,84.52,255,2131,74,66373
Galaxy Idle Clicker,2025,Free,0,1133,72.09,10507,2131,1584,971
Little Inferno,2012,14.99,8938,13573,92.33,241,2129,22,12211
Despair,2015,0.99,1401,1830,36.24,210,2128,0,610
Freeman: Guerrilla Warfare,2019,24.99,11426,12389,64.08,692,2127,38,74342
Planet Explorers,2016,Free,5120,6816,61.35,248,2125,16,116910
Syberia 3,2017,14.99,3161,4706,51.61,316,2124,40,25047
Pikuniku,2019,12.99,9332,10993,93.01,120,2123,14,23808
Mouse (Sneaking),2018,0.59,1272,1560,80.26,134,2122,2975,4847
A Game About Feeding A Black Hole,2025,6.99,2709,2736,85.46,217,2122,34,3329
Viewfinder,2023,8.74,10860,11886,91.78,221,2121,46,53839
Species: Unknown,2025,9.99,5528,6470,91.51,273,2121,0,25134
The Legend of Heroes: Kuro no Kiseki,2022,49.99,1283,1674,86.75,2149,2120,53,10063
Hello Neighbor,2017,29.99,22384,28111,83.88,192,2119,17,117964
PANOPTYCA : Idle RPG Manager,2025,Free,0,1092,65.36,319,2118,100,2132
College Kings - The Complete Season,2021,Free,128,9237,88.76,85,2116,104,24927
Resident Evil Re:Verse,2022,—,3129,4865,35.52,23,2115,12,10434
Squirrel with a Gun,2024,5.99,2926,3626,82.26,94,2114,20,29433
Project Wingman,2020,24.99,17607,21305,91.60,401,2113,40,59158
V-LOVER!,2025,10.99,1266,1322,86.29,417,2112,27,20120
Revita,2022,16.99,1698,2385,78.44,240,2112,127,5861
Soccer Manager 2026,2024,Free,0,3274,71.82,138,2112,24,4521
Idle Hero TD - Tower Defense,2024,Free,0,1082,79.13,929,2110,45,829
Due Process,2020,9.99,6493,8488,79.14,125,2108,0,31195
X-Morph: Defense,2017,19.99,3151,4080,88.10,138,2108,40,18941
Lawn Mowing Simulator,2021,19.99,2057,2930,69.09,127,2108,58,13390
Sally Face - Episode One,2016,2.99,24350,26187,95.09,320,2107,35,52598
Legend Creatures(传奇生物),2020,4.99,3780,3947,86.50,685,2105,13,7464
Mini Metro,2015,9.99,12484,16409,93.59,212,2104,73,53594
The Last Faith,2023,27.99,4330,5255,81.36,1227,2104,57,38815
Ratz Instagib,2016,8.99,2528,3926,86.54,195,2102,13,5512
REKA,2024,19.99,2810,3287,80.25,230,2099,0,67706
On-Together: Virtual Co-Working,2026,9.99,1012,1116,89.70,715,2099,127,7792
AdventureQuest 3D,2022,Free,0,9601,79.58,63,2098,0,20633
Dear Esther: Landmark Edition,2017,9.99,2314,7318,72.93,42,2097,10,6474
The Archotek Project,2017,Free,329,1043,55.17,31,2095,0,3768
Once Upon A KATAMARI,2025,39.99,1264,1568,87.44,343,2094,38,8096
Spacelords,2017,Free,152,3262,53.13,63,2093,32,21383
Cities XXL,2015,1.99,2046,2358,41.42,404,2092,27,15180
Closers,2018,Free,222,4509,71.35,146,2091,0,26082
Project Motor Racing,2025,39.99,954,2176,38.03,904,2091,30,10734
Grim Legends 2: Song of the Dark Swan,2015,14.99,824,1325,90.58,246,2090,29,2261
Sex Chess,2022,9.99,1025,1388,74.98,261,2083,4,11913
Ultimate Admiral: Dreadnoughts,2023,26.24,6469,7765,60.35,1884,2081,0,56058
Pathologic 3: Quarantine,2025,—,0,1453,84.33,163,2081,14,5553
SWAT Commander: Prologue,2025,Free,0,2090,64.17,0,2080,11,19223
OMON Simulator,2019,0.49,2678,3112,71.23,111,2078,100,14861
Heroine's Quest: The Herald of Ragnarok,2014,Free,0,1405,83.69,17,2078,46,2888
Millennium Dream,2026,7.99,2219,2295,88.57,103,2077,18,12794
Fishing: Barents Sea,2018,24.99,2378,2652,77.39,1056,2075,30,16204
Rogue Lords,2021,21.18,1409,1849,68.01,321,2075,35,9615
Operation: Harsh Doorstop,2023,Free,0,19801,75.72,40,2074,0,75148
The Outer Worlds: Spacer's Choice Edition,2023,59.99,2493,5011,74.53,257,2074,68,7666
The Legend of Heroes: Trails through Daybreak,2023,59.99,1093,1181,86.60,3984,2073,53,8177
Melty Blood Actress Again Current Code,2016,24.99,3769,4785,90.11,148,2068,53,19621
Take Me To The Dungeon!!,2023,10.99,3700,3832,90.50,331,2066,55,271500
GemCraft - Frostborn Wrath,2020,12.99,2645,2821,85.12,2856,2063,636,5410
The Uncertain: Last Quiet Day,2016,9.99,1663,5884,73.84,58,2058,32,17677
Prison Escape Simulator: Dig Out,2025,5.99,2927,2989,82.26,294,2056,34,6838
Made in Abyss: Binary Star Falling into Darkness,2022,59.99,2448,2589,75.99,306,2052,32,19072
Bloons Card Storm,2024,Free,0,1549,55.20,367,2052,0,1869
White Day: A Labyrinth Named School,2017,29.99,3719,4387,78.59,235,2050,42,19359
Gnomoria,2016,14.99,2843,3533,73.02,217,2050,0,17303
Idle Slayer,2020,Free,498,10215,82.93,545,2050,651,3519
Richman 4,2022,5.99,1544,1672,71.15,620,2049,0,5726
100 Dino Cats,2024,Free,0,2060,91.26,0,2049,100,1506
Hadean Tactics,2023,19.99,1670,1859,85.08,306,2045,82,10954
World of Goo,2008,14.99,4745,6484,91.23,60,2045,8,10637
STORM AREA 51: AYY LMAO EDITION,2019,0.65,862,1028,73.95,203,2044,44,1287
Dark Deity,2021,4.99,2550,2992,70.38,325,2043,40,20630
Door Kickers,2014,19.99,7980,9980,91.46,198,2041,43,54743
Whisper Mountain Outbreak,2025,6.39,2163,2307,81.76,158,2039,0,21496
Railroads Online,2024,28.78,5287,5889,73.34,1013,2039,32,21422
Cakey's Twisted Bakery,2024,2.49,0,1297,66.60,25,2039,21,1414
Move or Die,2016,14.99,16462,23283,87.40,142,2038,66,74578
Artisan TD,2024,16.99,2206,2279,84.47,2782,2038,41,10285
Stationeers,2017,34.99,8278,8936,85.15,2148,2037,50,67066
Ampu-Tea,2014,4.99,810,2017,60.54,203,2037,11,603
Rise of the Triad,2013,14.99,1894,2530,64.28,123,2035,80,5651
Blood Bowl - Legendary Edition,2010,9.99,741,1121,72.31,157,2035,0,2963
Orbital Gear,2014,Free,1192,1801,79.45,138,2034,12,6674
Chef RPG,2024,15.99,2327,2513,84.35,772,2033,30,42934
BRAIN / OUT,2017,Free,437,15278,80.19,74,2032,85,18286
Indigo Park: Chapter 1,2024,Free,0,22842,93.22,0,2030,0,24051
Boneraiser Minions,2023,4.99,4915,5306,92.77,370,2029,202,7298
War Selection,2019,Free,0,23072,83.72,145,2026,0,38381
BLOCKADE,2019,Free,0,11545,73.23,51,2026,0,5486
Oddsparks: An Automation Adventure,2025,29.99,1792,2189,80.49,502,2024,60,25476
Duet Night Abyss,2026,Free,0,1500,57.29,180,2021,5,28392
Wayout,2016,1.99,978,1174,83.54,190,2021,66,2714
Brothers - A Tale of Two Sons,2013,14.99,33714,41209,92.60,110,2019,12,46214
DOKA 2 KISHKI EDITION,2018,0.65,3241,3622,80.85,157,2018,15,7995
SCP: 5K,2022,19.99,11867,14654,78.11,265,2016,24,95671
Dungeons & Degenerate Gamblers,2024,14.99,2759,3302,78.75,148,2016,39,15003
Untitled Goose Game,2020,7.99,21787,24120,93.64,127,2014,25,124398
The Legend of Heroes: Trails in the Sky,2014,19.99,8678,10235,91.25,567,2014,27,48337
GRIME,2021,9.99,4369,6369,82.73,222,2012,47,27961
Journey of a Roach,2013,6.99,1498,2050,85.36,189,2011,18,2488
Deadfall Adventures,2013,19.99,1285,2611,71.12,280,2010,50,18136
VLADiK BRUTAL,2024,11.99,9182,10031,87.36,327,2009,14,18705
Hentai Killer,2019,0.99,2401,3297,76.34,121,2008,7,2026
Kingdom Rush Origins - Tower Defense,2018,14.99,7183,7677,92.56,682,2000,83,28615
Cloudheim,2025,29.99,1261,1391,78.98,483,1989,0,36717
.hack//G.U. Last Recode,2017,49.99,3422,4151,83.87,335,1989,52,34765
Randal's Monday,2014,19.99,1359,1721,75.42,272,1988,21,5618
Lucid Blocks,2026,9.99,3197,3240,90.26,177,1986,19,16991
Magicite,2014,9.99,5797,7580,82.77,422,1985,0,40222
Startup Company,2020,12.99,5821,6190,79.08,334,1984,29,49312
Dark Sector,2009,9.99,654,3395,72.86,30,1984,0,7670
Rise of Eros,2023,Free,0,2365,59.11,148,1982,0,14919
HENPRI,2025,24.99,3441,3622,92.45,2341,1982,0,9406
UnderRail,2015,14.99,6194,7042,83.83,420,1981,55,39411
Beholder 2,2018,17.99,6657,7899,84.61,231,1981,52,36083
灾厄黑龙与谎言公主,2025,9.99,3450,3555,86.91,785,1981,11,5938
Sacred 3,2014,14.99,2163,4452,28.92,228,1981,45,5823
Faaast Penguin,2024,Free,0,1595,73.78,64,1981,28,3149
"Badlands Crew - Drive, Command, Conquer",2025,18.99,1071,1167,75.77,164,1980,31,12200
Duelyst II,2022,Free,0,1777,71.78,195,1978,0,4969
BOKURA: planet,2025,3.56,1318,1497,72.07,303,1976,15,5093
Scarlet Hollow,2021,18.74,4146,4549,94.20,896,1974,219,16439
Ocean World: Eden Crafters Prologue,2024,Free,0,7201,88.29,88,1973,0,12786
Supraland Six Inches Under,2022,6.99,3764,4046,92.36,533,1973,53,9495
GUILTY GEAR Xrd -SIGN-,2015,2.99,2259,2782,87.38,195,1971,48,23313
SUPER DRAGON BALL HEROES WORLD MISSION,2019,59.99,1378,1816,79.44,390,1970,0,12543
The Pirate: Caribbean Hunt,2016,Free,104,4581,80.09,74,1968,0,25914
Moncage,2021,14.99,5085,5503,89.20,172,1965,15,27872
我来自江湖 From Jianghu,2020,9.99,2193,2501,78.90,1238,1965,25,9555
Get Off My Lawn!,2014,Free,0,1733,71.23,70,1964,70,2163
Life is Feudal: Forest Village,2017,22.48,5199,5986,65.21,503,1962,29,91709
SpaceChem,2011,9.99,2599,5061,88.90,92,1962,20,9146
Valdis Story: Abyssal City,2013,14.99,2277,2711,80.74,171,1959,77,13307
Wurm Unlimited,2015,29.99,1877,3130,69.60,185,1958,0,49801
Railroader,2023,29.99,3077,3292,92.81,360,1958,0,15773
Tower Wars,2012,7.99,1201,1750,69.83,181,1956,35,9577
Survival: Fountain of Youth,2024,27.99,3900,4287,82.59,485,1955,49,51297
Descenders,2019,24.99,18505,22499,92.22,265,1954,42,31097
Pathway,2019,15.99,1892,2237,74.37,167,1952,75,32290
Meta Ghost: Breaking Show,2024,17.99,1196,1462,67.32,1121,1950,73,7056
SpongeBob SquarePants: The Cosmic Shake,2023,39.99,2858,4628,88.83,310,1949,44,14660
Aragami 2,2021,34.99,3373,4494,73.58,244,1948,44,16884
Red Lake,2015,4.99,709,1060,49.75,247,1947,0,609
Fairy Fencer F,2015,9.99,1948,2373,85.62,444,1945,29,25591
Bombergrounds: Reborn,2022,Free,0,8376,83.33,77,1945,0,8982
Blood Bowl: Chaos Edition,2012,14.99,1373,1794,77.69,146,1945,22,6244
Clone Drone in the Danger Zone,2021,6.99,34404,37680,94.26,622,1944,63,34006
Juicy Realm,2018,9.99,3254,3656,84.58,286,1944,36,15861
ContractVille,2025,9.88,5206,5778,79.03,910,1943,77,24784
Our Life: Beginnings & Always,2020,Free,442,13375,95.97,735,1942,22,25316
Nuclear Throne,2015,11.99,14764,19447,93.69,338,1941,59,53735
The Infected,2020,15.99,6486,6903,82.10,566,1941,0,38208
Anomaly: Warzone Earth,2011,9.99,999,4671,84.06,147,1941,42,2626
Gloomwood,2022,14.99,7081,7926,92.23,200,1939,0,47061
LET IT DIE,2018,Free,0,6230,73.06,105,1939,14,31322
Saleblazers,2023,17.99,1648,1885,84.23,694,1939,43,15861
Plantera,2016,0.59,4487,5892,85.92,298,1937,29,9945
Crystals of Time,2014,0.76,225,1098,63.44,215,1937,0,421
Sprocket,2021,19.99,11575,12170,90.42,766,1936,0,44079
Into the Radius 2,2024,39.99,4053,4432,79.40,205,1935,0,26714
小白兔电商~Bunny e-Shop,2021,10.99,9174,10237,90.97,428,1935,89,19758
Port Royale 4,2020,39.99,1329,2051,57.08,354,1934,50,24602
Train Sim World® 2020,2017,12.99,5907,6994,75.62,554,1933,222,35258
Mortal Shell,,29.99,9932,11125,66.56,98,1931,37,52781
Lethal League,2014,13.99,2969,6068,90.99,198,1929,23,24156
Tavern Manager Simulator 🍻,2024,14.99,3904,4310,88.61,564,1929,41,16810
Deadlink,2023,24.99,2843,3598,85.81,220,1927,74,19620
The Banner Saga 2,2016,24.99,3138,3751,86.28,408,1924,55,45188
Poly Bridge 2,2020,14.99,7790,8137,92.13,190,1924,22,26104
METAL SLUG ATTACK RELOADED,2024,9.99,1520,1586,68.21,2207,1923,12,5902
The Legend of Heroes: Trails of Cold Steel III,2020,59.99,2672,3143,87.48,5819,1922,53,16444
DrainSim,2026,14.99,1168,1179,87.03,290,1922,2,7062
Platform 8,2024,2.79,2478,2565,83.82,74,1922,3,6576
One Finger Death Punch,2014,4.99,12532,16324,95.30,148,1921,152,14238
Train Station Renovation,2020,18.88,1948,2717,79.18,279,1921,73,11163
Mount & Blade,2008,9.99,5263,6635,89.11,169,1918,0,29498
Puck,2025,Free,0,5207,82.80,0,1918,0,1899
Obduction,2016,29.99,2999,3945,77.31,265,1915,15,47280
Out of Ore,2022,24.99,3635,3832,83.03,1930,1915,0,19447
PIT OF GOBLIN,2024,5.99,815,1037,81.06,93,1915,0,3905
Zero Escape: Zero Time Dilemma,2016,19.99,4502,4741,79.50,598,1914,33,36900
The NOexistenceN of Morphean Paradox : The Forest of Silver Shallots,2026,6.29,1376,1720,68.81,209,1914,0,11727
Gordian Quest,2022,19.99,5169,5932,85.95,527,1913,56,33135
Return from Core,2025,16.99,1568,1761,74.21,746,1912,35,19370
Toy Soldiers,2012,9.99,1354,1486,84.64,137,1912,17,3353
Hellpoint,2020,34.99,2540,4439,70.97,254,1911,42,34453
Marble Mayhem: Fragile Ball,2015,1.99,915,1112,65.18,206,1910,0,701
1954 Alcatraz,2014,9.99,1474,1846,70.97,240,1909,25,1753
Bright Memory,2020,7.99,30103,32985,88.31,57,1907,12,132217
Everlasting Summer,2014,Free,539,77259,93.03,359,1907,14,75463
Asgard's Fall — Viking Survivors,2025,4.68,1151,1231,78.57,495,1906,19,6121
The Shimmering Horizon and Cursed Blacksmith,2025,19.99,935,1014,57.25,1151,1904,73,8459
Aeruta,2025,19.33,2136,2245,90.24,702,1900,65,9437
Team Fortress Classic,1999,4.99,6886,9096,84.74,14,1897,0,10182
ROMEO IS A DEAD MAN,2026,49.99,1816,1927,85.14,1170,1896,44,12768
Hotel Architect,2025,29.99,1101,1376,88.85,763,1896,25,9338
Sledders,2025,29.99,4202,4593,91.80,1033,1894,21,10275
The Swords of Ditto: Mormo's Curse,2018,14.99,1805,2356,62.08,182,1893,20,24372
Star Valor,2022,24.99,3103,3331,85.29,542,1891,45,17154
Fireworks Mania - An Explosive Simulator,2020,14.99,7302,7695,93.69,526,1889,0,14076
Do Not Feed the Monkeys,2018,15.99,9880,12119,90.97,222,1888,33,42456
Fearless Fantasy,2014,6.99,111,1107,71.63,76,1886,24,1142
100 Funny Cats,2024,Free,0,1645,92.45,0,1884,100,1235
Rebirth:Beware of Mr.Wang,2021,8.99,1995,2066,64.89,195,1883,12,13276
FEMINAZI: The Triggering,2017,1.99,1035,1300,75.79,210,1882,70,1949
Dominions 6 - Rise of the Pantokrator,2024,44.99,1515,1594,86.46,697,1881,0,12656
河洛群俠傳 (Ho Tu Lo Shu ： The Books of Dragon),2018,17.99,9480,10946,79.86,841,1877,84,44811
Taxi Life: A City Driving Simulator,2024,13.99,3870,5058,61.70,239,1876,40,28792
King of Crabs,2023,Free,0,9061,77.10,44,1876,74,14544
War of Rights,2018,29.99,12942,14548,86.17,486,1874,29,76666
BPM: BULLETS PER MINUTE,2020,19.99,9532,11337,88.10,180,1874,28,24952
Cube Runner,2016,1.99,643,1226,78.94,241,1871,41,377
Sacred 2 Remaster,2025,19.99,1227,1395,52.89,2362,1869,48,11455
Shogun Showdown,2024,14.99,5890,6613,92.01,524,1860,36,22307
秦殇 (Prince of Qin),2022,0.99,2436,2476,75.58,43,1860,0,8222
Garten of Banban 7,2024,9.99,1486,1592,79.67,116,1859,0,6205
Slappyball,2024,Free,0,5481,81.33,44,1858,9,4132
Pathless Woods,2024,19.99,940,1097,75.75,648,1857,50,15478
Tingus Goose,2025,6.99,998,1184,86.84,113,1856,28,5232
Lunacid,2023,13.99,9799,10734,88.15,362,1855,26,29361
Intralism,2016,2.99,4302,4847,83.56,236,1854,21,3939
Dollar,2024,0.99,1013,1257,76.67,0,1854,2,416
Terraformers,2023,19.99,2928,3612,85.14,230,1853,63,31078
Lost: Find,2021,3.99,1980,2044,83.65,238,1853,20,13979
Stonehearth,2018,19.99,10565,12981,73.89,1182,1851,0,126772
轮回修仙路,2023,16.99,2846,3083,79.00,1303,1851,83,14093
Umamusume: Pretty Derby - Party Dash,2024,44.99,1247,1399,70.58,522,1851,37,8814
Nodebuster,2024,2.99,13407,13614,94.87,222,1848,13,4193
War Trigger 3,2015,Free,161,8165,58.88,40,1843,0,26866
Dark Hours,2025,14.99,3102,3741,80.06,245,1842,46,32152
Red Faction®: Armageddon™,2011,19.99,2565,4957,71.03,113,1839,58,10577
Monster Prom 4: Monster Con,2025,14.99,1826,2051,94.18,226,1839,50,9733
Cube Escape: Paradox,2018,Free,1369,11599,94.30,137,1837,28,20850
HIVESWAP: ACT 2,2020,14.99,1006,1162,82.21,463,1837,49,4710
Hired Ops,2021,Free,2561,16043,66.58,79,1835,17,30593
There Are No Orcs,2025,8.99,980,1014,88.60,608,1833,10,5285
DESOLATE,2019,2.99,6195,8012,65.37,210,1832,72,114784
NEBULOUS: Fleet Command,2022,29.99,3545,3832,78.58,358,1830,19,43267
ANTONBLAST,2024,12.99,3726,4433,91.79,719,1827,27,10428
Sapiens,2022,24.99,1974,2107,80.05,871,1826,0,41625
Alaskan Road Truckers,2023,20.68,2673,3207,61.25,299,1822,30,37110
PickCrafter,2017,Free,0,7069,83.60,152,1820,121,2982
The Life and Suffering of Sir Brante,2021,19.32,7800,9520,87.08,514,1819,89,21007
Black Book,2021,21.68,5164,6540,89.29,161,1817,50,36624
Spirit Hunters: Infinite Horde,2023,7.99,1534,1590,75.84,445,1816,100,4933
Octodad: Dadliest Catch,2014,14.99,8942,10539,91.35,163,1815,32,20740
ETHYRIAL,2023,Free,0,1399,54.85,305,1815,0,4243
Portal Dungeon,2023,14.99,992,1193,83.51,703,1814,148,6517
Holyday City: Reloaded,2018,Free,0,1615,77.86,129,1813,42,2157
Disintegration Technical Beta,2020,—,0,1426,73.78,17,1813,0,1199
Rebirth:Mr Wang,2020,3.99,3054,3261,77.99,67,1812,36,22751
Electrician Simulator,2022,17.99,3696,4051,78.00,165,1810,26,23620
极速营救,2025,9.99,1842,2114,82.41,577,1807,29,4396
PANELKI,2022,0.79,2143,2452,83.53,135,1806,16,1809
112 Operator,2020,4.99,5567,7180,86.47,192,1805,45,22037
Ultimate Epic Battle Simulator 2,2023,19.99,6868,7137,81.91,145,1802,0,38730
Virtual Cottage,2020,Free,0,10962,94.78,422,1801,8,13666
House Party,2022,24.99,13869,15310,83.99,379,1800,91,133088
Abyss: The Wraiths of Eden,2014,14.99,818,1527,85.76,218,1798,20,1809
Train Sim World® 3,2022,24.99,3913,4592,76.21,565,1796,212,19707
Shoppe Keep 2,2019,9.99,1520,2227,55.49,229,1796,36,8656
EA SPORTS™ PGA TOUR™,2023,69.99,2023,2474,53.15,1160,1796,18,4619
We Were Here,2017,Free,1722,32074,87.93,95,1793,26,38722
Bleak Faith: Forsaken,2023,29.99,2689,2833,72.72,1531,1793,21,26099
Guild of Dungeoneering Ultimate Edition,2015,19.99,1723,2612,74.33,142,1793,63,19908
Return of the Obra Dinn,2018,19.99,30716,33477,94.70,461,1792,16,81485
SUCCUBUS,2021,24.99,4878,5116,74.23,223,1792,30,66429
The Plucky Squire,2024,29.99,2548,3797,82.04,190,1792,24,29053
Castlevania Dominus Collection,2024,24.99,2230,2589,90.51,650,1792,52,14609
Fell Seal: Arbiter's Mark,2019,29.99,4894,6249,85.13,355,1791,53,36941
Cruelty Squad,2021,5.99,21596,23213,94.00,296,1791,38,21878
Laundry Store Simulator,2024,11.99,1680,1797,85.50,5497,1790,75,3565
HAWKEN REBORN,2023,Free,0,2404,30.37,51,1787,0,6274
Sins Of The Demon RPG,2016,1.99,855,1080,80.32,201,1787,9,4999
Shortest Trip to Earth,2019,25.99,1250,1429,73.95,247,1786,78,21415
Star Renegades,2020,24.99,2618,3001,79.86,241,1785,44,28606
ISLANDERS,2019,4.99,16047,16725,92.03,86,1783,38,49130
Cities in Motion 2,2013,5.99,1175,2497,57.12,70,1783,51,8297
Zup! Zero 2,2018,1.99,1220,1294,89.50,182,1783,777,603
古剑奇谭(GuJian),2017,11.99,5058,5627,77.74,217,1782,140,6909
Fire & Maneuver,2023,9.99,266,2755,74.37,114,1780,40,14598
From the Depths,2020,24.99,10818,12546,86.96,534,1779,53,70618
VTOL VR,2017,29.99,19368,21255,95.70,594,1777,0,38171
Monster Prom 3: Monster Roadtrip,2022,11.99,2791,3276,93.01,276,1774,75,13131
LOVE,2014,2.99,822,1184,85.73,156,1774,19,1714
Viscera Cleanup Detail,2015,12.99,17779,23422,90.19,246,1773,85,66369
Bad North: Jotunn Edition,2018,14.99,11687,13567,90.78,232,1770,11,46188
HARDCORE MECHA,2019,19.99,2321,2672,80.08,216,1770,36,16093
rFactor 2,2015,29.99,6710,9054,76.94,620,1769,25,32356
Murder Miners,2014,2.99,3966,6386,83.69,124,1769,46,26896
Five Hearts Under One Roof,2024,19.99,5348,6235,88.32,270,1767,53,35332
SNKRX,2021,2.99,4187,4327,90.90,472,1766,24,3584
Trials of Fire,2021,19.99,2957,3240,82.97,286,1765,31,17880
Serious Sam: Siberian Mayhem,2022,19.99,4453,4930,89.19,363,1765,51,10139
Atlantica Global,2020,Free,0,1020,63.31,187456,1761,0,4576
Session: Skate Sim,2022,9.99,13245,15577,81.18,387,1757,48,35921
Impostor Factory,2021,9.99,11653,12523,93.12,218,1754,1,19700
OFF,2025,14.99,2613,2852,92.29,90,1754,17,14024
Murky Divers,2024,8.99,3899,5173,85.12,179,1751,0,21927
Animal Shelter,2022,19.99,3496,4001,84.53,359,1750,125,30372
Seed of the Dead: Sweet Home,2021,29.99,2962,3050,80.01,635,1750,43,26859
Vivid Knight,2021,14.99,1626,1703,85.70,741,1749,62,6753
Babble Royale,2021,Free,0,1028,77.87,0,1747,30,942
Bridge Constructor Portal,2017,9.99,6410,7271,88.88,152,1745,26,47790
Good Company,2022,24.99,1466,1765,71.06,312,1745,76,31837
Trine 4: The Nightmare Prince,2019,29.99,11507,14063,86.56,329,1744,39,45190
Bladesong,2026,19.99,1059,1158,90.07,418,1744,24,22539
Thea: The Awakening,2015,19.99,3413,3887,82.87,521,1742,31,45138
Tom Clancy's Rainbow Six® Vegas 2,2008,9.99,5269,6008,82.36,189,1734,0,31342
Wrap House Simulator🌯,2025,14.33,2527,2918,84.97,268,1731,26,8499
Immortal Family,2024,13.99,1169,1353,53.18,1764,1731,114,7209
Sword and Fairy,2021,4.99,3800,4003,93.48,287,1729,0,10190
Voxel Tycoon,2021,24.99,1516,1745,75.96,416,1728,0,29135
Five Nights at Freddy's 2,2014,7.99,23214,25497,91.64,124,1725,0,54296
Anomaly Agent,2024,3.59,9007,9495,92.20,246,1724,29,18363
Orc Massage,2022,14.99,7504,8189,81.68,180,1723,0,67638
Crisol: Theater of Idols,2026,17.99,3309,3422,83.72,884,1722,28,20135
"Gremlins, Inc.",2016,3.99,6596,8701,81.93,325,1716,100,43753
Paleo Pines,2023,29.99,1945,2491,79.63,233,1716,46,22066
The Incredible Adventures of Van Helsing II,2014,14.99,1940,2618,67.10,157,1714,63,12262
Robocraft 2,2023,—,0,1782,36.69,44,1714,0,17
Aragami,2016,19.99,10173,12928,87.67,179,1713,51,79935
Nova Drift,2024,17.99,12810,14424,93.15,557,1713,40,24507
Is This Seat Taken?,2025,9.99,7526,7919,94.35,223,1713,26,16761
Guild Quest,2017,Free,368,1726,63.73,81,1713,101,8915
Riven,2024,34.99,2623,2720,88.77,258,1712,34,21324
Fire Pro Wrestling World,2017,29.99,3060,3271,86.25,338,1712,32,17068
Dreamfall Chapters,2017,24.99,3200,4511,79.76,295,1711,59,66053
Orb of Creation,2022,4.99,1431,1472,85.20,1774,1710,1,3784
HighFleet,2021,29.99,6794,7175,85.80,423,1709,0,37494
SYNTHETIK 2,2021,19.99,3008,3274,77.87,433,1709,35,23637
Total Tank Simulator,2020,5.99,7438,8609,77.23,152,1707,47,38825
Cowboy Life Simulator,2025,15.19,960,1114,86.22,1384,1707,20,15768
Outpath,2023,14.99,2701,2913,89.69,572,1706,89,13360
Texas Hold'em Poker: Pokerist,2025,Free,0,2508,65.27,299,1706,0,2693
FlipWitch - Forbidden Sex Hex,2023,11.24,5306,5744,91.36,465,1702,23,37796
Journey to the West,,19.99,0,1700,78.17,0,1702,0,6442
Havendock,2025,18.18,1450,1876,76.81,398,1701,18,23495
Trigon: Space Story,2022,3.99,1234,1409,66.28,546,1701,91,15620
"This Ain’t Even Poker, Ya Joker",2025,5.99,1560,1637,83.44,435,1701,12,2167
Guacamelee! Gold Edition,2013,14.99,3132,5984,89.99,120,1698,60,5676
Othercide,2020,29.99,4395,5155,79.61,132,1696,26,44395
SpellForce 3 Fallen God,2020,19.99,1296,1531,83.46,62,1696,35,17939
Pizza Connection 3,2018,1.99,664,1105,49.88,178,1695,29,5684
Before the Echo,2011,2.49,1055,1447,82.07,96,1694,21,807
SOS OPS!,2023,4.99,2222,2707,76.87,92,1693,24,8699
Karryn's Prison,2021,29.99,4263,4385,91.97,2754,1689,60,32142
The Legend of Heroes: Trails of Cold Steel II,2018,39.99,2648,3068,89.51,3776,1689,51,20524
After Inc: Revival,2025,13.49,1177,1178,76.40,318,1689,47,20267
Extremely Powerful Capybaras,2023,5.99,889,1104,62.02,324,1689,36,5856
Ice World,2024,0.99,0,1235,58.83,0,1689,0,2594
Legend of Dungeon,2013,9.99,1217,1637,70.52,124,1688,16,7699
Digimon World: Next Order,2023,59.99,2166,2774,78.45,415,1685,45,21440
Cobalt Core,2023,19.99,3859,4153,92.32,595,1683,15,12436
Dark Roll: Free Kick Challenge,2021,Free,0,1205,77.55,46,1683,27,744
Command & Conquer: Red Alert 3 - Uprising,2009,19.88,4419,5695,80.71,144,1681,0,20261
Blazing Sails,2023,4.49,8212,10500,84.20,284,1680,16,24461
Ultimate General: Civil War,2017,29.99,8139,8410,86.39,1159,1678,39,63445
Littlewood,2020,14.99,6051,6794,90.18,612,1678,60,35514
The Desolate Hope,2014,Free,121,1767,87.95,192,1677,0,6537
Shadow Tactics: Aiko's Choice,2021,19.99,3890,4739,90.00,267,1676,44,16944
Five Nights at Freddy's 4,2015,7.99,15014,16483,90.59,59,1675,0,48705
GROUND BRANCH,2018,29.99,20776,23217,86.75,435,1674,0,111914
Friday the 13th: Killer Puzzle,2018,—,0,6083,90.61,57,1674,52,11605
Asterigos: Curse of the Stars,2022,34.99,2450,3340,76.03,204,1672,49,39543
Tape to Tape,2023,19.99,3244,3481,88.41,341,1669,18,18351
Clockwork Tales: Of Glass and Ink,2014,14.99,632,1146,87.01,222,1669,19,2015
Grim Clicker,2024,Free,0,2848,76.01,576,1668,56,3319
Terraforming Mars,2018,19.99,5114,7119,69.15,567,1667,40,19872
Mountain,2014,0.99,12917,16287,86.11,155,1667,31,13734
Bloodline Champions,2011,Free,0,1724,81.73,194,1667,0,4385
TouHou Makuka Sai ~ Fantastic Danmaku Festival Part III,2025,13.99,1136,1182,85.56,351,1666,21,2808
Idle Fishing,2024,Free,0,1852,79.81,278,1666,1215,1167
Cities XL Platinum,2013,1.49,1057,1631,57.58,137,1665,0,4121
挂机手游模拟器,2025,2.99,1034,1040,87.59,1119,1664,24,1263
WWE 2K17,2017,—,1043,1699,62.91,3233,1663,59,7145
Crea,2016,14.99,1083,1405,72.51,413,1662,49,40103
MEMORIAPOLIS,2025,24.99,1639,1690,73.68,237,1661,0,49383
Scribble It!,2020,Free,0,7980,83.85,83,1661,25,10085
The Bus,2026,39.99,7210,7748,71.40,525,1660,49,35279
Bloons TD 5,2014,9.99,10619,11805,92.07,816,1660,125,15198
Kiwi Clicker - Juiced Up,2022,4.99,1627,1794,89.77,1815,1658,71,1508
12 Labours of Hercules II: The Cretan Bull,2015,2.99,1726,2095,85.93,300,1655,22,1064
Shadow Warrior 3: Definitive Edition,2022,39.99,4683,5496,67.44,314,1651,38,27806
Cat Quest,2017,12.99,8164,10459,91.94,283,1651,12,22762
GONE Fishing,2025,9.99,2272,2723,86.58,269,1651,39,9219
No Time to Relax,2019,13.99,2372,2781,87.90,226,1649,67,8684
Bounty of One,2023,6.99,2698,2983,84.28,436,1648,100,5349
Garten of Banban 2,2023,4.99,3851,4381,65.93,223,1647,0,15585
TOXIKK™,2016,Free,1304,5900,75.19,58,1646,60,48772
RUSSIA BATTLEGROUNDS,2018,0.65,3773,4461,74.95,137,1646,34,16404
Crime Simulator: Playgrounds,2024,1.99,230,2097,70.92,91,1646,18,4750
Let's Build a Zoo,2021,19.99,3657,4043,86.18,270,1645,45,22822
Supraworld,2025,25.49,1330,1429,87.24,1102,1645,80,12798
Fantasy General II,2019,39.99,1010,1910,77.48,73,1644,77,19194
12 Labours of Hercules III: Girl Power,2015,2.99,789,1024,81.74,265,1642,22,740
HYPERCHARGE: Unboxed,2020,24.99,3777,4372,86.88,143,1641,20,44088
The End Is Nigh,2017,14.99,3147,3343,89.84,119,1641,106,18294
Among Us 3D,2025,9.99,2369,2588,68.91,287,1641,20,18133
Styx: Master of Shadows,2014,19.99,9442,11476,81.27,152,1639,33,81480
IfSunSets,2024,19.99,1946,2130,72.15,1699,1637,46,24495
Naheulbeuk's Dungeon Master,2023,24.99,1274,1575,68.98,313,1637,30,18877
Alina of the Arena,2022,14.99,3507,3885,88.11,778,1636,42,15845
Maktala: Slime Lootfest,2025,3.49,1116,1128,77.06,587,1636,16,1454
Infinity Wars: Animated Trading Card Game,2014,Free,0,3464,74.75,228,1635,0,18677
Holodrive,2021,Free,0,1231,75.20,119,1635,30,4149
VERGE:Lost chapter,2015,0.99,2538,2797,52.81,256,1634,0,777
Prison Simulator,2021,14.98,2253,2464,82.64,275,1633,84,26286
Academy Love Saga: Tennis Angels EX,2025,9.99,1594,1666,83.07,143,1633,17,12852
Soda Crisis,2022,10.99,2905,3200,89.27,272,1631,49,12499
Pine,2019,24.99,1500,1843,71.51,167,1630,13,34480
The Legend of Heroes: Trails of Cold Steel,2017,39.99,5021,5787,91.35,2194,1628,51,44717
Alone in the Dark,2024,13.19,3056,4522,76.26,642,1628,38,32307
A Bird Story,2014,3.99,8065,10674,82.79,108,1628,1,16246
Heartwood Online,2023,Free,0,3258,67.62,144,1628,0,5246
Yu-Gi-Oh! Legacy of the Duelist,2016,19.99,4375,4957,81.04,1447,1627,21,23696
TerraScape,2024,14.99,1941,2118,85.28,114,1627,70,21859
AETHUS,2026,19.99,1303,1295,90.39,762,1624,40,10233
Slice & Dice,2024,8.99,2374,2460,92.40,1564,1624,187,8694
Mashinky,2018,24.99,2424,2890,80.36,1180,1622,58,34914
ROUTINE,2025,24.99,5628,6440,89.71,290,1620,14,41689
ZEPHON,2024,21.99,1620,1675,80.63,973,1620,86,29318
Xenonauts,2014,24.99,3767,5017,84.05,487,1619,0,31019
A Difficult Game About Climbing,2024,9.99,5150,5421,84.81,128,1618,5,9824
Reigns,2016,2.99,7440,8056,84.60,155,1612,13,23313
Patron,2021,19.99,2838,3142,70.45,223,1611,85,43234
Phantom Abyss,2024,19.99,1959,2236,78.36,336,1607,18,17924
Weapon Shop Fantasy,2017,9.99,1549,1812,76.14,359,1607,131,12459
NINJA GAIDEN: Ragebound,2025,24.99,2309,2499,88.81,391,1606,36,18914
Tower Unite,2025,19.99,16116,21650,87.87,663,1603,651,48046
SteamWorld Heist II,2024,9.68,2089,2354,89.41,675,1601,34,10680
GemCraft - Chasing Shadows,2015,9.99,3594,4339,91.34,240,1601,419,9234
Madness Cubed,2016,1.99,1040,1282,74.89,220,1601,0,2360
9 Clues: The Secret of Serpent Creek,2014,14.99,685,1512,85.72,221,1598,19,1375
World of Guns: Gun Disassembly,2014,Free,340,19645,82.37,63,1597,42,154143
Territory Idle,2019,Free,0,1698,75.62,201,1597,100,1630
死寂（Deathly Stillness）,2021,Free,0,22034,93.37,0,1595,0,72737
DREADZONE,2025,29.99,1123,1176,51.35,206,1595,49,21751
Canyon Capers,2014,6.99,0,1893,45.76,144,1595,30,370
Dark Deity 2,2025,14.99,1397,1519,86.76,1718,1594,35,15827
INARI,,8.99,0,2214,90.19,0,1593,0,16255
Dice Legacy,2021,14.99,889,1049,66.01,305,1591,47,14097
No-brainer Heroes 挂机吧！勇者,2019,9.99,1456,1694,71.73,3576,1591,92,5108
hack_me,2017,5.99,1452,2101,59.15,240,1589,5,3858
ANIME - World War II,2020,1.99,1064,1363,77.34,86,1589,64,2537
Growing Up,2021,14.99,3325,3571,84.54,753,1587,62,11807
Cardfight!! Vanguard Dear Days,2022,69.99,1143,1219,73.05,3967,1587,43,7940
Cadria Item Shop,2018,Free,0,1577,69.86,2482,1586,56,4739
Castlevania: Lords of Shadow – Ultimate Edition,2013,29.99,7788,10114,79.02,234,1585,47,25588
Chants of Sennaar,2023,11.99,26667,29531,96.13,560,1584,25,38054
Trine 5: A Clockwork Conspiracy,2023,29.99,2382,3256,86.60,660,1584,62,20848
Mobile Empire,2018,3.99,1349,1511,53.80,1368,1584,30,5399
Magical Girl Celesphonia,2022,19.99,2991,3074,91.81,787,1583,0,20719
Youtubers Life 2,2021,24.99,1888,2251,70.46,516,1581,20,13658
Eden Crafters,2024,19.99,2102,2233,82.90,703,1577,0,27554
FORCED: Slightly Better Edition,2013,14.99,1777,2792,71.93,121,1577,24,11885
Katana ZERO,2019,14.99,65159,74647,96.32,289,1575,22,100824
VA-11 Hall-A: Cyberpunk Bartender Action,2016,14.99,33195,38022,95.35,387,1574,34,100536
Warhammer Age of Sigmar: Realms of Ruin,2023,5.99,1823,3049,52.14,127,1572,37,32932
Pankapu,2016,11.99,254,1424,63.40,22,1572,56,5045
Builder Simulator,2022,13.98,1519,2120,70.13,148,1571,58,30942
Prototype™,2009,19.99,12014,13704,78.49,309,1570,0,71005
Dream Date,2020,1.99,2512,2615,82.01,37,1570,31,16944
失业了，我获得了亿万游戏财产！,2024,12.99,2689,2860,83.59,825,1567,56,10432
Castle Story,2017,9.99,9156,10519,64.06,384,1565,12,37132
神都不良探 Underdog Detective,2022,7.99,2707,2847,71.24,376,1565,33,7969
LONESTAR,2025,12.99,2099,2339,87.17,671,1563,46,10911
"Cook, Serve, Delicious!",2013,12.99,3710,5698,91.10,214,1560,52,6375
KARMA: The Dark World,2025,20.23,3632,4174,88.54,412,1558,24,19112
Way of the Samurai 4,2015,24.99,1886,2031,75.03,307,1557,50,22781
Junkyard Simulator,2021,6.39,2084,2154,63.34,213,1556,57,39770
Backrooms Rec.,2024,6.99,1458,1681,67.40,176,1555,24,6359
Shenmue I & II,2018,29.99,2077,3168,85.48,151,1554,55,31544
Stuck In Time,2021,7.99,983,1027,80.15,5311,1552,28,3939
Hearts of Iron III,2009,9.99,4921,6043,74.22,324,1551,0,17862
Sexy Mystic Survivors,2022,9.99,1826,1890,73.54,843,1551,53,13641
I am not a Monster: First Contact,2018,9.08,482,1281,73.43,26,1551,88,8323
我的小鲨鱼,2024,Free,0,4311,93.50,0,1551,0,6680
SpellForce 3 Soul Harvest,2019,19.99,1963,2300,81.40,309,1550,43,20813
Brigandine The Legend of Runersia,2022,39.99,1246,1318,81.36,263,1547,35,12794
Thief Simulator 2: Prologue,2023,Free,0,1708,80.82,54,1547,4,6034
Leaf it Alone,2025,5.99,3395,3507,93.29,141,1547,18,4526
Overture,2015,4.99,571,1260,72.16,216,1546,4,4888
Idle Wizard,2019,Free,0,1755,82.59,922,1544,80,1576
Cross Blitz,2025,22.99,1478,1596,72.62,1286,1543,29,8230
变量 Variables,2019,10.99,950,1019,82.01,812,1541,40,2630
Monster Girl Island: Prologue,2019,Free,0,16905,92.61,0,1538,0,59917
Five Nights at Freddy's,2014,4.99,52228,57853,92.13,96,1536,0,76045
RoboCop: Rogue City - Unfinished Business,2025,29.99,3088,3782,82.27,531,1535,25,14341
Legends of Kingdom Rush,2022,14.99,1450,1685,63.81,539,1535,84,6931
Coloring Pixels,2018,Free,0,8474,93.10,237,1535,2303,4681
12 Labours of Hercules,2015,2.99,2290,3024,89.62,304,1535,22,1168
Baba Is You,2019,14.99,20235,23753,95.45,267,1533,18,44130
Dungeon Tycoon,2024,14.99,1382,1765,72.94,280,1533,29,9739
SOVL: Fantasy Warfare,2023,Free,0,2567,84.35,135,1533,82,4699
As Far As The Eye,2020,24.99,1631,2110,69.75,281,1532,67,21160
"Cook, Serve, Delicious! 2!!",2017,14.99,2124,3019,85.72,184,1532,45,9120
RAID: World War II,2017,9.99,2354,2790,63.02,970,1530,129,165672
SAS: Zombie Assault 4,2017,Free,0,9520,83.75,71,1530,64,15473
Bad Rats: the Rats' Revenge,2009,1.99,7054,14831,77.38,105,1529,13,3233
Darza's Dominion,2022,Free,0,1233,64.50,173,1529,0,1790
Selaco,2024,24.99,4822,5137,88.92,254,1528,30,41088
Subsistence,2016,10.49,12293,13626,70.78,364,1527,47,105364
Maximum Football,2025,Free,0,1309,61.52,59,1527,44,6392
Oik 3,2017,0.99,974,1028,82.47,332,1527,5000,744
Half-Demon Shinobi,2024,10.99,1178,1240,85.46,343,1526,54,13467
SMASH LEGENDS,2021,Free,0,9937,67.56,124,1526,0,8635
Song of Nunu: A League of Legends Story,2023,29.99,2682,3057,90.50,410,1525,44,14031
West Hunt,2023,4.99,1503,2139,80.08,177,1525,25,9194
My Little Life,2025,5.99,963,1058,84.41,751,1525,23,6179
咸鱼殿下 / My journey,2025,11.99,1957,2078,82.08,473,1524,0,6871
懒人修仙传,2018,3.99,1169,1285,58.77,76778,1522,0,2413
The 39 Steps,2013,0.99,431,1609,73.03,166,1518,20,1114
Spellsworn,2018,Free,0,1494,84.76,89,1517,0,4217
Unreal Tournament 3,2009,—,2684,4175,84.95,175,1514,57,26448
Salt 2: Shores of Gold,2025,19.99,2055,2222,81.65,270,1514,36,24320
Samsara Room,2020,Free,0,9886,94.24,88,1514,8,9779
Crossroads Inn Anniversary Edition,2019,14.99,3566,4058,54.41,427,1512,40,26906
Tap Heroes,2015,0.59,400,1368,70.73,211,1511,50,1409
Monster Prom,2018,11.99,12166,14249,90.64,189,1510,52,35043
How to Train Your Cock,2025,3.99,1460,1657,91.35,3684,1510,18,1609
Barro 2020,2019,0.49,1858,2050,81.37,210,1510,9,971
Red Faction Guerrilla Re-Mars-tered,2018,19.99,3281,4322,77.36,180,1509,57,14064
Lucius,2012,3.74,7657,10791,79.16,167,1509,58,13909
Automation - The Car Company Tycoon Game,2015,29.99,15894,17031,91.46,833,1508,0,70143
Garten of Banban 6,2023,9.99,1212,1306,73.57,81,1507,0,7412
Stolen Realm,2024,19.99,3319,3766,81.38,709,1506,61,27769
PlanetSide Arena,2019,—,0,1870,45.93,57,1506,0,20375
Learn to Fly 3,2017,Free,0,11014,91.93,147,1506,40,5474
Perfect Heist 2,2021,9.99,3541,4535,89.44,291,1505,29,9814
巫兎 - KANNAGI USAGI -,2023,Free,0,7023,94.74,0,1505,1,4314
War Robots: Frontiers,2025,Free,737,4508,64.01,234,1504,33,7872
Card Survival: Fantasy Forest,2025,17.99,1049,1084,71.63,659,1503,0,4015
BMX Streets,2024,24.99,3873,3982,78.53,1119,1502,10,9741
Bit Blaster XL,2016,0.99,5484,6141,93.04,72,1501,17,5657
Storyteller,2023,7.49,7682,8631,85.83,182,1499,5,31069
Peekaboo,2019,2.99,2793,3276,76.41,100,1499,33,10819
One Troll Army,2016,Free,0,1480,81.95,50,1498,15,4925
WWE 2K19,2018,—,2793,3722,72.34,1637,1496,47,10398
Noob - The Factionless,2023,29.99,348,1113,78.08,822,1496,73,6772
ICBM: Escalation,2024,29.99,1100,1261,83.73,750,1494,82,12824
Hentai 3018,2018,0.59,1176,1485,75.71,201,1494,3445,4951
GOD EATER 2 Rage Burst,2016,49.99,3459,4675,75.51,179,1491,47,70301
Never Return,2021,13.99,1453,1633,70.90,1013,1491,44,10771
Men of War: Assault Squad,2011,9.99,3975,5106,84.62,1064,1490,110,33048
Element TD 2 - Tower Defense,2021,14.99,2808,3186,86.00,249,1490,456,13044
Lost Eidolons,2022,34.99,1683,2309,66.91,497,1489,23,26647
Drug Lord Tycoon,2024,9.99,1585,1626,79.57,556,1489,3,7060
Colony Survival,2017,24.95,8111,8839,89.35,1077,1488,50,80164
Wingspan,2020,19.99,9415,11531,91.66,220,1488,64,34257
Space Run,2014,0.74,1749,2126,81.85,219,1488,30,5564
PILGRIM,2024,7.99,2997,3686,68.83,225,1486,0,17545
Screen Cat,2025,0.99,1663,1865,88.48,496,1483,10,1562
Crying Suns,2019,24.99,3094,4458,83.20,291,1479,79,28993
The Anacrusis,2023,9.99,620,1878,46.94,144,1478,55,12661
Little Noah: Scion of Paradise,2022,14.99,2108,2191,88.20,208,1478,39,11474
The Deed: Dynasty,2016,2.99,527,1007,77.51,198,1478,53,3079
ArcaniA,2010,19.99,2207,3183,54.88,174,1474,0,4592
Ion Fury,2019,24.99,6687,7919,88.12,165,1471,62,24640
Ratropolis,2020,17.99,5127,5486,85.31,613,1470,46,23315
Rise to Ruins,2019,14.99,7218,7742,85.19,406,1469,113,51575
Fights in Tight Spaces,2021,24.99,3421,3802,86.83,613,1469,70,21383
Assassin's Creed™: Director's Cut Edition,2008,19.99,22864,24327,79.18,266,1468,0,35036
HomeWork Is Crazy / 作业疯了,2019,7.99,1020,1243,29.15,477,1468,26,3814
Outhold,2025,6.99,1332,1341,81.93,241,1468,15,3610
Opus Magnum,2017,19.99,5554,6779,94.06,305,1467,5,33845
Gunsmith Simulator,2024,13.05,2995,3116,81.67,392,1465,39,40440
The Great Villainess: Strategy of Lily,2025,23.99,1341,1408,81.70,791,1465,32,11073
Anno Online,2015,—,0,1022,48.11,100,1465,0,4483
Wedding Witch,2023,2.99,4274,4525,86.41,270,1464,38,15775
Despot's Game: Dystopian Battle Simulator,2022,19.99,2829,3307,81.18,254,1463,36,29568
Mars: War Logs,2013,0.99,2401,2992,73.03,220,1462,14,8691
Dark Deception,2018,Free,1271,23309,86.76,38,1461,40,64081
Motel Manager Simulator,2024,17.99,1406,1471,81.02,989,1461,0,5891
Chaos on Deponia,2012,19.99,2418,3004,86.82,352,1461,34,5591
Beautiful Mystic Survivors,2022,4.99,1204,1235,67.55,608,1461,53,5577
Zombieville USA 3D,2025,9.99,2111,2230,89.59,600,1458,30,6265
Oddworld: New 'n' Tasty,2015,19.99,2873,3621,82.54,166,1457,35,28380
RUSSIAPHOBIA,2020,0.49,5526,7404,67.54,32,1452,100,20472
FAR: Lone Sails,2018,14.99,23630,25554,93.11,154,1449,14,58499
Aotenjo: Infinite Hands,2025,9.99,946,1067,83.51,367,1449,38,5273
EVERSPACE™,2017,1.99,9735,11386,76.65,156,1448,33,117088
Vigil: The Longest Night,2020,8.79,3228,3543,83.00,1447,1448,47,23512
Swaying Girl,2020,0.99,4855,5083,85.92,34,1447,3,39791
Hero Zero - Multiplayer RPG,2016,Free,0,3800,79.25,163,1447,0,3589
Warhammer Age of Sigmar: Storm Ground,2021,1.99,921,1114,58.76,974,1445,42,12770
Ambulance Life: A Paramedic Simulator,2025,17.99,899,1200,50.81,223,1445,31,10461
Daylight,2014,4.99,1034,1576,50.34,205,1444,16,5255
Alien Shooter 2: Reloaded,2009,4.99,2422,3499,88.19,185,1444,0,3947
The Vanishing of Ethan Carter,2014,19.99,6830,8937,85.80,173,1443,14,73611
Moonbase Alpha,2010,Free,168,12849,88.19,48,1443,0,21248
X3: Terran Conflict,2008,15.99,2068,2843,82.14,78,1442,33,18279
Bee Island,2023,9.99,1505,1589,82.39,230,1442,24,5432
Galactic Civilizations IV,2023,39.99,2059,2405,70.73,2793,1440,78,31007
Let Them Trade,2025,17.99,949,1041,81.11,645,1440,32,14447
Superliminal,2020,7.99,27206,32723,92.63,165,1439,27,67097
Blightbound,2021,19.99,953,1261,61.81,334,1439,27,18787
VALKYRIE CONNECT,2020,Free,0,1123,70.87,520,1438,0,3318
大千世界,2020,3.99,2292,2365,82.72,508,1437,0,2864
The Walking Dead: Saints & Sinners,2020,19.99,7505,9962,83.51,151,1436,45,37201
Them's Fightin' Herds,2020,19.99,3283,4477,78.69,141,1436,28,17639
Street Warriors Online,2016,1.99,321,1627,56.66,35,1436,43,6656
Park Beyond,2023,29.99,778,1306,61.04,601,1435,33,15250
Mad Games Tycoon,2016,14.99,3695,4415,87.50,486,1434,39,25305
The Nameless: Slay Dragon,2024,17.99,1877,1967,87.32,3677,1433,62,10037
Seen,2019,0.49,9286,9944,88.59,100,1433,210,8020
Fears to Fathom - Woodbury Getaway,2024,9.99,3170,3318,83.40,163,1432,10,15431
Colony Ship: A Post-Earth Role Playing Game,2023,39.99,3757,3884,84.96,557,1431,70,47572
Teleglitch: Die More Edition,2013,12.99,996,2889,81.74,66,1431,39,7627
X-Plane 12,2022,59.99,5628,5843,83.72,705,1430,0,33722
Songs of Silence,2024,29.99,2247,2594,78.16,150,1430,56,28432
Zomborg,2017,4.99,139,1157,51.94,23,1430,21,3050
The Banner Saga 3,2018,24.99,2564,3011,76.77,358,1428,101,18785
Pid,2012,19.99,295,2429,80.10,30,1427,12,5235
Company of Heroes: Opposing Fronts,2007,3.99,796,1181,86.67,17,1426,0,7484
Silica,2023,19.99,4318,4757,74.06,366,1425,0,64243
Rooftops & Alleys: The Parkour Game,2025,24.99,6416,6753,91.90,184,1425,24,29476
修仙小屋,2025,Free,0,2703,89.76,0,1424,0,539
Paint the Town Red,2021,19.99,28467,31753,93.94,482,1423,30,59919
Pathologic 2,2019,34.99,9305,11895,89.18,279,1422,50,60570
Heat,,4.99,0,2930,48.73,0,1422,0,26228
WE ARE FOOTBALL 2024,2024,39.99,714,1005,76.61,1974,1422,46,3466
Intruder,2019,19.99,5348,6930,87.42,254,1421,0,28231
Dragon Age II: Ultimate Edition,2020,29.99,6576,7277,79.00,948,1421,0,17729
Eternights,2023,9.99,2928,3337,82.46,651,1418,26,26801
CS2D,2017,Free,0,10339,87.70,28,1418,66,17138
Amanda the Adventurer,2023,8.99,5782,7058,90.61,125,1418,19,13079
Serena,2014,Free,0,6550,75.06,6,1418,0,8708
Lust Theory - Season 1,2022,12.05,3425,3685,85.47,367,1417,50,40016
White Knuckle,2025,14.99,8239,8858,94.92,642,1417,53,16981
TaleSpire,2021,24.99,4262,5083,87.20,639,1416,0,81558
Vellum,2025,19.99,1201,1353,85.85,674,1416,35,13223
Café Stella and the Reaper's Butterflies,2022,34.99,5179,6584,94.54,938,1415,12,20900
Souldiers,2022,19.99,2203,3001,67.00,321,1415,38,16446
Pineapple on pizza,2023,Free,0,25627,95.48,0,1415,16,5119
Tales of Symphonia,2016,19.99,4278,5096,82.74,245,1414,39,35280
My Little Universe,2023,14.99,1356,2055,82.19,378,1413,76,7849
Blockstorm,2015,Free,2780,6323,77.77,208,1411,131,15469
Grimshire,2025,11.99,2432,2548,93.44,1778,1410,19,22103
Call of Duty®: Modern Warfare® Remastered (2017),2017,39.99,12629,15350,53.66,309,1409,50,89670
ChilloutVR,2021,Free,0,2394,76.39,47,1409,0,6871
Have a Nice Dream,2021,Free,0,4867,89.28,0,1409,0,3346
Dead State: Reanimated,2014,19.99,2083,2544,71.04,221,1408,12,30320
Rocksmith™,2012,—,596,1380,86.81,556,1406,60,7213
YKMET: Strade,2025,14.99,1057,1291,93.32,0,1405,28,3539
寄居隅怪奇事件簿 Hermitage Strange Case Files,2018,9.99,1831,1994,77.58,413,1404,18,12870
Frankenstein: Master of Death,2015,2.49,1693,1960,79.46,235,1404,20,1287
Supraland,2019,5.99,11757,14682,92.68,269,1403,98,42596
DEEMO -Reborn-,2020,24.99,3163,3311,83.84,293,1403,45,18320
SUPREMACY: WORLD WAR 3,2018,Free,0,5831,73.30,145,1403,133,7591
Raiders of Blackveil,2025,19.99,990,1077,52.81,647,1402,28,10829
Parkitect,2018,29.99,6688,8009,91.22,413,1400,34,63314
Terminator: Resistance,2019,39.99,16024,18067,89.45,580,1399,36,58013
The Mortuary Assistant,2022,24.99,7010,8456,89.10,178,1399,25,37509
Oh Deer,2024,9.99,2052,2507,81.76,75,1399,15,22835
Refind Self: The Personality Test Game,2023,7.99,3469,3653,84.27,102,1399,0,16963
枝江畔之梦,2022,Free,0,1500,93.11,0,1399,20,3303
Sensei! I Like You So Much!,2025,16.99,1235,1433,83.55,900,1398,56,8506
枝江往事,2021,Free,0,4874,93.26,0,1397,7,8568
Kagura Survivors: Endless Night,2023,Free,0,2735,77.30,64,1397,108,7946
ConsTance,2024,19.99,0,2324,79.61,0,1395,21,19335
VOIN,2024,19.99,2680,3019,89.85,326,1394,0,27635
PuzzleQuest: Challenge of the Warlords,2008,9.99,1011,1117,82.39,463,1392,0,2446
OutDrive,2016,2.99,3622,4632,73.67,183,1391,48,4024
Book of Travels,2021,29.99,1526,2073,72.59,136,1390,83,37559
Spooky Milk Life,2025,11.99,984,1024,75.32,419,1390,0,34212
The Long Journey Home,2017,9.99,1316,1917,58.03,250,1390,69,29193
Miasma Chronicles,2023,10.49,1899,2843,77.09,338,1389,51,25369
ARIA CHRONICLE,2020,17.99,1108,1157,75.53,1803,1389,110,7521
Rise of Industry,2019,7.49,3103,4161,71.27,171,1388,27,70178
Q-UP,2025,9.99,1066,1133,90.02,911,1388,24,2261
Crysis® 3,2020,—,4653,5575,82.48,209,1387,0,20336
Eden Rising,2019,Free,195,1443,62.34,41,1387,37,14120
Supercar Collection Simulator,2025,12.99,1428,1557,82.12,969,1387,25,6169
Out Of Hands,2025,17.99,1273,1474,89.31,585,1387,54,5509
Risen,2009,14.99,7617,10514,86.45,325,1382,50,18768
Achilles: Survivor,2025,4.89,1261,1454,79.33,470,1382,132,6595
The Last Campfire,2021,1.49,16070,18869,95.11,200,1381,22,23405
Throne of Lies®: Medieval Politics,2017,Free,1925,2708,73.79,361,1381,0,5243
Rusty Lake Paradise,2018,3.99,6584,6972,92.07,270,1380,50,17363
Tiny Aquarium: Social Fishkeeping,2025,5.24,2992,3277,92.23,773,1378,31,5979
UNDER NIGHT IN-BIRTH Exe:Late[cl-r],2018,24.99,2802,3841,90.63,497,1377,44,15233
ANEURISM IV,2025,9.99,5331,5877,76.23,297,1377,0,12595
魔女的夜宴,2023,34.99,8954,10997,95.59,876,1374,50,25911
DEATH NOTE Killer Within,2024,9.99,2230,2620,82.11,454,1374,40,12979
Disc Jam,2017,14.99,796,1557,73.94,369,1374,12,10570
Momodora: Moonlit Farewell,2024,16.99,2863,3075,88.20,375,1373,19,25982
Iron Snout,2016,Free,325,17427,95.20,73,1373,37,15840
BEEP,2011,Free,3906,4702,82.36,97,1373,0,2344
Rock of Ages,2011,9.99,3248,3959,88.55,85,1371,19,8609
Wurm Online,2020,Free,0,2510,61.47,66,1371,80,8085
Touhou Luna Nights,2019,10.79,13516,14665,94.74,280,1368,22,51065
Knights of Pen and Paper +1 Edition,2013,9.99,1839,3243,79.61,209,1368,42,7312
CAT Interstellar,2017,0.79,692,1081,69.45,176,1367,18,20754
Emberward,2024,14.99,3545,3626,92.83,628,1367,85,13530
Minishoot' Adventures,2024,14.99,6992,7420,94.53,537,1367,34,10776
Backseat Drivers,2025,9.99,589,1025,75.34,100,1366,63,10715
Ys IX: Monstrum Nox,2021,59.99,1698,1859,89.85,1868,1365,54,15224
Secret Ponchos,2015,14.99,611,1304,68.38,184,1365,111,7265
Barro GT,2022,1.68,764,2360,68.87,28,1365,21,1428
Dragon Marked For Death,2020,39.99,956,1076,73.58,387,1364,34,11477
An alt girl for skoof,2024,4.99,9259,10296,81.32,157,1364,55,7386
Raging Loop,2017,29.99,9165,9758,92.88,1222,1361,0,16236
Samurai Bringer,2022,9.99,997,1059,82.84,252,1360,45,8614
Nexomon: Extinction,2020,19.99,3635,3957,87.04,650,1359,56,13346
Force of Nature 2: Ghost Keeper,2021,15.99,2012,2324,77.12,462,1357,38,18860
Strange Horticulture,2022,6.39,14002,15184,92.12,326,1356,18,30092
Barro Racing,2020,3.50,1176,1271,80.14,181,1355,11,705
Overlord™: Raising Hell,2008,9.99,1914,2505,89.01,263,1354,0,4975
Dead In Vinland,2018,1.99,1140,1796,74.08,398,1353,50,14581
The Planet Crafter: Prologue,2021,Free,0,10655,93.59,146,1352,0,23180
Steps of Debauchery,2024,14.99,2360,2382,88.74,538,1351,75,19279
Ships At Sea,2024,24.99,2292,2499,66.61,554,1351,0,15580
Rue Valley,2025,14.99,1347,1568,63.07,633,1350,24,18724
Nimbatus - The Space Drone Constructor,2020,19.98,1734,2145,76.05,169,1349,34,44143
Heliborne Collection,2017,5.99,3220,3987,71.92,736,1349,50,30679
Fallen Aces,2024,14.99,6200,6490,94.21,104,1349,0,28935
Thea 2: The Shattering,2019,24.99,1964,2237,75.34,6047,1349,26,18170
Tales & Tactics,2024,3.80,1608,2084,74.91,464,1349,68,9433
There Is No Game: Wrong Dimension,2020,12.99,23219,25117,95.45,310,1348,34,29120
Intravenous 2,2024,10.99,3732,4275,91.58,236,1348,55,22628
Cubic Castles,2014,Free,0,4268,72.16,85,1348,0,14495
Lumberjack's Dynasty,2021,19.99,2308,2776,69.01,857,1348,33,14425
Gal Guardians: Demon Purge,2023,24.99,1258,1328,76.53,621,1348,40,14004
Beholder: Conductor,2025,13.53,3618,4251,87.85,136,1348,44,13095
Pumping Simulator 2,2023,11.99,1588,1632,87.28,1164,1348,60,4127
SKALD: Against the Black Priory,2024,7.49,3164,3454,90.03,343,1347,15,24417
Noobs Are Coming,2025,4.79,1481,1512,79.95,184,1346,138,5528
16bit Trader,2015,2.99,538,1791,43.78,255,1345,16,525
No Place Like Home,2022,18.57,3727,4049,76.20,289,1344,158,23077
The Operator,2024,13.99,7811,8142,89.02,262,1343,13,15892
SuperPower 3,2022,29.99,980,1211,14.71,45,1343,35,8037
Sid Meier's Pirates!,2006,9.99,6037,7362,91.39,169,1342,0,12699
Chef Life: A Restaurant Simulator,2023,29.99,1995,2531,80.96,276,1341,40,17168
Havoc,2024,Free,0,1243,63.60,0,1341,11,3952
私のリアルは充実しすぎている フルボイス版,2022,9.99,5057,5191,92.67,395,1340,0,7355
Homura Hime,2026,24.99,1534,1774,85.96,553,1339,54,17177
Cafe Owner Simulator: Prologue,2022,Free,0,1448,64.11,138,1338,5,3987
Carry The Glass,2024,4.99,2612,3068,73.39,98,1337,19,7086
HELLGATE: London,2018,12.99,2189,2286,56.40,385,1336,0,15447
Stygian: Reign of the Old Ones,2019,3.99,1784,2494,64.73,522,1335,98,18843
Star Birds,2025,15.99,2519,2648,88.80,166,1333,38,42422
Gensokyo Night Festival,2019,12.99,4451,4728,69.59,94,1333,0,23725
Notruf 112 | Emergency Call 112,2016,14.98,2935,4460,74.66,442,1332,21,12087
Nightmare Kart,2024,Free,0,6923,93.43,0,1332,25,11622
Gedonia,2022,14.99,3549,3849,84.05,331,1331,25,25716
DG2: Defense Grid 2,2014,9.99,2620,3351,83.26,278,1331,65,17722
Lunar Mirror:The Pavilion of Desire,2023,9.99,1277,1311,77.77,231,1331,20,16437
Istrolid,2016,Free,0,2687,83.54,85,1331,0,12039
Sol Cesto,2026,9.37,2562,2392,90.55,294,1331,21,8585
Vertiginous Golf,2015,9.99,112,1106,56.59,24,1330,45,1488
ABZU,2016,4.99,21642,27218,90.94,109,1329,12,86111
Maelstrom,,Free,0,2578,80.12,0,1327,0,18308
Citizen Sleeper 2: Starward Vector,2025,24.99,2050,2177,88.39,441,1327,30,17710
Dōkyūsei: Bangin' Summer,2022,19.99,1789,1845,88.88,324,1325,0,13026
Little Rocket Lab,2025,19.99,1203,1236,86.07,391,1324,26,8158
In Sink: A Co-Op Escape Prologue,2023,Free,0,5868,87.38,61,1323,4,6179
The Incredible Adventures of Van Helsing: Final Cut,2015,44.99,1926,3842,74.17,181,1322,50,19622
Command & Conquer™ Generals,2024,19.88,1840,1905,83.69,24,1321,0,8475
SunnySide,2024,19.99,904,1159,64.40,103,1320,50,14744
Dungeons of Sundaria,2023,9.99,2923,3389,72.41,212,1318,13,18532
Owlboy,2016,19.99,3620,6048,81.22,208,1317,12,42953
Wanderstop,2025,14.99,2681,2914,89.04,613,1317,11,23643
Darkwood,2017,14.99,21332,23918,92.77,119,1315,15,96739
Angel Legion,2020,Free,0,10286,78.66,140,1315,0,42720
Europa Universalis III Complete,2009,14.99,1366,1993,79.91,117,1315,0,5064
Syberia II,2011,12.99,1663,3009,82.84,216,1314,0,6184
Airships: Conquer the Skies,2018,24.99,6020,6426,92.63,562,1313,32,32779
SpellRogue,2025,19.99,1513,1588,82.89,1138,1312,78,10826
Flyout,2023,19.99,2029,2171,78.91,2921,1312,0,10570
Ale & Tale Tavern: First Pints,2024,Free,0,4707,90.24,79,1311,14,10246
FootLOL: Epic Soccer League,2014,9.99,681,1094,78.98,122,1310,15,4978
Reventure,2019,4.99,8349,9767,91.96,169,1309,101,11221
Conquest of Elysium 5,2021,29.99,1591,1688,85.40,769,1309,0,9189
Codename CURE,2017,Free,287,16470,82.95,50,1308,44,74966
Professional Farmer: Cattle and Crops,2020,19.99,1143,1759,65.03,732,1308,22,11930
Critter Cove,2024,16.24,1640,1832,90.10,3977,1307,32,15729
Paper Dolls 2 纸人贰,2020,11.10,2578,2859,79.71,711,1307,39,13242
Resonite,2023,Free,0,1484,77.80,0,1307,0,4320
Night in the Woods,2017,19.99,17602,20078,92.04,488,1305,31,65051
Yonder: The Cloud Catcher Chronicles,2017,24.99,2895,3208,79.08,443,1305,38,63708
Command & Conquer 3 Tiberium Wars™,2007,19.88,8532,9096,87.35,242,1305,0,18436
The Rewinder,2021,14.38,6753,7251,92.77,242,1304,29,21901
恶魔迷宫 | Evil Maze,2016,0.99,808,1189,72.28,229,1304,37,11843
TransOcean: The Shipping Company,2014,19.99,818,1314,71.28,523,1304,38,11790
Syberia: The World Before,2022,39.99,3918,4859,86.66,641,1302,30,26255
Street Fighter X Tekken,2012,—,1858,2424,54.63,274,1302,0,8005
Night Raider,2024,5.99,1865,1925,82.24,1451,1300,61,6490
"Warhammer 40,000: Inquisitor - Prophecy",2019,24.99,2816,3023,77.00,269,1298,11,14014
Sword of the Stars: The Pit,2013,9.99,1130,1551,79.83,300,1298,187,2965
Winter Burrow,2025,19.99,2357,2719,85.83,329,1297,32,22620
Goodbye Deponia,2013,19.99,1978,2492,85.27,338,1297,50,5835
SpellForce 3 Versus Edition,2020,Free,619,1588,72.28,118,1296,0,7936
Lost But Found,2024,3.49,2107,2365,71.57,85,1296,47,6429
Be Funny Now!,2022,Free,0,1409,59.48,0,1295,0,1781
King Arthur's Gold,2013,Free,2645,5211,81.64,89,1294,64,21436
9 Days,2024,14.99,1760,1786,67.49,372,1294,33,16772
Syberia,2011,12.99,3843,6698,85.55,124,1292,0,9782
Fishing: North Atlantic - Enhanced Edition,2020,34.99,2479,2714,74.44,990,1292,51,9601
Toy Shire: Room One,2024,Free,0,1270,89.04,34,1290,0,2380
Psycho Patrol R,2025,31.99,1985,2076,84.28,397,1289,2,13342
Zup! Z,2020,1.99,4025,4303,93.22,118,1288,512,1209
Darksburg,2020,14.99,1654,2514,61.31,198,1287,69,23177
War Hospital,2024,29.99,942,1208,59.13,1515,1287,29,15015
我的机器人女友,2026,4.99,1119,1156,88.31,90,1287,84,1611
Age of Conan: Unchained,2013,Free,0,2873,67.58,132,1286,0,14248
Cyanide & Happiness - Freakpocalypse (Episode 1),2021,19.99,956,1214,52.03,279,1286,55,11654
Hyperdimension Neptunia Re;Birth2: Sisters Generation,2015,14.99,2754,3322,88.34,605,1285,41,23420
Gun Metal,2014,2.99,601,1117,77.59,206,1285,0,1484
The Final Station,2016,14.99,6569,9298,84.97,241,1284,23,42633
Metal Slug Tactics,2024,24.99,1097,1407,73.93,188,1284,93,29941
Rebel Inc: Escalation,2021,4.49,6520,7096,79.81,234,1282,99,52058
Viridi,2015,Free,129,9508,89.26,45,1282,47,15558
King's Bounty: Dark Side,2014,12.99,1372,1880,71.51,2435,1282,37,4120
Bus Simulator 16,2016,9.99,2357,3765,69.31,392,1280,30,16223
Infested Planet,2014,14.99,2443,3018,89.70,339,1280,36,10326
Ring of Pain,2020,19.99,3218,5022,88.38,514,1280,138,8871
Machinarium,2009,3.99,16258,19408,92.75,185,1279,12,31131
Aurelia,2024,19.99,2080,2169,90.61,830,1279,81,28744
Beer Factory - Prologue,2023,Free,0,2012,81.27,70,1279,0,5438
StarVaders,2025,24.99,3556,4012,93.42,392,1278,100,12216
Judgment: Apocalypse Survival Simulation,2018,19.99,2087,2245,77.74,360,1277,57,60285
LEGO® Bricktales,2022,5.99,1752,1952,80.13,69,1277,21,24252
Cube Escape Collection,2020,4.99,7117,7455,94.85,260,1277,72,9605
KINGDOM HEARTS III + Re Mind (DLC),2024,59.99,1955,2343,87.11,828,1274,51,16211
Rune Factory 4 Special,2021,29.99,1982,2240,84.79,575,1274,38,14885
Quasimorph,2023,13.99,5238,5964,80.99,199,1273,0,40995
Agrou,2020,4.99,2258,2832,83.40,142,1273,15,8085
Disfigure,2023,Free,0,6178,94.32,229,1272,45,3177
First Class Trouble,2021,14.99,2938,4186,77.11,218,1271,17,21619
Rogue Waters,2024,29.99,905,1080,75.28,467,1271,18,15431
Pool Nation FX Lite,2015,Free,515,2559,70.69,36,1271,38,9371
Frontlines™: Fuel of War™,2008,19.99,859,1054,66.39,97,1271,0,2867
Slasher's Keep,2020,13.99,2096,2273,79.68,489,1269,30,15696
Dirty League 🔞,2024,Free,0,1524,67.87,2639,1269,170,3705
The Vagrant,2018,3.99,8167,8558,87.00,220,1268,40,26592
171,2022,19.99,3836,4580,72.48,301,1266,0,37253
Catherine Classic,2019,19.99,8489,10832,84.95,287,1265,50,52926
Sword and Fairy 4,2021,—,237,7062,87.61,81,1265,0,11992
Torque Drift,2021,Free,424,12596,74.78,32,1264,20,21822
The Last Plague: Blight,2024,16.99,1266,1361,84.80,1983,1262,0,22884
Ship Graveyard Simulator,2021,14.99,1992,2188,63.22,255,1262,46,14267
Starpoint Gemini Warlords,2017,5.24,3058,3570,71.32,333,1260,54,65138
Mouthwashing,2024,12.99,32395,36234,93.49,149,1259,18,47256
Voice of Cards: The Isle Dragon Roars,2021,29.99,1256,1415,76.62,1109,1259,48,18987
Tetris® Effect: Connected,2021,39.99,8160,8726,91.74,303,1259,43,17583
Carrier Command: Gaea Mission,2012,32.99,789,1169,48.23,67,1259,45,3494
Keep Driving,2025,14.39,5562,5839,90.99,260,1258,17,39739
Regiments,2022,29.99,2701,2820,83.92,1840,1258,0,30185
Exanima,2015,14.99,12046,13264,78.35,826,1256,0,94960
100 Ninja Cats,2024,Free,0,2619,93.25,17,1255,100,1592
Distant Worlds: Universe,2014,29.99,1411,1846,72.47,406,1254,54,23917
The Bonerooms,2024,Free,169,2564,74.94,39,1254,0,3477
Cyrano Story,2020,Free,0,1058,65.17,42,1253,13,391
NUKITASHI 2,2024,24.99,2397,2554,93.51,1568,1252,0,8279
Robin Hood - Sherwood Builders,2024,27.28,960,1056,66.69,167,1251,100,38047
60 Seconds! Reatomized,2019,9.99,17551,18754,92.11,135,1251,60,31421
The Bridge Curse Road to Salvation,2022,19.99,2838,3591,86.42,217,1251,22,13190
Mother Russia Bleeds,2016,14.99,4282,5334,84.06,116,1250,33,23716
Hyperdimension Neptunia U: Action Unleashed,2016,14.99,2535,3011,87.99,445,1249,35,23538
Death and Taxes,2020,12.99,7533,8181,83.90,145,1249,60,17984
The Guild II Renaissance,2010,9.99,3365,3998,80.11,587,1249,0,14433
POLYGON,2020,Free,0,36654,74.13,56,1247,1,30520
Just King,2023,4.99,1358,1484,85.05,175,1247,97,4891
Landfall Archives,2023,Free,0,3516,90.67,41,1247,0,3129
Fill Up The Hole,2025,2.99,1057,1078,85.75,272,1246,39,2171
Neva,2024,9.99,8411,9570,90.94,225,1245,18,37188
OVIS LOOP,2025,11.89,1023,1126,84.36,453,1245,32,8848
Crysis Remastered,2021,29.99,15658,16472,75.61,226,1244,40,20312
MY HERO ONE'S JUSTICE,2018,19.99,1626,2127,72.88,295,1243,57,24424
Vampire Hunters,2024,14.99,1714,1934,86.24,396,1242,215,8410
Styx: Shards of Darkness,2017,19.99,4907,6781,80.93,207,1241,38,61982
SpaceBourne 2,2025,19.99,4809,5014,74.43,527,1241,64,54995
Kingdom Wars,2025,Free,0,2794,65.47,0,1241,35,12693
WRC Generations – The FIA WRC Official Game,2022,5.99,2796,4528,66.67,492,1241,44,11651
Grand Theft Auto: Vice City,2008,—,24091,29536,90.78,78,1239,0,32749
Alien Hominid Invasion,2023,19.99,1563,1721,84.31,398,1238,66,16161
The Invincible,2023,29.68,6104,9246,86.07,245,1237,29,62547
Scythe: Digital Edition,2018,19.99,3120,3768,86.20,86,1237,56,29235
Divinity II: Developer's Cut,2012,19.99,4377,5191,82.24,78,1237,0,28986
Reus 2,2024,24.99,2062,2228,90.35,245,1237,162,21203
Yu-Gi-Oh! Legacy of the Duelist : Link Evolution,2020,39.99,3740,4729,79.95,1052,1237,24,13810
Finnish Cottage Simulator,2024,14.99,3056,3313,89.69,603,1237,26,8743
Astro Prospector,2025,4.99,2823,2880,89.27,353,1237,43,3453
Cave Story+,2011,14.99,4915,7944,89.86,178,1235,76,16894
NEKOPARA - Catboys Paradise,2021,Free,0,5417,85.81,95,1235,0,11293
ONE PIECE World Seeker,2019,59.99,4849,6149,75.31,169,1233,63,28510
Fate/stay night REMASTERED,2024,20.99,3851,4352,92.06,432,1229,30,26732
NEKOPARA Vol. 2,2016,9.99,10955,12709,94.20,132,1228,20,51520
Need for Speed™ Hot Pursuit Remastered,2020,29.99,12180,13537,79.29,206,1228,66,26375
Minecraft: Story Mode - Season Two,2017,—,1366,1545,87.31,449,1228,30,14723
Gunsmith Simulator: Prologue,2023,Free,0,1583,81.33,56,1228,0,12716
Axis & Allies 1942 Online,2021,19.99,4690,4980,76.15,410,1227,0,12299
Papa's Freezeria Deluxe,2023,5.99,11700,12695,96.36,318,1227,90,9958
Hidden Deep,2022,24.99,4175,4952,74.08,75,1226,14,42225
My Lands: Black Gem Hunting,2014,Free,0,3308,80.52,56,1226,36,6864
Edna & Harvey: The Breakout,2013,14.99,1469,1801,82.34,167,1223,18,2908
Star of Providence,2017,14.99,3099,3283,92.85,333,1222,52,8234
港詭實錄ParanormalHK,2020,12.99,18398,20051,87.59,202,1221,8,60532
Bloody Trapland,2013,4.99,2772,4029,79.40,144,1221,29,6861
WW2 Rebuilder,2023,5.99,1443,1519,81.60,367,1219,69,18637
Empire of the Ants,2024,39.99,875,1098,72.48,89,1218,41,36058
Project CARS 3,2020,—,2017,3561,54.28,759,1218,61,19294
Escape from Ever After,2026,24.99,1224,1476,92.15,1349,1217,28,8983
Bear With Me - Episode One,2016,Free,479,1004,82.78,132,1216,75,7919
BAPBAP,2025,Free,0,4978,80.37,167,1216,0,7499
雀姬/姫麻雀,2019,Free,0,2983,53.16,267,1216,0,5963
10 Second Ninja X,2016,9.99,290,3288,76.04,11,1215,12,1958
Serious Sam HD: The First Encounter,2009,14.99,7103,8725,90.39,198,1214,35,16732
Tick Tock: A Tale for Two,2019,5.99,9794,11689,83.41,132,1213,0,18600
Arisen Force: Life Devotee - Initial Ver.,2024,Free,0,2550,92.51,0,1212,48,4592
Marvel Contest of Champions,2025,Free,0,1362,67.76,50,1212,0,6
Spellmasons,2023,19.99,1032,1138,87.19,1140,1211,0,5304
Edge of Space,2015,14.99,1948,2729,34.72,141,1210,24,16226
"10,000,000",2013,4.99,1795,2356,86.31,371,1210,14,1651
Who's Your Daddy?!,2016,9.99,25482,31564,78.60,92,1209,44,95505
道衍诀,2024,11.99,980,1002,50.44,1071,1209,0,4229
Tabletopia,2016,Free,139,1627,60.83,59,1207,2,9333
ALTF4,2021,2.99,9455,10815,77.86,70,1207,22,6344
Rampage Knights,2015,12.99,2173,3594,89.13,267,1206,84,23987
PULSAR: Lost Colony,2021,19.99,4383,5696,86.92,429,1205,41,103637
Grapples Galore,2025,Free,0,10039,88.52,47,1205,20,6733
IOSoccer,2018,Free,0,2853,78.46,41,1204,0,2551
Bakso Simulator,2022,Free,0,1669,87.10,0,1204,0,2374
TheoTown,2019,9.99,4227,4394,90.93,270,1203,54,10533
Evoland,2013,9.99,4554,5950,80.24,152,1202,29,11201
Marbles on Stream,2019,Free,0,2264,82.80,79,1202,58,8430
Tangy TD,2026,9.99,1226,1232,87.25,204,1202,8,8252
Armikrog,2015,9.99,1157,1615,57.76,369,1202,0,8016
Severed Steel,2021,24.99,8429,9754,92.59,112,1201,57,20314
Deconstruction Simulator: Prologue,2025,Free,0,1203,71.59,43,1201,0,4552
LASERS,2024,2.99,117,2197,65.82,86,1201,11,2089
INDIKA,2024,24.99,6343,7896,86.92,171,1200,16,27483
RACE 07,2007,7.99,1264,2730,82.48,49,1199,0,4230
Gone Home,2013,14.99,13435,18253,75.75,134,1198,10,15852
Bloons Monkey City,2020,Free,0,6608,88.16,197,1198,52,2905
THE KING OF FIGHTERS XIV STEAM EDITION,2017,8.99,3300,4174,79.74,415,1197,48,45014
Oblivion Override,2024,17.99,1660,1989,87.06,1061,1195,102,12568
Oh...Sir!! The Insult Simulator,2016,1.99,3223,3743,87.45,143,1193,18,6960
KAMITSUBAKI CITY ENSEMBLE,2024,3.99,1316,1357,67.60,739,1192,50,5532
Bladed fury,2018,9.99,2895,3162,83.30,303,1191,24,17833
La-Mulana 2,2018,24.99,785,1047,81.03,2809,1191,51,7976
METALLIC CHILD,2021,24.99,1128,1236,80.71,664,1188,40,9696
Soccer Manager 2021,2020,—,0,2060,72.09,82,1187,0,4527
Mahjong Soul,2024,Free,0,3677,81.83,261,1187,0,2651
Glyphica: Typing Survival,2024,9.99,2197,2244,86.82,95,1186,68,11059
Project Castaway,2026,19.99,1598,1655,65.40,403,1185,59,32966
Mortal Online,2015,Free,0,2957,52.05,58,1185,49,20508
Rebuild 3: Gangs of Deadsville,2015,14.99,1466,2022,82.45,325,1185,42,20153
Slackers - Carts of Glory,2024,12.99,1877,2031,87.12,173,1185,17,8459
Double Action: Boogaloo,2014,Free,132,11403,90.47,70,1184,31,35376
City of Gangsters,2021,29.99,1307,1536,70.75,564,1184,80,20183
Nevergrind Online,2024,15.99,1211,1293,82.38,629,1184,71,3707
Dungeon Alchemist,2022,44.99,2507,3744,91.18,522,1181,0,51989
Hob,2017,19.99,4581,5498,85.37,437,1179,37,68749
Visage,2020,34.99,8515,10648,82.16,225,1178,27,58094
Magic Archery,2024,Free,0,7663,95.20,64,1178,7,1536
Tannenberg,2017,19.99,7584,9724,84.05,216,1177,68,48802
Cyber Knights: Flashpoint,2025,29.99,2413,2650,89.69,977,1176,97,22946
The Ranch of Rivershine,2025,29.99,1889,2150,89.59,3871,1176,21,10596
LOST EPIC,2022,17.99,1053,1135,69.65,2831,1175,40,11169
瘟疫清零计划 Project Zero,2022,Free,0,3656,89.08,0,1172,0,3600
SHENZHEN I/O,2016,14.99,3663,4429,91.35,224,1170,6,39281
Ni no Kuni Wrath of the White Witch™ Remastered,2019,49.99,3895,4981,81.10,565,1170,33,31782
Starship Troopers: Ultimate Bug War!,2026,24.99,1047,1087,88.57,142,1170,24,11705
Cities in Motion,2011,5.99,682,1080,73.98,144,1170,47,5020
Be My Horde,2024,4.99,1878,1945,82.01,359,1167,0,6645
Hentai Crush,2019,1.99,2268,2671,82.48,110,1166,10,14465
FreestyleFootball R,2022,Free,0,1620,65.42,85,1166,9,2985
Townscaper,2021,5.99,19898,21444,93.10,42,1165,0,78593
Car Detailing Simulator,2022,15.99,1059,1183,71.49,271,1165,63,19906
SCP: Nine-Tailed Fox,2022,Free,0,3729,74.30,0,1164,13,7903
Viscera Cleanup Detail: Shadow Warrior,2013,—,2400,4589,78.13,16,1164,2,2925
Police Simulator: Patrol Duty,2019,—,3895,4109,51.87,274,1163,28,27526
Tormented Souls 2,2025,29.99,1475,1929,83.89,900,1163,33,15669
Eiyuden Chronicle: Rising,2022,14.99,2010,2427,82.51,191,1163,50,15616
Rival Stars Horse Racing: Desktop Edition,2020,39.99,4756,5009,88.98,6439,1163,37,14747
Crystal Clash,2022,Free,0,1368,79.15,143,1163,100,1992
LISA: The Painful,2014,19.99,12978,14951,92.94,249,1162,68,38069
Ys Origin,2012,19.99,3034,3564,89.37,367,1162,46,16216
Megadimension Neptunia VII,2016,19.99,2739,3248,90.20,474,1161,35,28205
Boundless,2025,19.99,0,2766,67.79,0,1160,0,57424
Nightmare Reaper,2022,24.11,3363,3725,89.99,907,1159,149,13266
Waifu Fighter,,7.99,0,2793,83.22,0,1156,0,24001
Caribbean Legend,2024,29.99,2618,2964,74.44,1141,1156,192,17540
ATOM RPG Trudograd,2021,10.99,4108,4583,79.11,307,1155,32,27642
Webbed,2021,9.99,13533,14906,94.97,304,1151,19,28454
Roguelands,2016,9.99,2939,3730,77.70,335,1150,0,36231
Sacred 2 Gold,2012,—,2583,3658,73.97,101,1150,0,15281
Habbo Hotel: Origins,2025,Free,0,1150,56.51,15,1150,9,3238
Blitzkrieg 3,2017,9.99,5145,7312,53.74,254,1149,75,27438
Equinox: Homecoming,2026,14.99,986,1048,76.86,1626,1149,373,7654
Black Skylands,2023,19.99,2732,4337,80.84,219,1148,28,31615
Realpolitiks,2017,14.99,897,1233,60.42,673,1148,46,9963
Spaceflight Simulator,2022,14.99,7561,7738,93.38,202,1147,0,17506
Poly Bridge 3,2023,19.99,1909,1987,91.39,106,1147,28,10458
Anonymous Hacker Simulator: Prologue,2023,Free,0,1914,86.47,0,1147,0,4361
Lost Ruins,2021,19.99,4547,5661,82.73,333,1146,40,31185
Easy Delivery Co.,2025,9.74,7926,8555,92.61,138,1145,11,24496
Among Us 3D: VR,2022,9.99,2401,2716,72.09,64,1144,20,14977
The White Door,2020,3.99,6322,6565,90.72,149,1144,16,9614
Echo Point Nova,2024,24.99,6857,7284,93.40,354,1143,19,21553
Cattails: Wildwood Story,2023,19.99,1384,1830,92.54,366,1143,60,10763
Bronzebeard's Tavern,2023,Free,0,6746,91.09,144,1142,51,5984
挂机神话,2023,1.47,1692,1735,85.84,4109,1142,20,1860
Mount Your Friends,2014,4.99,5134,7679,92.23,110,1141,8,16929
Dice & Fold,2024,12.99,3285,3664,81.48,360,1141,194,9217
GNOSIA,2022,24.99,4510,4759,90.42,859,1140,26,13985
LIZARDS MUST DIE,2023,3.99,23332,26473,94.15,41,1140,28,11087
Steam Engine Simulator,2023,Free,0,8811,95.61,35,1140,18,9588
Bum Simulator,2023,18.88,4356,4633,85.32,163,1139,105,45551
Noble Fates,2021,24.99,1361,1461,79.34,488,1139,0,26845
Lost Eidolons: Veil of the Witch,2025,24.99,1174,1261,78.48,1478,1139,68,18674
The Riftbreaker: Prologue,2020,Free,0,4121,91.77,61,1139,0,14392
Airborne Kingdom,2022,24.99,2050,2337,83.26,587,1136,30,31164
Banners of Ruin,2021,19.99,2265,3183,76.48,340,1136,16,17215
Just Die Already,2021,14.99,2668,3733,79.68,95,1136,12,16834
RollerCoaster Tycoon® Classic,2017,4.99,2502,2950,87.38,146,1136,0,7802
Rocket Arena,2020,—,738,1808,60.70,203,1136,42,5595
AirportSim,2023,34.99,1317,1588,66.95,384,1135,22,12717
Lunch Lady,2021,4.99,9659,12918,83.45,113,1135,114,12534
The Last of Waifus,2020,1.99,1104,1451,76.60,73,1135,15,4423
Land of the Vikings,2023,25.99,1911,2204,71.84,353,1134,42,41556
Dune: Imperium,2024,22.99,3449,3983,90.53,558,1133,43,20583
Love n War: Hero by Chance,2021,2.99,1126,1230,75.69,134,1133,26,7902
Worshippers of Cthulhu,2025,12.49,1259,1466,78.00,468,1131,42,35272
Dread Delusion,2024,19.99,4576,4928,87.24,420,1131,59,29598
MILF's Plaza,2024,14.99,1429,1504,70.76,291,1131,31,17762
The Bloodline,2023,19.99,3609,3788,80.21,228,1130,0,55314
Angels Fall First,2015,17.99,2605,2789,79.06,143,1130,103,51437
Dreamscaper,2021,4.99,2522,3146,84.51,209,1129,45,31028
The Executive - Movie Industry Tycoon,2025,14.99,978,1039,76.70,504,1129,39,7575
Epic Battle Fantasy 4,2014,14.99,2756,3281,92.82,1137,1128,110,13449
- Arcane Raise -,2017,0.99,1112,1236,59.50,211,1128,37,683
WILL: A Wonderful World / WILL：美好世界,2017,14.99,4562,5450,89.38,513,1126,52,33203
OshiRabu: Waifus Over Husbandos,2020,19.99,3713,3935,82.72,539,1126,0,19354
STRAFE: Gold Edition,2017,14.99,1741,2439,69.97,188,1126,36,11933
CONVERGENCE: A League of Legends Story™,2023,29.99,1000,1117,83.88,912,1126,53,8596
Soccer Manager 2020,2020,—,0,1554,73.61,222,1126,47,4015
Snufkin: Melody of Moominvalley,2024,19.99,3074,3872,93.17,210,1125,21,23886
BrainBread 2,2022,Free,0,5196,71.43,37,1123,100,29779
Comedy Night,2017,2.49,8081,9209,72.65,109,1122,0,21086
SteamWorld Heist,2016,1.49,4286,6312,90.07,253,1120,47,22528
Sticky Business,2023,4.99,5760,7352,90.95,154,1120,42,11221
STORY OF SEASONS: Pioneers of Olive Town,2021,39.99,1331,1587,77.10,416,1119,50,13130
Jalopy,2018,14.99,8817,11115,74.49,229,1118,23,41950
Redout: Enhanced Edition,2016,4.99,3407,4637,82.67,91,1118,34,28933
武林志（Wushu Chronicles）,2019,3.89,2128,2443,62.68,1307,1118,0,10070
The Braves,2024,Free,0,2126,70.33,456,1117,244,1794
Outcast - A New Beginning,2024,39.99,1154,1627,75.85,1599,1116,52,24627
Soccer Manager 2022,2021,—,0,2987,71.07,121,1116,30,4170
Solium Infernum,2024,39.99,1507,1642,84.07,423,1115,48,18788
The Imperial Gatekeeper,2022,8.44,2071,2129,76.92,270,1115,0,16723
Food Truck Simulator,2022,7.99,1099,1320,66.76,189,1115,50,11906
Ooblets,2023,29.99,1361,1531,86.95,655,1114,27,33004
Crazy Machines 3,2016,9.99,7447,10060,91.61,105,1114,41,12893
Indie Game: The Movie,2012,9.99,1048,1884,87.89,153,1114,7,2199
Nebuchadnezzar,2021,19.99,1409,1795,75.96,252,1113,48,20218
Fling to the Finish,2024,19.99,833,1373,81.73,134,1112,22,10515
Star Traders: Frontiers,2018,14.99,3621,3759,80.89,872,1111,34,21608
Tempest: Pirate Action RPG,2016,4.49,1767,2597,67.50,176,1109,24,35500
彷徨之街 The Street of Adrift,2024,11.99,2202,2328,73.24,720,1109,28,9141
Bulb Boy,2015,8.99,578,2072,82.65,91,1108,12,3556
BlazBlue: Chronophantasma Extend,2016,29.99,2375,2866,87.04,212,1107,51,25424
Taiko no Tatsujin: Rhythm Festival,2024,47.99,1110,1431,81.30,484,1107,33,10372
The Dark Eye: Chains of Satinav,2012,19.99,1996,2474,83.43,225,1107,36,4489
"Ship, Inc.",2025,9.99,1841,2073,80.88,178,1106,48,5679
Ancient Warfare: The Han Dynasty,2023,16.99,1533,1849,77.12,175,1103,3,20854
Just Ignore Them,2017,3.48,664,1483,71.13,97,1103,33,4516
Rocket Rats,2024,1.79,2108,2298,90.74,326,1103,32,2209
Kaiju Princess,2022,10.99,5943,6284,92.94,324,1102,20,37746
StrikeForce Kitty,2018,9.99,936,1148,84.88,199,1102,31,1536
TeraBlaster,2015,Free,0,1034,67.20,195,1102,0,334
Dice Gambit,2025,24.99,962,1021,83.24,483,1101,12,9197
Broken Sword 5 - the Serpent's Curse,2013,24.99,1890,2783,85.26,342,1101,35,5659
Blood West,2023,8.49,5453,5918,86.83,348,1099,46,28215
Dead Estate,2021,14.99,5591,6453,91.54,347,1099,200,18413
Rise of Gun,2024,12.99,1043,1087,80.90,127,1098,29,4880
Valakas Story,2019,0.99,1586,1749,77.74,64,1098,9,1756
Talented,2024,3.99,1437,1469,87.11,391,1097,235,3519
Erenshor,2025,19.99,1861,1911,89.74,209,1096,66,20492
Strike Suit Zero,2013,19.98,1208,1667,74.24,98,1093,27,9559
Animal Shelter 2,2025,24.99,939,1262,77.72,817,1092,73,15177
Ballistic Overkill,2017,—,6063,7030,73.98,369,1091,37,33094
Hello Neighbor 2 Alpha 1.5,2020,Free,0,6177,84.18,46,1091,0,13151
Animal Revolt Battle Simulator,2022,14.99,6331,6606,92.21,292,1091,5,9626
To Pixelia,2025,14.99,1113,1202,71.93,1760,1091,23,7738
Mr. Prepper: Prologue,2020,Free,0,2552,80.06,50,1089,7,18713
BURIED STARS,2021,39.99,1989,2088,80.64,1918,1089,46,7600
Squishy the Suicidal Pig,2014,5.99,2651,3364,80.32,54,1089,11,1537
SENRAN KAGURA ESTIVAL VERSUS,2017,29.99,4935,5450,90.90,279,1088,50,62808
Bugsnax,2022,24.99,8088,8868,94.31,489,1088,30,11940
Zula Global,2018,Free,0,7863,68.26,82,1088,56,8656
Boyfriend Dungeon,2021,19.99,2049,2626,87.90,738,1087,45,12721
VOID/BREAKER,2025,15.99,2164,2344,87.42,270,1086,12,19003
Trombone Champ,2022,14.99,10020,10890,95.03,108,1086,25,16736
Dominions 5 - Warriors of the Faith,2017,39.99,1919,2164,89.63,3401,1085,0,11751
KarmaZoo,2023,9.99,949,1394,82.89,91,1085,22,4893
Only Climb: Better Together,2023,4.99,2767,3239,52.86,171,1085,5,3472
Idle Monster TD: Evolved,2022,Free,0,1232,73.57,201,1085,24,1120
Uncrashed : FPV Drone Simulator,2021,14.99,6660,6788,91.76,535,1084,0,22677
Max Gentlemen Sexy Business!,2020,19.99,1483,1666,88.10,521,1084,45,10585
Gods Will Be Watching,2014,9.99,2209,2920,68.50,95,1082,35,14296
Anger Foot,2024,19.99,3315,3796,89.61,228,1080,30,29772
RIDE 3,2018,29.99,4506,5779,80.78,562,1080,92,18955
A Game of Thrones: The Board Game - Digital Edition,2020,19.99,1668,1917,67.86,849,1080,22,13046
Halls of Torment: Prelude,2023,Free,0,1402,88.22,99,1080,0,1488
Surviving the Abyss,2024,19.99,1010,1049,63.25,390,1079,27,27670
King of Retail,2022,25.99,2979,3558,84.60,1188,1079,32,8471
Loading Screen Simulator,2023,Free,0,8619,84.28,0,1079,0,3901
Takedown: Red Sabre,2014,0.99,3545,5714,42.22,58,1078,0,10394
SpongeBob SquarePants: Titans of the Tide,2025,39.99,940,1275,88.92,539,1078,27,8681
Incredibox,2021,4.99,5358,5657,93.31,50,1078,0,8456
Car Mechanic Simulator 2014,2014,6.99,4025,5129,80.50,121,1078,0,7453
ibb & obb,2014,11.99,4010,6773,86.80,146,1076,10,25583
STORROR Parkour Pro,2025,12.49,1427,1556,70.15,263,1076,0,19660
DISTRAINT 2,2018,0.80,3994,4746,91.95,201,1076,9,6312
Split or Steal,2020,Free,0,1201,73.90,48,1076,0,1248
Ruinarch,2023,24.99,1305,1390,61.93,490,1075,28,17804
Lost,2019,2.50,7438,7676,78.76,69,1074,21,39916
Amanda the Adventurer 2,2024,9.99,1348,1468,79.12,260,1074,20,4935
Terminator 2D: NO FATE,2025,29.99,1290,1354,80.36,66,1073,32,17166
The Séance of Blake Manor,2025,13.99,2666,2883,91.26,985,1072,45,12902
Thomas Was Alone,2012,9.99,4113,9349,90.91,90,1072,35,7504
Get To Work,2024,12.99,3243,3362,85.42,357,1072,18,5807
SimAirport,2020,24.99,3873,4015,76.94,843,1071,26,38383
A Quiet Place: The Road Ahead,2024,29.99,2122,2316,72.73,463,1071,52,18761
Metal Bringer,2025,19.99,1050,1112,83.83,1808,1071,41,11768
Mosaique Neko Waifus,2020,1.99,2293,2712,87.44,186,1070,100,8200
Ogu and the Secret Forest,2024,24.99,1750,2013,89.71,837,1070,41,6414
Dino Run DX,2015,5.99,1102,1599,88.89,229,1070,49,3275
Battle Ranch: Pigs vs Plants,2015,1.99,912,1075,49.55,205,1069,16,655
Command & Conquer™ 4 Tiberian Twilight,2024,19.88,4663,4881,19.09,75,1068,0,6319
60 Seconds!,2015,8.99,10437,11633,82.76,130,1067,56,56819
DeadPoly,2022,9.99,4998,5822,75.35,247,1067,12,30924
Laysara: Summit Kingdom,2026,24.99,1284,1342,79.17,297,1066,47,44507
Path of Achra,2024,9.99,3007,3092,93.93,567,1066,102,6496
Mist Legacy,2022,Free,0,1561,70.40,5638,1065,99,4899
Oblivity - Find your perfect Sensitivity,2022,9.99,1385,1488,78.08,199,1064,20,15172
S4U: CITYPUNK 2011 AND LOVE PUNCH,2025,13.99,2205,2507,86.70,322,1064,26,8408
THE LONGING,2020,12.98,6810,7283,89.35,423,1063,25,24369
Space Rock Breaker,2025,2.99,3079,3103,92.59,226,1062,15,1265
IL-2 Sturmovik: Battle of Stalingrad,2014,49.99,8471,9652,77.37,412,1061,0,48770
SteamWorld Quest: Hand of Gilgamech,2019,2.49,1889,2231,83.29,287,1061,44,10059
Kindergarten 2,2019,14.99,5441,5620,94.47,511,1060,24,9333
The NOexistenceN of you AND me,2024,1.79,18026,19884,91.22,126,1059,31,23050
愤怒的孙子们,2024,0.99,0,1555,76.95,0,1059,0,1564
Slash It 2,2017,39.99,876,1281,82.68,233,1059,303,946
Internet Cafe Simulator,2019,9.99,8564,10159,71.26,209,1058,15,16819
The Break-In,2025,19.99,2022,2594,83.47,321,1057,43,12452
Pool 2D - Poolians,2019,Free,0,10070,84.21,0,1057,13,6052
Feed and Grow: Fish,2016,14.99,19869,20841,76.61,381,1056,23,57349
Resident Evil: Operation Raccoon City,2012,—,3522,4202,54.85,156,1056,0,13786
Panzer Corps Gold,2014,29.99,2187,2691,87.98,503,1056,80,13544
Puzzle Together Multiplayer Jigsaw Puzzles,2020,Free,0,4771,81.83,82,1055,34,3641
THE GAME OF LIFE 2,2020,3.74,3527,4401,76.06,139,1053,10,9061
Hospital 666,2024,5.19,1150,1351,69.70,197,1053,16,3177
Rail Route,2024,24.99,2266,2468,85.38,508,1052,76,21450
Incremental Cubes,2021,Free,0,1005,66.07,2778,1052,16,475
Carcassonne - Tiles & Tactics,2017,9.99,1873,2661,81.44,162,1050,0,8885
Dwarfs - F2P,2012,Free,0,1692,81.78,93,1050,29,2086
Revolution Ace,2014,4.99,1474,1880,69.55,154,1050,19,1371
WITCH ON THE HOLY NIGHT,2023,23.99,6425,7432,95.09,650,1049,27,30193
SENRAN KAGURA SHINOVI VERSUS,2016,19.99,3518,3943,90.91,434,1048,49,47327
LEGO® Marvel Super Heroes 2,2017,19.99,7147,9829,83.59,269,1047,75,29374
Niche - a genetics survival game,2017,17.99,4290,5164,83.50,56,1046,31,43247
dotAGE,2023,17.59,2463,2584,91.03,517,1046,122,14347
Fear & Hunger,2019,7.99,19397,21137,92.11,231,1045,1,38779
Enotria: The Last Song,2024,39.99,2009,2513,67.06,716,1045,43,23725
Drunken Wrestlers 2,2019,3.99,140,18500,84.85,64,1045,20,8747
Farmer's Dynasty - Final Harvest Edition,2019,19.99,3424,4243,73.10,481,1044,24,27853
Evoland 2,2015,19.99,1823,3879,84.05,311,1043,38,27040
Chasm,2018,19.99,1381,2649,71.21,210,1043,20,18871
MyVoiceZoo,2025,2.99,2533,2728,89.59,48,1043,1,8904
"Good Pizza, Great Pizza - Cooking Simulator Game",2023,9.99,6006,6494,85.51,313,1039,40,15854
LEGO® 2K Drive,2023,19.99,737,1758,61.55,66,1039,38,12898
Curious Expedition,2016,14.99,3908,4464,87.91,268,1038,63,38982
GRID,2008,—,0,6639,68.11,0,1038,0,19095
Animal Shelter: Prologue,2021,Free,0,1911,86.92,71,1038,0,9934
ONRAID,2017,Free,0,1774,72.40,53,1037,0,16658
Mortal Sin,2025,18.74,5452,5731,91.49,159,1036,47,36147
Retro City Rampage™ DX,2014,14.99,1683,2421,84.27,126,1035,20,7160
Death Coming/死神来了,2017,6.99,3043,3262,86.42,95,1034,18,25162
Observation,2020,6.24,4492,5072,76.16,318,1034,11,20507
Firmament,2023,34.99,877,1600,69.56,480,1033,28,5388
Baby Steps,2025,19.99,1977,2237,86.87,502,1032,13,12003
Ozymandias: Bronze Age Empire Sim,2022,14.99,1267,1629,83.87,436,1032,52,9085
Boring Man - Online Tactical Stickman Combat,2015,Free,0,5439,85.26,61,1032,60,8047
DLC Quest,2013,2.99,5002,6237,85.48,108,1032,22,4089
Castle Flipper,2021,18.99,1016,1091,63.00,474,1031,36,8123
Hot Lava,2019,19.99,5272,6100,90.03,198,1030,41,31065
Alien Shooter,2009,4.99,3798,4626,91.76,117,1029,17,6384
Zup!,2016,1.99,8257,8886,91.30,87,1029,118,4018
FurryFury: Smash & Roll,2022,4.99,0,1477,78.13,0,1029,31,3247
Master of Magic,2022,39.99,980,1177,68.45,3492,1028,12,21736
Hide and Shriek,2017,Free,610,5322,79.89,42,1028,20,16028
One Finger Death Punch 2,2019,7.99,3701,4479,92.63,187,1027,63,6460
Time Wasters,2023,4.99,2524,2592,84.75,740,1026,96,4207
Goobies,2023,5.99,1826,1916,86.90,812,1025,43,2711
Sunrider: Mask of Arcadius,2014,Free,0,2807,88.40,205,1024,0,14722
Mini Thief,2018,4.99,372,1256,59.99,53,1024,20,4056
Beholder 3,2022,17.99,2164,2717,63.94,327,1023,37,11755
Age of Conquest IV,2016,Free,0,2807,78.82,162,1023,21,7127
Miss Neko,2019,0.99,4026,4462,85.72,70,1021,104,12895
Army of Ruin,2023,7.99,2376,2697,84.97,968,1021,221,6057
Battle for Wesnoth,2018,Free,0,5798,90.95,81,1019,0,14583
Shieldwall,2023,17.99,6653,6936,84.47,271,1018,43,30724
Pogostuck: Rage With Your Friends,2019,6.99,5460,6314,81.03,135,1018,68,4690
Polygoneer,2017,0.49,352,1734,76.25,29,1018,40,783
We Were Here Too,2018,9.99,8649,10831,77.19,172,1017,20,28691
Card Shark,2022,19.99,2804,3061,86.79,301,1017,52,16592
Prison Simulator Prologue,2021,Free,0,2895,85.69,51,1016,15,14197
Yokai's Secret,2020,1.99,6549,6920,86.90,62,1015,49,30037
The Bridge,2013,9.99,3415,4340,84.01,90,1015,20,8816
A Gentlemen's Dispute,2025,7.99,974,1180,89.65,515,1015,1,4165
Ninja Stealth,2016,0.49,885,1837,67.92,131,1015,5000,932
Eldevin,2014,Free,0,1787,76.57,112,1013,32,6418
Endgame of Devil,2023,6.99,955,1029,84.01,472,1013,52,2852
TROUBLESHOOTER: Abandoned Children,2020,24.99,9262,9649,90.90,415,1012,263,41983
Slipways,2021,16.99,2197,2273,88.73,321,1012,72,11906
Ghosts of Tabor,2023,24.99,8945,10227,70.88,324,1011,0,24505
Kingdom Rush Frontiers - Tower Defense,2016,9.99,9534,10278,93.81,789,1011,87,21916
Circle Empires,2018,8.99,3699,4110,86.29,150,1011,82,16911
Conan Unconquered,2019,19.99,1189,1850,66.08,610,1011,111,15712
Reassembly,2015,14.99,3580,4066,90.46,959,1010,24,37306
Your Mother,2025,0.99,7528,9396,90.02,9,1010,22,8901
My Friendly Neighborhood,2023,29.99,2426,3304,91.22,302,1009,43,15204
NUKITASHI,2023,24.99,3143,3460,91.60,1499,1009,0,12769
Death Trash,2021,19.99,3404,3662,88.97,160,1008,28,59373
Hyperdimension Neptunia Re;Birth3 V Generation,2015,14.99,3003,3510,90.33,505,1008,42,36023
Sid Meier's Railroads!,2007,9.99,2575,3405,69.22,141,1008,0,4318
Corpse Keeper,2024,19.99,1115,1391,72.03,1111,1007,42,6434
Summer in Mara,2020,16.71,1425,2143,72.38,151,1003,51,14891
Vault of the Void,2022,17.99,2475,2950,88.64,1201,1003,251,9442
Zombie Driver HD,2012,9.99,2750,4038,80.82,40,1003,103,7333
Hero of the Kingdom,2013,1.59,3546,4835,90.39,232,1003,38,4517
Tricky Towers,2016,14.99,12181,16246,88.06,181,1002,29,51750
The Beast Inside,2019,24.99,10355,11961,80.69,237,1002,27,37726
Ash of Gods: Redemption,2018,4.99,2915,3437,71.63,271,1002,50,31186
Handyman Legend,2023,6.99,1995,2074,85.96,203,1002,16,17215
Battle Islands,2014,Free,0,3435,73.80,68,1002,96,4147
Kitaria Fables,2021,19.99,1226,1681,69.68,156,1001,41,14470
Montaro,2016,0.99,10651,12207,92.45,143,1001,15,13405
Train Valley,2015,9.99,2586,3408,86.24,232,1000,39,19669
Police Stories,2019,3.99,7754,9517,82.55,185,998,39,55121
AI: The Somnium Files,2019,19.99,8625,9120,88.90,773,998,45,26960
Badlanders,2022,—,0,2232,56.46,154,998,0,4281
天月麻雀 (Amatsuki Mahjong),2025,Free,0,1000,51.14,947,998,0,1721
Expedition Agartha,2023,Free,457,1752,62.20,139,996,26,7733
Return to campus,2025,Free,0,1660,74.52,92,996,28,4376
Our Adventurer Guild,2024,10.49,3070,3117,91.56,795,995,43,10620
DRAPLINE,2025,9.99,1505,1532,91.25,195,995,58,4458
Finding Paradise,2017,9.99,17731,19940,95.32,272,994,1,44704
Do Not Feed the Monkeys 2099,2023,5.99,978,1082,68.09,209,994,35,6725
Golden Light,2022,19.99,1950,3911,82.54,75,993,67,12139
Might & Magic Fates - Heroes TCG,2026,Free,0,1257,52.92,331,993,0,4628
Half Minute Hero: Super Mega Neo Climax Ultimate Boy,2012,9.99,1005,1480,82.13,53,993,35,3143
Buriedbornes - Dungeon RPG,2022,Free,0,1399,83.95,0,993,14,2931
"Hot Dogs, Horseshoes & Hand Grenades",2016,19.99,22042,23151,94.84,687,992,1,30419
"Yes, Your Grace 2: Snowfall",2025,24.99,1276,1329,72.42,455,992,36,16478
Arma 2,2009,12.99,1812,2109,80.28,26,991,0,126915
FAR: Changing Tides,2022,4.99,4836,5393,89.33,375,989,35,24216
LOLLIPOP CHAINSAW RePOP,2024,44.99,2444,2614,85.06,219,989,50,20436
EverQuest,2012,Free,0,2617,75.89,128,989,0,7252
Star Saviors,2016,1.99,1537,1681,78.66,194,988,100,2089
City Bus Manager,2024,29.99,2258,2694,87.11,1126,986,59,13814
Hand Simulator: Survival,2019,1.49,7526,9886,83.99,52,985,7,11049
Transport INC,2020,2.39,1001,1071,67.33,112,985,31,9328
Warlock 2: The Exiled,2014,19.99,992,1294,67.70,1441,984,74,6045
Idle Clans,2023,Free,0,1499,71.74,2438,982,31,1214
"Gunner, HEAT, PC!",2022,29.99,6874,7402,88.90,233,981,0,43345
Lakeview Cabin Collection,2015,9.99,1590,1925,87.88,115,980,40,9055
Blueprint Tycoon,2016,2.99,999,1097,77.99,154,978,45,9563
Bit Heroes Quest,2017,Free,0,3282,77.78,158,977,21,5639
Bing in Wonderland,2023,8.99,2010,2145,92.35,317,977,68,5547
Guardians of Middle-earth,2013,—,394,1411,27.14,74,976,29,1912
Clothing Store Simulator,,12.99,0,1224,85.18,0,975,0,5015
DON'T SCREAM,2024,7.99,4412,4768,63.53,77,974,18,23621
Brickadia,2025,19.99,1109,1239,82.17,928,974,0,11568
PixelJunk™ Monsters Ultimate,2013,9.99,632,1285,77.14,182,974,52,1258
Ragnarok Online,2013,Free,0,2398,69.07,50,973,0,9420
Lake,2021,19.99,4264,5634,84.27,340,972,10,22338
The Dwarves,2016,39.99,1177,2074,71.47,147,972,34,22124
PAC-MAN™ CHAMPIONSHIP EDITION 2,2016,12.99,543,2429,67.89,18,972,18,3319
Fairy Fencer F Advent Dark Force,2017,19.99,2071,2378,81.47,537,971,30,27433
VR Paradise - Steam Edition,2019,19.99,936,1320,79.84,32,971,43,18794
Command & Conquer™ 3: Kane’s Wrath,2008,19.88,5287,5646,90.29,469,971,0,12761
Breachway,2024,19.99,1266,1359,72.13,995,969,24,22915
Oxygen: First Breath,2022,Free,0,1645,84.86,152,968,11,6103
Uncle Chop's Rocket Shop,2024,19.99,1053,1175,81.45,735,967,45,7531
Just Shapes & Beats,2018,11.99,23153,25157,95.39,283,966,26,35820
The Battle of Polytopia,2020,14.99,4518,5753,90.71,197,966,0,19376
Redmatch 2,2021,Free,0,21614,90.79,93,966,38,18693
Camera Obscura,2015,1.99,1333,1536,69.65,148,966,45,1475
KeeperRL,2024,19.99,1637,1768,80.36,284,964,33,23833
Shantae: Half-Genie Hero,2016,19.99,1974,2421,86.36,523,964,65,21913
Walking Zombie 2,2019,Free,0,13059,85.38,110,964,32,13894
Freedom Planet 2,2022,24.99,1530,1684,91.05,818,964,63,9873
Whispers from the Star,2025,9.99,1553,1575,79.05,93,964,35,9385
Deducto,2022,Free,0,4324,86.45,94,964,0,5186
One Turn Kill,2026,7.99,1160,1173,91.12,490,964,18,4357
Kill It With Fire: Ignition,2020,Free,0,1631,86.95,24,964,0,2247
侠客风云传(Tale of Wuxia),2016,16.99,6416,7525,74.76,1353,963,0,36823
FUCK HITLER,2022,Free,0,10299,87.26,0,963,100,3916
Chorus,2021,2.49,3679,4451,80.05,292,962,42,32127
LEGO® Voyagers,2025,24.99,1538,2680,84.63,213,962,38,13158
HOARD,2011,3.99,531,1047,77.17,45,962,129,2143
Heart of the Machine,2026,29.99,1777,1873,88.13,469,961,284,23957
Sin Spire,2026,9.99,1159,1182,83.40,356,961,32,12814
Game of Thrones,2012,14.99,1384,2347,70.30,59,961,50,10720
Ages of Conflict: World War Simulator,2023,6.99,7219,7474,93.06,420,961,11,9810
WWE 2K20,2019,—,3889,5857,43.19,683,961,51,6539
The Timeless Child - Prologue,2021,Free,0,3043,72.46,0,961,22,3611
StarMade,2014,14.99,2193,2981,66.04,205,960,0,73824
NEKOPARA Vol. 0,2015,2.99,14614,17675,91.44,67,960,13,38204
Zero Escape: The Nonary Games,2017,29.99,6651,7004,90.04,1063,960,38,18989
Spirit of the North,2020,19.99,5359,6311,81.98,81,958,24,19550
Grow: Song of the Evertree,2021,7.49,1765,2541,77.92,521,958,22,18690
DUSK,2018,7.99,21644,24964,94.84,254,957,30,45595
Teeworlds,2015,Free,0,4365,85.56,47,956,0,9225
Cheaters Cheetah,2025,9.99,1382,1440,60.05,95,956,12,6043
Planescape: Torment: Enhanced Edition,2017,19.99,4547,5416,91.31,271,955,50,34882
大侠请重来,2022,1.99,3521,3551,79.56,166,955,0,537
Wild Woods,2024,14.99,1542,1793,75.79,111,954,25,24781
City Transport Simulator®,2025,24.99,1452,1478,66.18,988,954,20,6752
Parkasaurus,2020,24.99,2672,3091,89.39,217,953,57,26817
Bloodstained: Curse of the Moon,2018,9.99,3743,4433,90.86,206,953,15,15171
Divekick,2013,4.99,1133,1829,80.29,123,953,14,3118
Lust Academy - Season 1,2022,14.99,1695,1744,80.41,399,952,86,23670
Teddy's Haven - A Fantasy Inspired Shop Simulator,2025,14.99,2039,2148,92.18,452,952,32,9504
Unravel Two,2020,19.99,7029,8686,76.55,112,951,28,38344
Trover Saves the Universe,2019,5.99,2771,3186,87.06,180,951,27,24140
Toy Tinker Simulator,2021,12.99,281,1013,47.10,87,951,24,3867
Eternium,2023,Free,0,4371,79.01,139,950,0,14412
Urtuk: The Desolation,2021,13.99,2356,2490,84.49,1466,949,20,25088
Chroma Squad,2015,14.99,2867,4534,89.84,217,949,43,18796
Electronic Super Joy,2013,7.99,2477,3282,86.29,136,949,37,3848
Puzzle Pirates,2011,Free,0,2205,76.96,1470,949,220,2221
Deathtrap,2015,19.99,1834,2249,80.66,106,948,47,15404
My Furry Protogen 🐾,2023,1.99,874,1150,83.52,64,948,0,2848
Dis The Game,2021,Free,0,1575,57.67,0,948,0,1549
The Beginner's Guide,2015,9.99,19329,22939,86.33,99,947,0,40105
Braid,2009,14.99,6894,9904,90.53,107,947,12,17041
Zero-K,2018,Free,0,4242,90.21,559,946,0,7797
S.T.A.L.K.E.R.: Clear Sky - Enhanced Edition,2025,19.99,2292,3007,54.40,470,945,43,3093
Spellbook Demonslayers,2022,4.99,1261,1313,71.33,188,944,100,5332
The Basement Collection,2012,3.99,1251,1596,82.95,71,944,53,2411
GreedFall: The Dying World,2026,49.99,857,1095,61.91,1023,943,53,28296
Gothic 1,2001,19.99,12543,17480,90.20,159,942,0,14705
Hell is Others,2022,14.99,989,1157,71.80,826,942,56,8103
吞食孔明传 Tunshi Kongming Legends,2019,9.99,1053,1222,69.57,4781,941,80,12275
Winkeltje: The Little Shop,2022,14.99,1591,1807,84.36,408,940,24,15209
WARMACHINE: Tactics,2014,Free,459,1160,44.99,230,939,121,16751
Mini World: CREATA,2018,Free,669,4483,57.96,242,939,0,4529
Aaero,2017,14.99,320,1029,78.39,131,939,92,2690
Crypto Miner Tycoon Simulator Starter Edition,2023,Free,0,1337,84.08,63,939,0,1559
100 Robo Cats,2024,Free,0,1102,86.12,0,937,100,973
Super Sanctum TD,2013,4.99,1011,1575,82.56,105,936,27,1078
Rick and Morty: Virtual Rick-ality,2017,29.99,2213,2422,72.18,103,935,18,24168
Escape Room - Der kranke Kollege,2020,Free,0,12473,79.06,84,935,34,17111
Windbound,2026,1.99,0,1160,58.20,0,935,0,13038
ANOTHER EDEN,2021,Free,0,2016,66.23,2200,935,20,6891
永远消失的幻想乡 ～ The Disappearing of Gensokyo,2018,10.99,3002,3560,80.76,236,934,22,34951
ERA ONE,2025,29.99,1339,1366,82.89,392,934,0,34189
Erzurum,2021,0.49,4258,4961,41.14,221,934,27,8197
Software Inc.,2015,22.99,7405,7656,91.22,863,933,15,40904
Cloudpunk,2020,19.99,13458,15137,85.57,97,932,79,76291
Iconoclasts,2018,19.99,4094,4922,83.52,278,932,11,23442
"Warhammer 40,000: Shootas, Blood & Teef",2022,19.99,2461,3006,83.58,60,932,41,19426
Promise Mascot Agency,2025,24.99,2339,2488,92.27,896,932,50,9774
Particle Fleet: Emergence,2016,14.99,1181,1264,87.40,943,932,20,8051
Glass Masquerade 2: Illusions,2019,4.99,2810,3158,87.27,408,932,40,4872
Better Mart Simulator,2025,11.99,943,1029,85.12,1894,931,39,2731
Carto,2020,19.99,7132,9183,93.35,182,929,20,21333
Abyss Odyssey,2014,14.99,1268,2525,61.49,257,928,17,10380
Still Wakes the Deep,2024,23.98,9546,11163,86.13,282,927,59,44112
SCP: Secret Files,2022,—,3905,5044,85.31,177,927,21,27989
The Lab,2016,Free,410,6604,91.68,43,927,0,26668
Definitely Not Fried Chicken,2023,3.74,2078,2473,71.28,865,927,58,15663
Song Of The Prairie,2024,19.99,1282,1505,75.03,7309,927,52,15124
Star Trek Timelines,2017,Free,0,1500,64.05,130,927,10,6714
Cube Destroyer,2016,4.99,1021,1159,80.80,170,927,0,526
Ultimate Admiral: Age of Sail,2021,20.99,1959,2095,75.71,2334,926,21,25370
BIT.TRIP RUNNER,2011,9.99,1823,3942,82.76,114,926,26,2525
RetroArch,2022,Free,0,9257,86.64,0,925,0,43449
Supremacy: Call of War 1942,2017,Free,0,6196,69.98,66,925,156,12926
Organized Inside,2025,7.99,1572,1660,91.03,293,925,44,4426
FlatOut 2,2006,9.99,18618,21211,93.71,137,925,37,4332
Airscape - The Fall of Gravity,2015,4.99,2306,2659,79.08,155,925,23,3710
Command & Conquer™ Tiberian Sun™ and Firestorm™,2024,19.88,1167,1189,85.03,97,925,0,2896
Carnal Instinct,2021,29.99,5052,5288,79.49,878,924,0,86192
"UNDYING - ""KINGDOM""",2023,19.99,1656,1853,76.24,164,924,116,30601
Ultimate Fishing® Simulator 2,2025,19.99,1944,2156,66.46,306,924,25,16061
PARQUET,2021,16.99,1746,2376,90.77,577,924,9,9019
Ale Abbey - Monastery Brewery Tycoon,2025,14.99,1211,1279,85.07,374,923,56,14303
"Please, Don’t Touch Anything",2015,4.99,4904,5507,85.76,96,923,15,13468
Exit the Gungeon,2020,9.99,3338,3684,72.64,83,923,47,10739
The Incredible Adventures of Van Helsing III,2015,14.99,1197,1367,62.80,135,923,61,8768
Starcom: Nexus,2019,7.99,2259,2306,86.25,1592,922,24,13562
Hard Reset Extended Edition,2012,14.99,3735,4911,79.26,57,921,115,5798
SuchArt: Genius Artist Simulator,2022,9.99,3749,4563,93.42,283,920,37,22701
American Fugitive,2019,19.99,1932,3216,72.55,288,920,46,18532
Xuan-Yuan Sword: Mists Beyond the Mountains,2023,13.99,1079,1219,79.93,696,920,50,6219
Taora : Beginning,2023,Free,0,2226,83.58,72,919,0,6161
RUINER,2017,19.99,9951,12099,87.04,122,918,33,69512
Disgaea 2 PC,2017,19.99,1470,1661,87.11,306,918,55,18715
Ideology in Friction,2019,9.99,1639,1725,82.78,302,918,0,16039
Megaquarium,2018,24.99,3312,3658,91.44,422,917,25,23285
NEOVERSE,2020,19.99,2867,3751,81.32,265,917,37,19533
POSTAL 4: No Regerts,2022,19.99,10587,13038,65.61,145,916,23,47508
Starmancer,2021,14.99,871,1026,62.04,365,916,0,37547
Crazy Flasher Series 2021,2021,0.99,2572,2794,84.82,77,916,0,5535
Renowned Explorers: International Society,2015,19.99,2289,2887,87.81,387,915,165,26757
Gothic® 3,2009,19.99,8819,12032,79.82,174,915,0,19406
Gato Roboto,2019,7.99,4213,5076,90.91,198,915,12,10402
ENSLAVED™: Odyssey to the West™ Premium Edition,2013,19.99,5689,8093,83.66,133,914,58,25033
My Lovely Daughter,2018,14.99,1157,1303,68.02,230,914,50,13312
Prominence Poker,2016,Free,0,8456,81.40,168,912,55,7896
RealFlight Evolution,2022,99.99,833,1437,84.76,625,912,15,5897
Another Brick in The Mall,2020,16.99,2314,2427,79.83,511,910,53,24126
Ultimate General: Gettysburg,2014,19.99,2365,2702,77.70,112,910,3,20499
URBO: Dream One,2023,Free,0,1323,91.25,54,908,10,1518
We Love Katamari REROLL+ Royal Reverie,2023,7.49,2058,2522,91.32,210,907,35,8923
Marvel's Guardians of the Galaxy: The Telltale Series,2017,—,1548,1836,82.84,426,906,30,26597
Ambrosia,2021,8.99,2589,2676,90.03,663,904,0,16403
Cricket 24,2023,44.99,2366,2411,76.87,4486,903,26,2876
Shadows: Awakening,2018,29.99,1510,2459,72.61,177,902,45,32539
Prince of Suburbia - Part 1,2023,Free,0,3894,88.90,105,901,73,21438
Cozy Caravan,2026,19.99,1030,1190,88.00,628,900,30,14223
Sinister City,2014,0.69,1215,1588,64.65,197,900,17,678
RAILGRADE,2023,8.99,1130,1196,80.81,369,899,37,19757
HAAK,2022,17.99,3052,3363,86.73,735,898,57,9226
Astronarch,2021,14.99,817,1135,84.22,420,898,47,2975
Pandemic Express - Zombie Escape,2019,Free,1766,4502,58.63,38,897,27,27439
Lay a Beauty to Rest: The Darkness Peach Blossom Spring,2021,5.59,6152,6841,92.23,254,897,34,15095
H-Isekai Loves,2022,2.99,1284,1337,81.09,243,897,100,6049
Oriental Empires,2017,29.99,2576,2991,77.77,278,896,60,48685
Starship Theory,2017,Free,930,1100,50.24,1759,896,0,17954
Outpath: First Journey,2022,Free,0,4667,93.34,65,896,0,5555
Pixel Strike 3D,2020,Free,0,12563,72.64,73,895,0,7575
Serious Sam II,2012,9.99,11491,13735,87.61,127,894,30,20424
Battle Cry of Freedom,2022,10.00,2073,2502,70.26,248,893,27,14053
Town of Sins,2024,Free,0,2980,68.87,223,893,41,10564
Spin Hero,2024,7.99,555,1035,69.77,192,893,34,2237
Little Nightmares Enhanced Edition,2025,—,1824,3054,88.83,74,893,22,1271
电竞俱乐部/ESports Club,2017,8.99,1391,1552,52.18,1412,891,10,8406
Colt Canyon,2020,14.99,1492,2063,84.47,150,891,40,6129
Quaver,2022,Free,0,16506,89.52,0,891,31,5303
Enemy On Board,2020,Free,0,1534,68.74,54,891,0,3848
DATE A LIVE: Rio Reincarnation,2019,39.98,2730,3725,91.12,376,890,37,24238
Sunderfolk,2025,49.99,1654,1883,87.31,921,890,14,22707
The Swapper,2013,14.99,5019,7525,91.11,137,890,10,20980
TRIBES 3: Rivals,2024,19.99,1309,1367,61.18,1903,890,0,14329
Dead Age,2016,1.49,4394,5587,79.25,211,888,77,22678
Garbage: Hobo Prophecy,2021,Free,0,1397,70.41,165,888,0,9714
Godhood,2020,26.99,962,1082,68.91,301,887,59,21256
ISLANDERS: New Shores,2025,9.99,1121,1174,90.82,123,887,62,7839
SchoolBoy Runaway,2024,1.99,3132,3259,88.03,337,887,0,4563
Zelter,2020,19.99,1731,1969,47.74,183,886,0,26101
The Legend of Heroes: Trails in the Sky the 3rd,2017,29.99,2052,2467,90.40,2707,886,26,12617
Quake II RTX,2019,Free,0,4736,84.02,0,886,0,8996
Polarity,2016,12.99,3677,4674,77.03,92,886,10,5132
SimplePlanes,2015,12.99,9717,10809,90.55,158,885,72,48311
The Legend of Heroes: Trails to Azure,2023,39.99,909,1043,92.23,5909,884,57,6865
Ghost of a Tale,2018,19.99,4078,5157,88.39,106,883,20,67153
Dreams of Aether,2025,2.99,196,1805,91.94,332,883,15,1306
Moonbreaker,2024,29.99,1282,1448,80.06,318,882,0,20326
Emily is Away <3,2021,9.99,5873,6602,88.35,179,882,15,10109
Retail Royale,2023,4.99,0,5427,74.70,32,882,0,7478
Stronghold 2: Steam Edition,2017,14.99,4716,5574,85.93,271,882,33,7083
Bogos Binted?,2026,5.49,961,1196,87.15,213,882,39,4177
Rusty Lake: Roots,2016,3.99,7817,8557,93.66,311,881,16,15736
Sickly Days and Summer Traces,2025,19.99,1293,1908,90.20,156,881,42,10844
Niffelheim,2018,18.73,1811,2325,69.25,191,880,33,41486
Model Builder: Complete Edition,2022,19.99,1054,1275,71.52,212,880,88,14268
We Need To Go Deeper,2019,15.99,4621,6002,83.49,283,879,37,28134
SuchArt: Creative Space,2021,Free,0,7138,94.66,68,879,13,10171
"Poker Master - Texas Hold'em, Roulette, Blackjack, Baccarat, Omaha, Slots, Teen Patti",2020,Free,0,5058,81.43,128,879,52,2359
Pirates Vikings & Knights II,2010,Free,0,6139,85.08,93,878,262,25480
RIPOUT,2024,19.99,776,1202,59.54,264,877,69,20140
It Lurks Below,2019,19.99,1155,1276,78.95,407,875,20,12574
Global Strike,2023,Free,0,1482,66.08,80,875,0,1775
Hard West,2015,1.99,4055,4880,73.02,302,874,35,41487
Primal Carnage: Extinction,2015,12.99,7878,9463,81.21,263,874,61,36918
Grand Tactician: The Civil War (1861-1865),2021,44.99,2238,2323,72.92,4574,874,0,16866
Endzone 2,2025,9.89,831,1007,66.73,560,873,48,32228
Cozy Grove,2021,14.99,7372,8364,87.12,315,873,70,26337
Legends of Eisenwald,2015,19.99,1386,1821,73.19,168,872,45,14692
Cockroach Simulator,2016,1.49,2364,3115,77.54,61,871,0,3401
Seek Girl:Fog Ⅰ,2020,3.99,4492,4681,81.76,95,870,100,45804
Dig or Die,2018,11.99,3840,4266,87.23,181,868,18,63129
Escape Dungeon 2,2022,17.99,1662,1730,88.76,212,868,26,21599
Lichdom: Battlemage,2014,9.99,2082,3001,55.72,254,868,59,17442
Swarm Grinder,2024,7.47,1119,1171,74.86,191,868,31,5958
Tales of Maj'Eyal,2013,6.99,6149,7257,91.61,320,867,1782,21185
Cat Goes Fishing,2015,6.99,14687,15744,91.73,287,867,86,20386
Battle Nations,2014,Free,0,1817,70.68,422,867,32,2739
Chill Corner,2021,Free,0,9637,88.09,54,866,34,17792
Football Life Simulator,2025,19.99,1433,1470,69.95,206,866,29,7868
Operation: Tango - Friend Pass,2020,Free,0,2191,82.48,217,866,0,1850
Cold Waters,2017,39.99,4531,4669,84.17,642,865,0,59961
Fernbus Simulator,2016,29.99,7823,11870,72.66,787,865,78,46694
Not For Broadcast,2022,24.99,10048,12359,91.39,176,864,95,40437
The Dream Machine: Chapter 1 & 2,2012,3.99,1350,2216,83.32,321,864,46,8435
Splatter - Zombiecalypse Now,2014,2.50,2080,2416,85.89,188,864,36,3721
Founders' Fortune,2020,21.99,1854,2176,77.12,390,863,20,23239
Crysis 2 Remastered,2022,29.99,8294,8656,86.42,484,863,35,13430
LEGO® Party!,2025,39.99,999,1318,82.63,397,863,34,10144
Dominion,2024,Free,0,2142,83.09,95,863,0,8578
Seablip,2024,14.99,1001,1040,78.40,277,862,30,23615
King's Bounty: The Legend,2009,6.99,2982,3699,86.70,371,862,62,7276
Vampire's Fall 2,2026,Free,0,2177,85.91,295,862,37,1984
Dungeon Munchies,2022,19.99,6483,7086,93.92,363,861,35,23444
Love n War: Warlord by Chance,2021,4.99,1297,1354,82.39,199,861,36,10191
Enigmatis 2: The Mists of Ravenwood,2014,14.99,1081,1603,92.08,315,861,36,3420
ROOT,2023,14.99,0,5216,87.09,0,860,53,29199
Spirit Valley,2025,14.99,1109,1154,85.24,494,859,41,16430
Jump King,2019,12.99,12040,13093,87.60,164,858,48,17987
One Piece Burning Blood,2016,9.74,3708,4968,77.49,167,857,50,29139
Icewind Dale: Enhanced Edition,2014,19.99,3002,3552,86.51,376,856,50,31757
War on the Sea,2021,39.99,3054,3157,73.26,1706,856,0,25055
Planet of Lana,2023,16.77,8532,9125,90.50,252,855,25,48797
Trek to Yomi,2022,19.99,1912,3000,69.24,189,855,28,15824
Aegis Defenders,2018,19.99,155,1808,75.01,18,855,31,9401
Just Act Natural,2022,Free,0,6126,85.05,58,855,30,8590
Creepy Tale,2020,4.99,2323,2884,83.23,166,855,13,4613
ScourgeBringer,2020,16.99,2571,3196,83.13,143,854,42,21913
WRC 10 FIA World Rally Championship,2021,39.62,2193,3439,69.86,426,854,46,12705
Street Legal Racing: Redline v2.3.1,2016,6.99,3754,4101,85.73,664,853,6,7312
ULTIMATE HARDBASS DEFENCE,2019,1.99,1835,2204,87.47,85,853,33,5901
Omelet You Cook,2026,14.99,1293,1357,92.01,585,853,106,4726
SEUM: Speedrunners from Hell,2016,5.99,2041,3033,90.63,194,852,30,9910
Beltmatic,2024,6.99,1986,2025,89.89,525,852,10,4107
Miss Furry,2021,0.49,1916,3083,81.90,177,850,100,7983
Arctico,2022,1.29,2097,2427,68.76,49,849,0,20452
Cosmonautica,2015,9.99,944,1184,48.14,198,849,31,13851
Skate Story,2025,19.99,2223,2499,92.54,457,848,26,16782
Commandos 2 - HD Remaster,2020,19.99,1944,2413,56.46,1425,848,22,14649
Killer Instinct,2017,Free,4242,5525,84.04,194,847,463,28296
Baldi's Basics Classic Remastered,2022,Free,0,15271,90.39,37,847,16,7964
Zenge,2016,1.99,2748,3076,90.98,132,847,1,4128
Mercenary Kings: Reloaded Edition,2014,19.99,1183,2438,68.51,150,846,26,11074
while True: learn(),2019,12.99,7222,8071,88.54,195,844,31,36554
Emily is Away Too,2017,4.99,5255,6146,90.13,198,844,21,12259
CULTIC,2022,9.99,7625,8275,94.18,389,843,35,19343
Supremacy: 1914,2019,Free,0,4251,71.91,63,842,0,6042
Party Hard,2015,9.99,9502,12318,87.80,221,840,27,37984
The Legend of Heroes: Trails in the Sky SC,2015,29.99,3606,4228,93.86,4509,840,23,26300
This Land Is My Land,2021,29.99,4200,4608,66.87,471,839,59,82852
SUPERHOT VR,2017,9.99,8687,10636,73.38,118,839,26,27173
Winter Resort Simulator 2,2020,24.99,1293,1864,78.90,403,839,0,5205
Frostrain,2024,Free,0,2689,88.68,0,838,20,2645
My Wife Threw Out My Card Collection (So I Bought a Dump to Find Them All) ⭐,2025,5.96,1241,1285,65.93,572,837,21,2170
Crow Country,2024,19.99,6716,7240,94.90,260,836,15,20804
Vampire: The Masquerade - Coteries of New York,2019,19.99,2207,3059,71.75,280,836,28,10553
挂姬恶魔 IDLE DEVILS,2024,3.99,1201,1269,76.71,1509,836,10,3160
MILFs of Sunville - Season 1,2023,9.99,2663,2851,86.32,661,835,73,16313
Affogato,2023,16.99,962,1102,79.18,142,835,31,9997
Shadow Fight Arena,2025,Free,0,1838,56.87,97,835,0,7349
Battle Realms: Zen Edition,2025,14.99,3998,4196,85.08,529,834,0,19070
NIMBY Rails,2021,18.99,2126,2211,85.70,1083,834,0,14705
Vade Retro : Exorcist,2022,6.99,910,1071,67.74,156,834,0,9592
In Sink: A Co-op Escape Adventure,2024,14.99,1217,1438,83.10,570,834,12,6409
Type:Rider,2013,4.99,565,1693,76.41,173,834,12,1473
River City Girls 2,2022,39.99,1478,1936,81.85,293,833,62,12829
Majesty 2 Collection,2011,—,1051,1533,71.22,526,833,0,2354
Symphony,2012,4.99,833,1494,80.24,106,833,31,2238
Lost in Anomaly,2024,2.79,0,1027,62.67,0,833,7,1868
Bulwark: Falconeer Chronicles,2024,17.43,1333,1404,81.03,325,831,24,24218
Pool Nation,2013,6.99,2197,2853,85.76,200,831,20,3829
Grimoire: Manastorm,2017,Free,0,1017,65.80,167,830,0,4608
Flash Party,2023,Free,0,2027,66.30,116,828,0,2702
PLATiNA :: LAB,2025,29.99,950,1181,82.87,369,828,0,1892
RESONANCE OF FATE™/END OF ETERNITY™ 4K/HD EDITION,2018,34.99,941,1014,76.59,597,826,47,23986
Crystal Project,2022,13.99,2374,2450,88.21,957,825,51,11188
OneShot,2016,9.99,56106,61675,96.56,302,824,11,75688
Autobahn Police Simulator,2015,9.99,491,2214,31.72,21,824,26,2974
YUMENIKKI -DREAM DIARY-,2018,19.99,1315,1484,67.73,316,823,23,9140
We. The Revolution,2019,19.99,1926,2385,72.91,213,822,38,16947
DETOUR,,1.99,0,1773,60.07,0,821,0,857
Everhood,2021,9.99,11361,13906,92.52,292,819,78,14662
My Little Puppy,2025,24.99,3684,4119,93.80,261,818,21,17123
Beyond Citadel,2025,11.99,3833,4026,92.52,663,818,15,15036
Miss Neko 2,2021,1.99,2583,2789,88.02,62,818,100,10928
The Legend of Heroes: Trails from Zero,2022,39.99,1256,1467,92.49,5627,817,49,8769
My Neighbor's Lonely Wife 2,2023,9.99,1069,1105,86.62,468,816,0,7760
Super Panda Adventures,2014,1.24,715,1018,87.25,258,816,0,1348
Intergalactic Bubbles,2015,1.99,1021,1191,75.27,180,816,10,810
"Flashing Lights - Police, Firefighting, Emergency Services (EMS) Simulator",2023,24.99,15713,18213,78.22,236,815,69,46395
"Dr. Langeskov, The Tiger, and The Terribly Cursed Emerald: A Whirlwind Heist",2015,Free,152,10062,90.54,39,815,6,11401
Force of Nature,2016,7.99,3896,4195,73.27,343,814,18,55138
TasteMaker,2023,11.99,1247,1295,79.47,279,814,8,10197
Super Mega Baseball 3,2020,44.99,1824,2089,87.24,1209,814,41,5719
Gorogoa,2017,3.74,18358,19875,95.09,112,813,11,43122
Hundred Days - Winemaking Simulator,2021,24.99,1018,1084,74.06,281,813,31,12990
The Cosmic Wheel Sisterhood,2023,17.99,5135,5859,90.37,438,812,28,20724
Rule the Waves 3,2023,39.99,812,1015,83.95,2444,812,0,7370
Doodle God,2015,7.84,989,1505,72.13,208,812,22,4499
Bishojo Mangekyo Kotowari to Meikyu no Shojo,2021,29.99,2706,2946,91.84,556,810,0,41238
RPG MO,2015,Free,0,2941,76.06,64,810,177,18882
StarBreak,2016,Free,0,1298,75.21,78,810,84,4953
Ziggurat,2014,14.99,2824,3956,82.28,244,809,38,24854
Depths Of Horror: Mushroom Day,2021,4.99,0,1184,57.00,0,809,8,2244
MULLET MADJACK,2024,19.61,7748,8935,94.66,160,808,48,28945
Overcrowd: A Commute 'Em Up,2020,19.99,1674,1741,78.02,240,808,45,18172
Prime World: Defenders,2013,9.99,725,1050,72.46,915,808,134,2898
CATO: Buttered Cat,2024,10.99,2551,2855,94.04,375,807,22,8311
Road Redemption,2017,19.99,10665,13354,80.60,79,806,55,78500
Nova Lands: Emilia's Mission,2022,—,0,1804,92.34,90,806,6,3253
Trans-Siberian Railway Simulator,2024,19.99,1689,1796,87.38,922,805,86,22631
Emissary Zero,2025,8.99,2399,2823,81.20,268,805,20,9729
Always Sometimes Monsters,2014,9.99,1386,2446,72.34,151,805,10,5847
Desktop Survivors 98,2025,4.99,1273,1345,90.07,229,805,78,4006
100 March Cats,2024,Free,0,1648,92.19,0,805,100,1257
Anvil Saga,2023,19.99,1434,1792,68.53,276,804,36,15085
TRADESMAN: Deal to Dealer,2024,2.99,1331,1370,77.30,365,804,0,5801
Metal War Online: Retribution,2015,Free,0,1064,57.26,89,803,0,10953
Legend of Keepers: Prologue,2019,Free,0,2368,88.27,95,803,5,8321
Redeemer: Enhanced Edition,2017,9.99,2596,3154,84.25,149,802,40,12592
Zompiercer,2020,19.99,3905,4110,85.84,695,801,0,20489
Nancy Drew®: Midnight in Salem,2019,21.99,1042,1121,54.20,569,800,23,2005
Three Kingdoms The Last Warlord,2021,3.99,3553,3892,67.72,287,799,89,28805
Darkwater,2026,9.99,866,1026,75.78,548,799,14,11994
WhiteLily 1：丽丽公主,2018,2.99,191,1206,88.68,0,799,21,1627
Epigenesis,2014,Free,176,1148,63.49,175,799,11,1506
GRANDIA II HD Remaster,2015,19.99,2435,2583,81.62,894,798,36,19472
CASE: Animatronics,2016,9.99,3724,4187,80.12,85,798,7,13172
Professional Fishing,2018,Free,0,4212,74.19,63,798,0,11907
Fran Bow,2015,14.99,19592,21898,95.07,422,796,18,49458
Days of War: Definitive Edition,2020,—,1358,1934,50.79,225,796,117,17461
Atomicrops,2020,14.99,4971,6146,89.02,330,796,26,13241
Survivalist: Invisible Strain,2025,11.99,3712,4204,83.99,361,795,33,19880
Shantae and the Seven Sirens,2020,29.99,1496,1973,85.67,628,795,40,8617
BIT.TRIP Presents... Runner2: Future Legend of Rhythm Alien,2013,14.99,1613,3059,88.00,141,795,26,2922
La-Mulana,2013,14.99,2016,2571,76.80,115,794,64,8027
KROSMAGA,2017,Free,0,1049,71.86,498,794,43,4171
Kiki,,4.99,0,1429,38.97,0,794,0,1143
Bouncemasters,2025,Free,0,2236,91.47,0,794,32,923
Warhammer Underworlds - Shadespire Edition,2020,29.99,1055,1649,60.74,46,793,62,17031
MMORPG Tycoon 2,2020,24.99,2850,3017,83.12,407,792,17,26283
Garden Galaxy,2022,9.99,2412,2599,93.15,1570,792,29,7596
Gridiron,2020,Free,0,2006,75.85,0,792,42,2551
Zup! 6,2017,1.99,2424,2558,89.80,148,791,2448,1198
Transmissions: Element 120,2016,Free,286,9900,91.70,57,790,11,48239
Axiom Verge,2015,19.99,5697,6465,87.42,312,788,29,36400
STEINS;GATE 0,2018,34.99,7476,7966,93.01,1090,787,28,38724
Lumencraft,2023,19.99,1073,1268,73.49,305,786,88,17124
Bravery and Greed,2022,19.99,605,1022,73.57,125,786,50,12924
Prison Life,2022,Free,0,2937,76.00,0,786,0,4537
Demigod,2011,9.99,995,1295,72.43,126,786,0,3533
SURVIVAL: Postapocalypse Now,2019,14.99,7771,8847,55.71,266,785,8,42477
FIVE NIGHTS AT FREDDY'S: HELP WANTED,2019,29.99,12094,12955,93.13,189,785,15,29850
Tunguska: The Visitation - Final Cut,2021,14.99,1606,1788,83.89,403,785,26,14487
Champions of Regnum,2013,Free,0,1224,66.22,56,785,0,2857
Wild Warfare,2014,Free,0,1095,69.93,39,785,28,2526
The Council,2018,Free,4221,5590,81.46,268,784,42,46673
Turing Complete,2021,19.99,4953,5110,92.63,395,784,15,34653
Project Silverfish,2025,29.99,2705,2882,89.90,746,784,0,21573
MY HERO ONE'S JUSTICE 2,2020,4.79,3077,3865,84.41,257,784,57,15938
Over 9000 Zombies!,2015,2.99,1213,1528,82.56,138,784,43,2998
Midnight Fight Express,2022,19.99,1903,2674,85.52,105,783,40,20857
Some Some Convenience Store,2020,14.99,2895,3104,91.89,649,783,25,7929
Never Split the Party,2019,Free,0,4397,74.18,64,782,86,17433
Master Of Pottery,2019,5.99,2721,2900,92.74,110,782,12,7591
Plantera 2: Golden Acorn,2023,1.84,1156,1307,89.43,921,782,40,2378
Kingdoms,,9.99,0,4076,70.30,0,781,0,48255
Drake Hollow,2020,29.99,1147,1787,74.62,210,781,50,22031
Slap City,2020,19.99,2408,2877,90.68,171,781,0,6762
Juno: New Origins,2023,19.99,2952,3380,85.89,70,780,99,21125
Bang-On Balls: Chronicles,2023,12.00,4228,5029,92.23,114,780,26,19277
The Wife Next Door,2024,16.99,1512,1549,85.15,640,779,0,14980
Trash Goblin,2025,19.99,1380,1588,85.02,759,779,40,11405
hexceed,2021,Free,0,2729,86.04,275,779,250,1527
Human Resource Machine,2015,14.99,3212,4618,90.47,152,778,16,24592
Space Rangers HD: A War Apart,2013,14.99,5721,7132,91.35,2049,778,82,16920
Come Home,2021,Free,0,4840,89.48,180,778,60,14130
ISEKAI FRONTLINE,2023,3.99,1773,1837,75.43,277,778,17,13529
Fly Corp,2023,10.49,3021,3308,82.04,588,778,70,5239
Cart Racer,2017,0.99,889,1078,74.92,323,778,13,615
House Builder,2024,18.88,2151,2538,77.08,521,777,63,16476
Medal of Honor: Airborne,2009,—,4361,5018,78.95,262,777,0,12859
RIOT: Civil Unrest,2019,1.69,1589,1898,66.35,86,776,10,23225
Glory & Miserable Survivors DX,2023,9.99,1366,1440,84.84,472,776,12,13047
Hero of the Kingdom II,2015,8.99,1877,2542,90.26,324,776,48,4318
Nephise Begins,2017,0.99,396,1390,60.21,23,776,5,2724
One Way Heroics,2014,3.49,3473,4113,90.45,151,775,59,11988
Dead Age 2: The Zombie Survival RPG,2021,1.79,1135,1314,73.30,879,775,117,8634
Home Sweet Home EP2,2019,18.99,875,1036,70.13,674,775,0,5962
Fresh Start Cleaning Simulator,2022,9.99,1943,2357,84.09,394,775,29,4638
Trans-Siberian Railway Simulator: Prologue,2024,Free,0,1117,85.30,0,775,0,4140
Slitterhead,2024,49.99,1083,1142,75.58,567,774,41,14853
The Lamplighters League,2023,49.99,657,1137,66.91,428,773,41,24859
American Theft 80s,2022,18.88,955,1005,70.60,140,773,30,9694
Majesty 2,2009,9.99,1143,1275,66.60,383,773,0,2861
Pictopix,2017,6.99,1364,1464,91.52,1189,773,34,2047
ATRI -My Dear Moments-,2020,20.99,20708,22510,96.08,326,772,0,49907
Stray Gods: The Roleplaying Musical,2023,29.99,2476,3779,87.79,480,772,45,21568
The House of Da Vinci,2017,3.99,6366,6949,84.05,424,772,6,14283
Robin Hood - Sherwood Builders - Bandit's Trail,2023,Free,0,1075,78.94,78,772,14,7613
Pesterquest,2019,11.99,1318,1531,85.55,337,772,0,5056
英雄黄昏-文字三国志&曹贼模拟器,2021,Free,0,3485,93.69,217,772,76,4120
Hades' Star,2019,Free,0,2646,70.56,246,771,15,7162
Zumbi Blocks 2 Open Alpha,2023,Free,0,9605,85.84,0,771,0,5942
Seraph's Last Stand,2022,0.99,3969,4300,90.24,258,771,8,3058
Pyroworks,2023,Free,0,2053,88.09,0,771,23,1767
Hunger Dungeon,2016,Free,129,2265,70.38,24,770,0,23502
Guacamelee! 2,2018,19.99,2640,3298,87.53,441,770,49,11888
Garten of Banban,2023,Free,0,12549,52.50,37,770,0,9569
Last Call BBS,2022,19.99,1187,1539,87.45,150,770,9,8362
Deadly 30,2014,0.69,1149,1861,74.25,160,770,25,1906
Finn Dorset's Institute For Livestock Replication,2024,Free,0,1178,80.44,0,770,7,390
Shotgun King: The Final Checkmate,2022,9.99,5569,6989,88.60,215,769,127,17278
Zup! F,2019,1.99,7738,8318,93.76,154,769,640,2449
Cleared Hot,2025,14.99,3320,3361,92.84,176,768,0,25531
30XX,2023,19.99,2452,2747,86.86,442,768,50,16807
Battletoads,2020,19.99,2072,2331,66.41,201,768,61,7660
Devolver Bootleg,2019,4.99,1024,1172,83.97,89,768,15,2959
Dodgy Deliveries,2025,Free,0,2316,69.30,52,768,18,1732
Worms Rumble,2020,14.99,1686,2464,55.91,19,767,26,13179
Armored Warfare,2017,Free,0,5284,62.82,212,767,0,9952
Hacker Simulator,2021,24.99,1213,1261,71.96,179,766,0,11523
Nova-Life: Amboise,2019,Free,442,1742,76.08,159,766,41,6390
BELOW,,24.99,0,1345,68.21,0,765,0,25889
EMERGENCY 20,2017,29.99,2015,2119,80.91,368,765,72,12299
Second Galaxy,2019,Free,0,1201,51.73,28,765,0,7140
Underworld Idle,2023,Free,0,1307,68.31,3800,765,8,1664
POSTAL: Brain Damaged,2022,19.78,9116,10620,92.33,107,764,34,19962
Sword of the Sea,2025,29.99,1424,1511,85.12,421,764,48,19708
EXAPUNKS,2018,19.99,1344,1856,90.22,608,764,16,14376
Tiny Bridge: Ratventure,2015,1.99,816,1095,65.84,184,764,11,1178
Sable,2021,24.99,5128,6193,83.72,250,763,56,47153
Hidden Folks,2017,5.99,7539,9441,93.70,139,763,8,30172
64.0,2017,2.99,1327,1489,85.74,58,763,14,4400
Blood and Bacon,2016,0.99,27686,35737,93.32,146,762,42,24964
Turbo Dismount™,2014,9.99,5325,5847,90.53,187,761,23,18799
Siralim Ultimate,2021,19.99,2053,2428,89.22,2211,761,320,11062
Dust to the End,2021,11.99,1052,1241,75.86,1198,761,47,9058
Storm Striker,2023,Free,0,1041,69.07,0,761,0,2893
Billies Wheelie,2025,3.99,0,1114,61.60,0,761,28,1224
Warsim: The Realm of Aslona,2022,9.99,1955,2168,91.48,215,760,0,7788
SPACEPLAN,2017,2.99,3220,3339,87.91,540,760,0,3513
Spoiler Alert,2014,2.99,339,1295,73.05,244,760,10,603
Death Road to Canada,2016,14.99,8781,10166,90.12,185,759,72,42730
I Wani Hug that Gator!,2024,14.99,4989,5513,94.62,2630,759,6,8462
D1AL-ogue,2026,Free,0,2523,92.47,0,759,24,4591
Uriel's Chasm,2014,4.99,296,2703,21.22,196,759,0,460
The Lord of the Rings: Gollum™,2023,49.99,797,1458,41.35,117,758,37,26909
Ninja Kiwi Archive,2020,Free,0,5702,90.26,86,758,0,4548
Hail to the Rainbow,2025,14.99,2088,2267,87.16,823,757,46,11672
Travellin Cats in Jingle Jam,2023,Free,0,10428,96.38,0,757,100,2232
Caravan SandWitch,2024,24.99,2483,3409,82.76,143,756,26,21962
战姬军团,2023,Free,0,2032,85.13,665,756,0,3865
Hellish Quart,2021,17.99,7772,8197,86.27,160,755,27,65405
Stronghold HD (2012),2013,5.99,8501,10256,92.71,148,755,0,20026
Dagon: by H. P. Lovecraft,2021,Free,106,12124,92.50,32,755,6,18434
Island Saver,2020,Free,0,3773,91.34,362,755,33,3793
Universe Sandbox,2015,29.99,26520,30739,94.39,190,754,0,173700
Beat Cop,2017,14.99,4725,6050,79.67,136,754,32,26294
Fight The Dragon,2014,9.99,994,1337,75.60,269,754,60,19236
Floating Point,2014,Free,0,3832,91.83,40,754,0,3444
Zup! 8,2018,1.99,4129,4420,91.80,153,754,2220,1694
Klonoa Phantasy Reverie Series,2022,9.99,1723,2145,89.87,219,753,25,10337
Sword and Fairy 3,2021,7.99,1861,1980,80.67,842,753,0,5787
Project Lazarus,2023,5.99,1341,1374,76.77,225,752,49,3602
Terrorhedron Tower Defense,2014,1.99,1004,1172,79.99,200,752,47,1352
"Shardbound: Forge Your Path, Master Your Strategy",2017,Free,0,1342,68.94,83,751,0,15452
Townsmen - A Kingdom Rebuilt,2019,19.99,814,1344,68.52,118,751,102,7541
Little Misfortune,2019,19.99,11290,13590,89.88,208,750,35,27680
Martha Is Dead,2022,29.99,2515,3653,76.90,327,750,22,20196
Simmiland,2018,2.49,1775,1918,83.50,204,749,27,9256
Sketchy's Contract,2024,8.99,1005,1308,81.11,340,749,0,6424
寇莎梅特：困世迷情 Consummate:Missing World,2017,0.49,981,1302,89.74,242,748,888,3135
Exo One,2021,16.99,4907,5131,86.87,108,747,28,25878
Through The Ages,2025,15.99,0,2311,86.90,0,747,0,11947
Hiveswap Friendsim,2018,12.99,1222,1384,87.93,505,747,0,4714
Tormented Souls,2021,19.99,5852,7807,87.37,304,744,29,24131
Eternal Strands,2025,39.99,1476,1586,84.11,515,744,44,22797
"Sir, You Are Being Hunted",2014,19.99,2876,3900,75.16,108,744,0,19807
YOHANE THE PARHELION -BLAZE in the DEEPBLUE-,2023,29.99,949,1011,87.28,793,743,19,6871
Streamer Life Simulator,2020,19.98,6968,7784,74.43,359,741,15,11866
Tails Noir,2021,24.99,2517,3366,65.52,197,739,26,23323
The Aquarium does not dance,2024,Free,0,1060,90.96,28,739,0,2604
The Pale Beyond,2023,19.99,1758,2124,84.85,184,738,47,18457
Alan Wake's American Nightmare,2012,8.99,7863,10267,72.54,108,738,12,8170
Edge Of Eternity,2021,4.49,3317,3964,68.14,85,736,58,79989
Scarlet Maiden,2023,10.99,2757,2926,89.79,304,736,29,25637
"Warhammer 40,000: Sanctus Reach",2017,—,1147,1472,80.67,284,735,12,19127
Seek Girl,2019,Free,3905,5156,75.22,26,735,160,16192
Mini Healer,2020,7.99,2196,2275,84.09,378,735,0,7305
Suicide Guy,2017,5.99,2568,3112,84.87,224,735,10,7058
Galaxy Burger,2024,11.99,2308,2667,92.25,326,735,14,5471
Abandon Ship,2019,4.99,1131,1329,70.42,285,734,87,41987
Last Evil,2020,4.99,3502,3603,90.32,286,734,31,18732
Oxenfree,2016,9.99,9439,12036,89.02,229,733,13,45491
Legendary Tales,2024,39.99,2696,3006,73.01,299,733,30,18951
My Garage,2021,19.99,3695,3909,87.78,2387,733,0,9102
Taiji,2022,24.99,1091,1375,86.26,269,733,12,3316
FortressCraft Evolved!,2015,12.99,2642,3057,70.12,332,732,85,24909
Dreams of Desire: Definitive Edition,2021,6.99,1414,1474,75.51,330,732,37,16088
Make America Great Again: The Trump Presidency,2016,2.99,1627,1813,82.18,163,732,17,4371
Fears to Fathom - Ironbark Lookout,2023,9.99,5481,5769,89.25,150,731,5,17353
Superbrothers: Sword & Sworcery EP,2012,7.99,1389,2643,74.82,23,731,14,7379
Sid Meier's Civilization IV: Colonization,2008,19.99,1232,1515,82.74,69,729,0,4395
Apotheon,2015,3.74,3270,3826,86.48,168,727,30,23263
60 Parsecs!,2018,9.99,3206,3990,85.48,113,727,44,18273
LEGO® Builder's Journey,2021,19.99,3983,4258,80.18,72,727,22,17927
Suit for Hire,2025,14.99,2899,2956,88.81,79,725,40,13385
Zoo 2: Animal Park,2020,Free,0,1635,75.13,240,725,12,2708
Fear & Hunger 2: Termina,2022,11.99,13099,14267,94.54,687,724,0,27791
Riddle Joker,2020,34.99,5544,6819,94.67,1040,724,21,22319
Maniac,2024,4.99,1655,1771,86.76,86,724,65,7706
Depraved,2019,1.99,1109,1235,59.54,876,723,13,22233
The Colonists,2018,24.99,1032,1207,81.53,121,723,27,19963
Caveblazers,2017,9.99,3377,4492,82.60,244,723,21,16590
Beneath Oresa,2023,24.99,1082,1658,73.85,697,723,66,13295
Ostranauts,2020,19.99,2315,2417,77.25,772,722,0,29609
Mosaique Neko Waifus 2,2020,4.99,2567,2827,90.83,87,722,100,9992
Zup! S,2018,1.99,14782,15803,94.36,78,722,800,6491
Hobs,2019,Free,0,1162,81.22,0,722,0,1320
King's Quest,2015,Free,1310,2957,86.60,344,721,53,24743
Expeditions: Conquistador,2013,19.99,1208,1598,75.89,241,721,60,12794
Blade Assault,2022,17.99,1824,2299,71.46,245,721,26,11505
Spellweaver,2016,Free,0,1381,71.67,108,721,20,4583
Our End of the World,2017,9.99,4413,4808,77.19,188,720,17,28879
Tavern Talk - A Cozy Visual Novel,2024,17.99,1403,1692,84.58,218,720,49,14142
Wanba Warriors,2020,1.49,2312,2713,85.30,100,720,0,9784
Space Run Galaxy,2016,1.49,662,1029,62.22,275,720,30,3817
Lunavania,2025,9.99,975,1023,83.35,220,719,99,5829
Humans are not that against Lizardwomen,2024,2.79,2764,3104,89.98,197,717,82,7339
Prodeus,2022,24.99,5432,8038,89.62,289,716,30,33173
UNDEFEATED,2019,Free,0,7128,84.98,0,716,0,20882
7 Billion Humans,2018,14.99,1821,2092,89.32,154,715,19,16240
Field of Glory II,2017,29.99,695,1224,78.62,12,715,20,12624
Mosaique Neko Waifus 4,2021,4.99,4292,4785,91.28,101,715,101,8259
Garden of Witches,2025,15.19,1235,1289,88.59,452,715,0,7334
of the Devil,2025,Free,285,2227,94.04,1020,715,15,4556
Only If,2014,Free,0,5955,61.03,35,713,10,12087
TramSim Vienna - The Tram Simulator,2020,34.99,1317,2071,73.52,771,713,29,5864
20XX,2017,14.99,3934,4525,87.79,255,712,50,22402
[Chilla's Art] Shinkansen 0 | 新幹線 0号,2024,6.99,1025,1089,81.25,94,712,6,5432
Zeno Clash,2009,9.99,2107,3155,83.13,141,712,22,5353
Zup! 3,2017,1.99,5301,5578,87.43,120,712,1708,2634
Yooka-Replaylee,2025,29.99,953,1019,88.12,986,710,45,5631
Sundered®: Eldritch Edition,2017,2.99,4054,5126,79.51,168,708,20,35155
MX vs ATV Legends,2022,39.99,3771,4534,76.95,440,708,40,11178
Angeldust,2019,Free,0,1420,62.38,45,708,0,5638
Super Neptunia RPG,2019,29.99,864,1059,74.81,367,707,36,11802
Unholy Heights,2013,3.99,1121,1637,84.97,171,706,20,4625
Storage Hustle,2023,7.19,1455,1500,68.74,476,706,34,4487
You Must Build A Boat,2015,4.99,836,1081,78.06,483,706,12,3425
Will You Snail?,2022,10.99,2454,2777,92.85,498,705,30,4040
Hydrophobia: Prophecy,2011,4.99,1961,2377,59.37,107,705,13,1785
Selene ~Apoptosis~,2023,Free,0,5467,85.46,51,704,24,17829
Warspear Online,2017,Free,0,3068,70.25,31,704,41,9185
"Warhammer® 40,000: Dawn of War® – Winter Assault",2007,—,1934,2492,84.39,50,704,0,5134
The Age of Decadence,2015,14.99,3496,3947,79.50,254,703,109,34353
Haven,,12.49,0,5937,85.93,0,702,0,61026
Treasure Hunter Claire,2018,4.99,2251,2364,84.82,498,702,0,17318
Castlevania Advance Collection,2021,19.99,2045,2396,87.39,210,701,48,12770
Citizen Sleeper,2022,19.99,7782,9807,89.93,208,700,27,38665
ICBM,2020,19.99,1631,1902,87.40,227,700,20,13513
Buggos,2022,15.99,1127,1351,83.34,386,700,25,4176
Democracy 4,2022,29.99,5788,6277,79.68,433,699,40,28831
The Hat Man: Shadow Ward,2016,9.99,2823,3316,64.04,115,699,11,3640
THE BUTTON by Elendow,2023,Free,0,3216,89.51,0,699,10,544
Ithya: Magic Studies,2025,10.99,1776,1855,92.98,9410,698,16,7392
Mineirinho Director's Cut,2020,0.99,1315,2228,63.76,122,698,0,495
Hero's Journey,2022,7.49,0,1723,76.02,0,697,0,26945
Used Cars Simulator,2025,14.99,981,1014,75.65,653,697,92,10883
Just Go,2022,9.99,3117,3213,89.24,350,697,20,9850
Shredders,2022,29.99,3681,3798,91.11,849,697,35,9576
1 to 1 humanoid edible toys,2024,7.99,2279,2344,88.84,267,697,6,3975
Waveform,2012,1.68,1876,2134,79.37,171,697,65,1872
Bloomtown: A Different Story,2024,9.99,1259,1435,81.71,345,696,41,17985
OHV,2024,24.99,1230,1259,84.70,845,696,21,11950
My boss is weird,2021,Free,0,1225,50.11,37,696,17,9030
Car Dealership Simulator 2,2025,11.99,1970,2000,68.11,755,696,13,4773
Among Trees,2021,14.99,2053,2217,66.33,194,695,15,37131
Seven: Enhanced Edition,2017,29.99,1400,2107,73.65,96,695,35,29230
Survisland / 实境求生,2024,14.99,1462,1544,61.88,211,695,0,21076
Vagrus - The Riven Realms,2021,29.99,1581,1700,81.64,162,694,99,25578
Pinstripe,2017,14.99,1968,2608,85.55,179,694,12,12416
Tharsis,2016,14.99,1435,2504,68.15,196,694,12,10634
Identity,2018,—,572,2148,18.34,89,694,0,9759
"JASON, Coming of Age",2025,14.99,1076,1106,80.35,251,694,20,8115
Buy a Croquette!,2024,Free,0,7264,95.41,191,694,14,4741
Nothing,2026,0.99,0,9775,91.37,0,694,0,2312
Rabi-Ribi,2016,17.99,10689,12174,92.70,614,693,220,54831
Momodora: Reverie Under The Moonlight,2016,9.99,10205,11605,90.68,211,693,9,49535
FAITH: The Unholy Trinity,2022,7.49,7673,8451,92.08,84,693,32,27731
Baldi's Basics Plus,2020,9.99,9352,10005,94.70,167,693,0,10793
An Arcade Full of Cats,2023,Free,268,7842,95.14,101,693,50,4934
Mizi NO!,2024,Free,0,2772,94.16,102,692,20,2333
Guardians of Orion (Phase 2),2016,0.99,2984,3619,53.05,130,691,7,19549
Lost2,2022,15.99,1374,1439,78.42,295,691,40,19067
Tales of the Neon Sea,2019,16.99,3629,4849,82.93,258,691,58,17577
Run!ZombieFood!,2017,3.99,1242,1319,76.07,178,691,31,8128
月に寄りそう乙女の作法,2022,39.99,3284,4341,93.65,1325,689,38,11166
Warhammer Quest,2015,—,893,1180,66.50,395,689,53,6772
I Was a Teenage Exocolonist,2022,24.99,4186,4538,92.77,622,688,50,14157
Bloodstained: Curse of the Moon 2,2020,14.99,1495,1587,81.03,795,688,19,7812
NBA Playgrounds,2017,—,1005,1365,68.67,274,688,13,5649
Scheming Through The Zombie Apocalypse: The Beginning,2018,4.99,320,1006,77.23,195,688,19,2778
Mark of the Ninja: Remastered,2018,19.99,6414,6766,92.94,171,687,38,20104
Telling Lies,2019,19.99,1219,1291,61.34,523,687,11,16628
Slime 3K: Rise Against Despot,2024,4.99,1508,1626,76.94,211,687,181,6334
Tower of Time,2018,10.20,2252,2547,79.85,232,686,77,26811
Ground of Aces,2025,29.99,1208,1344,81.37,3323,686,0,19598
Viscera Cleanup Detail: Santa's Rampage,2013,2.49,4497,5902,88.41,92,686,13,6827
Folie Fatale,2024,5.99,2423,2496,82.82,771,686,0,5660
Thank Goodness You're Here!,2024,9.99,7133,7786,93.13,148,685,32,21275
Ghost Song,2022,19.99,956,1407,79.42,293,685,42,16493
Warhammer The Horus Heresy: Legions,2019,Free,0,3157,59.89,292,685,24,5185
Delver,2018,14.99,2350,2836,84.22,201,684,26,21725
My Vow to My Liege,2020,9.99,3808,4076,88.36,478,684,35,8200
When the Darkness comes,2019,Free,0,8415,89.50,72,684,32,6138
Golf Gang,2022,9.99,773,1400,80.03,105,684,52,4288
Dungeon Warfare 2,2018,14.99,1106,1138,85.18,1066,684,32,3965
Shoppe Keep,2016,4.99,2002,2877,60.98,340,683,31,14444
WRC 8 FIA World Rally Championship,2020,29.99,1832,2258,71.70,141,683,43,14426
Undead Horde,2019,16.99,1101,1394,82.83,192,683,24,12967
FINAL FANTASY V (Old ver.),2015,—,1269,1441,73.88,3005,683,96,11008
Picayune Dreams,2023,4.99,3859,4294,94.94,391,683,140,4466
Alchemy Garden,2022,2.59,460,1068,66.76,217,682,43,4683
Scratch Inc.,2025,Free,0,1446,86.05,0,682,43,203
War Mongrels,2021,25.48,1763,2406,72.17,684,681,59,26713
Staffer Case: A Supernatural Mystery Adventure,2023,10.02,3739,3934,90.52,740,681,10,4137
花妖物语/Flower girl,2021,Free,0,2639,79.80,28,680,55,14670
RiMS Racing,2021,4.99,368,1224,56.99,367,680,41,5556
The Messenger,2018,19.99,10381,12855,90.38,427,679,48,30895
Dusk Pub - Adult Only,2024,12.99,2134,2164,88.34,329,679,26,24253
Heads Will Roll: Reforged,2023,24.99,1554,1608,81.11,1253,679,161,6967
Total Conflict: Resistance,2023,29.99,4785,5012,72.54,1166,678,63,47607
Fade to Silence,2019,7.49,1020,1318,61.15,766,678,45,39581
Munchkin Digital,2023,14.99,1314,1552,71.57,173,678,69,14174
Holy Potatoes! A Weapon Shop?!,2015,9.99,1182,2067,69.30,315,677,50,9655
Obenseuer,2018,19.99,1426,1539,89.36,4652,677,78,6362
Hentai Asmodeus,2019,1.99,1766,1897,80.09,127,676,14,7494
Low Magic Age,2017,5.99,3256,3422,85.57,510,675,12,21423
Death Howl,2025,19.99,1039,1189,87.40,666,675,20,13595
Hello Neighbor 2,2022,39.99,3772,5120,77.35,320,674,14,74947
Ashen,2019,7.99,3220,3777,65.76,278,674,34,49363
Sky Haven Tycoon - Airport Simulator,2022,19.49,1190,1344,57.91,2001,674,0,15751
Bakery Simulator,2022,14.43,2064,2279,65.23,660,674,25,9302
8BitMMO,2015,Free,0,4321,59.31,41,674,24,9249
Vanguard Princess,2014,2.24,1482,2852,67.85,116,674,0,8956
Coffee Talk,2020,12.99,10927,12185,92.18,220,673,24,29765
Knightly Passions,2024,11.99,1244,1305,86.78,877,673,53,15082
Fox Hime,2017,1.99,3760,4047,81.65,139,673,2,11576
Geometry Arena,2021,5.99,2100,2404,91.97,1090,673,124,3153
Trine 3: The Artifacts of Power,2015,21.99,7213,9099,62.13,151,672,28,38282
Twilight Struggle,2016,9.99,2527,2939,83.26,483,672,31,11271
Astrometica: Prologue,2024,Free,0,1282,85.44,219,671,9,4163
Embr,2021,19.99,1344,2152,82.94,133,670,29,13624
Turbo Overkill,2023,17.58,6127,7182,91.21,143,669,67,25829
Myrmidon,2025,Free,0,1806,41.62,0,669,15,2823
Three Heroes,2015,3.99,876,1005,66.59,258,669,29,2444
Final Fantasy IV (3D Remake),2014,15.99,2644,3139,81.00,921,667,58,17907
How To Survive: Third Person Standalone,2015,1.99,1131,1258,56.25,207,667,27,15246
Dragon And Home,2021,Free,0,1376,58.50,131,667,0,5708
Taur,2020,24.99,1985,2084,76.81,828,666,0,16536
Jupiter Hell,2021,24.99,1740,2060,87.72,438,666,26,16281
IN HEAT: Lustful Nights,2024,14.99,2867,3081,89.93,563,665,0,27014
Urbek City Builder,2022,3.22,1669,1810,85.97,182,665,103,18932
Spirit of the Island,2022,14.99,1172,1867,64.43,152,665,49,16508
Soundfall,2022,29.99,970,1136,71.06,63,665,45,10994
Deep Sky Derelicts,2018,19.99,1963,2864,71.87,171,664,68,25593
Men of War™,2009,4.99,3259,3802,86.59,240,664,0,12575
Murder by Numbers,2020,14.99,1124,1651,80.52,458,664,4,3021
Rising Front,2026,14.99,3763,3929,85.17,67,663,20,32010
Her Story,2015,9.99,8213,10241,86.99,129,663,13,27173
Minds Beneath Us,2024,19.99,4971,5498,92.74,681,663,21,19317
Thief: Deadly Shadows,2007,8.99,2305,2567,78.00,38,663,0,3509
GetsuFumaDen: Undying Moon,2022,24.99,948,1128,74.01,1315,662,55,13797
Vampire's Fall: Origins,2020,1.94,1007,1063,75.38,1993,662,28,7739
Football Coach: College Dynasty,2025,19.99,1403,1424,90.39,6169,662,70,2853
Popup Dungeon,2020,24.99,604,1043,71.64,72,661,65,11200
Knights of Pen and Paper 2,2015,7.99,2315,2823,83.84,341,661,33,10892
SpellForce - Platinum Edition,2009,9.99,2338,2833,84.59,220,661,0,4331
Radio Commander: Vietnam '64,2019,19.99,1734,2032,69.82,164,660,49,19573
PRICE,2016,Free,215,5133,90.60,61,660,8,17379
Granny,2018,7.99,9012,9498,91.28,331,660,0,10310
Star Trek: Resurgence,2024,4.99,2959,2996,85.88,177,660,27,9757
You Have to Win the Game,2014,Free,0,5710,89.72,39,660,15,8056
Highrise City,2023,29.99,1222,1283,74.63,386,659,47,19232
Empires Apart,2018,Free,327,2473,66.52,104,659,57,17541
BustyBiz,2020,Free,0,1499,66.46,49,659,40,5719
Isles of Sea and Sky,2024,19.98,1312,1424,88.27,1022,659,21,5369
Space Hulk: Tactics,2018,2.24,958,1141,61.76,287,658,28,11419
inbento,2021,0.99,2564,2719,92.41,77,658,15,2459
Tales of Seikyu,2025,24.99,843,1055,79.55,330,657,0,30737
Lords of Xulima,2014,19.99,1031,1254,76.98,3052,657,15,11286
3on3 FreeStyle: Rebound,2020,Free,0,4231,61.52,64,657,34,6430
PAPERHEAD EP.0,2024,Free,0,3220,89.60,40,657,11,3819
Gestalt: Steam & Cinder,2024,4.99,1709,2060,77.11,667,656,36,19268
妄想症：Deliver Me,2018,1.99,2249,2521,84.24,184,656,20,10439
TouHou Makuka Sai ~ Fantastic Danmaku Festival Part II,2019,12.78,2413,2600,92.35,255,656,28,5514
Mod and Play,2020,2.99,1369,1618,43.28,198,656,11,5251
The Chosen RPG,2016,1.99,1058,1232,67.84,202,656,8,4805
Warface,2025,Free,0,1791,66.27,691,656,0,2359
KinitoPET,2024,5.99,12819,14090,90.48,126,655,15,12882
Sir Whoopass™: Immortal Death,2022,16.99,1306,1853,78.90,178,655,83,10874
Suits: A Business RPG,2016,0.99,938,1043,82.65,220,655,35,1981
Rising World,2014,14.99,5169,5848,83.00,430,654,0,109182
Paper Dolls: Original / 纸人,2019,3.96,4349,4794,82.27,143,654,28,22786
Coffee Talk Episode 2: Hibiscus & Butterfly,2023,14.99,2383,2638,92.55,453,654,53,15272
Archvale,2021,14.99,2022,2370,85.15,585,654,40,7742
Wylde Flowers,2022,24.99,2223,2655,91.59,2466,653,40,9533
X-COM: UFO Defense,2008,4.99,3151,3933,91.20,32,653,0,7565
The Walking Dead Onslaught,2020,29.99,924,1157,47.83,253,653,50,6504
Salt and Sacrifice,2023,19.99,1653,1825,61.26,1575,653,56,6386
Cthulhu Saves the World,2011,2.99,2988,3465,88.24,149,653,0,3595
The Solus Project,2016,19.99,2458,2612,77.07,197,652,43,177350
BLADECHIMERA,2025,14.99,1234,1338,84.61,884,652,25,10038
EMERGENCY 4 Deluxe,2018,17.99,1962,2013,89.09,6757,652,0,5775
KIBORG,2025,24.42,1087,1255,81.92,354,651,41,12211
Kinetic Void,2014,9.99,1382,1556,20.81,119,651,0,5459
The Escape: Together,2023,3.99,1932,2361,75.66,126,651,22,3286
Lovers of Aether,2019,Free,0,1584,88.93,42,651,15,3154
LIZARDS MUST DIE 2,2025,9.99,2114,2368,90.22,168,650,42,7196
5D Chess With Multiverse Time Travel,2020,11.99,7923,8769,93.62,103,649,0,22600
Total Chaos,2025,24.99,1216,1273,83.57,596,649,37,19240
Cricket 19,2019,29.99,3961,4035,88.23,4792,649,44,5073
Flintlock: The Siege of Dawn,2024,39.99,1185,1678,72.25,294,648,38,23308
SpellForce 2 - Anniversary Edition,2017,14.99,1023,1328,72.46,229,648,0,3442
Oik,2017,0.99,1617,1724,85.67,142,648,201,1499
Aircraft Carrier Survival: Tutorial,2021,Free,0,1177,68.00,62,647,0,7162
Mad Adventures,2022,Free,0,1085,86.22,0,647,0,1858
Super Seducer 2 - Advanced Seduction Tactics,2018,12.99,1565,1751,79.19,222,646,11,14023
Nitro Express,2025,12.99,1009,1067,73.64,78,646,0,8319
Timeflow – Life Sim,2019,14.99,1360,1608,88.21,715,646,105,2859
Eternal Senia,2015,Free,223,12019,94.69,101,645,0,33691
Infernax,2022,19.99,2047,2171,88.87,484,645,42,11640
APICO,2022,19.99,1558,1971,87.39,204,645,72,10390
Classic Marathon,2024,Free,0,1192,85.64,0,645,12,3089
ButtKnight,2025,8.49,1172,1221,87.32,159,644,13,15795
Wet Girl,2019,0.99,4617,5447,83.60,27,644,17,12887
City Game Studio: Your Game Dev Adventure Begins,2021,19.99,1670,1787,87.29,781,644,87,7919
The Fisherman - Fishing Planet,2019,29.99,956,1431,61.69,3614,644,18,3795
Pseudoregalia,2023,5.99,15993,17769,94.40,278,643,0,20144
SUCCUBUS: Prologue,2020,Free,0,5430,79.62,47,643,0,15907
Cabernet,2025,19.99,1693,1936,90.33,662,643,89,11564
Motorcycle Mechanic Simulator 2021: Prologue,2021,Free,0,2381,82.78,43,643,11,9583
Anomalous Coffee Machine,2025,6.99,1400,1467,82.92,224,642,60,12053
Ten Trials of Babel: The Doppelganger Maze,2022,2.99,4242,4351,89.43,265,642,37,6321
BloodRayne 2: Terminal Cut,2020,14.99,949,1152,74.37,259,642,14,5074
Laika: Aged Through Blood,2023,5.99,5549,6207,88.80,438,641,42,23679
INSOMNIA: The Ark,2018,7.49,945,1251,58.22,86,641,30,17295
Dustland Delivery,2024,7.99,1136,1156,83.81,532,641,119,12452
Furi,2016,19.99,11005,13766,87.72,185,640,33,46085
Block'hood,2017,14.99,1171,1256,71.38,87,640,39,25989
Grand Theft Auto III,2008,—,11105,14796,84.55,51,640,0,15612
THE KING OF FIGHTERS '98 ULTIMATE MATCH FINAL EDITION,2014,2.24,2486,3009,87.13,112,640,12,8348
Lots of Cats in Every Moment,2024,Free,0,1095,90.87,91,640,42,659
Until Then,2024,19.99,13134,15620,94.42,382,639,29,32742
GRAVEN,2024,4.99,1027,1478,53.85,269,639,37,18285
Blameless,2016,Free,0,5076,81.31,48,639,4,12164
Aliya: Timelink,2024,2.99,7944,8883,94.73,520,639,5,5555
Jacksmith: Weapons and Warriors,2025,5.99,1709,1787,92.80,100,639,80,5308
Retrowave,2022,2.99,13645,15338,92.77,71,638,44,12073
CaseCracker,2022,4.49,3086,3225,86.41,399,638,27,10193
TO THE MOON,2025,9.99,0,84979,94.68,0,637,0,72104
Trick & Treat,2016,Free,0,2403,91.97,55,637,8,7552
FlatOut,2007,7.49,5584,6346,88.34,115,637,18,4374
Projekt: Passion - Season 1,2023,11.99,3351,3457,89.25,140,636,36,39256
Frontier Hunter: Erza’s Wheel of Fortune,2024,9.74,1811,2012,79.62,187,636,59,21566
Donut County,2018,3.89,10533,11573,89.49,130,636,20,21418
WHAT THE GOLF?,2020,6.79,4244,4648,90.14,302,636,63,14295
Hammerfight,2009,Free,379,2052,70.42,13,636,0,905
Hexarchy,2023,3.80,1138,1540,78.67,167,635,67,9598
RiME,2017,29.99,3223,5162,87.19,285,634,31,41318
Need for Speed Undercover,2008,—,7317,7981,73.54,175,634,0,11998
Sex Coach: Hot Yoga - Prologue,2024,Free,0,1483,70.17,27,633,0,7310
Camper Van: Make it Home,2025,14.99,1004,1180,87.41,310,632,20,9055
Production Line : Car factory simulation,2019,24.99,3156,3466,79.30,216,631,32,33155
Bombix,2018,Free,0,1521,68.11,63,630,0,3091
Super Sus,2024,Free,0,2454,68.43,146,630,30,2291
Everything,2017,14.99,3163,3833,80.29,113,629,36,31900
Amazing Frog?,2014,19.99,10910,11445,91.55,747,629,0,24241
Big Bang Empire,2016,Free,0,1169,65.78,510,629,0,3721
Deathmatch Classic,2001,4.99,2402,3264,80.28,7,629,0,2980
7 Days to End with You,2022,7.99,3057,3174,84.81,209,628,0,9793
POSTAL Redux,2016,8.99,6329,7752,89.01,117,628,25,8437
Foretales,2022,19.99,739,1133,80.63,134,628,41,6461
九州：商旅（Nine Provinces: Caravan）,2021,8.99,1081,1145,85.93,2255,628,44,5197
Drift86,2019,1.99,5272,5990,88.18,128,628,41,3354
Peripeteia,2025,18.99,2441,2672,81.98,223,627,0,27351
Princess & Conquest,2023,14.99,2905,3067,82.30,188,627,105,26853
vivid/stasis,2025,Free,0,3415,90.06,0,627,50,2012
Voidigo,2023,4.99,3608,4727,92.89,341,626,120,10925
Spooky's Jump Scare Mansion,2015,Free,149,15361,90.34,47,625,0,21909
Merchant of the Skies,2020,14.99,1430,2258,82.52,121,625,12,12879
Runes of Magic,2018,Free,0,1512,67.00,59,625,0,6326
FACEMINER,2025,7.99,1254,1288,85.63,211,625,56,3984
DEAD OR SCHOOL,2019,9.99,2592,2804,81.16,330,624,63,30833
Shroud of the Avatar: Forsaken Virtues,2018,Free,981,3154,52.92,115,624,29,16652
Pascal's Wager: Definitive Edition,2021,19.99,1211,1360,67.92,976,624,82,8127
Bookshop Simulator,2025,15.99,952,1050,90.67,621,624,62,4852
Coloring Game 4,2021,Free,0,1837,87.87,235,624,410,2033
Trainz Railroad Simulator 2019,2019,20.00,2547,2670,74.29,767,623,23,8680
GRIP: Combat Racing,2018,22.48,3558,5026,82.07,110,622,35,23292
Roadwarden,2022,2.74,4281,4922,90.88,65,622,43,21221
Underworld Ascendant,2018,4.49,694,1096,36.53,227,622,45,11449
Tower Factory,2024,14.99,1115,1150,84.44,506,622,21,11319
Kanjozoku Game レーサー Online Street Racing & Drift,2022,4.99,3229,3462,78.70,56,622,0,8094
Soldat,2020,Free,0,1779,89.67,33,622,0,6914
DRACOMATON,2023,4.99,0,1070,85.59,0,622,64,1445
Need for Speed: Shift,2009,—,2565,2844,75.56,308,621,0,18801
Diluvion: Resubmerged,2017,19.99,1025,1124,60.25,446,621,15,14290
King of Kinks,2022,Free,0,1199,54.30,67,621,0,8747
Circle Empires Rivals,2020,15.99,1530,1939,85.58,659,621,118,8522
InfraSpace,2023,24.99,1572,1879,76.65,274,620,32,19366
Bye Sweet Carole,2025,24.99,918,1084,69.20,833,620,34,17442
Void Stranger,2023,11.99,3034,3290,87.76,675,619,1,7077
Frosty Kiss,2016,Free,0,1555,85.65,59,619,6,3913
Crumble,2020,4.49,674,1088,82.93,148,619,32,3192
Pleasure Puzzle:Portrait 趣拼拼：肖像画,2018,0.49,189,1877,86.47,20,619,100,1326
City Lights Love Bites Season 0 [Pilot Season],2025,2.00,2417,2422,90.21,103,618,44,14491
Digseum,2024,2.99,7503,7612,94.59,130,618,10,3145
Trials on Tatooine,2016,Free,0,1394,75.77,18,617,0,4254
Brigador: Up-Armored Edition,2016,24.99,4442,5675,90.26,133,616,65,18402
Songs for a Hero - Definitive Edition,2016,6.74,2329,4346,92.75,300,616,59,8774
HD Poker: Texas Hold'em,2018,Free,0,4783,77.75,75,616,1,1910
The Entropy Centre,2022,19.99,3189,4232,86.22,364,615,27,15714
The Genesis Project,2022,Free,0,2213,82.17,0,615,0,5703
Crayon Physics Deluxe,2009,19.99,358,1154,81.66,28,615,0,2122
Unity of Command II,2019,29.99,1951,2105,76.75,329,614,10,20985
Port Royale 3,2012,8.99,1174,1551,70.98,176,614,64,7143
Superflight,2017,2.99,11002,11533,93.58,43,613,24,13859
Grim Nights,2018,2.99,1484,1533,83.76,180,613,30,5874
There Is No Light: Enhanced Edition,2022,6.99,609,1015,69.19,77,612,39,22526
Demons Roots,2023,19.99,2083,2178,89.47,1701,612,0,8823
Magrunner: Dark Pulse,2013,1.99,366,1125,70.28,222,612,24,2968
Job Simulator,2016,19.99,4282,5324,88.15,129,611,11,26579
MOTHERGUNSHIP,2018,24.99,1071,1599,72.89,185,611,20,14747
Genital Jousting,2018,6.99,8653,11219,89.54,59,610,28,28121
Cat Quest II,2019,14.99,5703,7023,92.27,208,610,9,17932
Saurian,2017,19.99,1472,1814,58.94,620,609,12,21695
Shadow Empire,2020,19.99,1303,1774,80.72,2480,608,0,14001
Lost Planet® 2,2010,—,2366,3036,64.40,202,608,0,11422
Global City,2021,Free,0,1369,67.64,97,608,0,2650
BombTag,2018,Free,0,1516,80.46,54,608,0,2300
Shelter 2,2015,24.99,3340,4274,82.31,101,607,26,44213
Ys VIII: Lacrimosa of DANA,2018,39.99,5986,6848,87.45,806,607,54,31773
Metal Waltz: Anime tank girls,2017,Free,0,1717,75.59,235,607,84,10033
Contractors Showdown : ExfilZone,2024,19.99,2870,3045,65.60,246,606,0,9425
Turnip Boy Robs a Bank,2024,14.99,1818,2136,90.85,231,606,23,6864
垃圾桶军团,2024,Free,0,1708,91.91,0,606,0,3163
Reversion - The Escape (1st Chapter),2014,0.99,183,1552,74.56,123,606,16,1039
The Case of the Golden Idol,2022,17.99,9115,10221,94.92,448,605,17,15377
Galaxy on Fire 2™ Full HD,2012,7.99,1443,2221,73.97,70,605,92,10897
LUFTRAUSERS,2014,9.99,3371,4486,87.49,124,605,12,8222
Planet S,2023,Free,0,2822,87.83,0,604,53,4642
Smithworks,2022,Free,0,2295,86.60,0,604,51,3043
The Forgotten City,2021,24.99,10659,13074,93.38,314,603,40,40118
Super Woden: Rally Edge,2026,11.04,1341,1359,91.50,593,603,26,4615
Kinky Cats 🔞,2025,Free,0,1012,68.77,113,603,41,3102
Investigator,2016,1.49,860,1027,66.59,166,603,52,2233
Bounty Train,2017,9.99,1303,1713,68.03,438,602,30,14062
Just Cause™ 3: Multiplayer Mod,2017,Free,0,2691,75.20,84,602,0,12595
The First Tree,2017,0.99,4706,5784,73.48,67,601,14,21992
Bits & Bops,2025,15.99,1423,1730,87.98,135,601,16,16621
Garfield Kart - Furious Racing,2019,14.99,10386,14941,85.47,63,601,14,7067
8-Bit Armies,2016,7.49,1937,2458,78.52,164,600,29,20900
The Legend of Tianding,2021,19.99,3188,4258,90.30,479,600,26,14367
Lorn's Lure,2024,14.99,2450,2620,83.53,300,600,23,9085
Desktop Kanojo,2020,2.99,1512,1644,82.03,194,600,0,8960
AI＊Shoujo/AI＊少女,2020,69.99,2090,2218,73.13,642,599,0,95311
One Hour One Life,2018,14.99,3953,4585,78.09,216,599,0,29713
Soulstice,2022,39.99,1756,2652,70.93,375,599,40,18663
Love and Sex: Second Base,2023,19.99,1276,1312,87.16,762,599,215,13026
Burnout™ Paradise Remastered,2020,19.99,6945,8170,62.00,242,599,56,11294
Deck of Haunts,2025,19.99,1034,1209,82.35,430,599,41,9714
Knights College,2021,24.99,2065,2196,92.28,626,599,9,9171
Dragon Saga,2015,Free,0,1502,63.15,118,599,117,6768
Savant - Ascent,2013,1.99,2141,2795,88.26,107,599,14,3789
Demonicon,2013,9.99,435,1011,64.94,279,599,49,2266
Isle of Arrows,2022,12.99,918,1068,75.80,117,598,9,4003
Superdimension Neptune VS Sega Hard Girls,2017,19.99,867,1001,87.02,354,597,38,11342
Gym Simulator 24,2024,12.99,2506,2611,81.36,366,597,15,6072
Godlike Burger,2022,19.99,763,1023,71.79,103,597,28,5350
SpaceEngine,2019,29.99,14394,15086,93.56,155,596,0,85150
WASTED,2025,12.99,0,1176,73.82,0,596,0,5697
2024: Mosaic Retrospective,2024,Free,0,1011,85.03,0,596,96,309
Fallen ~Makina and the City of Ruins~,2018,3.74,1923,1987,81.49,304,595,34,18477
Neptunia x SENRAN KAGURA: Ninja Wars,2022,49.99,959,1192,78.40,764,595,46,13375
Driftland: The Magic Revival,2019,19.99,1412,1975,70.17,106,594,40,32926
Bramble: The Mountain King,2023,29.99,6158,7349,91.68,145,594,30,27007
Nine Parchments,2017,19.99,4026,4638,75.13,314,594,54,25548
FPV Kamikaze Drone,2023,2.99,11086,11761,85.67,119,594,0,12031
No Case Should Remain Unsolved,2024,6.99,9505,9819,93.57,185,594,9,11375
Carmageddon: Max Damage,2016,16.99,2618,3494,75.93,177,593,30,6846
Coloring Game,2019,Free,0,3930,88.60,73,593,155,3448
Survivalist,2015,4.99,2150,2561,77.22,96,592,39,27738
Patrick's Parabox,2022,19.99,4608,5401,95.55,318,592,22,11036
AtmaSphere,2018,3.99,208,1873,76.59,323,592,107,1685
Wobbledogs,2022,19.99,12864,14327,95.58,347,591,73,14645
Passpartout 2: The Lost Artist,2023,24.99,1175,1310,89.98,342,591,24,14454
Detective Girl of the Steam City,2019,7.49,1864,1963,87.49,439,591,0,10838
Hyperbolica,2022,12.99,1207,1306,79.13,125,591,14,9137
LOST EMBER,2019,29.99,4181,5161,85.18,321,590,33,47397
OUTBRK,2024,34.99,2740,2992,78.17,639,590,53,19763
Immortal Redneck,2017,19.95,2182,3291,86.18,325,590,44,14281
Blade of Darkness,2021,14.99,2308,2479,86.56,331,590,56,8605
Drift Legends 2,2025,Free,0,1789,77.74,61,590,28,3369
ScootX,2025,19.99,1951,1984,88.94,1154,590,10,2566
Rusted Warfare - RTS,2017,4.99,6214,7134,93.11,1024,589,0,13740
THE KING OF FIGHTERS 2002 UNLIMITED MATCH,2015,2.24,4186,5084,91.37,226,589,12,10935
CAYNE,2017,Free,438,1887,77.49,152,589,15,8890
Equilinox,2018,9.99,2588,3001,88.69,324,588,0,16299
Lunar Mirror,2023,9.99,997,1075,76.17,41,588,30,8281
Game Dev Story,2022,8.99,1311,1368,85.96,306,588,6,4657
Caravan,2016,5.99,675,1032,73.94,216,588,14,2770
Earthfall,2018,19.99,1558,2293,63.48,160,587,86,28541
Full Metal Furies,2018,19.99,2081,2893,86.88,246,587,36,17121
"Warhammer 40,000: Armageddon",2014,19.99,914,1041,78.00,376,587,0,16776
Minami Lane,2024,4.99,5809,6374,94.15,123,587,20,11828
ONE PUNCH MAN: A HERO NOBODY KNOWS,2020,59.99,1646,2068,51.87,244,586,47,12795
Evil Dead: The Game,2023,—,951,1197,65.87,482,586,44,7507
Farmer's Life,2023,8.98,2282,2673,85.00,1170,585,50,15095
Beastieball,2024,24.99,1331,1598,93.40,1414,585,16,8607
Reign of Guilds,2025,Free,536,1351,60.39,623,585,20,8440
The Painscreek Killings,2017,19.99,5469,6030,88.06,155,584,33,13862
Cat Cafe Manager,2022,4.99,2108,3113,84.52,346,582,62,9793
DFHack - Dwarf Fortress Modding Engine,2023,Free,0,1036,93.23,0,582,0,2090
Wednesdays,2025,9.99,249,1844,91.64,1157,582,0,1875
Alchemy Mysteries: Prague Legends,2014,0.99,943,1187,74.54,242,582,15,676
KeyWe,2021,24.99,1675,2317,86.34,181,581,20,12973
Brewmaster: Beer Brewing Simulator,2022,17.99,1006,1206,73.47,166,581,54,12043
Hookah Haze,2024,17.99,1192,1308,87.74,193,580,26,9570
REFLEXIA Prototype ver.,2022,Free,0,7321,93.48,30,580,58,3908
Battlevoid: Harbinger,2016,9.99,931,1057,75.35,1417,579,17,7471
Supreme Commander,2011,12.99,2264,3087,85.60,186,578,0,10463
Snowtopia: Ski Resort Builder,2022,24.99,838,1285,59.74,97,577,36,10506
Mighty Party,2017,Free,0,2509,56.87,702,577,29,3153
Proverbs,2024,2.24,1311,1356,92.40,1855,577,94,1009
Pumpkin Jack,2020,3.59,7124,9445,88.53,114,576,30,17908
Iron Lung,2022,7.99,9585,10507,89.43,70,576,7,14637
Fae Tactics,2020,19.99,1140,1711,81.21,426,576,10,12581
NEKOPARA Extra,2018,4.99,3564,3984,93.21,116,575,13,16488
Sniper Elite V2 Remastered,2019,34.99,3307,3893,75.59,154,575,71,13592
To The Rescue!,2021,7.99,1835,2122,64.60,520,575,0,7641
Project Sparrow,2022,9.99,1081,1187,83.67,279,575,0,4065
Dwarfs!?,2011,9.99,636,1069,74.17,77,575,29,1587
En Garde!,2023,19.99,3577,4280,87.74,83,574,30,21848
The Howler,2014,Free,1703,2095,74.94,168,574,0,2700
Survival Zombies The Inverted Evolution,2017,0.99,971,1106,56.67,254,574,1095,1092
Pan'orama,2023,13.99,1089,1321,84.40,207,573,27,8357
Shank,2010,9.99,2956,3986,86.90,77,573,12,6735
Away,2018,2.99,0,1227,49.82,0,573,1,1009
Chef: A Restaurant Tycoon Game,2020,2.99,1375,1481,70.74,354,572,14,11660
Squirreled Away,2025,14.99,839,1011,89.01,185,572,48,8063
Eternal Edge+ Prologue,2022,Free,0,2015,86.24,0,572,0,3962
Grass Simulator,2015,4.99,565,1000,57.44,128,572,0,2807
Vital Shell,2026,5.99,1419,1457,91.92,91,571,66,4139
CYAN BRAIN,2025,14.99,1025,1070,85.59,161,570,10,12926
Gourdlets,2024,4.99,1880,2101,88.53,229,570,10,11350
428: Shibuya Scramble,2018,49.99,3453,3621,90.88,353,570,27,7667
They Bleed Pixels,2012,9.99,2031,2537,80.04,122,570,150,5421
"Braid, Anniversary Edition",2024,19.99,1615,1703,88.38,185,570,13,4908
Dustforce DX,2012,9.99,1207,2374,84.22,67,570,1,3524
The Last Hero of Nostalgaia,2022,23.98,1930,2109,75.93,334,569,45,12633
Lorelei and the Laser Eyes,2024,12.49,2794,2932,90.05,1915,569,20,9795
Squeakross: Home Squeak Home,2025,14.99,1756,1924,93.52,1561,569,70,3411
PARTICLE MACE,2015,4.99,1084,1370,83.58,102,569,21,2265
"Guns, Gore and Cannoli 2",2018,12.99,4597,5414,90.77,191,568,20,27227
Ultimate General: American Revolution,2024,49.99,878,1057,53.61,148,568,0,13167
Cheese Rolling,2025,Free,0,5924,91.82,0,568,6,1859
OPUS: Echo of Starsong - Full Bloom Edition,2021,24.99,8456,9184,93.35,258,567,40,28393
Subterrain,2016,16.98,996,1387,73.11,120,567,48,20130
College Bound - Episode 1,2021,Free,0,4008,80.75,43,567,151,17353
SCP: Labrat,2022,Free,0,4362,79.10,0,567,9,11462
Druidstone: The Secret of the Menhir Forest,2019,24.99,1277,1383,79.07,365,566,20,16349
Labyrinth City: Pierre the Maze Detective,2021,7.19,1843,2200,91.06,151,566,41,8718
Shelter 69 🔞[ADULT NSFW],2022,Free,0,1899,61.36,578,566,33,8099
Electrician Simulator - First Shock,2022,Free,0,1883,77.31,51,566,0,7403
XIII,2020,19.99,1337,1561,40.04,728,566,40,7126
Industry Idle,2024,Free,0,1453,74.55,81,566,71,3159
Tails Noir: Prologue,2019,Free,0,4111,92.86,105,565,0,15463
What Remains of Edith Finch,2017,4.99,44618,50017,93.85,139,564,9,109788
Ymir,2019,34.99,841,1112,72.53,500,564,1,19074
Oasis VR,2020,Free,0,1862,81.10,0,564,0,8317
Otherworld Legends,2024,Free,862,1584,64.01,1028,564,12,5600
KILL KNIGHT,2024,7.49,1719,1918,89.58,102,563,47,14975
古剑奇谭二(GuJian2),2017,15.99,2698,2972,74.68,183,563,294,6813
Penny’s Big Breakaway,2024,29.99,1002,1242,76.45,91,563,30,6379
From Glory To Goo,2024,11.99,1480,1494,91.55,2394,562,44,11735
Northend Tower Defense,2024,7.99,1270,1411,71.79,187,562,56,8866
Kindergarten,2017,4.99,9794,10161,93.84,118,561,8,19385
Assemble with Care,2020,7.99,8537,10059,88.03,93,561,14,9484
Age of Reforging: The Freelands,2025,20.99,2026,2215,70.82,1154,560,29,15703
qop,2017,1.99,1077,1161,86.59,166,560,252,953
EARTH DEFENSE FORCE: IRON RAIN,2019,59.99,1238,1497,58.05,426,559,44,5639
Untrusted,2021,4.99,0,1241,78.85,0,559,34,4667
Amnesia™: Memories,2015,9.99,3442,4141,88.83,653,558,26,13507
DreadOut: Keepers of The Dark,2016,6.99,899,1159,75.26,170,558,10,6347
Valhalla Hills,2015,6.99,673,1324,54.41,219,557,26,15081
Dominions 4: Thrones of Ascension,2013,34.99,1125,1449,86.07,110,557,0,14069
奇迹一刻 Surmount,2022,14.99,1146,1411,87.51,402,557,33,3763
Harvest Moon: Light of Hope Special Edition,2017,19.99,970,1109,73.58,278,556,28,9457
OneShift,2018,4.99,0,1003,73.60,20,555,126,1579
Mysteria ~Occult Shadows~,2020,12.99,3183,3454,63.15,123,554,39,34
Garbage,2021,14.99,964,1172,63.60,826,553,0,10435
Creature Kitchen,2026,7.99,5026,5302,95.97,286,553,15,7630
Neighbours back From Hell,2020,14.99,3494,4978,91.47,262,553,11,7280
Super Crate Box,2012,Free,0,6446,86.18,59,553,0,5075
Swords and Sandals Classic Collection,2019,3.99,2784,2890,88.88,513,553,74,4783
"I, Zombie",2014,1.99,2172,2612,80.64,114,553,13,2682
Serious Sam Classic: The First Encounter,2019,5.99,2912,3328,91.81,78,552,0,6231
*NEW* SCUFFED EPIC BHOP SIMULATOR 2023 (POG CHAMP),2020,Free,0,4724,87.48,0,552,83,1736
Sakura Dungeon,2016,19.99,1367,1898,86.77,515,551,37,31456
140,2013,4.99,2036,4665,89.16,78,551,8,3829
Topple Tactics,2023,9.99,1336,1519,84.77,148,551,14,3015
Heroes of Valor,2025,14.99,1238,1351,86.56,799,550,11,9152
NARUTO: Ultimate Ninja STORM,2017,19.99,5823,7001,74.89,272,550,50,7647
Knights of Honor,2009,9.99,2134,2370,88.55,622,550,0,7499
Prime of Flames,2022,9.99,912,1011,80.78,1014,550,71,7118
小小侠客模拟器,2025,2.99,1067,1119,84.22,415,550,26,2616
Medieval Kingdom Wars,2019,4.49,2224,2601,73.68,128,549,20,51285
Ancient Cities,2023,29.99,1849,2112,61.76,309,549,30,32034
Quest Hunter,2019,19.99,2013,2293,77.73,339,549,74,27935
Escape First Alchemist ⚗️,2023,9.99,718,1044,79.05,165,549,10,4225
SCP: Containment Breach 2,2025,Free,0,2808,77.59,0,549,49,3652
Sizeable,2021,0.89,2847,3194,93.71,164,549,16,2738
Boson X,2014,4.99,1326,1580,87.73,194,549,18,1136
荒岛求生：逃出美女岛,2025,9.99,1224,1256,89.10,910,548,47,2052
Motorcycle Mechanic Simulator 2021,2021,19.99,1522,1766,64.95,55,547,30,16245
Call to Arms: Panzer Elite,2025,29.99,1410,1449,67.32,313,547,0,14538
Swords 'n Magic and Stuff,2020,24.99,873,1174,88.04,558,547,15,9435
Monument Valley 3,2025,14.99,1851,1931,88.32,321,547,23,7141
Jazzpunk: Director's Cut,2014,14.99,6241,8072,90.70,169,546,24,12753
Hamster Playground,2024,Free,0,2176,81.76,49,546,30,6655
Turbo Golf Racing,2024,9.99,619,1013,78.91,82,546,30,5746
Cloud Climber,2021,Free,0,4123,88.39,18,546,0,4315
Love Delivery,2022,14.99,2368,2575,91.75,755,546,25,3918
Deliver Us The Moon,2019,24.99,7102,9078,85.91,278,545,32,30766
Find Love or Die Trying,2021,4.99,209,11987,93.91,106,545,0,16557
Mansions of Madness,2016,Free,0,1278,87.63,470,545,0,7530
Pixel Starships,2023,Free,0,2917,71.03,376,545,54,5113
Spiral Clicker,2018,Free,0,1504,84.24,0,545,0,4348
Espresso Tycoon,2023,19.99,1127,1253,80.91,377,544,94,14194
Ys I & II Chronicles+,2013,14.99,2625,2950,85.59,294,544,17,9360
Groove Coaster,2018,19.99,1422,1585,65.38,195,544,1176,8666
Another Try 2,2025,6.99,939,1080,53.50,100,544,6,7227
Lone Survivor: The Director's Cut,2012,9.99,728,1300,80.89,26,544,0,6788
Robolife-Days with Aino,2021,14.99,1374,1439,86.62,712,543,26,24294
Higurashi When They Cry Hou - Ch.1 Onikakushi,2015,Free,1432,6248,93.15,250,543,14,17078
The Chef's Shift,2025,12.99,1481,1531,92.53,778,543,34,4064
Clownfield 2042,2021,0.99,3990,4568,81.61,33,542,16,6060
Starsand,2022,19.99,787,1229,64.18,366,541,27,18568
The Park®,2015,12.99,2518,3170,68.20,127,541,14,16508
Party Hard 2,2018,19.99,2345,3241,75.63,209,540,41,24339
UpGun,2021,Free,405,4810,80.52,109,540,110,4505
노베나 디아볼로스,2020,18.99,1459,1570,88.70,563,540,70,1940
Crysis 3 Remastered,2022,29.99,7110,7409,85.44,245,539,37,19910
Broken Sword - Shadow of the Templars: Reforged,2024,29.99,829,1173,90.06,758,539,26,8752
SAMURAI SHODOWN,2021,49.53,1631,1673,77.35,218,538,45,13097
Uplink,2006,11.99,1743,2407,86.94,31,538,0,7666
The Cabin Factory,2024,2.09,3221,3535,87.63,71,538,7,7066
Airline Manager,2021,Free,0,3078,69.32,86,538,81,3634
Sakura Spirit,2014,9.99,4910,6878,76.44,137,537,0,21987
The Drifter,2025,19.99,4042,4172,93.78,542,537,18,18721
Rebel Cops,2019,9.99,1521,1796,73.08,248,537,33,9331
DORONKO WANKO,2024,Free,0,4303,94.09,45,537,0,3807
The Turing Test,2016,24.99,6202,7978,85.08,204,536,15,31385
Car Dealership Simulator,2023,8.49,1776,1883,69.74,530,536,12,2653
Battle Chef Brigade Deluxe,2017,19.99,1580,2760,91.02,146,535,25,13275
The Elder Scrolls II: Daggerfall,2022,Free,0,3428,83.05,21,535,0,9910
Cureocity,2024,Free,0,3060,93.84,86,534,29,3161
Showgunners,2023,29.99,1549,1839,88.95,355,533,54,11833
Cafe Owner Simulator,2022,4.36,840,1079,62.16,415,533,28,7312
The Walking Dead: Saints & Sinners - Chapter 2: Retribution,2023,9.99,1505,1793,62.31,485,532,40,8241
NEO Scavenger,2014,14.99,4393,5363,86.59,450,531,0,33252
The Gunk,2022,1.84,4328,5487,83.81,163,531,17,14049
Psychopomp GOLD,2024,8.99,4420,4846,93.81,232,531,20,9410
Aokana - Four Rhythms Across the Blue - EXTRA2,2022,24.99,1335,2022,94.14,541,531,16,5900
The Scourge | Tai Ương,2026,19.99,1009,1105,89.24,196,531,12,4017
Infinity Kingdom,2021,Free,0,1105,54.89,989,531,0,1527
Evil Bank Manager,2018,11.99,1654,1758,73.71,203,530,57,33681
Garden Life: A Cozy Simulator,2024,24.99,807,1573,73.53,645,530,37,12206
Hitman 2: Silent Assassin,2007,8.99,3574,4704,79.60,36,530,0,7569
Anarchy Arcade,2014,Free,0,2198,66.57,41,529,22,16619
Cooking Live - Italian Kitchen Simulator,2023,Free,0,1963,72.21,809,529,35,1952
SUMMERHOUSE,2024,3.49,2982,3198,89.49,30,528,10,20283
WRATH: Aeon of Ruin,2024,4.99,1918,2903,70.13,130,528,50,16279
UNBEATABLE [white label],2021,Free,0,8538,93.72,38,528,3,14013
Love Esquire - RPG/Dating Sim/Visual Novel,2019,24.99,991,1132,85.67,197,528,131,13314
Warzone 2100,2020,Free,0,1595,85.52,0,528,0,3534
Golfing Over It with Alva Majo,2018,4.99,1440,1577,71.67,238,528,12,1844
Master Detective Archives: RAIN CODE Plus,2024,59.99,1866,2015,77.77,789,527,38,10148
No Umbrellas Allowed,2021,19.99,1361,1444,77.62,842,527,13,5044
Kota`s New Journey,2024,Free,0,3317,88.41,58,527,17,4899
Big Helmet Heroes,2025,24.99,612,1021,71.40,240,526,21,10382
Supernatural,2024,2.69,1121,1230,61.91,74,526,22,8304
Monster Loves You!,2013,9.99,809,1195,74.97,125,526,14,4380
AHEGAL,2018,1.99,1169,1370,84.09,73,526,15,3719
Hentai Girl Karen,2019,0.99,3672,4411,90.50,33,525,100,5959
Guncraft,2013,Free,762,1184,49.78,138,525,81,1551
Aim Hero,2016,4.99,5474,5965,82.66,90,524,0,29930
VALKYRIE DRIVE -BHIKKHUNI-,2017,29.99,1148,1277,80.28,558,524,50,20370
AWAKEN - Astral Blade,2024,19.99,1041,1164,78.90,472,523,30,10160
Submachine: Legacy,2023,24.99,1233,1406,92.40,376,523,28,4760
Warhammer: Chaos And Conquest,2019,Free,0,1194,54.06,56,523,0,3857
Death end re;Quest,2019,29.99,1016,1388,73.51,512,522,39,15095
Agony UNRATED,2018,14.99,2766,3677,55.89,247,522,43,12888
N++ (NPLUSPLUS),2016,14.99,2737,3465,90.03,154,522,33,11221
Funi Raccoon Game,2026,11.99,1182,1317,93.58,49,522,30,4212
Jaded,2025,4.99,0,2056,89.94,0,522,0,2328
Submerged,2015,19.99,4290,4817,73.98,103,521,10,25249
Fury Unleashed,2020,19.99,1948,2839,83.88,170,521,47,19341
I wanna be the Creator,2019,5.99,2818,2973,91.03,175,520,0,8126
Shower With Your Dad Simulator 2015: Do You Still Shower With Your Dad,2015,0.99,7213,9995,92.48,27,520,21,6896
Moons of Madness,2019,24.99,2162,2900,74.96,157,519,23,20922
Snakeybus,2019,9.99,2345,2527,89.54,108,519,17,6728
McPixel 3,2022,9.99,1154,1804,89.06,96,519,93,3975
Clatter,,Free,0,1225,79.21,0,519,0,2591
Vagante,2018,14.99,4084,4986,86.24,485,518,44,46584
Quickie: A Love Hotel Story,2025,19.99,2032,2094,91.22,515,518,37,23648
Contrast,,9.99,0,5625,87.78,0,518,0,15790
Fort Solis,2023,24.99,2138,3944,65.30,261,518,20,15624
Welcome to the Game II,2018,9.99,3074,3425,81.47,176,518,27,13198
Breach & Clear,2014,9.99,2012,2425,79.33,208,517,64,15262
Hook,2015,2.39,7906,8906,93.93,80,517,1,7714
KILL IT WITH FIRE! 2,2025,14.99,1324,1571,89.27,511,517,54,6132
BLACKTAIL,2022,29.99,1877,2697,78.11,98,516,32,27709
"Warhammer 40,000: Regicide",2015,—,1600,1904,65.22,125,516,35,27328
Who Needs a Hero?,2021,19.99,1389,1469,86.51,289,516,40,1926
Reigns: Game of Thrones,2018,3.99,927,1031,74.60,75,515,10,11751
Trophy Fishing 2,2017,Free,0,1217,71.71,51,515,225,3507
Depression Quest,2014,Free,0,4000,59.54,58,515,0,1944
Rock Life: The Rock Simulator,2022,Free,0,2432,90.83,0,515,12,1033
Crash Wheels,2018,4.99,1153,1248,82.55,280,515,1224,745
Moonring,2023,Free,0,2372,91.52,56,514,0,6202
I Wanna Maker,2023,Free,0,5024,91.64,0,514,46,5996
Cricket 22,2021,44.99,1710,1748,77.94,3658,514,30,2891
Gunsmith,2018,19.99,984,1035,70.36,285,513,16,13486
Destination Sol,2015,Free,0,1361,75.68,44,513,0,12120
No Time To Explain Remastered,2015,14.99,1302,2540,76.10,75,513,9,10425
klocki,2016,2.39,4197,4669,93.07,82,513,1,5196
Dark Devotion,2019,19.99,1872,2441,72.18,269,512,45,21921
FUMES,2025,14.99,2007,2085,92.10,268,512,26,16790
Hush Hush - Only Your Love Can Save Them,2023,19.99,1529,1622,89.37,485,512,39,13397
Boxes: Lost Fragments,2024,8.99,2909,5001,89.64,241,512,12,8548
Zup! 9,2019,1.99,1864,1935,90.84,187,512,770,1097
Lost in Play,2022,5.99,7252,8225,95.03,253,511,19,16795
PHOGS!,2020,22.93,1105,1381,75.65,140,511,30,10369
Arcade Paradise,2022,19.99,1122,1942,78.20,155,511,54,6839
Before Your Eyes,2021,9.99,19942,22356,95.66,111,510,11,20274
侠客风云传前传(Tale of Wuxia:The Pre-Sequel),2017,16.99,2445,2852,76.90,2763,510,0,13284
Small Spaces,2025,9.74,1099,1200,84.39,230,510,0,11466
Super Amazing Wagon Adventure,2013,2.99,1635,1924,90.67,49,510,0,3091
Lucky Tower Ultimate,2024,14.99,1600,1727,89.47,1174,509,89,7371
Orbt XL,2017,0.99,3204,3409,92.52,63,509,31,3778
Serious Sam Fusion 2017 (beta),2017,14.99,4503,5419,89.60,47,508,76,6229
FlatOut: Ultimate Carnage Collector's Edition,2008,19.99,6496,7453,87.36,179,508,34,5554
Nin Online,2025,Free,0,1395,74.07,481,508,9,2407
AKIBA'S TRIP: Undead ＆ Undressed,2015,19.99,3048,3393,81.81,201,507,46,44095
Under The Waves,2023,29.99,1406,1813,74.82,402,507,38,19245
Villages & Dungeons,2025,6.99,964,1075,86.70,427,507,0,3299
MADiSON,2022,34.99,2877,3286,84.08,365,506,32,19900
This Bed We Made,2023,24.99,2821,2991,87.08,514,506,33,15216
Blood Trail,2019,24.99,6716,7146,78.67,178,506,0,14824
Kinkoi: Golden Loveriche,2021,34.99,1329,2109,92.06,1605,506,15,7163
IS Defense,2016,5.99,1431,1681,86.42,174,506,39,4683
THE HOUSE OF THE DEAD: Remake,2022,24.99,2554,2832,66.43,70,505,41,9870
Leap Of Faith,2026,10.99,0,2261,91.68,0,505,0,9808
"BEARS, VODKA, BALALAIKA! 🐻",2019,3.99,1680,2001,85.63,108,505,7,2444
Click Mage,2025,4.99,2369,2424,87.94,215,505,11,2181
Unreal Tournament 2004: Editor's Choice Edition,2008,—,3531,4192,92.63,126,504,0,9810
The Dark Queen of Mortholme,2025,4.99,3242,3354,79.70,56,504,8,7921
The Bathhouse | 地獄銭湯 Restored Edition,2024,7.99,1139,1263,85.85,276,504,8,3812
Coloring Game 3,2020,Free,0,1519,90.10,588,504,100,1409
Seek Girl Ⅲ,2019,1.99,2670,2883,80.54,22,503,35,14524
Static Dread: The Lighthouse,2025,14.99,1198,1306,86.44,556,503,43,7401
Workplace Fantasy,2023,9.99,1420,1452,80.53,509,502,35,15871
Shadows of Forbidden Gods,2023,19.99,1013,1035,86.70,1316,502,35,9350
Darkest Hour: A Hearts of Iron Game,2011,9.99,1696,2068,85.80,63,502,0,7744
Coloring Game 2,2020,Free,0,3578,92.93,105,502,15,2571
DEADBOLT,2016,9.99,4787,5567,92.48,271,501,24,19515
异化之恶〇Abnormal Treatment,2019,Free,0,3568,93.10,0,501,14,13355
Devil May Cry 4,2009,—,1888,2311,87.25,292,501,0,11271
Tom Clancy's Splinter Cell Chaos Theory®,2005,9.99,5204,5624,89.77,114,501,0,11164
Scars of Summer,2021,12.99,1276,1340,72.60,302,500,0,11332
MicroWorks,2022,Free,163,1820,77.56,68,500,100,2850
Bō: Path of the Teal Lotus,2024,19.99,1259,1567,79.59,552,499,41,11353
JR EAST Train Simulator,2022,22.99,1141,1167,72.68,131,498,136,12705
Iron Marines,2019,14.99,1693,1834,75.16,566,498,76,10861
Game Corp DX,2015,2.99,2712,3080,84.57,326,498,36,8729
[Chilla's Art] Parasocial | パラソーシャル,2023,7.99,1457,1627,89.28,176,498,5,7177
Summer Pockets REFLECTION BLUE,2025,49.99,959,1008,84.21,310,498,23,3863
Automobilista,2016,19.99,1687,2552,85.92,2992,497,34,11141
Blood and Gold: Caribbean!,2015,19.99,1192,1277,58.83,609,497,39,7796
Disciples III: Reincarnation,2014,9.99,1278,1828,69.94,1459,497,0,5372
Rise of Legions,2019,Free,0,1616,78.70,0,497,100,4478
Caligo,2017,5.99,979,1064,72.18,204,497,3,2481
Into the Radius VR,2020,29.99,9587,11164,90.93,292,496,10,32495
Dungeons of Hinterberg,2024,22.99,2155,3047,89.82,516,496,50,22100
River City Girls,2019,29.99,2917,3734,81.20,330,496,29,19020
TRAIL OUT,2022,19.99,2874,3704,77.64,258,496,40,10896
Beecarbonize,2023,Free,0,2101,89.30,0,496,28,1797
Oik 2,2017,0.99,1285,1375,88.52,164,496,365,1343
Learn Japanese To Survive! Hiragana Battle,2016,6.99,1732,2073,86.87,117,495,0,24222
ISEKAI QUEST,2020,3.99,3671,3893,83.48,212,495,32,14965
Labyrinth of Refrain: Coven of Dusk,2018,49.99,1253,1405,76.74,4135,495,57,12172
Earth Defense Force: Insect Armageddon,2011,9.99,894,1133,82.88,279,495,50,2727
Slender: The Arrival,2013,19.99,7814,9236,85.67,92,494,21,23512
ERROR143,2022,Free,0,4831,89.16,95,494,4,14048
Spilled!,2025,5.99,4101,4451,90.99,64,494,11,9398
Tesla Effect: A Tex Murphy Adventure,2014,19.99,615,1309,82.75,238,494,0,6377
Giana Sisters: Twisted Dreams,2012,14.99,1003,1915,74.76,145,494,25,3231
TIS-100,2015,6.99,3334,4051,92.86,94,493,10,22853
Sang-Froid - Tales of Werewolves,2013,Free,1286,1932,83.87,136,493,33,4629
Will Glow the Wisp,2017,1.99,0,1600,78.97,6,493,20,1767
MO:Astray,2019,14.99,4044,5035,88.49,226,492,26,16963
Hoa,2021,14.99,2454,3027,85.75,172,492,18,9266
HoneySelect2Libido DX,2022,69.99,1255,1347,77.52,312,491,0,63790
Eriksholm: The Stolen Dream,2025,39.99,1978,2155,90.61,421,491,45,25963
Syrian Warfare,2017,13.99,5106,5435,83.96,305,491,51,19672
Out There: Ω Edition,2015,14.99,1349,1715,72.96,200,491,64,12826
Pilgrims,2019,1.39,5369,6069,92.64,111,491,45,10044
Sucker for Love: Date to Die For,2024,6.49,1120,1249,89.63,550,491,11,8986
Coffee Caravan,2024,11.99,1316,1404,87.79,431,491,23,7161
"Cook, Serve, Delicious! 3?!",2020,19.99,1737,2261,86.81,123,491,57,6436
Journey of Greed,2019,6.99,1177,1325,84.57,565,491,31,5772
Nothing Together,2024,Free,0,1859,89.46,0,491,21,806
Shantae and the Pirate's Curse,2015,19.99,1788,3010,88.98,409,490,44,19836
Latex Dungeon,2022,9.99,942,1001,78.37,241,490,31,12135
Skin Deep,2025,11.99,1528,1615,89.73,346,490,17,11360
Cyber Shadow,2021,19.99,1234,1493,80.11,393,490,40,9801
Fun with Ragdolls: The Game,2019,14.99,4431,5126,85.17,239,490,0,6648
HOLE,2024,4.99,3369,3425,90.30,280,490,0,4988
Mythgard,2020,Free,0,1342,81.28,626,490,0,3581
INMOST,2020,14.99,5788,7204,88.03,196,489,29,27427
Sacred Citadel,2013,9.99,610,1188,66.40,54,489,35,4611
Among the Sleep - Enhanced Edition,2014,16.99,6126,8111,86.18,169,488,10,26160
Beat Banger,2023,9.99,2992,3338,89.61,74,488,12,15364
Of Orcs And Men,2012,1.49,1606,2145,71.60,163,488,45,8557
Bloodshed,2025,12.99,1597,1691,81.41,246,488,40,6746
Men of War: Assault Squad 2 - Cold War,2019,19.99,1121,1263,28.98,349,488,0,5509
NEKOPARA Vol. 1,2014,9.99,23243,27220,93.02,146,487,14,91093
Danganronpa Another Episode: Ultra Despair Girls,2017,29.99,6685,7008,80.44,547,487,35,29125
Influent Language Learning Game,2014,19.99,966,1686,70.71,41,487,12,8240
Shotgun Farmers,2019,3.99,9047,9805,90.10,235,486,73,16764
Not Tonight,2018,19.99,2126,2679,79.75,205,486,15,16244
Just a To the Moon Series Beach Episode,2024,7.99,3581,3751,94.24,133,486,1,6683
Touhou Ibunseki - Ayaria Dawn: ReCreation,2022,15.19,1383,1510,80.28,360,486,19,6405
Osmos,2009,9.99,683,1426,81.93,44,486,11,3745
Hard Reset Redux,2016,19.99,1851,2344,77.82,171,485,115,11235
Intoxicated Driver,2024,Free,0,1066,80.62,0,485,43,1129
Joe 'n Jo,2024,Free,0,1242,62.87,0,485,16,376
Aokana - Four Rhythms Across the Blue,2019,34.99,4941,6393,93.71,786,484,22,20293
Seek Girl Ⅳ,2020,1.99,1851,1978,72.93,24,484,35,10988
Road 96: Mile 0,2023,12.96,1762,2003,66.40,253,484,15,4435
Laughing to Die,2024,4.99,2986,3136,92.20,109,484,6,4181
Zup! 4,2017,1.99,2898,3059,86.99,147,484,555,1389
Valley,,14.99,0,6676,88.52,0,483,0,36152
AER Memories of Old,2017,14.99,4980,7636,83.27,115,483,20,19371
Race of Life - Act 1,2025,13.99,1046,1082,89.19,567,483,56,9862
Zup! 7,2017,1.99,2206,2335,91.06,180,483,2880,999
Never Alone (Kisima Ingitchuna),2014,14.99,5779,8637,78.62,177,482,19,45846
Gravity Circuit,2023,16.99,2809,3476,90.26,242,482,53,12274
Castlevania: Lords of Shadow – Mirror of Fate HD,2014,14.99,2093,2617,80.74,142,482,23,9752
Gladiator Guild Manager: Prologue,2020,Free,0,1552,88.39,43,482,6,6294
"Warhammer 40,000: Boltgun - Words of Vengeance",2025,Free,0,2196,84.56,0,482,8,3208
Strike.is: The Game,2016,Free,0,1242,70.40,26,482,0,2003
M.A.S.S. Builder,2025,24.99,3674,4032,83.05,447,481,0,58192
Passpartout: The Starving Artist,2017,9.99,6187,6919,85.69,140,481,25,24030
Myst,2021,34.99,1916,2097,84.96,114,481,30,18216
ROBOBEAT,2024,19.99,1654,1786,89.84,216,481,38,11270
Zombie Night Terror,2016,12.99,3274,3917,89.42,119,480,34,17479
Refunct,2015,2.99,15963,17408,93.42,55,480,10,17313
Cardboard Town,2023,18.70,1891,2142,77.58,123,480,20,11029
ToeJam & Earl: Back in the Groove!,2019,14.99,715,1120,83.13,320,480,49,6032
Lyca,2025,4.99,971,1014,79.10,246,480,12,2006
GORN,2019,19.99,7424,8196,91.11,141,479,0,22181
EmergeNYC,2016,24.99,3718,4198,61.97,746,479,0,19123
Crimsonland,2014,13.99,2076,3087,88.73,507,479,22,6176
Farlands,2024,16.99,1356,1436,88.27,119,478,31,13190
Myths of Rules,2023,2.99,991,1028,83.66,52,478,120,4392
art of rally,2020,9.99,5306,6199,89.25,259,477,43,19443
Tangledeep,2018,14.99,1063,1458,78.82,220,477,55,14741
Hamster Hunter,2023,4.99,2156,2274,90.08,135,477,16,2293
Zup! 5,2017,1.99,2816,2977,89.75,151,477,2130,1568
Ken Follett's The Pillars of the Earth,2017,19.99,5787,7433,89.50,109,476,41,37709
Ghost Exile,2022,10.04,3499,4426,85.40,771,476,57,7332
The Big Catch: Tacklebox,2024,Free,0,3183,87.77,111,476,1,3818
The Blackout Club,2019,29.99,2181,2870,74.45,267,475,14,35333
Zero Caliber VR,2023,24.99,3763,4919,74.32,193,475,0,22529
Train Valley 2,2019,14.99,2244,3078,86.19,169,475,114,15551
Urbek City Builder: Prologue,2022,Free,0,1703,89.69,44,475,33,6068
Fantasy Grounds VTT,2020,Free,813,1022,77.94,1001,474,0,18054
GET EVEN,2017,29.99,909,1780,73.08,127,473,40,21815
Audiosurf 2,2015,14.99,5338,6020,80.48,195,473,14,19993
Castle in The Clouds DX,2021,12.99,993,1055,86.54,40,473,33,15588
Labyrinth Of The Demon King,2025,19.99,1871,1970,87.79,416,473,27,14581
Walking Simulator,2020,Free,0,9460,85.43,0,473,9,7945
Nowhere Prophet,2019,24.99,711,1153,68.67,162,473,27,7273
FALL IN LABYRINTH,2021,19.99,1044,1074,89.72,411,473,0,5061
Peggle Deluxe,2007,4.99,11618,13396,94.84,174,473,0,3976
Only Up: With Friends,2023,4.99,1485,1748,66.37,206,473,6,2215
Alaloth: Champions of The Four Kingdoms,2024,34.99,1490,1545,70.08,158,472,128,24033
Distrust: Polar Survival,2017,12.99,1735,2520,69.90,284,472,56,16702
Kill It With Fire,2020,12.99,3926,5366,91.15,127,472,27,8383
Infinifactory,2015,24.99,1773,2462,90.68,216,471,22,27148
Academia : School Simulator,2021,9.99,2779,3010,82.42,348,471,140,24197
Your Turn To Die -Death Game By Majority-,2023,16.99,3623,3895,94.06,553,471,14,19199
Katawa Shoujo,2024,Free,0,5301,94.07,0,471,21,6691
Earn to Die 2,2016,4.99,2099,2181,88.98,314,471,21,3717
Achilles: Legends Untold,2023,7.49,1948,2448,75.16,272,470,39,20490
KoboldKare,2022,14.99,1783,2177,86.57,1088,470,0,11010
LoveBeat,2016,Free,0,1677,72.61,67,470,0,5473
Phobies,2022,Free,0,1398,82.61,404,470,0,1662
Yume Nikki,2018,Free,0,9949,91.41,53,469,0,17753
Zengeon,2019,19.99,1225,1572,63.89,308,469,19,10398
Samorost 3,2016,2.99,4202,5389,90.14,166,468,30,40807
TT Isle of Man: Ride on the Edge,2018,1.99,1026,1508,69.35,166,468,31,9478
"Warhammer 40,000: Space Wolf",2017,—,937,1367,63.65,106,467,75,12185
11-11 Memories Retold,2018,29.99,655,2088,82.37,210,467,50,6689
Peaks of Yore,2023,18.99,3394,3579,93.54,969,467,53,5182
A Park Full of Cats,2024,Free,107,1989,92.39,51,467,54,1749
MegaTagmension Blanc + Neptune VS Zombies (Neptunia),2016,14.99,1169,1432,83.48,251,466,36,10487
Shank 2,2012,9.99,2525,3566,79.63,140,466,20,9060
Duck Detective: The Ghost of Glamping,2025,9.99,2313,2520,92.93,131,466,11,6762
Trainz Railroad Simulator 2022,2022,39.99,1056,1097,72.70,956,466,0,5485
Tanki Online,2017,Free,0,6877,61.04,59,466,41,5386
Last Train Outta' Wormtown,2025,11.99,1401,1722,89.71,220,466,162,5026
Full Mojo Rampage,2014,12.99,523,1249,80.16,110,465,25,9991
DOGWALK,2025,Free,0,2732,93.72,29,465,0,3517
Fever Meme,2025,4.20,3813,4172,88.40,96,465,6,3361
Ticket to Ride®,2023,5.99,939,1026,65.20,4081,465,97,3144
Malware,2024,2.39,1099,1164,83.97,86,465,16,2322
Sword With Sauce,2018,4.99,5771,6463,84.12,112,464,0,23174
Convoy,2015,14.99,1124,1461,75.27,279,464,29,16701
AK-xolotl: Together,2023,18.99,1049,1451,72.31,355,464,27,11377
Dandy Ace,2021,19.99,1045,1305,83.05,435,464,25,6104
Swords and Sandals Immortals,2023,13.99,1048,1116,80.25,207,464,54,5246
Adam Wolfe,2016,5.99,837,1178,86.57,518,464,26,2099
Distance,2026,24.99,0,7489,89.47,0,463,35,46857
Meltys Quest,2017,19.99,2079,2165,90.84,245,463,38,19091
No More Heroes,,19.99,0,2434,79.80,0,463,0,7824
NO-SKIN,2025,6.99,1127,1278,89.70,118,463,4,4225
Demolish & Build 2018,2018,9.33,1508,1657,73.57,163,462,25,7646
Small World,2023,9.99,0,1500,66.13,0,462,0,4451
Mind Over Magnet,2024,9.99,1288,1307,84.62,123,462,9,3197
SEASON: A letter to the future,2023,14.99,1764,1999,88.90,355,461,16,22952
Animalia Survival,2021,19.99,2742,3039,62.45,981,461,0,13867
FRAMED Collection,2018,9.99,2219,3256,89.62,154,461,18,5378
As We Descend,2025,19.99,1072,1127,82.74,1009,460,16,20458
Tourist Bus Simulator,2018,29.99,2450,3468,65.10,530,459,6,16505
Gas Station Simulator: Prologue - Early Days,2021,Free,0,4248,83.23,65,459,37,13617
WWII Online,2023,Free,197,3784,50.68,19,458,0,21973
The Silent Age,2015,9.99,5950,7166,90.30,134,458,24,16139
A.I.L.A,2025,22.49,771,1233,79.74,923,458,29,14356
MUSYNX,2018,0.99,6113,6603,86.37,78,458,27,13220
Lil Gator Game,2022,19.99,4364,5865,95.05,118,458,41,10975
Dungeon Warfare,2015,9.99,1904,1990,91.22,690,458,35,5850
DARK,2025,9.99,0,1387,53.23,0,458,0,2295
Megaton Rainfall,2017,15.99,2048,2193,69.67,116,457,14,17320
IL-2 Sturmovik: Cliffs of Dover Blitz Edition,2017,9.99,1090,1742,68.38,225,457,0,5685
Gaokao.Love.100Days,2015,9.99,4942,8195,87.11,303,456,30,34330
Duck Detective: The Secret Salami,2024,9.76,5814,6375,91.91,134,456,7,12830
Men of War: Vietnam,2011,7.99,1094,1313,62.50,146,456,22,4953
SanctuaryRPG: Black Edition,2015,7.99,1024,1588,86.76,215,455,0,7334
The Four Kings Casino and Slots,2015,Free,116,4049,66.43,60,455,59,3879
STEINS;GATE: Linear Bounded Phenogram,2019,59.99,1161,1231,91.48,781,454,35,7143
I Am Bread,2015,12.99,4768,5921,75.59,90,453,35,35382
Outcore: Desktop Adventure,2022,Free,0,17409,94.87,0,453,29,8841
Rat Quest,2024,4.99,0,1781,82.79,0,453,34,1194
CastleMiner Z,2014,5.99,7893,11099,79.28,158,452,31,23832
A Tower Full of Cats,2024,4.19,2211,2371,94.76,196,452,73,2253
The Search,,3.99,0,1367,70.45,0,452,0,1640
家有大貓 Nekojishi,2017,Free,0,4165,89.34,157,451,24,19450
Hentai Girl,2018,0.99,11277,14240,90.00,33,450,3000,12022
Snake Force,2021,Free,0,5739,93.64,0,450,25,8592
Sea Dogs: To Each His Own,2012,14.99,1918,2351,71.38,5673,449,73,10101
Life Makeover,2023,Free,0,1545,79.71,206,449,0,4110
War Rock,2019,Free,0,1158,58.14,31,449,0,3912
Zeno Clash 2,2013,14.99,713,1419,75.24,150,448,19,5979
Back to the Future: The Game,2010,—,1268,2340,84.62,100,448,0,5523
ADR1FT,2016,3.99,1131,1843,54.45,37,447,22,13396
Deadly Days,2019,11.99,1365,1877,81.88,201,447,53,6081
Kingsway,2017,9.99,1472,1703,87.96,443,446,27,11539
Succumate,2020,8.99,962,1009,78.24,372,446,0,9706
WGT Golf,2020,Free,0,3199,61.05,41,446,0,4544
The Thing: Remastered,2024,29.99,1120,1296,85.14,184,445,11,17134
Copycat,2024,14.99,4039,5055,85.90,223,445,21,13155
Gnomes,2025,9.99,1588,1649,90.62,194,444,69,5661
Narcissu 1st & 2nd,2015,Free,0,5237,92.34,83,443,5,14165
Ben and Ed - Blood Party,2018,14.99,2252,2717,84.19,131,443,23,11324
We Become What We Behold [Fan-Made Port],2019,Free,0,6468,92.66,0,443,0,4676
Lost Lands: Mahjong,2016,Free,0,5406,88.39,4618,443,46,1755
Adventures of Shuggy,2012,4.99,287,1205,81.07,43,443,13,598
SWORD x HIME,2020,9.99,1993,2108,78.74,161,442,0,24169
Forged Battalion,2018,4.99,780,1109,56.85,215,442,0,11129
Cattails | Become a Cat!,2017,14.99,2292,2663,91.60,392,442,43,10152
KunKunNight,2023,1.99,1433,1509,92.24,67,442,9,2671
Quern - Undying Thoughts,2016,20.28,3669,3933,87.56,545,441,18,22669
Eastshade,2019,6.24,5012,5334,86.28,90,440,18,53303
Zombie Kill of the Week - Reborn,2015,6.99,761,1127,85.78,237,440,31,1797
X-Plane 10 Global - 64 Bit,2014,—,930,1013,68.37,979,439,0,23365
The friends of Ringo Ishikawa,2018,5.84,2821,3072,85.34,108,439,20,21515
中华三国志 the Three Kingdoms of China,2019,Free,0,1375,82.01,0,439,0,12956
Beat Hazard 2,2019,18.99,1386,2250,82.96,94,439,62,7989
PIPE by BMX Streets,2018,9.99,5370,6173,89.92,2011,439,8,7091
HROT,2023,19.99,5104,6288,93.34,90,438,55,17141
Amorous,2018,Free,0,10550,81.44,180,438,45,16460
Maitetsu:Last Run!!,2020,13.30,4307,4966,94.21,200,438,37,16124
Innocence Or Money Season 1 - Episodes 1 to 3,2022,Free,0,1759,77.49,265,438,0,11919
Ys: The Oath in Felghana,2012,14.99,1873,2081,89.45,392,438,33,9125
Leap Year,2024,4.99,2853,2992,92.74,308,438,19,2717
Unfair Flips,2025,1.99,2106,2185,86.07,119,438,14,907
Out of Reach,2018,14.99,2383,3047,56.44,219,437,44,69981
恋爱绮谭 不存在的真相,2022,13.99,2072,2508,80.46,427,437,16,4374
Swarmlake,2018,4.78,1785,1878,90.10,62,437,27,2582
A Building Full of Cats 2,2025,5.59,1020,1068,91.74,333,437,70,1165
Ziggurat 2,2021,24.99,1265,1474,85.64,754,436,60,9019
Eldritch,2013,14.99,1691,2213,84.08,113,436,15,7850
Tinyfolks,2022,3.99,1047,1079,88.12,354,436,56,3451
Dog Brew,2024,3.50,1499,1594,92.22,301,436,18,2345
Take On Mars,2017,9.99,1748,2029,54.14,496,435,40,23429
Hollowbody,2024,16.99,1414,1565,81.90,402,435,26,13990
AO Tennis 2,2020,49.99,1209,1663,67.69,364,435,32,5148
BattleRush,2018,Free,0,2875,67.31,37,434,0,9895
Miss Neko: Pirates,2024,3.99,1327,1432,80.13,120,434,14,9654
Endless Alice,2025,8.99,1360,1451,85.72,364,434,44,7361
Katamari Damacy REROLL,2018,29.99,4837,6533,90.23,218,433,21,13774
UnMetal,2021,19.99,2233,3407,89.75,148,433,40,12819
Mecha Knights: Nightmare,2021,15.99,1537,1590,87.11,744,433,0,11123
Big Farm Story,2021,19.99,1157,1338,76.27,2607,433,20,10141
Station to Station,2023,17.99,1164,1838,85.34,39,432,81,18021
Life Goes On: Done to Death,2014,12.99,2138,2436,91.51,89,432,21,14208
Fretless - The Wrath of Riffson,2025,11.99,1240,1301,92.73,1,432,22,7397
Seek Girl Ⅵ,2020,1.99,1107,1205,74.85,40,432,30,7286
Kentucky Route Zero: PC Edition,2013,24.99,3177,4381,77.73,120,431,24,24862
Super Seducer : How to Talk to Girls,2018,12.99,1591,1792,79.57,170,431,18,18438
Make Way,2023,14.99,1384,1886,87.18,281,431,27,5607
Morphopolis,2014,0.79,4401,4842,80.59,144,431,13,3588
Dakar Desert Rally,2022,29.99,1425,1506,56.08,700,430,55,9432
Landlord's Super,2023,19.99,1357,1613,78.00,662,430,25,8877
Endoparasitic,2022,9.99,2751,2903,89.89,204,430,24,8774
Shio,2017,11.99,1261,1546,75.74,180,430,41,8427
The Powder Toy,2024,Free,0,2544,93.50,0,430,0,2082
Between the Stars,2024,29.99,1905,2430,72.14,169,429,106,38209
The Song of Saya,2019,14.99,8468,9157,87.36,239,429,0,23189
The Last Haven,2023,19.99,1434,1526,59.51,290,429,23,18586
Hatoful Boyfriend,2014,9.99,5515,7549,91.07,83,429,16,11677
Aces of Thunder,2026,29.99,1045,1073,56.75,125,429,35,10393
Avernum: Escape From the Pit,2012,9.99,1166,1295,86.71,1523,429,35,6469
MX vs. ATV Reflex,2010,19.99,2834,3967,85.14,60,429,48,5479
Praey for the Gods,2021,7.49,2433,3079,77.94,141,428,33,59818
Hover,2017,1.99,1529,2162,77.09,120,428,10,21443
Botanicula,2012,2.99,4817,6605,91.87,87,428,53,15319
Blazing Beaks,2019,14.99,2026,2594,80.18,381,428,25,7647
Isle of Jura,2022,4.99,164,1406,61.55,29,428,3,1588
Shining Resonance Refrain,2018,29.99,904,1342,67.49,343,427,47,30782
AMNESIA,2022,9.99,1024,1055,65.09,1657,427,0,8782
Z.A.T.O. // I Love the World and Everything In It,2025,Free,0,8041,95.08,163,427,0,5919
Cheeky Chooks,2018,Free,0,2740,89.65,0,427,33,3107
Blood Typers,2025,12.49,884,1017,89.31,192,426,23,9129
Vacation Simulator,2019,19.99,924,1046,86.21,164,426,26,6654
Juice Galaxy,2023,4.99,934,10017,95.43,88,426,12,6342
Of Guards And Thieves,2014,Free,384,4327,82.34,73,425,57,16451
Silly Polly Beast,2025,19.99,1951,2111,85.93,466,425,32,13514
The Greatest Penguin Heist of All Time,2021,14.99,2307,2842,85.91,68,425,51,13209
WWE 2K BATTLEGROUNDS,2020,—,389,1210,55.61,60,425,13,3103
Phantom Breaker: Battle Grounds Classic,2015,14.99,2538,3034,79.95,222,424,46,15518
Onward,2025,24.99,8610,9300,67.17,246,423,0,39274
Corruption of Champions II,2020,9.99,1681,1784,87.23,1615,423,133,15678
The fall,2025,9.99,0,3698,84.64,0,423,7,12056
McOsu,2017,Free,0,6343,85.83,36,423,0,7854
Öoo,2025,9.99,5516,5752,95.75,224,423,12,4659
Lost Lands: A Hidden Object Adventure,2015,Free,127,5780,84.92,309,423,48,2587
Touch Some Grass,2022,1.99,789,1007,89.07,47,423,4,683
Ghost 1.0,2016,12.99,1908,2105,86.84,530,422,119,14393
Airship: Kingdoms Adrift,2023,16.49,879,1027,72.99,4657,422,143,12248
Kopanito All-Stars Soccer,2016,5.99,2423,2759,81.51,125,422,226,11875
Aviary Attorney,2015,14.99,1137,2256,90.27,225,422,0,9017
Last Command,2022,14.99,2160,2371,91.37,808,422,106,7652
Spirit Island,2020,24.99,1407,1546,87.20,753,422,54,7010
MINDNIGHT,2017,Free,0,2958,81.65,143,422,87,3444
Budget Cuts,2018,14.99,1645,1862,77.05,87,421,30,16079
NavalArt,2018,18.99,2128,2208,86.46,944,421,7,13536
New Gundam Breaker,2018,49.99,1705,2379,43.75,1467,421,41,12911
The Drone Racing League Simulator,2017,9.99,3939,4395,78.56,262,421,19,10236
Tom Clancy's Splinter Cell®,2008,9.99,3655,3848,84.66,96,421,0,7981
Angry Video Game Nerd Adventures,2013,4.99,2592,3162,84.97,159,420,19,5798
My Card Is Better Than Your Card!,2025,14.99,1010,1073,89.06,832,420,93,5038
Home Sheep Home: Farmageddon Party Edition,2014,9.99,854,1392,90.58,34,420,56,3674
Chicken Invaders Universe,2022,Free,0,3738,87.74,64,420,38,3361
COCOON,2023,12.49,7498,8499,91.80,302,417,17,26331
Fahrenheit: Indigo Prophecy Remastered,2015,9.99,6197,8231,77.37,145,417,17,21422
Pinball Arcade,2013,Free,0,4147,71.72,35,417,300,8576
Touhou Artificial Dream in Arcadia,2023,9.99,1106,1183,91.15,689,417,38,3638
Hentai Girl Linda,2018,0.99,4050,4763,90.05,27,416,100,5925
CLANNAD,2015,44.99,9569,10488,95.43,225,415,22,64571
Tomb Raider: Underworld,2008,8.99,5968,6691,74.64,64,415,0,12083
Fuga: Melodies of Steel,2021,39.99,1123,1217,88.24,1523,415,43,12048
The Suicide of Rachel Foster,2020,17.99,5195,6760,67.14,181,415,11,10713
Hentai Girl Hime,2018,0.99,3581,4168,89.43,41,415,100,5692
Here Comes Niko!,2021,24.99,1025,1449,87.24,404,415,7,4986
Raw Data,2017,39.99,2036,2485,73.94,103,414,46,24234
Euro Fishing,2015,14.99,1487,1818,63.74,327,414,97,10576
METAL SLUG DEFENSE,2015,Free,0,2175,55.78,795,413,64,5655
Redout 2,2022,9.99,1087,1377,78.94,542,412,52,6765
Nightmare House: The Original Mod,2024,Free,0,2349,91.90,0,412,14,3179
Duskers,2016,19.99,2237,2738,86.73,146,411,16,28991
The Coma: Recut,2017,14.99,2569,2952,81.31,89,411,0,10842
Infectonator 3: Apocalypse,2018,12.99,1178,1293,79.44,395,411,41,6982
FURRY HITLER,2022,6.99,622,1379,74.01,95,411,10,2521
Lifeless Planet Premier Edition,2014,9.99,2502,3591,74.42,187,410,15,22022
LYNE,2014,2.99,7164,8223,92.65,135,410,33,8426
"Haiku, the Robot",2022,19.99,2441,3399,86.38,195,410,40,8357
"Kid,napper: Gosh, I'm Kidnapped by a Pupil",2018,Free,0,4450,85.03,51,409,6,9579
pureya,2021,5.99,2221,2419,91.62,432,409,9,3607
Microcosmum: survival of cells,2015,3.99,1110,1412,79.73,281,408,12,12985
Saturn,2024,Free,0,1155,74.05,0,408,21,3222
Train Life: A Railway Simulator,2022,1.99,1400,1629,61.97,637,407,40,8039
Green Project,2020,5.99,1402,1438,76.92,2541,407,0,7536
The Test,2020,1.99,19626,20180,94.40,80,407,0,2809
In Sound Mind,2021,34.99,5233,6686,91.86,250,406,32,13794
Cryptmaster,2024,24.99,1638,2198,89.12,202,406,28,13004
Prospekt,2016,5.99,1522,1662,60.31,231,406,0,8418
Downwell,2015,2.99,7780,8494,93.51,135,405,20,15911
Fog Of War - Free Edition,2018,Free,0,1745,52.23,22,404,0,16131
Kao the Kangaroo,2022,9.00,827,1138,74.66,818,404,26,9357
Boo Men,2022,7.99,2075,2632,83.83,121,404,10,4841
King's Bounty: Crossworlds,2010,14.99,1288,1556,87.15,465,404,0,3340
WooLoop,2023,Free,0,2474,85.62,211,404,716,1203
Copa Petrobras de Marcas,2015,Free,0,2864,65.71,31,403,0,11986
Epic Battle Fantasy 3,2016,Free,0,2351,92.40,351,403,60,5111
In Stars And Time,2023,19.99,7226,8144,94.03,972,402,43,16224
Arid,2021,Free,0,1936,83.06,0,402,39,14287
TOEM: A Photo Adventure,2021,19.99,8002,10283,96.13,230,402,48,12339
Paper Lily - Chapter 1,2024,Free,0,8183,95.87,483,402,20,11231
Degrees of Separation,2019,19.99,969,1280,77.14,141,402,10,9627
Doom & Destiny,2015,9.99,2262,2413,91.80,321,402,44,4458
Lushfoil Photography Sim,2025,8.99,1452,1539,87.28,62,401,22,17423
Moe Era,2020,Free,0,4820,84.70,0,401,12,8307
Paddle Paddle Paddle,2025,3.49,1273,1453,85.18,147,401,10,4810
King's Bounty: Armored Princess,2009,9.99,1071,1332,86.42,154,401,0,4730
Bloody Hell,2023,Free,0,6683,94.39,0,401,11,3208
Epistory - Typing Chronicles,2016,14.99,3982,6759,91.48,149,400,55,34082
Truck & Logistics Simulator,2023,19.99,2104,2412,68.93,133,400,37,21749
Wrench,2018,29.99,1804,1956,81.99,294,400,0,21224
Tiny Combat Arena,2022,19.99,1459,1529,80.76,230,400,0,12964
Atlantic Fleet,2016,9.99,1513,1542,82.33,2823,400,0,11872
Shift 2 Unleashed,2011,—,2322,2570,65.93,250,400,0,9284
Bridge Constructor,2013,9.99,943,1734,73.15,50,400,57,3111
Long Live Santa!,2017,Free,0,3107,84.36,41,400,0,2685
Futa Fix Dick Dine and Dash,2020,11.99,1906,2604,82.89,164,399,9,20105
Demeo,2021,39.99,1668,1995,83.35,328,399,38,15627
Calico,2025,11.99,0,4970,83.81,0,399,0,12012
IMMORTALITY,2022,19.99,1700,1894,80.59,496,399,27,11685
泡沫冬景,2020,14.99,4031,4482,91.79,341,399,1,11547
Deadliest Catch: The Game,2020,19.99,1483,1588,52.19,166,399,23,10039
Zuma's Revenge!,2009,4.99,2935,3301,90.99,175,399,14,3992
Drakensang Online,2023,Free,0,2081,63.12,113,399,98,3802
World War Legion,2025,Free,0,1840,65.14,75,399,0,1743
コイカツ！ / Koikatsu Party,2019,59.99,5303,5732,88.21,469,398,0,90420
Press Any Button,2021,1.99,217,3776,86.74,0,398,5,2267
Fluffy Store,2019,1.99,3573,3739,92.93,177,397,13,6147
Beatbuddy: Tale of the Guardians,2013,9.99,399,1190,72.15,63,397,15,1535
Event[0],2016,19.99,1433,2272,77.37,205,396,12,21855
Rocketbirds: Hardboiled Chicken,2012,4.99,1914,3148,77.04,95,396,29,15566
Circuit Superstars,2023,19.99,2169,2568,82.35,112,396,33,15406
Project Warlock,2018,1.80,4530,6033,84.28,91,396,20,14439
Lightmatter,2020,19.99,654,2855,87.68,138,396,23,7285
Horizon's Gate,2020,19.99,1179,1233,89.62,386,396,19,6772
I Expect You To Die 2: The Spy and the Liar,2021,24.99,1156,1281,90.61,157,396,19,5522
Late Shift,2024,14.99,0,9120,83.48,0,395,0,32346
Timespinner,2018,19.99,2742,3102,82.60,469,395,37,18478
Paranormal Cleanup,2025,9.99,844,1092,82.98,302,395,204,3306
METAL SLUG,2015,7.99,4228,4960,86.17,63,394,15,19345
Oceanhorn: Monster of Uncharted Seas,2015,7.49,1315,2132,76.69,159,394,63,15877
Coming Out on Top,2017,14.99,1245,1394,90.40,362,394,32,10587
HALF DEAD 2,2019,2.49,1850,2234,80.84,111,394,42,7999
D&D Lords of Waterdeep,2017,9.99,1516,1629,88.91,488,394,76,6164
Starship EVO,2020,24.99,1103,1290,79.95,355,393,63,20731
Cepheus Protocol,2020,19.99,2797,3531,74.10,249,393,5,20180
Flower girl 2,2022,Free,0,2127,77.50,22,393,12,10928
Car Dealer Simulator: Prologue - Early Days,2025,Free,0,1550,77.06,54,393,0,3765
Watermelon Game,2023,Free,0,1183,86.83,0,393,55,569
Another Adventure,2017,1.99,4141,4336,88.05,136,392,5,6360
Kabuto Park,2025,4.99,3635,3878,95.58,232,392,21,4590
ELDERBORN,2020,14.99,2116,2962,82.68,128,391,27,10159
White Shadows,2021,1.99,1685,1859,78.28,209,391,19,5859
Genesis Online,2015,Free,0,1874,34.21,35,391,48,5621
Escape From Mystwood Mansion,2023,16.99,775,1235,88.56,238,391,20,3385
BM General Hospital,2025,6.39,1359,1362,82.99,0,391,0,1780
Penguins Arena: Sedna's World,2008,5.99,799,1388,85.33,169,391,10,1301
I Am Fish,2021,19.99,2581,3572,71.72,174,390,29,15739
Loddlenaut,2023,19.99,3350,5554,94.45,197,390,23,10170
Junkyard Truck,2022,14.99,1209,1261,73.08,899,390,22,6746
Vegas Infinite by PokerStars,2023,Free,0,8117,77.40,138,390,25,4065
Escape Memoirs: Questionable Side Stories,2023,Free,0,1625,89.83,0,390,9,1241
Zup! XS,2019,1.99,1373,1441,81.21,154,390,97,524
Interstellar Rift,2020,19.99,1400,1657,65.81,276,389,42,35083
LEWDAPOCALYPSE Hentai Evil,2020,4.99,5964,7298,91.04,104,389,146,12490
Aground,2020,14.99,1762,1970,89.62,1750,389,90,10069
Welcome to Free Will - Episode 1,2021,Free,0,1558,84.19,0,389,61,9135
A Webbing Journey,2025,6.39,1096,1174,93.15,63,389,0,7513
At Home Alone Final,2021,Free,0,7922,94.01,0,389,12,7252
Granny: Escape Together,2024,6.99,1252,1505,77.33,274,389,10,4263
Zup! X,2018,1.99,6407,6756,93.15,108,389,2880,2370
Anomaly Exit,2024,3.59,1005,1164,85.86,116,389,18,1577
Miss Neko 3,2022,2.99,4362,4677,89.65,126,388,100,25516
West Sweety,2019,1.99,3236,3357,80.89,33,388,56,20261
Party Panic,2017,16.99,2872,3451,73.34,119,388,28,16828
Missing Translation,2015,Free,111,3302,84.28,60,388,6,7607
Dystopia,2009,Free,0,1121,80.94,97,387,42,9424
Anodyne,2013,5.24,977,1586,80.96,171,387,6,5564
Gamedec - Definitive Edition,2021,29.99,1080,1692,77.03,263,386,53,24515
Tacoma,2017,19.99,3042,4732,83.42,155,386,12,22903
City of Broken Dreamers: Book One,2020,9.99,1567,1607,86.54,314,386,36,17729
Apex Point,2023,18.99,1813,1930,82.46,302,385,0,14793
PAGUI打鬼,2019,19.99,1172,1272,79.11,355,385,47,9785
Mr.President!,2016,9.99,4834,5446,80.89,125,385,21,9553
The Textorcist: The Story of Ray Bibbia,2019,1.49,1138,1659,77.95,66,385,40,4243
Distant Space 2,2017,0.99,268,1512,76.65,717,385,150,3940
Wolfpack,2019,34.99,1819,2050,84.44,181,384,0,28112
Paunch,2019,Free,0,11289,86.78,18,384,15,10188
Hexcells,2014,2.99,5026,5867,93.47,137,384,6,3476
Hexcells Infinite,2014,4.99,4066,4635,93.30,585,384,7,2599
Salt,2018,14.99,1950,2248,73.88,232,383,29,63531
Fox Hime Zero,2018,1.99,5535,5920,93.80,128,383,8,12359
Cooking Simulator VR,2021,19.99,1509,1656,72.48,86,383,161,10349
OneShot: World Machine Edition,2024,9.99,4502,4823,94.81,600,383,15,6576
Fears to Fathom - Carson House,2023,4.99,2464,2621,87.96,117,383,5,5985
BloodRayne: Terminal Cut,2020,14.99,1465,1784,85.07,243,383,13,5826
Fantasy Strike,2019,Free,462,2086,60.18,192,383,0,4751
Burger,,Free,0,1938,77.28,0,383,0,592
The Complex,2020,14.99,3221,3467,75.59,152,382,20,16069
Windowkill,2024,4.99,3249,3569,91.92,159,382,37,6580
Haydee,2016,14.99,6167,6611,82.05,61,381,23,41260
Hentai Girl Fantasy,2019,0.99,3199,4006,90.52,34,381,100,3837
Otome Riron to Sono Shuuhen -École de Paris-,2023,39.99,822,1395,91.42,1007,381,29,3084
Enigmatis: The Ghosts of Maple Creek,2014,14.99,1319,1786,80.92,264,381,11,2400
LOVE³ -Love Cube-,2019,9.99,2318,2447,90.09,230,380,26,26877
Class of '09,2021,9.99,7894,8393,91.69,134,380,0,12339
Love n Life: Lucky Teacher,2024,8.99,1106,1182,84.96,189,380,32,11577
Mosaique Neko Waifus 3,2020,4.99,1840,2062,90.04,154,380,100,8534
Battlestations Pacific,2009,—,2265,2586,69.80,456,380,0,8208
Stone Simulator – Just Be a Rock,2025,2.99,1310,1476,90.23,255,380,39,2138
Born Again,2023,Free,0,1082,79.54,388,380,0,1482
Fragmented,2017,9.99,1583,1962,43.41,126,379,45,39764
FlowScape,2019,14.99,1231,1325,80.30,131,379,0,22597
Warlord: Britannia,2022,19.99,1794,1845,84.02,1470,379,31,10553
SCP: Escape Together,2021,Free,0,3567,63.37,0,379,10,7066
Kreedz Climbing,2017,Free,0,1014,78.58,90,379,40,2985
Rushdown Revolt,2020,Free,0,1497,75.87,122,378,3,3674
Vigil,2025,Free,0,2043,82.24,0,378,6,1798
Westerado: Double Barreled,2015,14.99,1397,1900,87.15,139,377,79,14852
Onigiri,2019,Free,0,1220,68.88,37,377,0,6299
THE CORRIDOR,2020,1.99,2882,3489,90.26,47,377,10,1880
PewDiePie: Legend of the Brofist,2015,7.99,1318,1652,85.55,582,376,58,14046
Delivery from the Pain:Survival / 末日方舟:生存,2019,7.99,812,1008,76.75,810,376,81,10975
Zup! 2,2016,1.99,6449,6864,92.33,129,376,229,4180
Orwell: Ignorance is Strength,2018,9.99,1453,1853,73.00,241,375,19,10709
The Baby In Yellow,2023,8.99,2030,2168,91.93,322,375,38,6047
Circuits,2014,4.99,1679,2101,84.85,136,375,15,3158
Pony Island,2016,4.99,14610,17928,92.64,152,374,20,20621
Stories Untold,2017,9.99,4242,5397,83.99,148,374,13,10238
DreadOut 2,2020,19.99,1765,1995,72.54,399,374,15,9213
The Darkest Tales — Into the Nightmare,2021,Free,0,1874,81.43,75,374,0,6651
The Political Process,2019,14.99,2070,2107,90.99,2029,374,0,5412
Troublemaker,2023,6.99,915,1109,82.85,554,374,25,4952
Fortify,2016,2.99,0,2205,89.68,39,374,27,4677
Shadow Warrior Classic (1997),1997,Free,0,1628,88.08,35,374,0,4611
Acceleration of SUGURI 2,2018,8.99,277,1243,74.97,17,374,24,3677
I commissioned some bees 0,2023,Free,0,4581,92.95,0,374,11,1482
Robot Roller-Derby Disco Dodgeball,2015,9.99,2244,3869,88.85,114,373,76,23266
Silence,2016,19.99,1794,2699,80.78,237,373,46,22998
METAL SLUG X,2014,7.99,3051,3847,84.73,86,373,15,17750
Hero of the Kingdom III,2018,9.99,1216,1540,74.97,2057,373,57,2588
Home Safety Hotline,2024,14.99,2550,2721,87.17,211,371,11,9909
Jurassic Park: The Game,2011,—,1144,2105,67.38,193,371,51,5740
Five Nights At Floppa,2022,2.99,962,1299,89.59,45,371,0,1592
Soak & Splash,2024,Free,0,1517,84.93,0,371,0,1163
Melody's Escape,2016,9.99,4335,4805,89.58,199,370,8,17818
Utawarerumono: Mask of Deception,2020,39.99,1292,1348,87.85,1604,370,44,10298
Poker Championship,2019,Free,0,2791,76.99,119,370,0,1439
Planet Centauri,2024,14.99,2069,2361,74.40,623,369,57,56372
Sailwind,2021,19.99,2091,2140,86.23,226,369,0,14068
NERTS! Online,2021,Free,0,1650,90.30,513,369,0,1264
Creaks,2020,3.99,4919,5733,91.59,263,368,28,19304
Buddy Simulator 1984,2021,9.99,3731,4166,89.98,289,368,30,8755
Last Report,2025,4.99,1942,2013,85.29,111,368,9,5068
Booty Calls,2018,Free,0,3637,57.84,148,367,30,12214
BADLAND: Game of the Year Edition,2015,1.79,2742,3236,82.42,110,367,78,9431
Levelhead,2020,2.49,857,1115,88.75,326,367,44,5250
Motesolo : No Girlfriend Since Birth,2021,22.99,1002,1093,81.78,323,367,33,4634
3D Aim Trainer,2021,Free,0,3185,83.88,0,366,0,7263
Forefront,2025,24.99,1395,1447,84.59,636,366,0,4481
Among Ripples,2015,Free,0,1446,65.97,14,366,0,3410
Feel The Snow,2019,12.99,2599,3031,84.11,218,365,26,45552
Tinkertown,2023,1.69,978,1340,65.33,205,365,21,17484
Railbound,2022,7.14,1753,1860,90.05,274,365,31,10839
HYPER DEMON,2022,14.99,2993,3253,90.35,42,365,1,8147
ScooterFlow,2021,15.99,3605,3740,91.17,1000,365,12,3832
"Please, Touch The Artwork 2",2024,Free,0,5775,95.45,0,365,30,2231
Chasing Sunsets,2024,14.99,1046,1064,87.85,113,364,201,8054
Fear Therapy,2021,4.99,3615,4732,65.76,82,364,0,7046
S.W.I.N.E. HD Remaster,2019,2.49,976,1247,86.08,288,364,23,6575
Tower of Guns,2014,14.99,520,1239,76.90,133,364,17,5071
The Midnight Walk,2025,29.99,2360,2550,89.03,200,363,16,27515
Edge,2025,6.99,0,2248,87.80,0,363,0,24980
Dragon Knight,2025,—,0,2596,73.67,0,363,50,15035
Monument Valley,2022,7.99,7037,8240,94.91,130,363,19,10385
Happy Game,2021,2.99,3096,3405,86.58,114,363,11,8965
Power Rangers: Battle for the Grid,2019,19.99,1434,1689,77.47,195,363,35,7932
Kingdom Under Fire: The Crusaders,2020,19.99,1031,1077,86.72,489,363,0,6756
Lil' Guardsman,2024,19.99,1074,1192,88.97,297,363,48,6480
s.p.l.i.t,2025,2.99,3119,3235,88.98,65,363,2,4970
Warfork,2019,Free,0,2288,85.50,0,363,0,3652
Apotheon Arena,2015,Free,0,1068,78.43,31,363,0,2957
Last Day of June,2017,4.99,2909,4644,83.90,230,362,21,21534
Kind Words (lo fi chill beats to write to),2019,3.99,7486,8992,94.99,95,362,0,16408
POOLS,2024,9.79,5864,6069,91.80,71,362,24,16367
Serious Sam VR: The Last Hope,2017,29.99,1335,1429,80.84,48,362,55,11137
The Longest Journey,2007,9.99,1844,2129,85.80,149,362,0,5903
Crazy Taxi,2011,—,2375,3573,83.32,22,362,12,5014
Level Devil,2025,6.99,1048,1100,86.90,279,362,19,4851
A Legionary's Life,2019,7.99,2434,2467,83.65,1341,362,40,4544
Fears to Fathom - Home Alone,2021,Free,0,10276,87.36,27,361,3,16729
Pile Up!,2025,9.99,928,1048,74.26,167,361,35,11264
Apewar,2023,0.49,6307,7818,90.35,56,361,36,4786
Fake Lay,2020,Free,0,1087,63.37,49,360,60,3547
FrostRunner,2019,Free,0,3409,90.75,0,360,28,3167
Screeps: World,2016,19.99,1902,2060,83.14,184,359,0,34665
Monster Boy and the Cursed Kingdom,2019,29.99,2393,2577,85.00,485,359,32,13370
Tin Can,2022,19.99,1024,1299,80.81,102,359,20,12773
Sam & Max Save the World,2020,19.99,1637,1952,89.46,524,359,12,6803
Terroro,2024,Free,0,1658,78.64,0,359,10,2513
Devil Daggers,2016,9.99,7280,9308,92.38,34,358,1,19664
Plasma,2023,Free,448,1067,84.83,200,358,0,11823
Sheepy: A Short Adventure,2024,Free,0,22028,96.44,0,358,30,8246
Cursorblade,2023,4.99,974,1011,81.13,137,358,15,4130
Unity of Command: Stalingrad Campaign,2012,9.99,800,1012,74.57,97,358,0,3538
AMID EVIL,2019,19.98,6543,7579,90.25,173,357,43,20720
Mushihimesama,2015,19.99,1395,1525,91.75,176,357,50,7734
My Name is Mayo,2016,0.99,2582,3031,81.35,115,357,50,1276
Turnip Boy Commits Tax Evasion,2021,14.99,9600,13726,92.20,155,356,37,16185
GunSoul Girl,2021,1.99,1441,1548,70.30,60,356,10,9567
Gabriel Knight: Sins of the Fathers 20th Anniversary Edition,2014,19.99,928,1155,85.94,511,356,51,7018
MEMOLOGY: GOYDA,2024,1.99,1735,2103,89.10,71,356,90,2897
The Defender: Farm and Castle,2019,Free,0,1091,84.49,0,356,12,866
TowerFall Ascension,2014,14.99,2889,3557,91.11,211,355,30,17468
Gas Guzzlers Extreme,2013,3.74,3052,4088,83.33,131,355,105,13441
Sakura Fantasy,2015,9.99,706,1069,82.47,189,355,0,10190
Clue/Cluedo: Classic Edition,2018,4.24,3018,3504,84.23,331,355,19,8697
Cinderella Phenomenon - Otome/Visual Novel,2017,Free,0,4115,92.46,523,354,14,8823
FATE,2013,7.99,3990,4361,91.77,147,354,10,7601
Aquarist,2024,5.16,899,1097,79.59,466,354,63,7441
NEKOPARA After,2025,9.99,1094,1174,86.39,88,354,17,7413
Pretty Angel,2019,0.99,3171,3535,88.17,20,354,100,7398
PANZER BALL,2020,4.99,0,1225,85.12,102,354,0,1307
Beyond a Steel Sky,2020,34.38,1255,1599,83.76,191,353,32,12871
Chicory: A Colorful Tale,2021,19.99,3322,3884,93.58,312,353,33,11936
OLDTV,2017,Free,0,5444,91.15,21,353,48,5931
Ricochet,2026,4.99,0,6196,80.71,0,353,0,3123
FPS Game: Dev Test,2022,Free,0,1417,81.28,0,353,0,2651
Succubus Cafe,2021,29.99,2258,2462,85.28,103,352,59,40353
Absolute Drift,2015,5.39,2171,3163,84.28,99,352,20,11768
Xuan-Yuan Sword: The Gate of Firmament,2016,14.99,1285,1540,68.61,1019,352,45,11511
Mister Furry: Hot Muscles,2024,0.49,2323,3991,88.34,36,352,100,10090
Loco Motive,2024,17.99,1051,1128,88.05,508,352,33,8875
Q.U.B.E. 2,2018,24.99,992,1726,80.56,143,352,29,7643
Homicipher: Demo,2023,Free,0,1630,93.24,118,352,0,6669
Gurumin: A Monstrous Adventure,2015,9.99,671,1083,86.12,325,352,53,6293
Card City Nights,2014,9.99,657,1000,83.60,231,352,8,2069
Garden Story,2021,19.99,1363,1680,85.19,384,351,21,16955
Crypt Custodian,2024,11.99,2599,2785,92.90,506,351,48,12363
Fantasy Blacksmith,2019,9.99,1000,1794,48.85,215,351,21,4045
Darkenstein 3D,2025,Free,0,1354,86.25,238,351,37,3862
The Coin Game,2026,19.99,5526,5821,90.64,301,350,27,11214
Seek Girl Ⅶ,2020,1.99,1197,1280,69.13,76,350,39,8352
I Can't Believe It's Not Gambling,2017,0.99,1536,1665,86.81,112,350,29,1525
Kona,2017,14.99,2706,3594,79.96,208,349,35,43160
Mr. Shifty,2017,14.99,850,1721,84.25,184,349,14,8433
The Sexy Brutale,2017,5.99,2830,4080,88.59,276,348,18,19860
Roman's Christmas / 罗曼圣诞探案集,2020,10.99,1385,1490,90.94,550,348,50,4804
The Blackwell Legacy,2012,4.99,1318,1617,85.27,191,348,8,2930
Moonscars,2022,19.99,1151,1441,79.92,302,347,34,17609
Freedom Planet,2014,14.99,3271,4859,91.58,210,347,56,16151
Citywars Tower Defense,2022,Free,0,1121,76.24,0,347,0,2463
Growtopia,2024,Free,0,2293,29.16,466,347,103,733
Chaos Reborn,2015,9.99,810,1136,72.23,317,346,34,30880
Breachers™,2023,19.99,1316,1405,79.84,205,346,24,7251
Meteor 60 Seconds!,2018,Free,0,4807,92.79,28,346,0,4442
No Time,2019,12.99,1978,2080,92.61,498,346,57,4369
14 Minesweeper Variants,2022,6.99,1474,1541,92.03,1646,346,66,1434
Daymare: 1998,2019,27.98,3360,4175,67.48,205,345,45,20237
Wytchwood,2021,4.99,3814,4574,89.36,632,345,14,17439
Mirror Maker,2019,1.99,852,1012,69.03,7,345,0,8380
Tangle Tower,2019,19.99,5703,5986,91.86,398,345,10,6572
Miracle Snack Shop,2018,9.99,2150,2279,92.51,393,345,0,6494
TrackDayR,2021,24.99,1838,1907,82.81,2008,345,26,5428
Deepest Sword,2021,Free,0,10744,84.64,0,345,12,5082
Shooty Skies,2018,Free,0,1449,86.87,59,345,29,3462
The Scouring,2025,24.99,958,1104,84.15,178,344,25,29552
Gal*Gun 2,2018,29.99,2068,2465,80.37,43,344,37,22316
Death in the Water 2,2023,14.99,1676,1774,79.31,99,344,19,18609
Utawarerumono: Prelude to the Fallen,2021,59.99,1288,1341,88.53,2051,344,49,10093
Small Saga,2023,19.99,1760,2107,91.25,450,344,0,9403
Through the Darkest of Times,2020,14.99,757,1135,79.72,2861,344,56,7678
PropHunter,2021,3.99,866,1066,74.28,62,344,8,2592
Minoria,2019,19.99,1786,2595,78.13,194,343,15,15937
Citystate II,2021,7.49,1067,1104,70.77,699,343,30,14893
Pretty Neko,2020,0.99,2694,3069,88.92,24,343,100,5012
The Book of Unwritten Tales,2012,19.99,1561,2142,87.17,511,343,0,4239
Star Crusade CCG,2016,Free,0,1877,76.63,135,343,28,3298
Fingered,2015,1.87,950,1018,71.94,28,343,24,2953
Warstone TD,2018,14.99,2658,3874,79.84,158,342,123,7814
Dread Flats,2025,5.99,1197,1381,80.91,135,342,8,4152
Doors: Paradox,2022,5.24,1421,1902,87.26,337,341,30,4512
Escape from Yandere,2026,4.99,953,1004,72.32,67,341,17,2428
Garden Paws,2018,19.99,1878,2489,86.38,1539,340,65,14728
BlazBlue: Continuum Shift Extend,2014,19.99,1238,1630,86.01,180,340,50,11571
THE GAME OF LIFE,2015,1.29,2169,2673,70.24,74,340,10,4567
Power & Revolution 2019 Edition,2019,49.99,1199,1246,58.01,4996,340,71,4168
Yuppie Psycho: Executive Edition,2019,16.99,7629,9115,91.98,340,339,48,19120
Grey Hack,2017,19.99,1721,1790,86.15,382,339,0,16451
Leisure Suit Larry - Wet Dreams Don't Dry,2018,1.49,1363,1853,82.48,440,339,31,7948
ORDER 13,2025,8.99,1111,1375,82.07,160,339,33,6640
Rift Wizard,2021,14.99,996,1051,86.84,1250,339,21,4437
My Child Lebensborn Remastered,2023,7.99,1174,1242,91.30,244,339,37,2364
A Space for the Unbound,2023,19.99,6770,7359,93.91,400,338,25,21593
Tyrant's Realm,2025,9.99,973,1018,79.76,134,338,35,8372
The House of Da Vinci 3,2022,9.99,1241,1322,85.02,699,338,30,5797
Hotshot Racing,2020,19.99,1265,2333,73.83,52,338,53,5140
HUNTDOWN,2021,19.99,3878,4200,91.06,58,337,19,16648
Mohrta,2025,19.99,1259,1315,87.38,131,337,0,15533
"Imperivm RTC - HD Edition ""Great Battles of Rome""",2021,9.99,767,1238,66.69,5961,337,0,3214
Left on Read,2020,Free,0,5274,77.46,0,337,13,2764
PixelJunk™ Nom Nom Galaxy,2015,9.99,800,1094,73.28,287,336,32,9053
Shattered Pixel Dungeon,2022,9.99,1916,1997,90.65,457,336,98,8161
Carrier Deck,2017,9.99,1023,1071,84.13,1083,336,33,4812
The Adventure Pals,2018,14.99,966,1954,87.63,451,336,31,3687
Ridge Racer™ Unbounded,2012,9.99,1118,1879,60.67,141,336,50,2923
Venture Seas,2020,14.99,959,1010,65.34,215,335,24,17234
Shenmue III,2020,29.99,1017,1395,70.44,518,335,64,16696
Ikaruga,2014,9.99,2140,2308,90.37,60,335,25,15032
Miasmata,2012,3.74,1053,1225,74.10,130,335,27,14610
Instruments of Destruction,2024,19.99,1400,1513,86.72,137,335,50,13794
Lucius II,2015,3.74,1878,2302,60.63,160,335,65,8417
Power & Revolution,2016,49.99,1169,1295,55.57,4661,335,61,7843
Smartphone Tycoon,2019,6.99,1606,1657,52.94,468,335,0,3494
United heist,2023,Free,0,1979,79.39,0,335,13,1346
SENRAN KAGURA Burst Re:Newal,2019,29.99,2393,2574,89.17,224,334,51,23223
Scrap Garden,2016,9.99,205,1246,72.61,158,334,42,5123
True or False,2016,4.50,205,1301,65.67,27,334,12,1714
BACKROOMS NO RETURN: Prologue,2024,Free,0,1195,34.55,0,334,0,477
Forgive Me Father,2022,4.99,3332,5609,81.45,167,333,20,25561
NoLimits 2 Roller Coaster Simulation,2014,39.99,1496,1640,91.73,3812,333,0,6812
CaesarIA,2015,Free,0,1456,57.50,74,333,3,6148
SIMULACRA,2017,4.99,3380,4604,87.23,207,333,24,5439
Maid of Sker,2020,24.99,1711,2390,75.98,196,332,30,15624
Shantae: Risky's Revenge - Director's Cut,2014,9.99,1185,1682,81.75,302,332,26,9750
Volgarr the Viking,2013,9.99,1614,2444,78.27,95,332,20,4660
Contraption Maker,2014,12.99,906,1302,86.69,139,332,22,4008
Out of Space,2020,14.99,1959,2908,76.55,197,331,26,11470
Pathologic Classic HD,2015,12.99,3799,4472,84.60,160,330,42,22219
Sky Force Reloaded,2017,9.99,2589,2662,88.80,445,330,30,7887
Kathy Rain 2: Soothsayer,2025,19.99,1057,1171,90.43,265,330,65,6401
Sentinels of the Multiverse,2014,9.99,1180,1656,85.47,253,330,100,4670
Delicious! Pretty Girls Mahjong Solitaire,2016,0.49,1412,1797,82.41,287,330,12,4039
Basement,2026,18.88,0,2215,68.17,0,329,0,21851
First Cut: Samurai Duel,2024,8.99,1816,1890,84.88,68,329,19,8779
Splendor,2015,9.99,1000,1463,75.78,213,329,31,4028
Twilight Survivors,2024,2.99,1019,1050,84.57,788,329,188,1635
Greed of Man,2023,Free,240,3408,38.77,78,328,0,12126
DoDonPachi Resurrection,2016,29.99,960,1055,90.28,221,328,100,6929
Dungeon Souls,2016,12.99,1311,2227,71.44,207,327,10,16306
Nidhogg 2,2017,14.99,1000,1289,77.40,155,327,13,11166
Phoenotopia: Awakening,2021,19.99,2620,2773,79.88,912,327,33,9756
Unavowed,2018,14.99,2248,2544,91.33,683,327,56,9233
Project Torque - Free 2 Play MMO Racing Game,2019,Free,0,1929,71.28,21,327,0,5865
Manifold Garden,2020,4.99,7372,8152,92.31,133,326,25,24015
Nex Machina,2017,19.99,1457,2171,83.22,133,326,39,23394
Haydee 2,2020,24.99,1611,1721,84.15,161,326,30,17077
Dungeons of Edera,2022,14.99,980,1056,65.70,1339,326,22,12180
Red Faction,2001,9.99,2366,2923,82.87,81,326,0,4501
Click and Conquer,2025,3.99,1907,1931,88.74,318,326,13,776
Destroyer: The U-Boat Hunter,2023,29.99,837,1200,71.90,179,325,16,22932
Bug Fables: The Everlasting Sapling,2019,19.99,5060,5865,93.68,566,325,30,10538
Wavetale,2022,2.99,2331,2559,84.78,166,325,14,6720
Sinking Simulator,2019,0.99,647,4380,82.26,45,325,0,4783
Moon Hunters,2016,14.99,3896,5205,75.98,183,324,47,38817
Sakura Beach,2015,9.99,787,1413,76.16,139,324,0,6066
Home Sweet Home,2017,15.99,3096,3750,83.56,266,323,0,28606
Sword and Fairy 5,2021,—,0,1504,57.87,0,323,0,5164
Great God Grove,2024,19.99,1289,1461,93.33,134,323,42,4550
NBA 2K Playgrounds 2,2018,—,1461,2199,77.57,215,322,13,7534
Wolvesville,2023,Free,0,1158,76.38,126,322,37,1002
Epido,2019,0.89,1096,1149,87.50,200,321,24,2565
Frog Fractions: Game of the Decade Edition,2020,Free,0,2743,90.56,48,321,30,1600
Himno,2019,Free,0,5803,88.02,17,320,11,16957
CHANGE: A Homeless Survival Experience,2020,19.99,2518,2759,87.37,1142,320,30,10713
Deadly Premonition: The Director's Cut,2013,24.99,3186,4695,64.61,170,320,60,9261
Koi x Shin Ai Kanojo,2023,34.99,1060,1729,85.86,1393,320,95,4358
Who's at the door?,2025,4.99,1403,1546,85.71,91,320,15,4021
Chex Quest HD,2020,Free,0,2071,77.04,0,320,6,2547
Shinobi Warfare,2022,Free,0,3367,87.28,606,320,0,1532
Crawl,2017,14.99,5548,7228,91.62,125,319,45,57511
Agent A: A puzzle in disguise,2019,19.99,5650,6000,91.94,269,319,30,6009
Creepy Tale 2,2021,9.99,1238,1505,82.12,266,319,15,3548
Anna - Extended Edition,2013,9.99,958,1615,59.36,117,319,35,1784
Seek Girl Ⅱ,2019,1.99,2400,2582,78.11,13,318,35,11257
Rebel Galaxy Outlaw,2020,29.99,894,1137,62.03,621,318,26,9990
Angel at Dusk,2024,14.99,1585,1641,93.20,1274,318,19,6113
SIMULACRA 2,2020,7.99,1348,1651,82.57,1716,318,27,4369
Bagel Love Story,2024,3.99,1151,1223,91.23,392,318,11,1310
I Am Your Beast,2024,19.99,4813,5106,94.42,111,317,31,16603
Snacko,2025,24.99,851,1007,91.24,290,317,101,11308
SYNTHETIK: Arena,2019,Free,0,2338,86.31,58,317,0,8643
异常 | Exception,2019,3.99,1524,1657,92.21,131,317,20,3309
Intrusion 2,2012,9.99,1591,2226,85.85,37,317,14,3304
Streamer Daily,2020,11.99,1082,1166,83.08,816,317,34,2313
Snail Simulator,2023,4.99,1208,1538,93.06,59,317,222,1413
Command: Modern Operations,2019,79.99,1376,1573,81.35,438,316,0,24991
The Way of Life Free Edition,2016,Free,0,6161,72.37,19,316,0,22414
Source of Madness,2022,1.99,1356,1515,67.24,154,316,24,17453
9 Years of Shadows,2023,6.99,2136,3119,74.56,390,316,34,16475
Wild Terra Online,2017,Free,747,1830,59.25,117,316,50,14983
The Bookwalker: Thief of Tales,2023,14.99,1835,2640,87.95,233,316,37,12675
Truberbrook / Trüberbrook,2019,26.10,1441,2295,70.43,155,316,34,12327
CATGIRL LOVER,2019,1.99,860,1003,73.34,217,316,21,1888
Sigma Theory: Global Cold War,2019,17.99,885,1376,73.39,171,315,38,16081
Bigscreen Beta,2016,Free,0,3214,81.92,85,315,0,9762
Final Exam,2013,0.74,840,1294,80.34,163,315,32,4430
Melatonin,2022,14.99,7366,7984,91.41,65,314,14,28151
KARAKARA,2016,9.99,1033,1839,86.52,212,314,7,10045
Brief Karate Foolish,2016,Free,0,2744,90.26,16,314,0,5303
墨心：波云诡船,2020,2.99,1175,1396,85.14,479,314,0,3017
Magic Rampage,2022,Free,0,1660,89.80,0,314,88,2112
fault - milestone one,2014,7.49,2360,3232,88.67,230,313,12,16073
Spin Rhythm XD,2023,19.99,3747,4171,93.25,384,313,46,8875
Impossible Creatures Steam Edition,2015,9.99,1552,1803,90.89,101,313,0,8217
Stronghold Legends: Steam Edition,2016,14.99,2217,2634,84.08,393,313,60,8152
PAC-MAN WORLD Re-PAC,2022,29.99,1532,1805,88.32,317,313,40,6648
Neon Chrome,2016,14.99,535,1169,86.35,135,313,14,5034
ADOM (Ancient Domains Of Mystery),2015,14.99,1238,1595,80.54,224,312,83,10264
CUSTOM ORDER MAID 3D2 It's a Night Magic,2019,40.00,1431,1542,79.33,1922,311,0,35389
AI War 2,2019,19.99,1114,1534,83.66,86,310,255,18276
Fobia - St. Dinfna Hotel,2022,28.03,1485,2272,80.19,323,310,28,10101
Urban Trial Freestyle,2013,6.99,1331,1696,79.66,68,310,12,1444
Sakura Angels,2015,9.99,1502,2164,80.23,139,309,0,26514
Ultimate Tic-Tac-Toe,2015,Free,0,1542,79.73,59,309,11,2331
Shelter,2024,14.99,0,3695,82.05,0,308,0,10275
Double Dragon Gaiden: Rise Of The Dragons,2023,24.99,1142,1541,82.27,188,308,20,10067
Foregone,2021,19.99,1319,1394,77.93,38,308,50,9631
Stickman Trenches,2023,2.99,1686,1729,76.97,255,308,22,7602
Happy's Humble Burger Farm,2021,19.99,1618,1962,88.49,533,308,30,7406
MX vs ATV All Out,2018,39.99,1324,1690,77.43,313,308,39,5241
Vampire: The Masquerade - Shadows of New York,2020,12.99,1175,1664,73.39,209,308,14,4906
SpyParty,2018,24.99,1122,1589,74.54,162,307,0,24060
Hypnospace Outlaw,2019,19.99,4641,5352,93.26,252,307,14,12893
They Can't Stop All Of Us,2019,Free,0,1631,71.36,40,307,0,3326
"Warhammer 40,000: Kill Team",2014,—,721,1108,55.63,110,307,12,3074
Dystopika,2024,5.24,3183,3265,91.85,31,306,15,20611
Line War,2022,24.99,1056,1160,76.64,851,306,0,11425
RENNSPORT,2025,49.99,0,1348,44.41,27,306,40,5337
Prime World: Defenders 2,2018,Free,0,2173,76.10,156,306,44,2445
GigaBash,2022,24.99,1790,1964,89.78,323,305,35,13647
Escape Academy,2022,19.99,980,1257,83.35,308,305,40,9193
Paranautical Activity: Deluxe Atonement Edition,2014,9.99,590,1406,66.34,114,305,45,3707
Cave Crawlers,2023,Free,0,3546,89.49,91,305,42,2878
DemonCrawl,2019,14.99,1216,1315,73.72,747,305,196,1558
Seasons after Fall,2016,1.49,2343,3134,77.89,158,304,21,22381
Blood Code,2015,9.99,1728,2023,71.04,257,304,29,7995
Werewolf: The Apocalypse — Heart of the Forest,2020,14.99,774,1096,77.89,166,304,38,5445
夜永 Eternal Love,2020,4.99,947,1020,85.63,724,304,13,1983
Screencheat,2014,14.99,837,1921,87.53,88,303,34,12637
Beyond Blue,2020,19.99,1008,1444,84.20,310,303,30,11924
We Went Back,2020,Free,0,4751,82.74,0,303,11,9399
Psycholonials,2021,Free,687,1117,84.83,42,303,0,1402
Crisis: The Third Way,2025,Free,0,1809,87.30,0,303,0,722
eden*,2015,19.99,3944,5058,93.77,227,302,0,21251
Tokyo Xanadu eX+,2017,59.99,1295,1751,81.85,1322,302,55,16219
Supreme Ruler Ultimate,2014,19.99,1163,1247,73.69,5483,302,33,8664
Mirage Feathers,2024,4.99,2320,2390,93.76,38,302,13,5352
Soul Touch,2025,9.99,1034,1152,92.25,145,302,53,1457
GRANDIA HD Remaster,2019,19.99,1603,1683,85.69,1589,301,36,9635
MIND: Path to Thalamus Enhanced Edition,2014,14.99,849,1419,63.79,114,301,23,7734
Finding Frankie,2024,14.99,1695,1865,85.35,153,301,14,5756
Flicker of Hope,2020,Free,0,1029,87.93,0,301,0,2712
Zup! Zero,2017,1.99,2551,2725,89.35,140,301,1043,1267
Zetria,2022,4.99,993,1034,80.34,107,300,0,11295
星空列车与白的旅行,2021,19.99,5712,6157,95.13,371,300,12,10008
Go! Go! Nippon! ~My First Trip to Japan~,2014,9.99,1341,3128,83.18,101,300,85,9125
Divine Divinity,2012,5.99,3462,3892,84.70,47,300,0,8816
FIGHT KNIGHT,2021,19.99,1464,1629,87.16,289,300,0,7174
Hakuoki: Kyoto Winds,2017,9.99,1848,2186,88.80,739,300,36,5781
BEACHED,2021,Free,0,3676,63.42,0,300,0,5206
Toilet Chronicles,2022,9.99,1468,1603,85.18,119,300,22,4355
Camping Simulator: The Squad,2025,4.99,870,1081,57.03,67,300,14,3928
BOMJMAN,2020,Free,558,1378,82.04,104,300,12,2889
Forgive Me Father 2,2024,9.99,1293,2210,79.58,258,299,32,21055
Brothers: A Tale of Two Sons Remake,2024,7.99,867,1186,68.73,183,299,14,9896
The Elder Scrolls: Arena,2022,Free,0,2442,77.67,21,299,0,6889
Jets'n'Guns Gold,2014,7.99,1237,1520,82.78,195,299,22,3663
My Cute Fuhrer,2020,0.69,981,1336,81.61,284,299,21,1391
Blue Fire,2021,19.99,1848,3033,78.59,143,298,22,8492
Withering Rooms,2024,24.99,1103,1433,90.43,896,298,54,7945
The Plan,2014,Free,174,23453,90.24,10,298,1,7401
Red Trigger,2016,6.99,0,2020,85.20,28,298,6,6427
Battle Grounds III,2024,Free,0,4035,83.31,0,298,0,4790
Need For Drink,2017,1.99,871,1042,71.62,114,298,36,3309
Waves,2011,Free,978,1551,90.16,48,298,54,2692
cyberpunkdreams,2021,Free,0,1235,74.69,852,298,92,2379
Adventure Escape Mysteries,2020,Free,0,1095,82.29,1791,298,78,1483
Jigsaw Puzzle Dreams,2021,Free,0,1253,89.86,284,298,0,1354
Hidden Through Time,2020,3.99,2759,3009,89.80,255,296,19,8660
Cats Organized Neatly,2020,0.98,4298,4708,93.65,182,296,20,4452
Predynastic Egypt,2016,9.99,1792,1904,87.41,287,295,84,12047
Vertigo 2,2023,29.99,2520,2650,91.16,681,295,52,8236
PAC-MAN 256,2016,4.99,1310,2222,88.07,187,295,10,3522
Dummynation,2022,11.99,2869,2981,84.33,423,295,16,3349
Ambidextro,2025,7.99,1272,1335,92.61,205,295,25,3039
JudgeSim,2024,6.99,1252,1309,80.92,149,295,10,2552
The Norwood Suite,2017,9.99,598,1268,83.31,121,295,17,1512
Executive Assault 2,2023,24.99,1567,1730,79.66,493,294,0,40263
VAIL,2024,Free,1720,3193,72.29,74,294,0,18316
CHUCHEL,2018,2.99,4033,4668,82.29,164,294,7,13292
CONVRGENCE,2024,13.99,1280,1424,82.85,825,294,85,11452
Old School Rally,2025,12.99,2002,2097,85.99,156,294,29,9300
Elsword Free-to-Play,2018,Free,0,1061,72.20,136,294,0,2711
NOMAD,,Free,0,4629,59.40,0,293,0,13355
Press X to Not Die,2017,2.99,3612,4034,86.68,80,293,11,5779
Magical Diary: Horse Hall,2012,14.99,707,1020,85.20,238,293,26,3791
That One Otter Game,2025,Free,0,1116,82.06,0,293,6,3450
Sakuya Izayoi Gives You Advice And Dabs,2020,0.99,1908,2375,92.94,213,293,0,1405
DEEEER Simulator: Your Average Everyday Deer Game,2021,14.99,4302,4628,89.03,144,292,17,18230
realMyst: Masterpiece Edition,2014,17.99,1369,1576,84.77,172,292,34,10679
Luto,2025,19.99,1113,1232,80.95,469,292,27,10030
Reigns: Her Majesty,2017,2.99,1125,1295,79.06,124,292,13,6660
Milk outside a bag of milk outside a bag of milk,2021,8.99,19803,21337,94.40,110,291,10,22514
Paradise Killer,2020,19.99,3196,4386,89.35,87,291,39,13190
A Kiss For The Petals - Remembering How We Met,2015,7.99,1223,1713,88.48,157,291,8,12415
Goodbye Volcano High,2023,29.99,1619,1802,85.18,506,291,37,7250
Freeways,2018,4.99,2071,2126,86.00,151,291,4,2821
Necrobarista,2020,19.99,1320,1430,78.87,114,290,11,15514
Tales of Escape,2017,Free,0,2175,59.26,66,290,16,6848
CHKN,2016,Free,1106,1717,76.73,501,289,21,14361
Heave Ho,2019,9.99,1977,2554,87.45,168,289,23,10051
GearCity,2022,19.99,1379,1476,85.23,202,289,115,8386
Commandos: Behind Enemy Lines,2007,4.99,3431,3949,86.71,32,289,0,6993
The Void,,9.99,0,1178,76.92,0,289,0,6189
Coloring Game: Little City,2019,Free,0,1051,88.50,244,289,80,1776
Tower Hunter: Erza's Trial,2019,1.43,1805,1942,69.28,223,288,36,17610
Folklore Hunter,2026,17.99,1172,1438,71.74,195,288,3,8576
"STAR WARS™ Dark Forces (Classic, 1995)",2009,5.99,2377,3053,85.24,23,288,0,4689
SimRail - The Railway Simulator: Prologue,2021,Free,0,1269,77.54,96,288,4,4517
Dead Pixels,2012,2.99,1985,2421,83.63,81,288,30,3697
Cyber Hook,2020,10.48,3029,4107,91.35,87,288,22,3659
The Red Strings Club,2018,14.99,12418,13866,91.11,189,287,19,30702
1000xRESIST,2024,19.99,4765,6226,91.69,221,287,32,13827
Marco & The Galaxy Dragon,2020,19.99,6954,7548,94.07,243,287,15,12508
Succubus Affection,2020,14.99,1172,1243,86.69,595,287,0,10014
Rusted Moss,2023,19.99,1398,1538,85.25,1049,287,46,9803
Tomb Raider: Legend,2007,6.99,5210,5890,84.71,83,287,0,8363
A Shelter Full of Cats,2024,3.49,1061,1153,92.26,193,287,65,1201
Cloud Gardens,2021,17.99,2076,2287,90.63,252,286,11,16729
Replica,2016,2.99,2947,3504,82.62,157,286,8,10297
While We Wait Here,2024,4.99,2140,2254,85.38,261,286,16,6664
YAR: Forgotten Throne,2026,14.99,1117,1159,87.79,917,286,39,5441
Proteus,2013,9.99,1401,2784,73.75,28,286,0,4484
YIIK: A Postmodern RPG,2019,19.99,995,1268,74.81,868,286,26,4112
Bean Battles,2018,0.99,6715,10040,91.11,103,286,25,1600
Soulash 2,2023,15.19,2277,2327,82.23,1692,285,0,14859
Marie's Room,2018,Free,0,6618,90.33,49,285,7,14055
Children of Silentown,2023,19.99,956,1491,82.89,337,285,26,10825
Analogue: A Hate Story,2012,9.99,1684,2288,88.90,155,285,14,5199
Monster Slayers,2017,8.99,804,1253,75.83,544,285,22,4201
Strange Jigsaws,2025,4.99,3642,3721,95.25,201,285,10,1656
STASIS,2015,7.99,1676,2335,78.68,315,284,27,16148
Class of '09: The Re-Up,2023,14.99,4273,4527,93.49,259,284,0,9064
Darwinia,2005,11.99,772,1121,76.63,16,284,0,2002
Sub Rosa,2021,19.99,2848,3377,67.86,1398,283,0,32219
Ys SEVEN,2017,24.99,907,1010,86.32,1155,283,21,8988
Mighty Goose,2021,19.99,915,1038,82.34,309,283,18,6993
Shadow Warrior Classic Redux,2013,9.99,2939,3594,86.33,63,283,20,6226
Desperados: Wanted Dead or Alive,2013,4.99,2054,2376,84.38,147,283,0,5564
Evoland Legendary Edition,2019,19.99,1367,2621,77.79,122,283,65,4164
Impact Point,2022,Free,0,2078,85.68,0,283,33,1126
Euro Truck Simulator,2013,0.99,6337,7545,81.50,28,282,0,12786
Super House of Dead Ninjas,2013,19.99,1466,1723,91.12,138,282,46,4577
Police Stories: The Academy,2022,Free,0,1511,86.77,50,282,0,3572
Mages of Mystralia,2017,19.99,876,1481,82.20,148,281,30,15090
Pocket Mirror ~ GoldenerTraum,2023,19.99,1463,1616,88.19,1214,281,21,10107
Wagotabi: A Japanese Journey,2025,9.99,1218,1244,93.23,585,281,38,8245
TM - Prologue,2021,Free,0,1204,87.57,49,281,0,6719
SCP: Fragmented Minds,2025,6.99,1108,1237,86.50,36,280,0,13821
Wings of Vi,2014,14.99,955,1257,76.11,228,279,40,12543
Kill It With Fire: HEATWAVE,2020,Free,0,2165,87.60,48,279,0,3271
[Chilla's Art] The Closing Shift | 閉店事件,2022,5.99,2828,3071,84.51,141,278,0,9106
Lonely Mountains: Downhill,2019,19.99,2657,2994,87.12,179,277,84,15670
Egypt: Old Kingdom,2018,14.99,1178,1240,82.68,315,277,89,11891
Ultros,2024,8.74,704,1133,74.49,106,277,31,10288
The Eternal Cylinder,2022,24.99,1051,1181,85.25,490,277,12,8944
Love Love School Days,2023,5.99,1026,1067,90.09,152,277,18,4509
Piratopia,2021,Free,0,1052,79.09,0,277,0,2304
YOU and ME and HER: A Love Story,2020,29.99,5536,6487,92.06,522,276,0,19180
Overload,2018,29.99,1622,2119,89.75,117,276,50,13969
Car Detailing Simulator: Prologue,2021,Free,0,1231,75.63,40,276,0,9188
Hell Pie,2022,3.49,1049,1678,85.39,149,276,32,5747
Scrutinized,2020,9.99,1258,1335,84.26,206,276,22,5100
Chinese Paladin：Sword and Fairy,2017,4.99,2380,2544,49.36,374,275,32,6079
Slayers X: Terminal Aftermath: Vengance of the Slayer,2023,16.99,1251,1365,91.97,211,275,19,4643
The Last Sovereign,2025,Free,0,1097,89.76,11154,275,169,3890
Bubble People,2021,Free,0,6021,89.95,0,275,19,2915
Dev Guy,2015,Free,0,1776,76.25,41,275,7,1909
HARD BULLET,2020,19.99,5598,6268,81.54,122,274,0,13699
Somerville,2022,19.99,1745,1816,68.15,231,274,11,10953
CASE 2: Animatronics Survival,2019,9.99,3070,3537,78.87,120,274,27,7256
Walkabout Mini Golf VR,2021,24.99,3050,3317,93.61,251,274,0,5851
川建国同志想要连任/Comrade Trump's Re-election,2020,1.49,1167,1244,84.28,87,274,60,2689
Star Hunter - Infinite Lagrange,2021,Free,0,1018,56.19,682,274,0,2567
Lovers in a Dangerous Spacetime,2015,14.99,3326,4018,89.54,154,273,28,34416
DeadCore,2014,9.99,1584,2040,81.47,99,273,29,16965
Castle In The Darkness,2015,9.99,1168,1267,73.40,275,273,11,6369
Chair Simulator,2021,Free,0,5291,86.45,0,273,0,1671
The Lion's Song: Episode 1 - Silence,2016,Free,409,2242,88.26,156,272,86,15299
One Hand Clapping,2021,14.99,851,1082,81.08,83,272,28,10351
Mail Time,2023,6.99,1044,1614,81.05,137,272,23,9137
Friendship with Benefits,2020,10.99,1419,1634,90.79,1146,272,0,8105
Gladio and Glory,2021,Free,0,4163,87.46,0,272,0,4079
Kebab Simulator: Prologue,2023,Free,0,1511,62.75,76,272,0,3617
Sniper 3D Assassin: Free to Play,2018,Free,0,1715,62.38,0,272,0,3202
Stealth Bastard Deluxe,2012,9.99,709,1208,84.39,184,272,27,2622
Colin McRae Rally,2014,—,1551,2367,44.22,119,272,16,2309
Accident,2021,14.38,1432,1711,73.95,91,271,0,13894
Yasuke Simulator,2025,6.99,1907,2025,92.37,11,271,30,6803
Lethis - Path of Progress,2015,19.99,1098,1210,65.82,267,270,50,22911
The Magic Circle,2015,19.99,1074,1497,87.81,196,270,14,15237
Wish,2020,2.99,3109,3241,86.16,259,270,99,12735
Killing Room,2016,14.99,1259,1446,67.32,218,270,42,9067
The Crown of Leaves,2018,5.99,1928,2217,91.22,110,270,43,9043
Witchy Life Story,2022,19.99,925,1197,74.93,305,270,26,6618
Vietnam War,2025,14.99,1416,1476,81.50,248,270,56,6552
Tribal Hunter,2022,14.99,1363,1617,91.78,1256,270,56,5169
Vecter,2020,Free,0,2919,91.02,0,270,32,3299
BlazBlue: Calamity Trigger,2014,9.99,2650,3201,82.75,128,269,0,10360
Sumerian Six,2024,29.99,943,1101,89.14,440,269,32,8701
Supernormal,2024,1.59,1018,1112,70.47,84,269,22,5970
Dead Signal,2023,12.99,967,1058,84.24,259,269,18,3379
BETON BRUTAL,2023,6.99,1212,1270,89.31,251,269,7,2418
Lizard Survivors: Battle for Hyperborea,2023,0.99,1259,1374,81.42,142,269,32,1140
D4: Dark Dreams Don’t Die -Season One-,2015,14.99,1720,1973,77.34,250,268,78,21134
Blacksad: Under the Skin,2019,19.99,5182,6740,81.14,276,268,39,20238
Pizza Possum,2023,6.99,1677,2066,89.10,103,268,14,10779
Deck of Ashes,2020,19.99,863,1063,69.35,192,268,110,9862
Bloons Adventure Time TD,2019,Free,0,4653,84.19,148,268,71,2789
Metal Unit,2021,14.99,2028,2866,79.88,205,267,43,12594
GoNNER,2016,9.99,991,1338,77.80,116,267,19,11664
Pinball FX,2023,Free,213,2566,70.41,112,267,41,7763
Pepper Grinder,2024,14.43,1037,1203,82.22,276,267,23,7707
Kung Fu Strike - The Warrior's Rise,2012,9.99,723,1142,74.58,68,267,12,2164
Evenicle,2018,44.99,1208,1315,87.38,1620,266,0,18958
American Arcadia,2023,19.98,2853,3887,90.47,418,266,29,10615
Titanfall­™,2020,—,1502,1921,40.73,54,266,0,6609
MAiZE,2025,9.99,0,2104,78.36,0,266,58,5281
Mushy,2022,Free,0,1672,82.36,0,266,0,763
Haunt the House: Terrortown,2014,0.99,2119,2344,83.64,86,265,25,5272
Overlewd,2023,Free,0,1096,51.20,27,265,31,5177
Yooka-Laylee and the Impossible Lair,2019,5.99,856,1408,77.35,161,265,47,4645
Aberoth,2015,Free,0,1455,62.18,41,265,30,3354
Stormbound,2018,Free,0,1207,67.57,227,265,17,1933
A Story About Farting,2024,1.99,0,1081,59.87,0,265,100,524
Stellar Tactics,2026,17.99,1565,1623,75.91,1118,264,40,41566
Dead Effect 2,2016,11.99,1889,2289,71.04,303,264,220,21812
The Initial,2017,9.99,1751,1879,73.64,123,264,20,17422
VirtuaVerse,2020,14.99,963,1099,78.74,395,264,33,9858
Crashday Redline Edition,2017,11.99,1511,1844,84.11,140,264,36,5779
Girl and Goblin,2019,1.99,1758,1945,84.13,25,264,1558,4835
SLUDGE LIFE 2,2023,14.99,1236,1325,91.52,205,264,14,4369
Shadowgrounds,2006,6.99,1218,1604,78.02,93,264,0,2520
Cats and Seek: Kyoto,2024,Free,0,1175,91.87,0,264,19,916
"Guns, Gore & Cannoli",2015,9.99,3589,4216,88.25,144,263,21,16801
Acting Lessons,2019,9.99,5033,5159,92.30,326,263,19,16270
The Hong Kong Massacre,2019,7.50,1599,1916,70.79,124,263,19,12828
Ys: Memories of Celceta,2018,24.99,913,1001,87.20,936,263,52,8457
第七号列车 - Train No. 7,2021,Free,0,6944,94.45,0,263,7,4407
Enigmatis 3: The Shadow of Karkhala,2016,14.99,774,1005,87.67,300,263,34,3265
Dictators:No Peace Countryballs,2020,0.99,5861,6199,91.03,202,263,0,1932
Secret Pie (Adult Version),2021,5.99,2261,2481,81.50,83,262,103,38484
恋爱关系/Romance,2021,3.99,2470,2581,81.54,102,262,44,17411
Tinykin,2022,24.99,2683,4077,93.86,384,262,43,8442
Industry Giant 2,2015,9.99,849,1001,81.69,130,262,9,4607
NightSky,2011,9.99,315,1020,83.91,45,262,22,1210
Her New Memory - Hentai Simulator,2022,1.99,3246,3653,89.93,152,261,100,12069
Omno,2021,18.99,1798,2716,88.06,116,261,21,11886
Heaven's Vault,2019,24.99,1878,2389,81.08,518,261,44,11322
The Coma 2: Vicious Sisters,2020,14.99,2710,3406,91.68,244,261,35,10479
Awkward Dimensions Redux,2016,Free,0,2956,77.73,38,261,0,7363
Wrestling Empire,2021,19.99,2920,3021,90.40,2344,261,0,4862
XIII - Classic,2020,12.99,2128,2464,85.47,177,261,0,4438
One-Eyed Likho,2025,9.99,989,1097,88.64,52,261,34,4076
Polyball,2017,3.99,126,1223,66.77,9,261,33,3128
沉睡的法则 Things as They Are,2019,5.99,1059,1156,91.58,895,261,40,2866
Furnish Master,2024,14.99,1033,1099,77.94,118,260,29,13893
Knell of St. Godhrkar,2021,Free,0,1535,88.88,0,260,0,8496
The Last Stand Legacy Collection,2021,9.99,2441,2572,85.86,189,260,21,7244
Blackout Z: Slaughterhouse Edition,2017,1.00,296,1907,79.05,4,260,28,1039
Harold Halibut,2024,34.99,1065,1151,78.33,2760,259,27,17408
Kill The Crows,2023,4.99,2693,2944,90.97,165,259,31,7610
Nexomon,2020,9.99,1709,1793,84.57,508,259,62,5781
Circle of Sumo: Online Rumble!,2020,Free,0,1000,86.84,0,259,35,1126
Burg,2022,Free,0,1168,74.43,0,259,0,1120
NEO: The World Ends with You,2022,59.99,867,1017,87.15,299,258,51,10249
Botany Manor,2024,24.99,909,1337,89.97,180,258,36,6188
RIVE,2016,14.99,450,1031,79.53,202,258,44,5229
Return to Shironagasu Island,2020,4.99,3813,4011,90.17,648,258,6,4631
POPGOES Arcade,2022,4.99,1449,1571,91.54,220,258,50,2642
Rogue Glitch Ultra,2021,11.99,164,1590,87.22,191,258,29,2576
NALOGI,2018,1.99,1505,1638,75.33,155,258,4430,2139
Guts and Glory,2018,14.99,1853,2772,77.19,135,257,30,21473
MANDAGON,2016,Free,165,5726,91.69,34,257,5,12579
Spirit Realm,2017,18.18,0,1186,74.30,0,257,0,12031
Gemini Rue,2011,9.99,1239,1875,83.97,163,257,15,6238
bit Dungeon II,2014,3.99,1403,2213,79.15,190,257,15,5937
Five Dates,2020,14.99,2071,2793,81.98,176,257,15,5782
Waking Mars,2012,9.99,651,1196,84.20,155,257,17,3537
Angvik,2014,2.99,2097,2529,84.35,143,257,21,3515
Sixtar Gate: STARTRAIL,2024,24.99,1410,1557,83.26,286,257,95,3053
WitchSpring3 Re:Fine - The Story of Eirudy -,2021,19.99,1188,1259,88.42,1144,256,12,10521
Occult,2022,4.99,1493,1947,68.97,126,256,21,5499
Secret of the Magic Crystals,2010,4.99,637,1657,78.31,154,256,22,1219
Quake 4,2011,14.99,2960,3782,84.50,120,255,0,14061
Tactical Assault VR,2023,17.99,2933,3229,79.45,405,255,0,7585
Later Alligator,2019,17.99,2685,2997,91.96,137,255,14,7511
Drop Alive,2016,Free,305,1562,84.96,72,255,9,5788
TAISHO x ALICE episode 1,2019,16.99,1267,1333,82.25,641,255,6,4757
BirdGut,2019,Free,0,5123,91.83,0,255,22,3852
404Sight,2015,Free,0,1761,81.47,33,255,19,3408
The Two of Us,2021,Free,0,5495,82.45,0,255,14,2436
Super Blue Boy Planet,2016,Free,663,2722,87.24,36,255,8,2186
Panzer Knights,2021,23.78,1851,1951,76.44,669,254,33,15639
Sorry We're Closed,2024,24.99,1526,1834,92.89,501,254,64,10132
Gori: Cuddly Carnage,2024,17.98,1280,1578,91.22,682,254,34,8569
Dark Deception: Monsters & Mortals,2020,4.99,2632,2923,76.49,300,254,16,6935
Fruitbus,2024,24.99,910,1086,82.42,662,254,30,6030
A Monster's Expedition,2020,19.99,1440,1583,90.05,402,254,9,5902
Scrap Garden - The Day Before,2016,Free,0,1006,72.36,32,254,21,5319
Project Warlock II,2025,11.04,1170,1292,77.31,162,253,218,10304
Lorelai,2019,2.69,1393,1613,86.30,318,253,27,4472
Slain: Back from Hell,2016,12.99,1662,2380,69.59,164,252,30,12619
The Darkside Detective,2017,6.74,3655,5081,90.92,243,252,30,11226
Serious Sam Classic: The Second Encounter,2019,5.99,1704,1976,91.32,92,252,0,6459
近畿霊務局 - Kinki Spiritual Affairs Bureau,2024,9.99,2623,2725,88.75,273,252,0,5857
Astalon: Tears of the Earth,2021,19.99,936,1443,85.73,804,252,30,5180
Contractors,2018,19.99,4010,4620,80.88,256,251,0,14679
Minit,2018,9.99,1751,2810,85.72,101,251,27,9856
Yokai Art: Night Parade of One Hundred Demons,2022,6.99,1097,1138,85.18,304,251,70,5265
Poco,2025,Free,0,7622,96.05,0,251,12,3204
Nitroplus Blasterz: Heroines Infinite Duel,2016,19.99,1015,1116,85.76,929,250,51,10523
Utawarerumono: Mask of Truth,2020,39.99,1405,1460,91.26,2744,250,57,8306
Re-Volt,2022,5.99,1294,1434,86.22,398,250,0,4564
Shadow Corridor,2019,7.99,1954,2152,86.54,993,250,0,4224
Sigils of Elohim,2014,Free,0,1195,86.48,90,250,0,2064
DOTOKOI / 像素男友,2019,Free,0,1153,92.79,0,250,0,1916
Unreal World,2023,14.50,0,1371,88.89,0,249,15,14406
Don't Escape: 4 Days to Survive,2019,14.99,2061,2661,93.44,536,249,25,8433
Bleed,2013,4.99,1483,1899,88.38,101,249,32,3203
In Verbis Virtus,2015,19.99,1468,1689,75.68,198,248,34,28320
Dungeonmans,2014,14.99,1067,1211,86.24,528,248,21,6249
BLACKHOLE,2015,8.99,583,1062,80.98,251,248,45,5188
Light Bearers,2018,Free,0,1192,84.68,87,248,0,3117
Soldiers: Heroes of World War II - Enhanced Edition,2014,4.99,916,1078,82.00,419,248,72,2862
Battle Tanks: World War II,2019,Free,0,1594,64.60,106,248,0,2819
Barji Kart,2022,Free,0,1080,79.34,0,248,0,435
SAELIG,2017,14.99,1060,1085,81.93,560,247,16,18660
Blades of Time,2012,9.99,989,2655,75.84,72,247,35,13851
Outcast - Second Contact,2017,14.99,715,1005,74.34,553,247,41,11419
Sucker for Love: First Date,2022,3.99,2606,2938,93.96,471,247,0,10719
STASIS: BONE TOTEM,2023,19.99,1966,2572,89.42,380,247,20,9672
The Excavation of Hob's Barrow,2022,6.74,2196,3018,88.37,222,247,40,6336
Lone Fungus,2023,19.99,722,1142,79.51,687,247,52,3596
Arcade Moonlander,2017,0.99,0,1203,88.08,18,247,42,545
Thumper,2016,19.99,4020,4350,88.42,161,246,19,17540
Endling - Extinction is Forever,2022,29.23,2546,3266,91.35,181,246,28,16811
Shady Part of Me,2020,2.24,2353,3213,90.44,205,246,16,8752
Into The Flames,2023,19.99,1478,1684,78.53,111,246,23,7431
Remothered: Broken Porcelain,2020,29.99,630,1005,58.93,230,246,34,4910
The Life and Suffering of Sir Brante — Chapter 1&2,2020,Free,0,2033,91.64,191,246,0,4776
Angels of Death,2016,9.99,4877,5265,91.75,307,245,0,27780
Echo,2026,24.99,0,1811,74.20,0,245,6,24145
Omensight: Definitive Edition,2018,19.99,1168,1512,84.36,359,245,34,19539
Onechanbara Z2: Chaos,2016,39.99,892,1033,75.24,274,245,44,14949
WolfQuest: Classic,2025,29.99,1391,1661,86.41,321,245,105,12624
CHAOS;CHILD,2019,24.99,3584,3816,89.94,1035,245,34,11435
LUNA The Shadow Dust,2020,15.20,1320,1647,86.12,244,245,24,10495
Princess Maker 2 Refine,2016,19.99,1575,1689,88.74,535,245,162,7924
OTXO,2023,14.99,3168,3811,89.47,39,245,18,7853
The Journey Down: Chapter One,2013,6.99,714,1296,82.55,149,245,0,4349
WRC 4 FIA World Rally Championship,2013,9.99,1769,2290,74.12,234,245,50,3001
RED HOT VENGEANCE,2019,Free,0,3549,92.10,0,245,15,2995
Stars End,2023,7.99,1115,1415,60.19,306,244,25,23049
Monstrum,2015,17.99,3068,3669,87.09,125,244,16,16502
Home Wars,2017,9.99,1127,1169,75.43,638,244,0,7541
TT Isle of Man: Ride on the Edge 2,2020,2.99,962,1597,79.61,258,244,35,6701
Choice of Robots,2014,6.99,1893,1999,91.38,445,244,72,5698
Butcher's Creek,2025,9.99,1421,1535,89.64,149,244,0,5336
Accounting (Legacy),2016,Free,0,2534,88.70,34,244,0,3646
Fallout Tactics: Brotherhood of Steel,2009,9.99,2273,2844,76.07,18,243,0,15715
Aviators,2024,Free,0,1852,72.74,0,243,14,2969
Eronoctosis: Put Yourself Together,2021,Free,0,1878,86.19,25,243,36,2968
Super Jigsaw Puzzle: Generations,2019,Free,0,1105,89.40,468,243,17,1613
Half Dead,2016,1.99,2670,3285,75.66,75,242,18,14528
Ocean's Heart,2021,14.99,1363,1467,78.74,84,242,21,12501
The Complex: Expedition,2025,14.99,2150,2262,85.46,160,242,0,9932
Disney•Pixar Toy Story 3: The Video Game,2014,19.99,1454,2003,68.64,176,242,0,4752
Iris and the Giant,2020,17.99,685,1303,83.77,385,242,16,4288
Tesla vs Lovecraft,2018,14.99,847,1231,85.10,346,241,20,7857
Anemoiapolis: Chapter 1,2023,8.99,1127,1179,77.16,381,241,0,7043
Nightmare of Decay,2022,4.99,4074,4260,92.12,191,241,16,4434
Zeepkist,2021,19.99,1540,1706,92.11,906,241,55,2521
Inkulinati,2024,24.99,672,1134,81.65,93,240,26,21162
Draugen,2019,19.99,1839,2113,71.62,225,240,13,13636
Reflex Arena,2017,Free,1330,1569,81.20,233,240,0,9762
Virginia,2016,3.49,2665,3352,63.10,186,240,17,9374
Home Design 3D,2015,9.99,2307,2699,73.18,381,240,0,7619
Ikenfell,2020,19.99,691,1225,86.20,644,240,27,5850
Inertial Drift,2020,19.99,1281,1629,80.97,43,240,40,5136
If My Heart Had Wings,2014,14.99,4045,4611,89.02,257,239,20,27014
Superfighters Deluxe,2018,9.99,3014,3476,85.58,184,239,0,7852
Goodnight Universe,2025,19.99,1132,1209,91.62,114,239,12,5843
Papo & Yo,2013,14.99,1108,2868,89.49,121,239,10,5637
Spark the Electric Jester 3,2022,24.99,1877,2002,91.83,696,239,6,4925
Picross Touch,2016,Free,0,1791,89.81,679,239,18,771
UNSIGHTED,2021,19.99,1781,2129,88.85,373,238,42,14474
Assault Android Cactus+,2015,19.99,1310,2001,89.63,198,238,29,9577
Project Kat - Paper Lily Prologue,2021,Free,0,5782,95.64,0,238,10,9288
Seduce Me the Otome,2015,Free,0,2173,83.44,81,238,25,6895
Eador. Imperium,2017,19.99,1182,1258,72.19,5350,238,32,5458
Grunn,2024,9.74,1123,1232,90.98,230,238,33,4558
CHAOS;HEAD NOAH,2022,24.99,1654,1716,84.58,928,238,34,4491
Tailor Tales,2019,Free,0,1002,89.13,589,238,32,3286
Tales of the Black Forest,2019,3.99,14404,15106,94.98,201,237,15,10114
Super Meat Boy Forever,2022,0.99,1566,1825,55.18,546,237,36,9257
BRAZILIAN DRUG DEALER 3: I OPENED A PORTAL TO HELL IN THE FAVELA TRYING TO REVIVE MIT AIA I NEED TO CLOSE IT,2025,3.74,6495,7339,94.72,126,237,17,7137
Crypto Mining Simulator,2021,4.99,1411,1519,62.98,1369,237,0,2342
Hatsune Miku Logic Paint S,2022,13.99,1060,1180,88.75,343,237,11,2256
Rustler (Grand Theft Horse),2021,24.99,1172,1933,72.64,81,236,29,30043
Wonder Boy: The Dragon's Trap,2017,19.99,1934,2542,81.39,292,236,13,19708
Summer Pockets,2020,44.99,4560,4796,94.81,2318,236,15,16787
Midnight Castle Succubus DX,2020,7.79,1034,1098,87.92,176,236,37,12347
Rise of Flight United,2013,Free,368,2690,55.67,47,236,89,10302
Ragnarock,2021,24.99,2762,3188,90.33,108,236,16,9086
RONIN,2015,12.99,1592,2438,67.73,198,236,8,8226
Green Hell VR,2022,8.99,1100,1210,55.90,132,236,43,8220
Cookard,2024,Free,0,2321,90.40,0,236,0,1637
Rakuen,2017,14.99,4667,5896,92.77,188,235,15,18062
Thrive,2021,4.99,1546,1608,87.71,346,235,12,11661
Skydance's BEHEMOTH,,39.97,1006,1032,71.82,512,235,31,6642
The Complex: Found Footage,2022,Free,0,9484,90.32,0,235,0,6258
Tower! Simulator 3,2022,59.99,957,1024,66.34,2786,235,0,4957
Deadswitch 3,2021,Free,0,2443,71.38,125,235,45,4427
Kiosk,2025,3.99,2259,2547,84.65,91,235,6,3378
Desert Bus VR,2017,Free,0,1714,83.42,22,235,15,2044
Sakura Swim Club,2015,9.99,2074,2772,81.58,152,234,0,27381
fault - milestone two side:above,2015,7.49,1972,2562,91.72,222,234,9,13782
TRYP FPV: Drone Racer Simulator,2022,16.99,2978,3044,82.34,206,234,0,12254
Sunrider Academy,2015,9.99,929,1140,78.94,534,234,20,11876
Onee Chanbara ORIGIN,2020,59.99,1180,1371,72.79,361,234,39,9072
再见断刀,2025,9.99,2209,2344,89.00,1328,234,18,2543
Glass Masquerade 3: Honeylines,2023,4.99,1092,1156,85.41,411,234,7,1879
Crypt,,Free,0,1422,85.33,0,234,0,1602
Mad Father,2016,9.99,5895,6425,93.81,237,233,21,19543
PIGFACE,2025,11.99,1901,1966,92.30,244,233,0,7658
WRC 6 FIA World Rally Championship,2016,14.99,1219,1642,69.94,173,233,41,5970
他人世界末 On-looker,2020,8.99,2717,2953,89.36,726,233,18,5057
人间 The Lost We Lost,2019,3.99,2244,2482,90.14,278,233,0,4162
Star Realms,2016,Free,170,2186,83.15,252,233,0,3959
8Doors: Arum's Afterlife Adventure,2021,19.99,936,1563,74.93,240,233,44,3757
Russian Village Simulator,2023,29.99,864,1003,81.45,151,233,70,1942
恋爱模拟器 Love Simulation,2018,1.99,866,1050,54.43,105,233,60,1862
RUMBLE,2022,24.99,3112,3510,83.92,193,232,0,11187
The Last Door - Collector's Edition,2014,9.99,1818,2425,90.25,178,232,16,7199
Antenna,2016,Free,0,2715,73.85,37,232,5,3100
Astrox Imperium,2019,14.99,1195,1213,81.09,728,231,45,11459
The Shell Part I: Inferno,2023,19.99,1169,1330,86.21,630,231,0,6383
Hello Neighbor Alpha 4,2019,Free,0,5854,81.07,121,231,0,4407
OMFG: One Million Fatal Guns,2021,Free,0,2374,90.54,0,231,0,1901
Little Racers STREET,2014,5.99,506,1113,78.55,238,231,43,1670
35MM,2016,8.99,3461,4309,69.62,186,230,20,32845
NaissanceE,2014,Free,895,4252,81.56,54,230,0,9105
Aimtastic,2018,Free,0,2647,89.45,33,230,3,8775
TELEFORUM,2023,Free,0,3402,88.32,67,230,37,3315
A Short Hike,2019,7.99,18254,21593,96.72,121,229,12,21798
Alba: A Wildlife Adventure,2020,16.99,6361,7824,94.62,177,229,9,13890
Space Pirate Trainer,2017,7.49,2644,2848,90.30,131,229,10,12095
Ark Mobius: Censored Edition,2021,4.99,972,1000,88.59,135,229,37,10390
Ship Simulator Extremes,2010,19.99,1713,2299,51.12,340,229,0,6437
The Sapling,2019,17.99,1785,1855,85.54,287,229,5,6007
Kindred Spirits on the Roof,2016,34.99,1281,1458,91.38,1690,228,0,13391
I Expect You To Die,2017,24.99,2134,2740,90.35,223,228,11,8860
Onirism,2025,17.99,1111,1187,78.77,271,228,0,8338
Military Conflict: Vietnam,2022,14.99,1787,2052,86.64,902,228,106,7556
Amenti,2025,6.99,1960,2128,77.12,136,228,5,7130
Mosa Lina,2023,7.99,1900,1999,90.93,125,228,0,3102
Puzzle Agent,2010,2.49,1596,2789,85.45,110,228,0,2348
"YEAH! YOU WANT ""THOSE GAMES,"" RIGHT? SO HERE YOU GO! NOW, LET'S SEE YOU CLEAR THEM!",2023,9.99,1236,1325,69.54,67,227,11,9691
SuperPower 2 Steam Edition,2014,9.99,2490,2836,76.75,410,227,14,5622
Nucleares,2023,11.99,995,1031,79.36,1909,227,11,5338
INDUSTRIA,2021,19.99,2659,3890,69.73,190,226,23,15839
Bud Spencer & Terence Hill - Slaps And Beans,2018,4.49,1696,1972,87.57,76,226,34,13450
Ara Fell: Enhanced Edition,2016,14.99,1813,2261,90.00,168,226,18,13102
The Shrouded Isle,2017,1.94,1148,1510,68.15,156,226,16,9247
Horizon Chase Turbo,2018,19.99,4086,5783,89.68,195,226,48,9040
Audioshield,2016,19.99,2622,2734,77.95,234,226,0,8440
Wandersong,2018,19.99,2151,3852,91.29,135,226,75,6014
Another World – 20th Anniversary Edition,2013,9.99,1616,2010,79.82,56,226,13,4877
Doodle Empires,2025,6.99,1002,1015,87.14,3067,226,0,3110
Klaus Veen's Treason,2023,Free,0,1506,85.20,0,226,27,2306
The Black Masses,2024,9.99,1124,1207,57.12,285,225,7,20667
BDSM: Big Drunk Satanic Massacre,2019,19.99,1098,1197,82.89,150,225,45,15725
Yogurt!,2020,4.99,2542,3051,74.37,59,225,33,10888
BUSTAFELLOWS,2021,39.99,936,1009,81.71,191,225,0,5997
Come with Me,2021,Free,0,1792,71.53,0,225,9,1661
MOMO.EXE,2018,1.99,853,1117,80.58,14,225,11,843
Rodina,2014,14.99,1222,1326,88.19,445,224,0,46287
NOT A HERO,2016,19.99,1625,2042,83.20,112,224,17,19472
SONG OF HORROR COMPLETE EDITION,2019,29.99,1892,3020,75.77,271,224,44,18789
Children of the Sun,2024,14.99,1870,2146,88.57,158,224,21,12605
West of Dead,2020,19.99,1242,2152,69.63,95,224,24,10719
killer7,2018,19.99,3250,3776,89.09,376,224,0,10599
Kung Fury: Street Rage - Ultimate Edition,2015,19.99,2252,2489,85.98,101,224,28,9761
Cosmic Star Heroine,2017,14.99,794,1024,84.13,660,224,33,7189
Bardbarian,2014,7.99,772,1508,84.33,255,224,22,2769
Summer~Life in the Countryside~,2021,18.99,1050,1105,69.36,319,223,0,15803
Dordogne,2023,4.49,838,1490,87.00,157,223,31,9567
Half-Life Deathmatch: Source,2006,9.99,4240,5409,73.64,13,223,0,7088
BROK the InvestiGator,2022,9.99,949,1241,91.58,268,223,43,5378
Sky Force Anniversary,2015,9.99,2058,2143,88.01,197,223,27,5294
Dreamland,2025,Free,0,1988,74.67,0,222,0,12374
Ys VI: The Ark of Napishtim,2015,19.99,1325,1473,85.27,248,222,16,11713
Monster Crown,2021,14.99,668,1031,55.82,146,222,33,8311
MageQuit,2019,14.99,1013,1406,88.81,146,222,10,4649
NecroVision,2009,0.74,1350,1870,66.16,99,222,0,2648
TheDawn,2020,Free,0,8602,90.16,0,221,0,19416
Grimm's Hollow,2019,Free,0,14310,95.81,97,221,0,14045
Undusted: Letters from the Past,2025,9.99,1397,1500,91.62,201,221,36,4396
Maurice: In The Predator's Nest,2022,Free,0,2015,73.62,0,221,0,1733
Rage Wars,2016,0.99,1850,2149,86.19,252,221,15,919
Fight'N Rage,2017,19.99,2512,3152,87.77,115,220,20,10067
DCL - The Game,2020,29.99,907,1073,75.15,272,220,39,7534
Alone in the Dark Prologue,2023,Free,0,1638,72.88,16,220,0,3479
Frog Detective 3: Corruption at Cowboy County,2022,2.99,1819,2041,93.86,127,220,6,2235
Milo and the Christmas Gift,2023,Free,0,1109,86.65,59,220,6,1193
8BitBoy™,2014,6.99,679,1943,71.09,23,220,0,1158
Reentry - A Space Flight Simulator,2025,34.99,1196,1231,91.33,460,219,22,16847
Raji: An Ancient Epic,2020,24.99,2090,2715,79.13,224,219,21,14321
Aquarium Designer,2021,1.99,1049,1175,81.38,344,219,30,8258
The House of Da Vinci 2,2020,6.99,1963,2160,87.12,550,219,24,6720
Taboos: Cracks,2019,1.99,1602,1750,76.17,10,219,12,6524
Chinatris,2020,1.99,998,1153,81.80,321,219,171,1531
Gal*Gun: Double Peace,2016,29.99,1821,2191,83.18,103,218,39,25608
Fight Angel Special Edition,2019,19.99,1745,1899,72.93,47,218,8,20208
Morbid: The Seven Acolytes,2020,2.49,922,1457,70.58,67,218,25,11630
GTTOD,2017,19.99,3007,3300,84.30,167,218,28,10447
Lacuna – A Sci-Fi Noir Adventure,2021,2.39,2023,2798,87.88,123,218,25,8589
Lemon Cake,2021,14.99,1644,2019,81.10,278,218,17,6514
Alien Shooter 2 - The Legend,2020,14.99,1064,1144,52.08,1119,218,29,4967
Flowers Blooming at the End of Summer,2021,0.99,2572,2733,91.93,352,218,9,3010
Capsized,2011,2.49,583,1097,72.70,26,218,18,2710
Dex,2015,19.99,2853,3498,83.79,340,217,32,21743
Exiled Kingdoms,2018,7.99,1040,1099,85.21,1545,217,67,7600
The Walking Dead: Destinies,2023,9.99,657,1003,43.41,414,217,52,6399
Splasher,2017,14.99,589,1175,87.75,166,217,47,3628
Mika and The Witch's Mountain,2025,16.78,604,1094,83.24,171,216,35,12705
The Darkside Detective: A Fumble in the Dark,2021,6.74,1560,1928,91.10,390,216,30,6754
STANDBOX,2023,7.99,2653,2832,87.86,328,216,11,4579
Timelie,2020,17.99,1762,2503,90.02,174,215,22,9307
Rolling Line,2018,19.99,2320,2460,91.63,705,215,0,7210
Fishing Sim World®: Pro Tour,2018,19.99,923,1165,75.97,458,215,94,5306
Ben and Ed,2015,9.99,4385,4701,80.34,193,214,19,14366
The Forgotten Ones,2014,Free,0,1651,59.33,57,214,12,11937
Tattletail,2016,7.99,4524,4923,91.11,118,214,11,9742
Hymer 2000,2025,4.99,944,1024,85.58,196,214,12,1242
Golf Around!,2020,9.99,822,1064,88.84,183,214,30,849
Call of the Sea,2020,4.99,4118,5884,85.17,328,213,34,19260
Pistol Whip,2019,29.99,3575,4098,90.58,94,213,25,12102
Ghostbusters: The Video Game Remastered,2020,24.99,1925,2409,86.53,46,213,40,7976
Penumbra Overture,2009,9.99,3693,4072,87.22,110,213,0,6965
PUMPKIN PANIC,2024,Free,0,3557,92.34,0,213,13,3524
Phoning Home,2017,Free,830,1075,66.70,255,212,52,23864
Toy Soldiers: Complete,2016,14.99,973,1168,75.11,189,212,32,10657
Hedon Bloodrite,2019,16.99,1560,1936,86.76,713,212,0,6842
CUPID - A free to play Visual Novel,2016,Free,0,1303,82.76,109,212,67,6833
Megabyte Punch,2013,14.99,405,1122,85.11,77,212,30,2760
像素女友,2020,Free,0,1394,92.88,0,212,0,1924
Rebel Forces,2018,Free,0,1624,79.00,0,212,7,1316
CBT With Yuuka Kazami,2020,0.99,1129,1448,91.90,424,212,0,793
Kero Blaster,2015,9.99,1126,1507,89.11,181,211,10,5969
Hexcells Plus,2014,2.99,2234,2791,90.56,551,211,6,1042
Battle of Empires : 1914-1918,2015,8.99,1915,2100,67.31,2366,210,319,16197
Neon Beats,2019,Free,854,6539,92.37,26,210,27,5751
Jesus Christ RPG Trilogy,2016,5.96,0,1596,82.23,59,210,0,3709
Jack Move,2022,5.99,779,1273,75.65,162,209,10,10770
NITE Team 4 - Military Hacking Division,2019,19.99,1011,1254,86.77,1990,209,25,9566
The Letter - Horror Visual Novel,2017,19.99,1284,1505,81.83,1068,209,172,8846
GRAVITAS,2026,Free,0,7042,94.58,0,209,0,6534
Toki Tori 2+,2013,14.99,733,1084,80.94,74,209,38,3458
Autobahn Police Simulator 2,2017,19.99,752,1341,56.57,780,209,21,3161
RUNGORE,2024,14.99,964,1115,82.84,146,208,28,6654
Rez Infinite,2017,24.99,1138,1246,86.99,62,208,20,6232
Double Dragon: Neon,2014,9.99,1881,2543,74.34,132,208,29,4625
House of the Dying Sun,2016,19.99,1904,2005,85.52,127,207,38,21734
Sexual Void,2020,2.99,1273,1549,72.91,119,207,23,9145
Silent Storm Gold Edition,2013,9.99,957,1062,83.70,5658,207,0,7796
Pact with a witch,2019,Free,0,1661,87.92,0,207,0,5433
Shipwrecked 64,2024,7.99,2161,2446,91.01,406,207,16,4005
蓝宝石般的被害妄想少女/Damsel with persecutory delusion,2018,4.99,1040,1122,84.72,731,207,4,1472
Truck Life,2020,19.99,1410,1624,55.11,247,206,20,7931
Battle Shapers,2024,24.48,937,1063,78.18,378,206,52,7662
Nexus - The Jupiter Incident,2007,1.99,963,1053,81.69,1078,206,0,7343
Q.U.B.E: Director's Cut,2014,9.99,866,1905,79.08,78,206,53,4929
HellSign,2021,19.99,2129,2267,66.06,353,205,16,23389
Illusion Carnival,2024,Free,0,6531,94.56,0,205,12,11210
TimeShift™,2009,19.99,1104,1398,76.59,38,205,0,7683
Heavy Bullets,2014,9.99,1251,1561,78.22,90,205,17,6583
Rock of Ages 3: Make & Break,2020,14.99,1209,1680,72.43,96,205,21,6292
Summer in Mara Prologue,2020,Free,0,1046,82.60,32,205,0,4477
Draw a Stickman: EPIC 2,2015,6.99,999,1097,83.35,220,205,20,1970
Vestaria Saga I: War of the Scions,2019,19.99,941,1000,80.36,1299,204,0,9647
Muv-Luv,2018,29.99,1718,1940,89.19,959,204,15,8841
Venba,2023,4.94,2104,3381,88.92,94,204,15,8828
Fantasy Girl,2019,1.99,4483,4703,90.47,16,204,19,6942
Burning Daylight,2019,Free,0,3007,85.07,0,204,0,6268
Song of Farca,2021,19.99,1291,1566,76.28,419,204,28,6086
Kitty Powers' Matchmaker,2015,9.99,1729,1931,91.53,1328,204,31,3655
Hentai Vs Furries,2020,0.49,2928,5420,85.70,20,204,10,3466
ACTION SANDBOX,2022,9.99,774,1004,69.87,176,203,0,3380
270 | Two Seventy US Election,2018,Free,0,1094,72.72,337,203,0,591
Tametsi,2017,2.99,1364,1417,91.74,4844,203,19,503
Cogmind,2017,24.99,1510,1947,91.47,241,202,474,12371
House,2024,9.99,0,2109,91.17,0,202,14,7319
RATSHAKER™,2024,2.09,2798,3544,89.59,66,202,13,2776
DAVIGO: VR vs. PC,2023,24.99,1147,1347,82.45,198,201,0,17399
Cookie Cutter: Overkill Edition,2023,19.99,860,1382,72.97,252,201,36,7098
LOLLIPOP!,2021,4.99,1306,1435,73.54,311,201,100,6411
New Star™ GP,2024,9.99,1087,1233,87.40,764,201,50,3906
Aimbeast,2020,7.99,2026,2184,88.87,366,201,8,3
Muv-Luv Alternative,2018,39.99,3259,3584,92.15,694,200,19,12412
Sacred Gold,2008,9.99,3887,4493,82.48,257,200,0,10955
Dealer's Life,2019,9.99,1230,1305,88.47,887,200,45,2558
Super Bernie World,2020,Free,0,3073,76.84,27,200,0,2347
Just Another Night Shift,2024,6.99,848,1008,86.82,921,200,0,1757
Skoof Simulator,2024,13.50,910,1040,80.68,91,200,47,507
Little Witch Academia: Chamber of Time,2018,39.99,1093,1382,73.80,148,199,25,14851
Pure Rock Crawling,2024,14.99,1269,1306,80.01,42,199,15,11712
Aokana - Four Rhythms Across the Blue - EXTRA1,2020,16.99,1219,1664,93.19,258,199,8,4569
Snakebird,2015,6.99,883,1229,88.31,253,199,11,1599
Sabbat of the Witch,2018,29.99,2335,2520,85.32,1370,198,20,14684
Beacon Pines,2022,19.99,2844,4217,93.75,187,198,11,13382
State of Mind,2018,19.99,1520,2271,75.49,150,198,34,13178
UNDERDOGS,2024,29.99,2601,2728,93.25,113,198,21,10995
Beach Invasion 1944,2022,9.99,1004,1056,80.32,36,198,40,7102
Brutal Orchestra,2021,19.99,1832,2011,93.06,1600,198,145,4879
Driftwood,2025,19.99,1173,1241,88.31,84,198,27,4436
Chop Goblins,2022,4.99,2780,3118,93.22,185,198,13,2798
Ye Guild Clerk!,2025,Free,0,1875,94.16,0,198,0,1015
At Dead Of Night,2020,15.99,3103,3378,90.07,327,197,13,11699
符文女孩/Rune Girl,2019,0.99,1578,1631,66.66,57,197,60,4654
Ascension: Deckbuilding Game,2014,9.99,1399,1681,84.67,1018,197,86,4550
There Is No Game: Jam Edition 2015,2020,Free,0,7378,93.73,20,197,7,4263
Zombie Gunship Survival,2021,Free,0,2216,49.84,97,197,0,2921
Eclipsium,2025,9.74,2547,2790,87.89,206,196,11,12593
Crossing Souls,2018,14.99,1389,1525,75.47,278,196,32,9959
War Dust VR: 32v32 Battlefields,2020,12.49,1489,1624,77.19,61,196,0,8553
"Peace, Death!",2017,4.99,2292,2434,89.50,188,196,126,5553
A Castle Full of Cats,2022,2.39,3954,4374,95.34,108,196,35,2754
The Witch's House MV,2018,14.99,3510,3891,91.37,209,195,0,14461
Zombotron,2019,14.99,2868,3510,85.48,353,195,8,10275
Meg's Monster,2023,14.99,1139,1273,91.27,449,195,19,5614
Warplanes: WW2 Dogfight,2019,Free,0,1764,82.51,53,195,0,4972
Stick RPG 2: Director's Cut,2014,19.99,931,1107,80.29,265,195,0,3380
Metel - Horror Escape,2020,2.99,2222,2388,89.85,536,195,0,2209
Eraser,2023,Free,0,3441,80.21,0,195,17,2020
Handshakes,2023,Free,0,2834,94.44,0,195,9,823
Scanner Sombre,2017,6.99,3102,4476,86.40,71,194,0,7311
DRAINUS,2022,7.49,1054,1106,90.60,166,194,20,4139
Real Horror Stories Ultimate Edition,2014,1.99,945,1300,40.07,109,194,0,483
Lucy -The Eternity She Wished For-,2016,2.99,7713,8180,92.04,163,193,0,32819
Remothered: Tormented Fathers,2018,19.99,1731,2319,71.55,159,193,10,16730
Flower,2019,1.74,4638,4949,77.40,48,193,14,16143
Infectonator: Survivors,2016,9.99,988,1151,64.80,231,193,19,13798
CRUEL,2025,9.99,1651,1703,90.43,90,193,22,8135
Subsurface Circular,2017,5.99,1488,1927,89.79,114,193,13,6169
The WereCleaner,2024,Free,0,12395,96.52,0,193,23,5541
Die Young,2019,9.99,1515,1898,75.76,2370,192,48,36676
The House in Fata Morgana,2016,24.99,5515,6070,91.59,738,192,16,13576
Boomerang Fu,2020,14.99,1664,2872,92.51,167,192,13,9283
Minds Eyes,2016,Free,0,1829,67.56,41,192,0,3671
Stay Out of the House,2022,14.99,1578,1771,89.99,686,191,29,8767
Boomerang X,2021,19.99,1196,1342,90.32,105,191,60,5536
Welcome to the Game,2016,4.99,2270,2526,81.29,85,190,11,8453
Samorost 2,2009,0.69,2327,2793,83.22,47,190,13,5712
Halfway,,12.99,0,1012,69.46,0,189,0,12970
Smushi Come Home,2023,19.99,1966,2637,94.54,241,189,25,9069
Arise: A Simple Story,2020,8.10,2542,2991,87.99,133,189,34,8642
Baldr Sky,2019,49.99,1460,1552,89.48,3480,189,25,8328
NARUTO SHIPPUDEN: Ultimate Ninja STORM 2,2017,19.99,3343,4120,85.60,298,189,50,8263
Lucid9: Inciting Incident,2016,Free,0,1034,85.34,538,189,13,4718
Obscure,2014,6.99,2882,3077,91.52,211,188,19,14002
Mitsurugi Kamui Hikae,2014,9.99,2738,3409,77.51,161,188,33,12141
SILENT BREATH,2024,9.99,1033,1142,65.80,91,188,30,9692
Paradigm,2017,14.99,971,1635,89.32,199,188,18,5023
Pipistrello and the Cursed Yoyo,2025,19.99,1418,1568,93.29,827,188,32,4579
Capybara Spa,2022,7.99,1317,1663,90.40,289,188,16,2779
Down in Bermuda,2021,19.99,1509,1564,85.08,174,188,25,2345
The Cat Lady,2013,8.99,4613,6095,90.74,129,187,25,12772
WRC 5 FIA World Rally Championship,2015,9.99,1315,1733,69.42,192,187,37,4250
Marlow Briggs and the Mask of Death,2013,0.99,1885,2474,86.46,190,187,29,3241
Aventura Copilului Albastru și Urât,2021,1.99,2213,2516,94.62,91,187,10,1884
Hylics 2,2020,14.99,3020,3419,93.04,822,186,0,9659
Blitzkrieg Anthology,2014,4.99,1366,1524,85.80,367,186,0,7464
No Straight Roads: Encore Edition,2021,24.99,1760,2021,85.16,251,186,47,7048
"Take me, Vitaly",2024,5.99,1116,1225,92.68,161,186,80,6957
Garfield Kart,2015,4.99,9632,14111,85.41,16,186,0,5731
Samorost 1,2021,Free,0,5204,92.17,17,186,0,4396
SkyDrift,2011,9.99,735,1179,83.59,54,186,12,2266
STEINS;GATE ELITE,2019,59.99,1539,1632,85.92,127,185,26,20236
Tentacle Girl,2020,1.99,1131,1236,84.00,18,185,13,11604
Trick and Treat - Visual Novel,2016,Free,708,3613,86.46,67,185,5,8258
Crimson Imprint plus -Nonexistent Christmas-,2017,1.99,1978,2136,88.24,479,185,39,7389
Shan Gui (山桂),2014,0.99,1423,2275,69.81,121,185,8,3761
Sand:box,2023,1.39,1449,1510,88.82,93,185,0,2142
missed messages.,2019,Free,0,15442,93.52,34,184,4,13302
Trap Shrine,2019,9.99,1456,1614,89.45,356,184,0,7574
Ink,2021,4.99,0,1576,77.53,0,184,11,3121
The Test: Hypothesis Rising,2020,1.99,5846,5933,94.16,33,184,0,628
The Uncertain: Light At The End,2020,9.99,931,1184,62.36,558,183,30,10004
Birth,2023,10.99,3580,3782,92.18,125,183,7,6582
Prosperous Universe,2022,Free,0,1038,71.11,0,183,0,3605
Velvet Assassin,2009,5.99,2031,2541,60.96,46,183,0,3182
SPRAWL,2023,14.99,1604,2411,83.58,149,182,31,9943
Ann,2021,Free,0,2709,89.98,0,182,14,3799
Jets'n'Guns 2,2020,15.99,1158,1285,85.67,165,182,40,3726
Koi-Koi Japan [Hanafuda playing cards],2015,9.99,948,1160,86.81,340,182,35,2895
KILL la KILL -IF,2019,19.99,1610,2073,69.42,169,181,34,10646
The Classrooms,2022,11.99,2673,2861,86.04,178,181,0,9017
What Never Was,2019,Free,0,5068,91.14,0,181,6,8673
Gunscape,2016,19.99,0,1250,64.13,31,181,42,8613
Magical Battle Cry,2021,19.99,976,1020,63.82,81,181,0,5409
BlazeRush,2014,9.00,1017,1712,83.77,186,181,21,3844
Disc Room,2020,14.99,905,1101,88.02,197,181,35,3160
Perfect Vermin,2020,Free,0,3807,89.39,0,181,10,2842
Behind the Frame: The Finest Scenery,2021,12.99,4819,7463,91.07,81,180,19,15583
Sayonara Wild Hearts,2019,6.49,7878,8754,93.64,109,180,24,14115
Old Man's Journey,2017,9.99,2781,4147,83.70,96,180,13,11438
Ancient Warfare 3,2024,12.99,2627,2747,90.96,1608,180,33,5443
Granny Remake,2023,6.99,1800,1916,79.13,45,180,9,3779
Stray Cats in Cozy Town,2024,Free,0,1655,93.07,37,180,10,1242
Duck Simulator 2,2021,Free,0,2863,91.76,0,180,8,683
PerfectLover,2019,13.99,1041,1091,85.62,138,179,0,20372
The Shore,2021,4.79,1719,1949,70.15,202,179,13,9963
Little Busters! English Edition,2017,34.99,1011,1096,91.84,4962,179,27,8445
Chess Ultra,2017,12.99,1779,2258,72.22,164,179,38,8027
Kathy Rain: Director's Cut,2021,14.99,1217,1379,88.03,96,179,40,5118
A New Beginning - Final Cut,2012,9.99,1517,2100,72.20,199,179,28,2660
My Catgirl Maid Thinks She Runs the Place,2021,Free,0,1003,87.74,114,179,7,2090
Primordia,2012,9.99,2929,3389,92.52,198,178,29,12201
Super Fancy Pants Adventure,2017,9.99,1963,2170,88.61,158,178,16,6065
Looking Up I See Only A Ceiling,2023,1.99,3082,3265,85.00,59,178,44,5517
The Price Of Flesh,2022,14.99,967,1077,90.63,317,178,40,3405
eversion,2010,4.99,1087,1331,86.55,220,178,14,1620
Princess Remedy in a World of Hurt,2016,Free,0,2916,93.44,62,177,0,6966
Fingerbones,2015,Free,0,3587,77.00,26,177,0,6618
DreadOut,2014,14.99,4440,5631,74.83,143,176,42,22132
Touge Shakai,2023,14.99,1055,1228,81.05,437,176,21,5846
Attack on Toys,2021,6.99,1114,1163,87.82,315,176,74,4944
Cat's Kiss,2022,14.99,1537,1632,84.99,656,175,9,16898
Fresh Body,2021,9.58,1138,1294,71.73,118,175,116,12877
Serious Sam Classics: Revolution,2019,9.99,3186,3737,86.80,95,175,42,7226
A Guidebook of Babel,2023,5.24,839,1705,86.45,235,175,19,4691
Dreamlike Love with Seira,2024,6.99,1284,1549,93.37,378,175,5,4556
Subway Midnight,2021,9.99,1101,1242,75.66,143,175,0,3428
Beavers Be Dammed,2018,Free,0,1274,81.29,35,175,1,3047
Just Dance 2017,2016,—,1815,2020,76.21,1026,174,0,11136
Mind Scanners,2021,16.99,928,1287,73.46,139,174,14,9838
Vampires' Melody,2020,3.99,5524,5696,93.96,202,174,21,8647
Border Officer,2019,9.99,1276,1357,55.84,94,174,12,6170
Fairy Bloom Freesia,2012,7.99,583,1110,80.56,112,174,50,4869
Yellow Taxi Goes Vroom,2024,5.26,1445,1695,92.09,148,174,61,4357
Plutocracy,2019,24.99,1279,1349,76.89,896,173,0,9700
Stella of The End,2023,19.99,2693,2948,92.89,422,173,22,8809
Spooky's Jump Scare Mansion: HD Renovation,2017,9.99,3560,3839,92.13,272,173,34,6862
Krypta FM,2024,Free,0,1942,90.58,0,173,5,1386
Iris.Fall,2018,14.99,2566,2853,84.83,178,172,22,14621
Solar Ash,2022,13.99,1277,1412,86.01,603,172,32,9324
Granny Simulator,2019,4.99,4638,6023,87.05,88,172,0,7725
Cat Bait,2024,4.99,1362,1447,90.66,58,172,37,4782
Knock-knock,2013,9.99,1564,2028,83.60,82,172,18,4375
Luna's Fishing Garden,2021,7.99,1670,2208,89.73,176,172,14,4321
Marble It Up! Ultra,2018,14.99,1042,1117,87.50,146,172,85,3532
Changed,2018,4.99,15649,18106,84.63,177,171,6,29064
When The Past Was Around,2020,4.79,3841,4316,91.59,184,171,20,11560
SUPER CHICKEN JUMPER,2021,2.99,4845,5326,92.54,174,171,22,5563
Odallus: The Dark Call,2015,9.99,850,1345,83.75,142,171,29,4921
[Nightmare Files] Clap Clap,2024,Free,0,5059,92.33,0,171,6,2030
Executive Assault,2015,12.99,1265,1454,81.22,284,170,0,24212
The Pedestrian,2020,19.99,4987,5876,93.19,186,170,10,16426
Toren,2015,9.99,951,1348,61.76,230,170,12,12198
Multi Turret Academy,2024,8.99,1543,1604,90.19,663,170,26,5808
Paquerette Down the Bunburrows,2023,11.99,1047,1202,91.15,1301,170,79,3280
Wrecked,2018,Free,0,2261,75.00,94,170,13,3222
how do you Do It?,2015,Free,0,2519,81.32,10,170,0,2984
Teslagrad,2013,9.99,1695,2460,80.93,232,169,36,8588
Metal Garden,2025,5.99,3123,3197,92.91,97,169,9,5553
Hmmsim Metro,2021,19.99,1660,1723,86.55,97,169,0,4363
Hard Truck Apocalypse / Ex Machina,2014,7.99,2377,2695,80.82,1158,169,0,3968
Missing Hiker,2023,Free,0,3600,82.18,0,169,3,2089
Legendary,2008,5.99,2132,2682,55.68,62,169,0,2069
Pajama Sam: No Need to Hide When It's Dark Outside,2014,6.99,1041,1314,92.09,122,169,0,1662
Corsairs Legacy - Pirate Action RPG & Sea Battles,2024,19.99,1018,1131,72.44,248,168,78,20831
80 Days,2015,12.99,1162,2021,86.27,139,168,35,11566
the static speaks my name,2015,Free,0,5722,79.44,15,168,0,6050
"Please, Don't Touch Anything 3D",2016,9.99,1310,1393,78.30,123,168,22,4924
Engine Evolution 2022,2023,Free,0,1033,71.67,0,168,33,2015
Tyrion Cuthbert: Attorney of the Arcane,2023,29.99,1466,1586,91.75,773,167,8,3348
Color Symphony,2014,Free,0,1289,70.34,16,167,0,3128
Wires And Whiskers,2025,Free,0,1441,89.96,0,167,0,2962
我只是想让她们都幸福,2025,9.99,1962,2028,93.09,0,167,26,817
In Other Waters,2020,14.99,1999,2466,83.53,95,166,0,13563
The Cat Games,2017,0.79,854,1005,84.53,68,166,16,3240
Arzette: The Jewel of Faramore,2024,19.99,821,1025,90.81,265,166,21,3107
Conarium,2017,3.59,1875,2243,74.43,160,165,26,17788
"That Dragon, Cancer",2016,9.99,1339,1525,85.80,73,165,0,15017
ZONE OF THE ENDERS THE 2nd RUNNER : M∀RS / アヌビス ゾーン・オブ・エンダーズ : マーズ,2018,29.99,1032,1321,70.00,158,165,25,11803
420BLAZEIT 2: GAME OF THE YEAR -=Dank Dreams and Goated Memes=- [#wow/11 Like and Subscribe] Poggerz Edition,2024,10.99,1465,1578,93.25,102,165,94,2720
Peggle Extreme,2007,Free,0,2784,90.65,51,165,0,1076
Moss,2018,19.99,2885,3388,91.20,97,164,38,26679
Arco,2024,9.99,2000,2102,91.36,267,164,54,12020
Touhou: Scarlet Curiosity,2018,14.99,1188,1297,87.61,511,164,15,11494
Chicken Police - Paint it RED!,2020,19.02,1587,2491,90.35,223,164,31,9529
Jigoku Kisetsukan: Sense of the Seasons,2015,Free,0,1760,88.68,53,164,21,3614
Commandos 2: Men of Courage,2007,4.99,2365,2782,82.55,13,164,0,3376
Hero of the Kingdom: The Lost Tales 1,2020,6.99,1025,1161,86.97,311,164,26,1669
POOSTALL Royale,2023,Free,0,1110,80.64,26,164,0,933
White Noise 2,2017,9.99,2233,2862,76.96,228,163,54,30382
Dreamcore,2025,14.99,1440,1539,84.62,126,163,25,8501
月影魅像-解放之羽-,2019,15.99,3081,3745,93.43,677,163,14,8237
Higurashi When They Cry Hou - Ch.2 Watanagashi,2015,7.99,1545,1782,91.94,413,163,15,6403
I'm on Observation Duty,2019,2.39,2043,2192,90.95,243,163,8,2905
The Signal From Tölva,2017,19.99,782,1105,66.26,171,162,42,16327
Where the Water Tastes Like Wine,2018,19.99,1395,1705,73.03,138,162,38,12365
Love Ribbon,2017,9.99,1779,1892,86.97,406,162,13,12082
Sakura Hime,2021,3.99,1330,1400,87.45,24,162,13,10669
Propagation VR,2020,Free,0,5814,90.86,35,162,0,9751
Unbound: Worlds Apart,2021,19.99,1163,1302,79.96,199,162,36,8121
Summer of '58,2021,8.99,4458,4860,86.32,100,162,24,5851
Aurora Hills: Chapter 1,2024,Free,0,3495,91.21,0,162,0,5247
Blind Trust,2016,Free,0,1481,52.19,32,162,12,4745
Tiny Terry's Turbo Trip,2024,17.99,1352,2070,90.24,210,162,31,4430
候鸟,2023,10.99,3598,3876,93.53,265,162,9,3234
USAC: Code Breach,2022,14.99,1029,1219,86.80,844,162,25,3045
坏小孩,2021,2.99,1560,1674,90.81,117,162,0,2558
Graviteam Tactics: Mius-Front,2016,34.99,1072,1099,84.25,1229,161,39,11042
狐の旅路,2020,Free,0,1476,90.05,0,161,0,10915
Love wish,2020,0.99,1768,1867,77.25,41,161,75,5102
NanoApostle,2024,19.99,1037,1124,89.82,490,160,33,5899
Storm Chasers,2019,12.99,2662,2853,85.76,270,160,0,5278
雀皇麻雀,2022,Free,0,1341,69.32,3061,160,0,865
BAD END THEATER,2021,9.99,8512,9556,94.55,73,159,48,12587
First Strike,2017,11.99,1870,1988,73.23,337,159,53,12125
Dread Templar,2023,19.99,1064,1688,78.84,126,159,30,10205
DOOM II,2007,—,7874,9069,92.55,20,159,0,9904
Technobabylon,2015,14.99,1106,1609,89.60,486,159,40,5648
The Adventures of Fei Duanmu 端木斐异闻录,2017,1.99,1614,1757,85.66,644,159,16,4060
Double Dragon Trilogy,2015,5.99,788,1083,53.85,75,159,15,3510
Utopia Must Fall,2024,8.99,959,1046,89.31,155,159,21,2102
A Light in the Dark,2018,14.99,1522,1724,88.42,301,158,12,9705
"Dude, Stop",2018,14.99,2435,2695,83.65,302,158,22,7748
Oddworld: Stranger's Wrath HD,2010,9.99,1484,1757,83.63,44,158,36,4481
IMSCARED,2016,3.99,3235,3724,90.75,78,158,11,4180
Vectorio Classic,2021,Free,0,1479,88.26,0,158,1,1918
Ancient Planet Tower Defense,2015,4.99,852,1185,78.22,191,158,47,1498
Neo Cab,2019,14.99,2117,2786,76.80,106,157,18,10495
Islets,2022,19.99,1634,2222,91.27,493,157,44,6899
Running Through Russia,2017,0.99,1360,1463,69.53,38,157,4096,4334
Tom Clancy's Splinter Cell Double Agent®,2009,9.99,1728,1857,37.09,104,157,0,3257
The Light Brigade,2023,24.99,1060,1192,84.46,589,156,24,4923
The Novelist,2013,4.99,551,1036,71.66,119,156,0,2996
Octogeddon,2018,8.88,1229,1285,87.67,1126,156,10,2582
OnlyCans: Thirst Date,2021,Free,0,3975,92.37,0,156,27,2299
High Entropy: Challenges,2020,Free,0,1266,90.27,0,156,46,2095
Swallow the Sea,2021,Free,0,2427,92.72,0,156,10,1843
Different Strokes,2022,Free,0,1525,88.43,1002,156,13,1612
LiEat,2016,2.99,3980,4606,91.95,169,155,30,24549
The Town of Light,2016,18.99,2001,2762,76.69,294,155,20,17322
SinVR,2018,Free,0,1213,58.11,20,155,0,10025
The Citadel,2020,8.99,2302,2767,88.80,319,155,0,9226
She Sees Red - Interactive Movie,2019,7.99,2710,3144,75.45,118,155,15,8123
NOeSIS01_诉说谎言记忆物语,2020,Free,0,1497,92.51,0,155,0,6340
Kill or Love,2020,Free,0,2187,85.38,0,155,0,3309
Doll Impostor,2024,7.99,914,1023,87.89,585,155,206,1166
DARQ: Complete Edition,2019,19.99,3543,4154,90.40,180,154,17,21404
The Shadow of Yidhra,2021,10.99,1322,1371,85.53,334,154,0,8779
THRESHOLD,2024,9.99,1040,1233,81.10,154,154,14,5846
Novus Inceptio,2015,19.99,1080,1300,51.70,216,153,58,59073
Praetorians - HD Remaster,2020,19.99,828,1084,86.53,14,153,21,6545
Adventure Time: Pirates of the Enchiridion,2018,24.99,885,1169,85.45,315,153,36,5480
Real Boxing™,2014,4.99,900,1438,62.41,206,153,11,2274
You Have 10 Seconds,2016,Free,0,1354,84.48,31,153,0,1718
Northern Journey,2021,11.99,3332,3523,92.87,447,153,0,5
Noel the Mortal Fate Complete Edition,2018,14.99,3122,3298,83.27,385,152,0,13446
Star Fetchers,2020,Free,0,7337,93.87,81,152,0,9886
Original War,2014,9.99,1782,2136,90.52,1735,152,59,6289
BBQ Simulator: The Squad,2022,3.99,879,1088,77.20,70,152,26,1822
Corpse Party,2016,14.99,1236,1368,84.60,324,151,17,14273
Hunt Down The Freeman,2018,9.99,3731,4469,54.58,234,151,37,8363
THE KING OF FIGHTERS '97 GLOBAL MATCH,2018,1.49,1463,1589,77.06,147,151,18,7178
DEAD LETTER DEPT.,2025,9.74,1594,1638,90.75,263,151,17,3705
Draw a Stickman: EPIC,2013,3.99,873,1300,76.13,106,151,52,1524
Grimlord,2024,29.99,906,1130,74.91,213,150,0,7656
Blitzkrieg 2 Anthology,2014,4.99,1090,1271,80.63,361,150,0,6744
Fears to Fathom - Norwood Hitchhike,2022,4.99,2898,3077,84.30,67,150,6,5700
Hello Neighbor Alpha 2,2019,Free,0,4501,91.16,67,150,0,3538
The Almost Gone,2020,9.99,989,1198,76.64,158,150,12,3367
Catto's Post Office,2025,4.99,1071,1297,92.45,60,150,18,2524
Tree Simulator 2022,2021,5.99,1013,1251,91.55,175,150,19,1036
Vanishing Realms™,2019,19.99,2482,2578,86.30,297,149,9,16300
Through the Woods,2016,2.99,1174,1660,68.98,141,149,27,11150
Space Beast Terror Fright,2022,14.99,1239,1775,87.18,273,149,0,10231
Dark Fracture: Prologue,2020,Free,0,1358,79.56,0,149,8,4770
Is this Game Trying to Kill Me?,2024,14.99,1396,1547,90.03,213,149,17,4068
Hello Neighbor Alpha 1,2019,Free,0,4052,89.03,74,149,0,3580
DYO,2018,Free,0,1851,91.61,54,149,10,3257
September 7th,2023,6.99,2663,2965,84.57,95,149,13,3235
Alien Removal Division,2022,Free,0,1079,84.05,0,149,26,2998
Smilemo,2022,9.99,1132,1270,71.43,40,149,14,1797
Tales From Space: Mutant Blobs Attack,2012,9.99,649,1034,86.70,122,149,14,1168
Valfaris,2019,24.99,1669,2696,79.61,44,148,35,13195
SURV1V3,2021,24.99,1620,1790,78.20,230,148,114,12905
Clash: Artifacts of Chaos,2023,3.99,1132,1429,85.69,276,148,21,10204
Kidnapped Girl,2020,Free,0,6350,83.46,0,148,2,6584
Bad Parenting 1: Mr. Red Face,2024,1.99,2836,2982,83.81,47,148,0,4894
Warlords Battlecry III,2016,9.78,935,1004,79.90,728,148,0,3600
"Yes, Master!",2020,Free,0,1043,73.74,0,148,10,3414
CLICKOLDING,2024,2.99,1588,1730,78.58,72,148,2,2023
Blackjack Championship,2020,Free,0,1681,64.11,100,148,0,586
RDS - The Official Drift Videogame,2019,11.99,997,1075,74.78,1849,147,0,14171
Hellsplit: Arena,2019,24.99,3726,3945,81.52,214,147,16,12402
STAND OUT VR : VR Battle Royale,2019,24.99,1222,1409,69.80,165,147,0,9833
Unreal Tournament: Game of the Year Edition,2008,—,3697,4421,92.92,85,147,0,9731
TOKYO GHOUL:re [CALL to EXIST],2019,59.99,2147,2714,68.49,231,147,39,9017
Aerofly FS 4 Flight Simulator,2022,59.99,1232,1262,84.16,1440,147,0,7150
Eleven Table Tennis,2016,29.99,3005,3260,90.56,196,147,0,6917
Beast Battle Simulator,2018,9.99,1210,1264,83.20,437,147,0,6051
Save Room - Organization Puzzle,2022,2.99,1982,2431,92.61,60,147,33,1863
The Mammoth: A Cave Painting,2017,Free,0,1143,86.92,35,147,1,1355
Neverending Nightmares,2014,14.99,2066,2987,73.90,133,146,4,13250
Until You Fall,2020,24.99,2867,3286,90.35,88,146,47,12493
IL-2 Sturmovik: 1946,2008,9.99,2608,3150,84.20,59,146,0,7742
AVICII Invector,2019,19.99,2048,3364,92.92,246,146,24,4873
Ittle Dew,2013,19.99,475,1336,87.12,323,146,15,4119
Dollmare,2024,4.99,1903,2015,89.90,123,146,15,2692
INFRA,2016,29.99,3310,3570,85.13,711,145,74,13306
Devil May Cry® 3 Special Edition,2007,—,2696,3978,61.16,50,145,0,9377
Umineko When They Cry - Question Arcs,2016,24.99,2426,2646,91.02,2813,145,22,7997
Slipstream,,9.99,0,1713,83.94,0,145,0,4396
Four Last Things,2017,9.99,1446,1541,90.70,149,145,17,3333
Reminiscence,2025,Free,0,1504,80.93,0,145,16,3191
Hello Neighbor Pre-Alpha,2019,Free,0,2378,86.90,108,145,0,2601
Paint Warfare,2022,Free,0,1904,81.99,0,145,14,1948
狼と香辛料VR/Spice&WolfVR,2019,24.99,1047,1216,87.51,50,144,8,14672
Legacy of Kain: Soul Reaver,1999,—,1576,1906,71.04,18,144,0,7771
Synth Riders,2019,24.99,1313,1643,87.18,89,144,0,5666
Love Sucks: Night One,2021,Free,0,1098,89.20,0,144,15,5127
Far Fishing,2025,2.99,987,1001,92.01,198,144,8,588
Forgotton Anne,2018,19.99,1583,1993,85.77,122,143,33,16546
Blood Spear,2021,Free,0,2335,91.02,0,143,0,3747
Gun Devil,2022,Free,0,1577,91.33,0,143,11,1302
Vaporum,2017,19.99,976,1042,80.87,265,142,59,12128
Blue Estate The Game,2015,12.99,1436,1897,87.85,142,142,27,8461
Bootstrap Island,2026,23.98,1073,1126,78.59,185,142,30,7965
STRIDE,2022,19.99,1981,2178,76.73,177,142,51,7675
Fashion Police Squad,2022,19.99,844,1540,83.47,188,142,25,6101
Kane and Lynch: Dead Men™,2007,—,2618,3406,63.25,117,142,0,5954
Warbox,2021,9.99,3354,3571,56.11,1426,142,19,5675
Tiny Bunny: Prologue,2020,Free,0,2246,90.68,64,142,6,5576
Florence,2020,1.49,14233,15764,90.96,49,141,12,19491
The Ditzy Demons Are in Love With Me,2018,24.99,1462,1526,91.29,422,141,13,16954
The Shapeshifting Detective,2018,14.99,1143,1679,74.33,165,141,21,7417
Wanderer,2022,39.99,0,1059,79.94,0,141,0,6379
Disciples II: Gallean's Return,2006,5.99,1446,1614,79.84,40,141,0,3164
Chaos,2024,Free,0,3806,85.20,0,141,10,2733
Rock Simulator,2019,1.99,1550,1874,90.00,2724,141,55,1732
Wayward,2016,7.99,1201,1350,82.15,94,140,0,28507
The Deadly Tower of Monsters,2016,14.99,1047,1404,84.50,153,140,25,11231
Saiko no sutoka,2021,4.99,3454,3717,88.20,102,140,30,10021
Lily's Well,2022,Free,0,2542,93.11,0,140,21,2049
The Bug Butcher,2016,7.99,661,1201,85.64,159,139,31,9673
2064: Read Only Memories,2015,9.99,694,1664,76.40,132,139,64,6527
恋爱绮谭~不存在的夏天~,2020,8.99,2815,3313,80.74,389,139,12,5453
Jet Lancer,2020,14.99,1109,1189,87.47,123,139,42,4972
SKYE,2020,Free,0,1336,87.51,0,139,17,2669
The Fruit of Grisaia,2015,39.99,1019,1098,87.52,686,138,0,26070
The Gardens Between,2018,19.99,2331,2729,89.76,175,138,17,11885
3030 Deathwar Redux - A Space Odyssey,2017,14.99,1037,1148,88.64,294,138,39,10399
Neon Drive,2016,9.99,1640,2155,79.78,48,138,16,6861
Mosaique Neko Waifus 5,2022,5.99,1324,1465,88.97,183,138,100,5289
Wonderful Everyday Down the Rabbit-Hole,2017,29.99,2291,2475,88.63,3070,137,0,12080
STEINS;GATE: My Darling's Embrace,2019,29.99,1669,1782,90.78,580,137,50,8388
Monument Valley 2,2022,7.99,3272,3922,89.73,113,137,16,6365
Radiator 2: Anniversary Edition,2016,Free,0,2956,82.96,27,137,5,5327
The Hex,2018,9.99,4384,5427,90.89,317,137,28,4883
The Mooseman,2017,7.99,984,1192,84.02,174,137,15,3785
七人杀阵 - Seven Sacrifices,2018,6.99,932,1069,76.39,444,137,20,2528
Paradise Cleaning!,2018,Free,0,1325,88.18,23,137,27,2250
You Will (Not) Remain,2022,Free,0,2526,88.21,0,137,8,2018
Hellbound: Survival Mode,2019,Free,0,1911,83.59,28,136,0,10924
All Is Dust,2015,Free,0,1321,45.88,12,136,0,7109
Signal Simulator,2018,19.99,958,1024,76.00,550,136,0,4508
Clone Drone in the Hyperdome,2024,12.99,999,1042,86.26,284,136,0,2796
A.W.O.L.,2022,Free,0,1114,75.57,0,136,0,1784
Скуф на рыбалке,2025,0.99,2518,2891,89.42,67,136,9,1194
SquareCells,2015,2.99,1198,1239,85.38,219,136,7,973
Project Nimbus: Complete Edition,2017,6.99,1467,1674,81.10,126,135,30,22114
GIBZ,2017,5.99,1290,1564,83.72,314,135,75,6943
Kaze and the Wild Masks,2021,14.99,1824,1956,89.34,387,135,25,5897
LOOPERS,2023,19.99,948,1022,82.57,243,135,21,5398
Dialtown: Phone Dating Sim,2022,7.99,1983,2180,94.27,170,135,10,3917
Imperial Glory,2014,4.99,1151,1325,74.48,271,135,0,2748
Yomawari: Night Alone,2016,19.99,1891,2267,73.50,174,134,27,22489
Hylics,2015,2.99,7830,8514,95.01,93,134,0,7944
Children of Silentown: Prologue,2020,Free,0,1048,90.58,33,134,0,4362
Bloody Walls,2016,Free,0,1502,76.71,28,134,9,2700
King of the Bridge,2024,2.99,1566,1660,90.44,88,134,37,2165
The Happyhills Homicide,2024,Free,0,1904,90.52,0,134,0,1442
Astebreed: Definitive Edition,2014,19.99,1252,1618,84.01,114,133,40,10515
Arctic Eggs,2024,9.99,4917,5596,92.49,123,133,16,8414
Post Void,2020,2.39,10503,12057,94.15,68,133,7,8178
Erica,2021,5.99,1582,1716,75.42,306,133,33,5912
Burnhouse Lane,2022,14.99,959,1076,88.67,76,133,30,2759
Open World Game: the Open World Game,2019,Free,0,2531,88.76,67,133,20,1695
Dave's Fun Algebra Class: Remastered,2024,Free,0,1011,82.95,0,133,17,846
Hexologic,2018,4.99,671,1339,90.84,194,133,11,777
Maximum Action,2018,19.99,3611,3836,86.30,119,132,0,13624
Azure Striker Gunvolt,2015,14.99,1626,1737,81.32,355,132,25,9201
Evil Nun: The Broken Mask,2023,19.99,1017,1084,89.69,392,132,37,5663
Tiny Lands,2021,6.99,856,1060,86.99,298,132,14,2439
Hashiriya Drifter-Online Drift Racing Multiplayer (DRIFT/DRAG/RACING),2020,1.99,1338,1472,66.18,110,132,0,2135
Black One Blood Brothers,2022,17.99,1273,1366,76.08,191,131,200,17897
[Chilla's Art] The Convenience Store | 夜勤事件,2020,2.99,2943,3190,79.64,83,131,5,8188
Endorphin Vice,2022,8.99,2756,2841,53.09,171,131,7,3354
The Void Rains Upon Her Heart,2018,12.99,1563,1910,94.01,598,131,766,2488
The Test: Final Revelation,2020,1.99,5295,5376,94.26,97,131,0,541
Witch Hunt,2018,9.99,2246,2409,84.70,348,130,22,22280
Confess My Love,2017,Free,0,4840,90.24,92,130,21,9287
Aeterna Noctis,2021,29.99,1579,1976,72.77,1029,130,142,7356
Charlie Murder,2017,9.99,2471,2781,91.68,152,130,30,6242
Grandpa High on Retro,2025,7.99,1492,1586,86.64,117,130,0,4715
Rental,,Free,0,5324,89.28,0,130,0,3946
[Chilla's Art] Night Delivery | 例外配達,2021,2.99,1198,1311,75.14,109,130,6,2599
EMPTY SHELL: PROLOGUE,2023,Free,0,1383,89.33,78,130,26,2023
Tormentum - Dark Sorrow,2015,11.99,2422,2658,90.02,307,129,34,18152
Castlevania Anniversary Collection,2019,19.99,1723,2194,78.02,110,129,14,9226
"If On A Winter's Night, Four Travelers",2021,Free,0,2672,91.92,601,129,15,4547
Cavern of Dreams,2023,12.99,1138,1465,87.94,230,129,2,4013
pla_toon,2018,Free,0,1466,83.76,0,129,0,2332
Moral Dilemma: The Interview,2025,Free,0,1043,80.80,71,129,46,1380
APE OUT,2019,14.99,3585,3957,91.09,125,128,23,11908
OverDrift Festival,2022,6.29,1095,1187,75.50,1001,128,0,5790
The Red Lantern,2021,24.99,875,1206,78.66,372,128,27,5281
Hakuoki: Edo Blossoms,2018,9.99,891,1067,90.42,187,128,36,4214
TAPSONIC BOLD,2019,19.99,1131,1195,72.39,444,128,69,2548
IRMÃO Grande & Brasileiro 2,2021,19.99,1301,1410,92.35,461,128,12,1414
Candleman: The Complete Journey,2018,14.99,1065,1247,87.14,882,127,19,9431
HELLBOUND,2026,14.99,0,1498,62.53,0,127,12,9409
Silver Chains,2019,2.49,912,1328,67.20,135,127,16,5518
Under the Sand REDUX - a road trip simulator,2020,19.99,1479,1533,74.65,455,127,0,4650
Gothic 3: Forsaken Gods Enhanced Edition,2011,9.99,979,1329,49.10,36,127,0,3086
Varenje,2018,Free,143,1497,82.64,137,127,26,2843
Project Rhombus,2017,Free,129,1400,87.83,71,127,4,1863
Red Orchestra: Ostfront 41-45,2006,4.99,1503,2538,83.72,79,126,44,18731
Kayak VR: Mirage,2022,22.99,984,1029,78.14,55,126,30,11561
Corpse Party (2021),2021,19.99,1321,1415,85.97,239,126,33,7699
Decarnation,2023,4.94,904,1044,83.08,298,126,15,7014
Empires Mod,2008,Free,0,1050,82.07,1658,126,8,5500
SEXTS,2023,Free,0,1277,74.61,43,126,11,4210
Mitoza,2021,Free,0,3733,92.31,40,126,12,1853
Double Shoulders,2025,Free,0,1242,46.87,0,126,0,1612
Iron Meat,2024,19.99,928,1046,90.99,170,125,35,9191
Chess for idiots,2024,Free,0,1544,88.98,0,125,47,2865
Ghost Master®,2006,4.99,1701,1934,85.41,49,125,0,2568
Ancient Dungeon,2021,19.99,1533,1654,90.04,170,124,77,10658
Pronty,2021,17.99,1022,1255,86.63,605,124,44,5175
Marble World,2022,19.99,1212,1279,84.87,1619,124,32,4431
The Chrono Jotter,2021,11.99,1907,2212,89.82,310,124,0,4082
Kami,,3.99,0,1254,90.22,0,124,0,2033
Pleh!,2023,Free,0,1337,89.97,0,124,42,430
South of the Circle,2022,12.99,1261,1607,80.88,246,123,10,6998
The Dark Occult,2018,14.99,1126,1263,66.54,378,123,46,5537
Postmouse,2023,Free,0,1564,85.94,0,123,0,3572
Eryi's Action,2013,4.99,884,1395,83.73,155,123,32,2309
The Impossible Game,2014,2.99,1216,1491,80.33,79,123,12,2088
Oddworld: Munch's Oddysee,2010,4.99,979,1098,73.92,175,122,38,2006
AaaaaAAaaaAAAaaAAAAaAAAAA!!! for the Awesome,2011,9.99,534,1094,71.20,18,122,10,963
Caribbean Crashers,2024,0.99,0,1377,70.44,0,122,0,795
Heartbound,2018,9.99,3238,3671,54.20,133,121,31,26752
Shadwen,2016,16.99,1027,1349,73.61,130,121,48,18355
The Unfinished Swan,2020,3.74,1794,1925,80.23,130,121,10,9082
Penumbra: Black Plague Gold Edition,2009,9.99,2686,2904,89.86,206,121,0,8449
Virtual Rides 3 - Funfair Simulator,2017,24.99,850,1003,83.37,56,121,10,4863
and Roger,2025,4.99,2108,2158,90.78,65,121,15,2596
Creepy Tale 3: Ingrid Penance,2023,9.99,726,1008,84.39,568,121,33,2426
WAVESHAPER,2017,1.89,2075,2196,84.52,148,121,124,1256
NORCO,2022,14.99,2595,3023,88.90,132,120,35,13289
planetarian HD,2017,9.99,3068,3266,94.62,155,120,21,10984
Apsulov: End of Gods,2019,19.99,1490,1691,83.36,238,120,39,9158
Devil's Hunt,2019,14.99,575,1091,41.83,296,120,30,6882
Pew Dew Redemption,2019,Free,0,1593,80.08,0,120,20,3062
Blazing Chrome,2019,16.99,1291,1929,83.61,30,119,39,9637
Murder House,2020,11.99,2049,2292,90.76,151,119,7,6589
"Mýrdalssandur, Iceland",2020,—,0,1577,86.81,22,119,0,6327
Kraken Academy!!,2021,17.99,702,1027,85.36,206,119,48,4358
Super Lesbian Animal RPG,2022,14.99,1409,1852,93.84,717,119,0,3804
Martial Law,2021,Free,0,3856,88.78,0,119,6,3554
Super Trench Attack!,2014,4.99,1106,1288,85.83,194,119,24,2064
Cibele,2015,8.99,331,1273,50.73,87,119,0,1588
Dogs Organized Neatly,2021,0.89,1333,1437,92.54,311,119,20,1497
Einar,2017,Free,0,1428,60.13,12,118,0,17138
Blues and Bullets,2015,4.99,1106,1371,60.96,241,118,14,11934
Ad Infinitum,2023,3.49,791,1421,75.58,279,118,29,10018
Whispers of a Machine,2019,14.99,1361,1961,88.90,298,118,25,6657
Let Them Come,2017,7.99,1065,1353,80.48,145,118,25,4156
Fireboy & Watergirl: Elements,2019,0.99,1030,1112,82.09,115,118,2,1837
Thirty Flights of Loving,2012,4.99,1264,1878,61.98,25,118,0,1025
The Pathless,2021,9.99,1810,2039,86.84,364,117,43,11323
Second Chance,2020,Free,0,1123,80.42,0,117,0,5132
Akane,2018,4.99,2708,2858,91.41,149,117,35,4667
Parking Garage Rally Circuit,2024,9.99,1421,1478,91.62,54,117,15,3727
BABBDI,2022,Free,0,7966,94.35,0,117,10,3063
Blood Knights,2013,9.99,453,1048,62.30,165,117,12,1699
100 Doors Game - Escape from School,2020,Free,0,1124,70.89,0,117,14,1130
My Island,2024,14.99,1625,1708,64.70,405,116,0,13518
Tom Clancy's Rainbow Six® Vegas,2008,9.99,1556,1680,76.58,31,116,0,8223
The Backrooms Game FREE Edition,2019,Free,0,3588,77.64,0,116,0,5964
Scoot,2020,12.99,1342,1440,85.77,1508,116,0,1789
Felvidek,2024,10.99,4980,5396,94.87,345,115,0,15285
Snow Daze: The Music of Winter Special Edition,2018,9.99,1308,1363,87.55,282,115,31,11546
Mago,2022,14.99,887,1002,88.08,470,115,43,8581
The Way,2016,14.99,891,1295,79.19,309,115,29,5786
Alex Jones: NWO Wars,2024,17.76,1741,1816,87.43,39,115,0,5191
Commando Collection,2024,4.78,1327,1540,91.39,137,115,24,3989
Disciples II: Rise of the Elves,2006,5.99,1246,1404,83.17,150,115,0,2345
A Building Full of Cats,2022,0.99,3983,4357,95.00,74,115,23,1953
Mushroom Cats,2019,Free,0,1725,91.59,0,115,24,1260
Dropsy,2015,9.99,1590,2113,88.58,107,114,30,6258
FURIDASHI: Drift Cyber Sport,2017,11.99,1061,1180,78.30,526,114,60,5314
Underhero,2018,14.99,687,1151,82.69,389,114,44,4840
Bad Dream: Coma,2017,1.79,1942,2195,87.31,152,114,21,4649
The Yawhg,2014,9.99,1124,1452,79.00,81,114,0,3606
Run Zeus Run,2017,Free,0,1884,84.75,77,114,170,729
SlipSlop: World's Hardest Platformer Game,2019,Free,0,1679,78.96,0,114,32,426
Rake,,4.99,0,4377,69.39,0,113,0,34895
BallisticNG,2018,14.99,2199,3640,90.53,28,113,26,9260
Worldless,2023,19.99,1422,1555,90.06,1355,113,24,6895
Hell Wedding 夜嫁,2020,Free,0,1179,82.40,404,113,0,5203
Eliza,2019,14.99,984,1724,86.45,166,113,1,4664
Cats and the Other Lives,2022,19.90,1060,1495,86.67,361,113,29,4334
Marc Eckō's Getting Up: Contents Under Pressure,2013,14.99,2188,2382,85.51,59,113,0,4297
Unsung Warriors - Prologue,2019,Free,0,1434,89.87,0,113,11,3721
The Big Con,2021,14.99,1030,1292,88.67,256,113,51,2695
The Children of Clay,2025,Free,0,3612,94.66,0,113,6,1834
Them and Us,2021,39.99,1162,1582,72.14,286,112,40,11827
G String,2020,17.99,1168,1229,80.12,997,112,0,6459
Sanitarium,2014,12.99,1178,1303,88.26,735,112,20,5673
Black Mirror I,2014,2.49,1128,1444,80.08,525,112,0,3447
BRUTALISTICK VR,2024,9.99,1033,1065,90.24,562,112,0,1273
Who's Lila?,2022,11.99,3200,3536,90.81,101,111,26,8497
"El Paso, Elsewhere",2023,19.99,1314,1395,86.02,380,111,21,7752
Scania Truck Driving Simulator,2014,1.99,1445,1961,78.14,56,111,0,6315
9-nine-:Episode 4,2021,19.99,1389,1417,92.68,608,111,0,3738
Hustle Cat,2016,19.99,1020,1312,87.97,440,111,12,3505
True Fear: Forsaken Souls Part 1,2016,2.24,1073,1208,87.31,480,111,30,3309
Alpaca Stacka,2021,Free,0,5972,93.91,0,111,6,3304
G.O.P.O.T.A,2023,13.50,1476,1703,78.88,22,111,53,1298
Vox Machinae,2022,29.99,1167,1272,83.42,245,110,30,12553
Seed of the Dead,2018,14.99,1034,1102,75.59,186,110,0,12512
Misao - 2024 HD Remaster,2017,9.99,2263,2475,91.22,232,110,21,7078
ARMA: Gold Edition,2011,9.99,841,1304,72.79,45,110,0,6960
Lumino City,2014,11.99,605,1380,82.64,184,110,0,5446
Project Arrhythmia,2019,11.99,2322,2566,90.99,220,110,19,4571
The Ramp,2021,5.99,1095,1538,87.74,20,110,12,2936
Disturbed,2016,Free,0,1857,88.10,64,110,17,2931
Furry Aim Trainer,2025,0.99,1325,2217,88.66,80,110,15,1734
Grapple,2022,Free,0,2041,51.04,0,110,0,679
Aerofly FS 2 Flight Simulator,2017,49.99,1950,2020,76.30,1622,109,0,18094
Bus World,2023,19.99,1762,1990,70.09,185,109,14,7916
The Bunny Graveyard,2023,6.99,1279,1475,89.62,214,109,20,5794
Lucius III,2018,19.99,1002,1272,52.57,323,109,36,4825
Faces of War,2014,4.99,1014,1193,83.66,214,108,0,4507
Paratopic,2018,5.49,1300,2104,71.09,38,108,20,3012
Mutilate-a-Doll 2,2019,9.00,1592,1732,88.97,474,108,0,2850
Cats in Time,2021,3.99,1013,1369,90.50,293,108,24,2380
Purrgatory,2021,Free,0,4908,95.06,0,108,0,2364
Kyle is Famous: Complete Edition,2019,9.99,189,1382,86.57,43,108,18,2074
Locke(d),2023,Free,0,1094,87.82,0,108,6,541
Medusa's Labyrinth,2016,Free,0,1109,74.61,32,107,0,10369
Sky Rogue,2017,19.99,1036,1208,87.53,521,107,28,8910
Air Brawl,2015,Free,318,1714,75.81,42,107,15,5659
Escape the Game,2016,Free,0,1887,80.06,20,107,0,4485
Neon Boost,2019,Free,0,2468,86.48,0,107,20,2856
Summerland,2020,Free,0,1751,87.01,0,107,9,2709
Fractal Block World,2021,6.99,1189,1278,92.67,308,107,256,1676
Cave Crawler,2023,Free,544,3110,91.22,45,107,0,997
Cats and Seek: Osaka,2023,Free,0,1801,93.17,13,107,100,911
Zodiacats,2022,0.99,1193,1280,93.16,129,107,18,905
Leaving Lyndow,2017,3.99,1096,1161,77.72,112,106,7,4220
Port of Call,2015,Free,0,1273,83.84,38,106,7,1859
memories,2023,Free,0,1515,88.73,0,106,7,692
Jenny LeClue - Detectivu,2019,14.99,1223,1356,82.93,4692,105,61,6560
Alisa,2021,17.99,1288,1505,84.90,574,105,25,6538
My Little Blacksmith Shop,2025,9.99,1090,1164,67.85,1161,105,0,6044
CARIMARA: Beneath the forlorn limbs,2025,4.99,2164,2321,92.08,115,105,16,5604
My succubus Kukula,2024,Free,0,1345,92.05,0,105,31,912
Tracks - The Train Set Game,2019,19.99,1173,1509,88.88,62,104,15,8629
Plug & Play,2015,3.99,4008,4932,81.90,27,104,0,7761
Creed: Rise to Glory™,2018,29.99,1671,2208,70.99,61,104,30,7077
The Lar,2019,Free,0,1089,89.39,0,104,14,3961
Lunistice,2022,4.99,1735,1852,91.13,91,104,22,3364
click to ten,2022,Free,0,4720,89.58,0,104,0,1418
Touhou Fantasia / 东方梦想曲,2019,Free,0,1483,90.79,0,103,9,3838
Crimson Snow (2023),2023,6.99,1245,1500,89.67,127,103,18,3602
The First Templar - Steam Special Edition,2011,9.99,534,1025,68.76,264,103,50,3428
Bloodwash,2021,7.99,1183,1363,87.61,112,103,15,2850
Golgotha,2023,Free,0,1032,77.00,0,103,0,1082
COMPOUND,2022,19.99,2036,2117,92.38,132,102,21,11064
GYLT,2023,19.99,831,1204,90.21,276,102,29,7940
MewnBase,2023,9.99,1311,1430,87.99,579,102,21,7310
FarmD,2021,Free,0,1953,80.18,0,102,0,4839
Home,2025,Free,0,3336,86.67,0,102,1,4286
Home,2025,Free,0,3336,86.67,0,102,1,4286
Smile For Me,2019,12.99,2045,2933,92.25,240,102,24,4003
Bionic Commando: Rearmed,2009,3.19,731,1141,58.98,26,102,0,1480
Maia,2018,24.99,827,1063,44.51,1394,101,0,12869
Neighbours from Hell Compilation,2013,—,2243,3081,93.48,37,101,0,9572
Carpe Diem,2015,Free,121,8552,86.55,18,101,2,9312
Lurk in the Dark : Prologue,2019,Free,0,2163,84.92,0,101,10,8021
月球坠落时 Moon Fall,2021,2.24,952,1044,83.76,90,101,12,7266
A Summer's End - Hong Kong 1986,2020,14.99,2054,2160,91.50,417,101,0,6591
Kukoro: Stream chat games,2024,2.49,912,1016,91.89,514,101,91,3056
Zardy's Maze,2021,Free,0,1575,86.69,0,101,25,1748
The Dishwasher: Vampire Smile,2017,9.99,1680,1783,90.43,180,100,12,7467
theBlu,2022,Free,0,1278,80.92,39,100,0,6801
The Many Pieces of Mr. Coo,2023,14.99,905,1001,81.95,106,100,21,4223
Puzzle Agent 2,2011,2.49,588,1136,82.76,180,100,52,1557
The Stillness of the Wind,2019,12.99,1324,1701,72.25,46,99,0,10716
Aquaria,2008,9.99,730,1513,83.96,41,99,27,5873
Khimera: Destroy All Monster Girls,2016,Free,0,1394,90.59,134,99,28,3236
Still Life,2011,7.99,870,1078,78.26,232,99,0,2419
Dementium II HD,2013,5.99,954,1266,49.58,253,99,23,1336
Sairento VR,2018,29.99,1443,1710,81.20,83,98,69,16657
Neverinth,2020,15.99,941,1093,66.59,172,98,0,14323
Downfall,2024,8.99,0,1630,89.41,0,98,22,4686
Aircar,2019,Free,0,2446,90.46,0,98,0,4404
Haven Park,2021,8.99,857,1077,89.16,81,98,19,3063
The Inner World,2013,1.49,902,1493,84.51,263,98,23,3027
Durka Simulator,2023,Free,0,1701,89.26,0,98,21,1161
Travellin Cats in Italy,2023,0.49,1737,1899,92.91,14,98,102,785
Glass,2026,1.99,0,1501,82.32,0,97,0,6991
Epiphyllum in Love,2020,3.99,2207,2307,93.42,165,97,14,3318
Squirrel Stapler,2023,7.99,1922,2213,91.86,96,97,8,2870
Chippy,2019,14.99,1075,1171,86.14,440,97,22,2653
JellyCar Worlds,2022,7.99,953,1022,91.14,103,97,18,1884
The Lost Mythologies,2016,Free,0,1718,64.62,16,96,1,12229
True Love ～Confide to the Maple～,2016,11.99,1319,1602,81.11,2243,96,24,7259
Endless Monday: Dreams and Deadlines,2023,9.99,1757,1898,93.52,158,96,55,5174
At Home Alone,2018,Free,0,1888,81.25,0,96,4,4643
Panzer War : Definitive Edition,2018,10.79,1252,1305,80.95,90,96,0,4014
How Fish Is Made,2022,Free,0,5401,91.70,0,96,0,2562
Choice of Life: Middle Ages,2020,4.99,1686,1777,85.08,79,96,19,1985
GAROU: MARK OF THE WOLVES,2016,9.99,904,1032,89.48,133,95,28,3390
RetroMaze,2018,0.99,1453,1568,91.30,70,95,232,892
NEKOPALIVE,2016,Free,0,1493,87.73,37,94,0,12063
Catlateral Damage,2015,9.99,1000,1373,84.77,104,94,34,8138
TSIOQUE,2018,13.99,826,1875,90.09,179,94,31,6443
Easy Red,2017,3.99,904,1002,75.76,198,94,13,4667
Super Kiwi 64,2022,2.99,1739,1946,91.33,216,94,0,2096
Super Naughty Maid 2,2019,15.99,1254,1337,83.15,95,93,0,21448
Dungeons of Blood and Dream,2024,7.59,1056,1100,88.90,275,93,27,5839
Tukoni: Prologue,2020,Free,0,3960,93.44,0,93,8,5132
PUSS!,2018,9.99,1053,1550,83.72,73,93,25,3400
Fruit Postal Service,2019,Free,0,1344,71.48,0,93,0,363
Shark Attack Deathmatch 2,2019,2.24,1418,1882,72.96,59,92,22,14141
Dead Effect 2 VR,2017,24.99,1159,1215,77.26,97,92,206,6243
V-Rally 4,2018,29.99,627,1284,65.63,718,92,49,4663
Aperture Hand Lab,2019,Free,0,1587,82.21,14,92,0,4425
The Inn-Sanity,2025,6.31,1456,1539,91.16,191,92,23,3560
The Upturned,2022,9.99,2401,2622,94.39,363,92,8,3422
Granny 3,2021,7.99,1143,1234,86.12,359,92,0,2728
The Call of Karen,2020,Free,0,1216,75.97,0,92,0,1599
Banebush,2024,2.99,1951,2100,90.50,176,92,30,1150
花火与幽灵少女 - Hanabi and Ghost girl,2025,Free,0,1313,93.10,0,92,12,843
Lemonade Apocalypse,2024,Free,0,1099,89.61,0,92,11,287
Season of 12 Colors,2016,2.99,1791,2048,89.43,150,91,5,5716
The Old Tree,2015,Free,0,3311,86.52,26,91,0,5144
ZeroRanger,2018,11.99,1944,2135,91.44,74,91,1,3934
With You,2022,Free,0,2799,85.45,0,91,0,3165
The Monster Inside,2017,Free,0,2063,83.90,18,91,7,2406
Thief Simulator VR,2020,19.99,1338,1444,66.91,58,90,22,11618
Unforgiving - A Northern Hymn,2017,14.99,1414,1565,79.80,156,90,16,9615
Ex-Zodiac,2022,5.39,873,1002,88.95,45,90,28,6768
Battle Talent,2023,19.99,1115,1184,74.19,356,90,0,5653
Memory Oblivion Box,2016,9.99,839,1107,87.43,789,90,10,5305
Still There,2019,14.99,762,1342,81.87,182,90,23,4659
Welcome to Kowloon,2023,6.99,1660,1843,78.42,97,90,8,3940
The Purring Quest,2015,9.99,1185,1720,78.89,206,90,23,3707
Blaster Master Zero,2019,9.99,1004,1059,87.65,381,90,15,3439
One Thousand Lies,2016,Free,0,1128,84.62,688,90,1,3387
Stephen's Sausage Roll,2016,29.99,1492,1916,90.65,447,90,0,3118
The Boba Teashop,2025,4.99,909,1185,88.93,54,90,5,2172
The Count Lucanor,2016,9.99,2348,2872,89.31,182,89,32,7007
Close To The Sun,2020,19.99,816,1272,71.05,329,89,27,5245
Twin Mirror,2021,29.99,911,1610,74.15,426,89,24,4642
My Brother Rabbit,2018,14.99,1659,2032,91.63,248,89,30,4290
"Calm Down, Stalin",2016,3.99,1033,1133,85.60,80,89,16,3200
The New Flesh,2025,Free,0,2836,93.09,0,89,17,2150
Travellin Cats in Christmas,2024,Free,0,1168,91.93,0,89,100,588
Unforeseen Incidents,2018,17.50,936,1041,82.96,555,88,18,10008
Postal III,2012,5.99,4633,6028,46.59,183,88,35,9340
Nyan Cat: Lost In Space,2015,4.99,1588,1990,88.42,196,88,20,4884
Mr. Hopp's Playhouse,2019,Free,0,1813,88.90,0,88,12,2397
Lost girl`s [diary],2016,Free,0,1121,78.04,30,88,10,1883
Starblast,2017,9.99,1019,1081,77.57,176,88,27,1821
A Date in the Park,2016,Free,0,2004,83.72,69,88,9,1457
Werewolf: The Apocalypse - Earthblood,2022,29.99,1338,1618,67.42,126,87,43,8183
Tiny Snow,2019,3.99,3856,4158,90.16,162,87,9,7226
東方幕華祭 TouHou Makuka Sai ~ Fantastic Danmaku Festival,2018,8.99,1305,1446,91.09,302,87,30,6195
Dandara: Trials of Fear Edition,2018,14.99,831,1240,77.13,201,87,23,5637
Jet Island,2018,19.99,1621,1725,91.22,162,87,0,3674
千面 Melancholy Love,2020,4.99,2075,2209,90.18,1039,87,14,3448
b,2017,Free,0,4192,87.85,13,87,0,2728
巅峰骑士团,2019,5.99,1255,1284,85.18,0,87,0,1542
Fallen Arena,2025,Free,0,1553,84.09,0,87,0,714
Age of Wonders,2010,1.49,881,1024,74.89,122,86,0,3289
Detective Grimoire,2014,1.39,1938,2336,91.45,191,86,9,3075
Lynne,2018,Free,0,1116,76.31,66,86,1,1421
TREE,2018,Free,0,2301,89.13,0,86,3,1167
Genesis Noir,2021,14.99,1630,2194,75.88,59,85,17,11040
Bee Simulator,2020,7.20,715,1416,71.56,34,85,51,9660
Karnage Chronicles,2020,24.99,1189,1365,79.44,87,85,48,8301
Sudeki,2014,5.99,890,1067,83.92,186,85,0,7200
Say No! More,2021,1.49,1694,2797,85.58,124,85,22,3486
Evil Inside - Prologue,2021,Free,0,1038,65.28,30,85,0,3411
Hello Neighbor Alpha 3,2019,Free,0,1817,72.50,82,85,0,3014
冬日树下的回忆,2023,Free,0,1172,91.86,0,85,21,1133
The MISSING: J.J. Macfield and the Island of Memories,2018,29.99,1175,1405,84.38,383,84,20,10287
BLACK CLOVER: QUARTET KNIGHTS,2018,49.99,812,1094,71.28,258,84,47,8126
UNREAL LIFE,2020,19.99,1769,1892,90.91,486,84,64,7765
Papetura,2021,11.99,1097,1211,86.96,107,84,10,6838
Red Faction II,2009,9.99,998,1256,51.97,37,84,0,2010
I hate this game,2019,1.99,2382,2548,88.82,195,84,16,1857
Orbo's Odyssey,2023,4.99,1449,1587,93.21,147,84,11,1601
Duck Season,2017,19.99,1466,1579,81.24,99,83,23,9389
The Silver Case,2016,19.99,962,1093,84.35,456,83,25,7216
Bad Guys at School,2020,4.99,1753,2043,82.99,106,83,0,4622
The Sandbox Evolution - Craft a 2D Pixel Universe!,2016,Free,285,1511,43.14,164,83,0,4373
The Path,2009,9.99,853,1024,75.15,62,83,0,4313
Killing Floor: Incursion,2017,19.99,675,1051,50.04,99,83,29,3825
Escape the Ayurok,2019,10.99,976,1079,76.40,159,83,48,3427
Yesterday,2017,0.74,0,1006,79.15,0,83,6,2128
Obama,2022,Free,0,1174,84.67,0,83,9,589
Mundaun,2021,5.99,1330,1423,88.58,465,82,18,6739
BUTCHER,2016,9.99,1002,1363,82.28,29,82,27,6605
Kairo,2013,4.99,1495,1745,71.04,125,82,11,3509
Riven (1997),2010,5.99,1277,1389,84.89,455,82,0,3459
Milo and the Magpies,2021,1.49,3158,3344,94.23,122,82,10,3245
Cooking Companions,2021,14.99,1061,1191,88.45,135,82,80,3242
Pink Hour,2015,Free,0,1003,87.56,17,82,0,2807
SuperTux,2022,Free,0,1181,89.13,0,82,0,1264
On The Road - The Truck Simulator,2019,29.99,921,1147,48.43,225,81,28,8791
9-nine-:Episode 1,2019,19.99,1796,1895,90.73,444,81,4,8454
Progressbar95,2020,4.99,3264,3439,92.05,1302,81,108,3530
Umineko When They Cry - Answer Arcs,2017,29.99,1367,1467,90.37,3993,81,23,3278
Bad Dream: Fever,2018,Free,900,1307,78.60,226,81,0,2066
Homesick,2015,14.99,1267,1436,74.86,120,80,0,15720
Island,,39.99,0,1747,90.01,0,80,0,14428
Panzermadels: Tank Dating Simulator,2016,9.99,1148,1441,87.38,176,80,0,7025
INCISION,2025,9.74,910,1013,82.71,208,80,0,6402
Block Story™,2015,4.99,1790,1984,79.79,1594,80,35,5681
Explore Fushimi Inari,2019,—,0,1394,89.57,22,80,0,4146
D'LIRIUM,2023,4.99,975,1114,90.09,3734,80,57,3265
Zortch,2023,4.99,1216,1340,92.76,390,80,39,2526
Insomnia: Theater in the Head,2022,2.49,2679,2824,92.98,72,80,16,2372
Chicken Assassin: Reloaded,2016,4.99,700,1050,87.25,433,80,13,1355
Milk inside a bag of milk inside a bag of milk,2020,1.49,30539,32982,94.51,23,79,3,11934
Lost in Vivo,2018,11.99,3569,3876,88.34,224,79,9,9521
Year Walk,2014,5.99,1249,2008,86.30,81,79,10,9128
Momodora III,2014,1.99,1274,1462,89.14,156,79,8,5303
Backrooms: Lost Tape,2022,10.99,1254,1329,79.88,105,79,11,4480
ElecHead,2021,9.99,1271,1312,91.27,196,79,13,1970
Micro Platformer,2020,Free,0,1758,91.83,0,79,0,810
SENRAN KAGURA Bon Appétit! - Full Course,2016,19.99,985,1079,87.14,150,78,43,9882
The Backrooms: Survival,2023,9.99,878,1120,78.57,200,78,72,2783
Passing Pineview Forest,2014,Free,0,1694,63.71,19,77,0,12403
198X,2019,9.99,594,2134,73.63,63,77,14,3853
Commandos: Beyond the Call of Duty,2007,4.99,950,1092,83.86,35,77,0,3195
英雄群侠传II,2019,11.99,2082,2190,84.78,5948,77,0,2709
Psalm 5:9-13,2024,3.99,1619,1780,80.72,31,77,0,1909
Tag: The Power of Paint,2022,Free,0,1003,90.09,0,77,0,759
Panty Party,2017,9.99,942,1142,86.52,157,76,18,16327
Contra Anniversary Collection,2019,19.99,1137,1423,72.99,73,76,16,6468
Angels with Scaly Wings™ / 鱗羽の天使,2017,9.99,1511,1735,91.77,2966,76,63,5266
Dream Car Builder,2018,9.99,949,1064,87.60,470,75,42,6935
KIDS,2019,3.99,1546,1984,79.34,31,75,0,4423
Regular Human Workshop,2022,9.99,1180,1227,85.64,123,75,0,1797
Rise of Liberty,2019,7.99,1796,1865,80.16,1412,74,0,18675
Wild Animal Racing,2016,3.99,2036,2703,88.82,76,74,15,3225
Myst: Masterpiece Edition,2011,5.99,944,1047,82.11,68,74,0,2817
Alpha Prime,2007,4.99,833,1504,54.91,32,74,0,962
Sevgilim Olur musun ?,2017,Free,0,1033,69.30,52,74,40,334
The Gallery - Episode 1: Call of the Starseed,2016,14.99,1017,1520,79.56,25,73,18,9516
The Procession to Calvary,2020,9.99,1143,1265,91.94,178,73,21,4770
Vangers,2014,6.99,1126,1344,88.42,1188,73,0,3438
The Good Time Garden,2019,Free,0,2859,91.47,0,73,0,2699
Lucid Dream,,Free,0,1020,86.40,0,73,0,1643
The Artful Escape,2021,4.99,1669,1873,87.50,216,72,12,6829
Figment 2: Creed Valley,2023,22.48,869,1374,89.10,159,72,18,5876
Without Within,2015,Free,0,2024,84.42,20,72,0,4659
That Which Gave Chase,2023,4.99,969,1012,86.51,100,72,9,1977
OPUS: The Day We Found Earth,2016,14.99,1329,1653,83.34,215,71,31,9034
Stay Close,2016,8.99,1483,1911,60.96,144,71,17,6289
Dreamfall: The Longest Journey,2007,19.99,1062,1206,80.20,473,71,0,5010
Psychopomp,2024,Free,0,7369,94.32,0,71,10,3984
My Friend Peppa Pig,2021,39.99,704,1262,83.18,164,71,11,3746
Bloody Painter Dating Sim,2024,Free,0,1609,85.50,0,71,0,2787
Contradiction: Spot The Liar,2015,12.99,2808,3224,91.14,448,70,17,9663
The Bunker,2025,14.99,0,1861,68.04,1,70,5,6853
A Raven Monologue,2018,Free,0,2711,90.15,11,70,0,4920
Duck Season PC,2019,9.99,996,1060,88.15,697,70,23,3871
Hello Charlotte EP3: Childhood's End,2018,3.99,2904,3198,93.83,1146,70,14,3716
CUCKOLD SIMULATOR: Life as a Beta Male Cuck,2025,3.99,1649,2092,88.67,170,70,83,2960
Rabbit Hole,2024,Free,0,1586,85.85,0,70,51,1954
TYRONE vs COPS,2022,0.79,2109,2624,90.28,60,70,15,1606
Hitler is my crush,2023,0.54,1322,2016,88.52,12,70,18,1206
Check it Out!,2022,Free,0,1264,82.15,0,70,0,815
Sudocats,2022,0.99,1593,1707,93.48,307,70,15,768
The Thrill of the Fight - VR Boxing,2019,9.99,3952,4054,91.69,79,69,0,5811
Symphonic Rain,2017,39.99,1017,1144,91.00,221,69,13,4998
Climbey,2022,7.99,1056,1134,85.92,146,69,8,2245
The Adventure of NAYU,2021,2.99,1578,1727,89.78,114,69,48,1962
The Average Everyday Adventures of Samantha Browne,2016,Free,0,1228,78.24,2132,69,5,1393
Catgirl,2025,Free,0,1646,93.70,0,69,0,820
FALLSTRUKTUR,2025,Free,0,1112,90.79,0,69,3,640
Quadrober Simulator,2024,13.50,684,1005,72.08,122,69,35,343
Obscure II (Obscure: The Aftermath),2014,9.99,1445,1557,78.40,469,68,19,9732
Sex and the Furry Titty,2021,6.99,978,1210,85.72,281,68,19,5445
Super Blood Hockey,2017,14.38,877,1093,86.68,102,68,33,3482
Broken Sword 2 - the Smoking Mirror: Remastered (2010),2009,5.99,1214,1554,86.33,398,68,27,2577
GNOG,2018,9.99,411,1060,86.41,164,68,20,2036
Narcosis,2017,14.99,1183,1436,73.13,170,67,10,13788
Assault Spy,2018,19.99,912,1030,87.26,494,67,29,9080
VR Dungeon Knight,2017,19.99,1343,1423,71.61,142,67,0,6411
Nuts,2024,2.49,0,1028,83.41,0,67,0,3375
Zanzarah: The Hidden Portal,2015,7.99,950,1137,70.23,74,67,0,2830
VR Kanojo / VRカノジョ,2018,49.99,1765,1969,73.06,138,66,0,78798
Amairo Chocolate,2020,24.99,944,1011,92.04,1131,66,0,7021
Environmental Station Alpha,2015,7.99,1459,1606,79.37,346,66,34,5342
Corn Kidz 64,2023,6.99,1618,1733,89.24,244,66,15,3828
Evan's Remains,2020,6.99,1043,2046,83.89,238,66,17,3354
Off-Peak,2016,Free,0,1799,85.41,37,66,6,2768
Grimhook,2023,Free,0,3993,93.97,0,66,0,1933
Flowers -Le volume sur printemps-,2016,19.99,1669,1850,88.46,466411,65,0,7673
High Hell,2017,9.99,1396,1532,82.54,44,65,21,5143
The Bible,2022,4.99,934,1131,83.40,499,65,152,3572
"Lewd Girls, Leave Me Alone! I Just Want to Play Video Games and Watch Anime! ~ Hentai Edition",2023,3.99,1009,1175,77.10,45,65,30,2913
Higurashi When They Cry Hou - Ch.3 Tatarigoroshi,2016,7.99,1114,1236,92.14,530,65,16,2769
Gem Defender: Soyjak Survivors,2023,3.99,889,1058,89.21,30,65,40,1143
Travellin Cats in Bali,2023,0.49,1263,1367,92.82,23,65,102,663
Linelith,2022,2.99,1163,1206,93.00,91,65,3,553
this game will end in 205 clicks.,2025,Free,0,1236,91.42,0,65,0,508
Love at First Sight,2015,9.99,1403,1499,91.03,339,64,12,6481
FlatOut 4: Total Insanity,2017,29.99,1907,2292,52.36,72,64,45,5416
No More Heroes 2: Desperate Struggle,2021,19.99,1001,1081,70.26,457,64,22,5359
Spark the Electric Jester,2017,7.99,1361,1470,87.66,261,64,4,3140
Mimpi Dreams,2016,Free,245,1242,88.96,201,64,57,2912
A Good Snowman Is Hard To Build,2015,14.99,652,1149,90.02,116,64,5,2498
Moonleap,2023,8.99,1211,1342,93.49,63,64,21,1786
Emily Wants To Play,2015,4.99,2030,2296,75.83,33,63,11,8603
9-nine-:Episode 2,2019,19.99,1846,1893,93.47,308,63,0,6146
Rise of Insanity,2018,9.99,950,1267,75.63,150,63,14,5085
Robin Hood: The Legend of Sherwood,2011,7.99,1282,1639,64.78,116,63,0,3842
Vertigo Remastered,2020,19.99,1290,1573,87.47,253,63,32,2767
Cat in the Box,2020,6.99,1378,1515,89.49,333,63,8,2734
Bus-Simulator 2012,2013,6.99,975,1055,44.97,169,63,0,1590
Zombie Shooter,2009,4.99,895,1320,78.83,46,63,0,1554
Cosmic DJ,2014,2.99,761,1052,83.26,41,63,0,804
Gray Dawn,2018,19.99,830,1174,80.01,264,62,18,5195
Dream Ending,2019,3.99,3043,3195,92.68,222,62,11,4095
"one night, hot springs",2018,Free,0,3101,91.59,0,62,7,2741
ARCADE GAME SERIES: PAC-MAN,2016,3.99,949,1110,84.52,14,62,20,2074
The Orville - Interactive Fan Experience,2019,Free,0,1029,85.04,0,61,7,7903
Granny: Chapter Two,2019,7.99,1801,1925,90.25,779,61,0,3016
Carmageddon Max Pack,1997,9.99,678,1037,83.59,121,61,0,2419
Escape From School,2021,Free,0,1618,60.03,0,61,7,582
Shantae: Half-Genie Hero Ultimate Edition,2018,29.99,855,1199,84.23,492,60,46,6655
Oddworld: Abe's Exoddus®,2008,2.99,1465,1644,89.90,40,60,0,3299
Bus Driver,2014,0.99,1933,2361,79.83,14,60,0,2678
Who Pressed Mute on Uncle Marcus?,2022,14.99,649,1163,63.97,96,60,17,2418
Zueirama,2019,6.99,1408,1516,89.44,88,60,34,2316
Chicken Invaders 5,2015,5.99,913,1094,90.71,257,60,15,1629
Симулятор Прыгания по Гаражам,2022,0.99,1018,1218,74.99,9,60,1,980
Sneak Thief,2022,14.99,1697,1864,70.92,284,59,16,6986
Fausts Alptraum,2017,Free,0,1235,88.78,281,59,0,5801
Talvisota - Winter War,2020,Free,0,1104,83.59,89,59,0,5247
Broken Reality,2018,14.99,2063,2212,88.48,280,59,0,4466
Tengami,2015,6.99,899,1817,77.77,62,58,4,6080
Candle,2016,0.74,897,1173,75.12,296,58,23,3938
Critters for Sale,2021,9.99,1658,1754,89.67,233,58,18,3586
The Light Remake,2020,4.99,1409,1489,83.35,137,58,15,3523
Purple Place - Classic Games,2023,1.99,2125,2374,82.96,24,58,26,3228
Tiny Town VR,2017,14.99,1166,1221,87.25,130,58,0,3110
BZZZT,2023,11.99,1385,1615,72.61,134,58,25,3055
Ratty Catty,2017,14.99,1238,1552,64.29,203,58,46,2607
100 hidden frogs,2021,Free,0,6859,94.70,0,58,100,1026
EarthKart: Google Maps Driving Simulator,2023,Free,0,1322,77.05,0,58,0,672
TrenchesWIP,2019,Free,0,1623,70.86,0,57,2,6588
METAL SLUG XX,2019,19.99,1089,1178,52.24,55,57,34,5804
A Mortician's Tale,2017,9.99,749,1411,69.59,62,57,3,2813
daydream 白日夢,2022,Free,0,1184,92.50,0,57,0,1767
VR HOT,2021,44.99,977,1086,62.69,2954,56,0,14637
Travellin Cats in Maple Hollow 🍂,2023,0.49,1187,1245,92.38,29,56,102,506
Fear the Spotlight,2024,19.99,1089,1150,91.64,251,55,35,8311
Golf Club Nostalgia,2021,6.00,1129,1537,77.77,154,55,27,3165
Frog Detective 2: The Case of the Invisible Wizard,2019,2.99,1285,2147,90.67,88,55,6,2067
The House in Fata Morgana: A Requiem for Innocence,2018,14.99,1605,1723,92.20,519,54,10,3991
Commandos 3: Destination Berlin,2007,4.99,926,1117,60.82,12,54,0,3406
Unsorted Horror,2023,Free,0,3289,93.44,0,54,5,1946
HENTAI MINESWEEPER,2019,0.99,0,1093,80.74,0,54,48,1801
They Breathe,2014,1.99,959,1288,80.00,145,54,8,1223
Hello Neighbor: Hide and Seek,2019,29.99,1035,1296,80.23,741,53,17,4777
Survive on Raft,2019,14.80,1047,1245,61.24,176,53,36,4363
The Supper,2020,Free,0,4354,94.68,0,53,0,3299
Alone in the Dark (2008),2013,2.49,992,1457,40.88,20,53,0,3293
Linelight,2017,9.99,931,1094,90.95,209,53,25,2570
Liquidators,2020,Free,0,1191,90.00,0,53,0,1860
Father's Day,2022,6.99,999,1097,81.99,135,53,40,1740
Voices from the Sea,2015,Free,0,1258,87.57,96,52,0,4761
沙雕之路,2019,10.00,986,1036,90.69,367,52,81,4121
[Chilla's Art] Stigmatized Property | 事故物件,2019,2.99,1235,1341,76.98,54,52,5,4080
Pih,2024,8.99,1171,1343,89.53,198,52,63,2174
Enter The Backrooms,2021,9.99,969,1044,83.42,13001,52,0,1468
Clown House (Palyaço Evi),2015,Free,0,1194,50.74,26,52,0,1282
Achievement Clicker,2020,0.99,0,3339,79.68,0,52,100,763
OPUS: Rocket of Whispers,2018,14.99,1367,1652,87.77,176,51,22,8833
From The Darkness,2021,6.99,2944,3429,85.80,91,51,0,4842
Bakery Magnate: Beginning,2020,Free,0,1506,82.01,0,51,5,767
FIND KITTENS: The last of cats,2024,Free,0,1157,92.04,45,51,17,516
SINNER: Sacrifice for Redemption,2018,18.99,820,1025,63.12,176,50,60,19149
Umurangi Generation,2020,7.49,1106,1191,86.38,157,50,23,4707
A Juggler's Tale,2021,2.69,1128,2134,87.73,95,50,18,4663
Fishing Adventure,2019,4.99,1457,1689,81.81,69,50,0,2154
Lights Off!,2022,Free,0,1827,81.65,0,50,0,1072
Mutazione,2019,19.99,1085,1361,89.75,427,49,20,6989
METAL SLUG 2,2016,6.99,1081,1329,84.54,66,49,15,5962
Higurashi When They Cry Hou - Ch.5 Meakashi,2017,7.99,923,1019,91.81,466,49,16,1754
Bright Lights of Svetlov,2021,4.99,1245,1344,88.22,95,49,7,1483
Windosill,2009,2.99,675,1130,86.51,37,49,0,947
Notch - The Innocent LunA: Eclipsed SinnerS,2015,9.99,3149,3292,91.31,310,48,20,8031
The Station,2018,14.99,972,1109,81.42,125,48,11,4110
Tales Of Glory,2020,29.99,1017,1069,76.72,871,47,0,6949
Bot Vice,2016,1.99,1328,1459,87.91,174,47,33,5031
A Taste of the Past,2022,Free,0,1773,92.77,0,47,0,1617
FlatOut 3: Chaos & Destruction,2011,9.99,3567,4246,20.95,17,47,45,1575
Oozi: Earth Adventure,2013,9.99,804,1035,81.79,221,47,35,1131
God's Basement,2018,14.99,1169,1314,71.28,104,46,18,4115
Alfred Hitchcock - Vertigo,2021,19.99,664,1001,77.76,360,46,31,4006
It Steals,2020,4.99,2052,2306,93.46,309,46,11,2999
Fap Queen,2018,Free,0,1410,77.94,0,46,8,2090
Find Yourself,2021,6.99,1173,1289,80.49,98,46,22,1972
"OH MY GOD, LOOK AT THIS KNIGHT",2018,Free,0,2190,90.78,25,46,8,1882
Sprout,2018,Free,0,1744,91.02,26,46,3,1809
Orion Sandbox Enhanced,2018,1.99,1056,1112,88.57,0,46,11,1431
Ultra Fight Da ! Kyanta 2,2019,Free,0,1214,90.76,0,46,0,1406
Obama Maze,2022,Free,0,1293,85.80,0,46,8,1056
Friendly Fire,2020,Free,0,1034,89.32,0,46,0,988
Perspective,2021,Free,0,1393,92.69,0,46,0,648
IronWolf VR,2022,19.99,1084,1178,89.19,180,45,0,8714
Mists of Aiden,2020,6.99,980,1139,86.34,245,45,11,4030
Montaro RE,2018,0.99,1198,1330,90.07,56,45,8,1707
Breath of Death VII,2011,2.99,1286,1451,79.91,34,45,0,1586
It gets so lonely here,2023,Free,0,2018,89.86,0,45,12,1542
Toree 2,2021,0.99,991,1076,91.44,216,45,0,775
Near Death,2016,7.99,1000,1061,85.92,159,44,18,9303
Garbage Day,2016,14.99,1055,1121,34.43,566,44,0,5397
The Slater,2018,1.49,872,1025,71.75,262,44,27,5259
If Found...,2020,4.93,1557,2277,86.40,130,43,15,4707
a new life.,2020,2.99,2176,2379,92.11,51,43,7,3592
Christmas Massacre,2021,7.99,976,1070,86.09,106,43,11,1969
Lofi Ping Pong,2019,Free,1102,1819,81.93,161,43,6,1303
Amalgam,,Free,0,1883,88.26,0,43,0,1083
Hello Charlotte EP2: Requiem Aeternam Deo,2016,Free,771,2285,92.60,142,42,0,4435
Frog Detective 1: The Haunted Island,2018,2.99,2962,5445,88.93,46,42,6,2881
Adios,2021,17.99,1031,1310,86.20,141,42,25,2547
Locked Up,2022,12.99,0,1385,74.62,0,42,0,1988
Sisyphus Reborn,2016,Free,0,1085,87.67,38,42,7,1153
Jerma's Big Adventure,2021,Free,0,1370,92.31,0,42,21,818
There is No GreenDam,2019,Free,0,1953,90.48,0,41,7,4410
I MAED A GAM3 W1TH Z0MB1ES 1N IT!!!1,2021,Free,0,1778,92.73,193,41,2,753
Eroico,2018,7.99,1271,1366,82.57,72,40,0,12044
1979 Revolution: Black Friday,2016,9.99,1021,1085,73.35,278,40,39,8902
Kinoko,2020,Free,0,1172,79.39,0,40,0,3038
CHASER,2025,4.99,0,1353,67.84,0,40,0,2229
Drunkn Bar Fight,2025,17.99,979,1110,72.96,122,39,0,4361
Golf Peaks,2018,0.99,991,1045,89.56,252,39,12,1296
DOOM 3 Resurrection of Evil,2007,—,1186,1372,80.88,9,39,0,810
PLAYNE : The Meditation Game,2020,14.99,1078,1220,88.33,92,38,40,8812
Shaolin vs Wutang,2018,9.99,948,1017,87.15,36,38,12,5670
ANIME STANDING,2020,0.99,1407,1965,82.38,36,38,100,2962
TRY AGAIN,2023,Free,0,1436,90.13,0,38,0,899
BEAN,2025,Free,0,1298,82.03,0,37,0,417
Final DOOM,2007,—,1065,1274,81.70,8,35,0,4913
Red Matter,2018,24.99,978,1163,85.55,110,35,20,4421
last seen online,2024,Free,0,2067,93.11,0,35,11,602
Flowers -Le volume sur ete-,2018,19.99,1182,1291,93.19,1155,34,0,4103
Trapped with Jester,2022,Free,0,1486,89.37,0,34,7,2057
永冻之壳 The Shell of Permafrost,2018,Free,0,1203,92.11,0,33,5,4301
The Flood,2018,Free,0,1246,79.62,34,33,0,2241
He Needs His Medicine,2021,Free,0,1522,75.55,19,33,8,1324
"South Scrimshaw, Part One",2023,Free,0,1554,93.61,93,32,2,3295
Majotori,2017,5.99,1845,2025,91.79,131,32,16,2498
We Know the Devil,2016,6.66,1030,1147,89.17,156,32,5,2083
Once Again,2022,1.27,911,1008,85.95,77,32,8,1396
Shotgun Witch,2020,Free,0,1094,91.11,0,32,5,818
LOEK,2020,Free,0,1055,87.95,0,32,34,648
Scalak,2018,2.99,988,1081,91.46,197,32,2,641
Cold Fear™,2008,—,1387,1468,80.03,124,31,0,4034
Haunted Gas Station,2019,Free,0,1197,73.68,0,31,0,709
Hog Hunter 2021,2021,Free,0,1126,88.82,0,31,0,478
Resonance of the Ocean,2022,Free,0,2175,92.86,0,29,5,1665
Alicemare,2016,2.99,1105,1190,84.15,81,28,13,8385
q.u.q.,2023,1.99,1703,1828,89.89,50,27,11,1521
My Sticker Book,2022,Free,0,1375,91.74,0,27,0,1050
fishy,2021,Free,0,1421,88.69,0,27,0,360
SEPTEMBER 1999,2018,Free,0,2448,80.78,0,26,0,2562
ЕСТЬ ДВА СТУЛА,2018,0.99,1675,1955,83.09,25,25,14,804
The TakeOver,2019,19.99,1078,1150,79.93,444,24,10,5977
Adolescent Santa Claus,2018,Free,0,1316,81.27,101,24,0,2823
Furry Feet,2021,2.99,758,1952,77.09,92,24,16,2135
ARMORED HEAD,2020,4.99,1212,1273,92.52,49,24,27,1204
Penumbra: Requiem,2008,—,1054,1120,52.20,71,24,0,829
My Friend is a Raven,2020,Free,0,1316,86.45,58,23,0,3089
The Crooked Man,2018,2.99,1134,1194,87.65,282,23,27,2815
H-SNIPER: World War II,2020,0.99,842,1117,82.86,15,23,55,1433
tomorrow won't come for those without ██████,2020,1.99,945,1028,88.69,284,23,0,1086
9.03m,2013,Free,640,1133,79.77,16,21,0,919
Teacup,2021,9.99,719,1115,90.48,125,20,13,2283
坦率的小红帽和爱说谎的狼,2020,Free,0,1116,92.30,0,20,0,1784
A Space For The Unbound - Prologue,2020,Free,0,1315,92.29,217,19,0,3308
[Chilla's Art] Aka Manto | 赤マント,2019,4.99,1013,1147,83.57,382,19,13,2585
Landlord of the Woods,2021,0.99,1142,1184,91.46,43,19,0,779
ВЗЛОМ ЖОПЫ,2020,0.99,1983,2543,82.60,21,18,20,1214
The Horrorscope,2020,1.99,1081,1099,88.57,0,18,0,409
What Comes After,2020,4.99,929,1016,85.08,113,17,11,2188
Seal World,2023,3.99,857,1103,93.54,0,17,15,988
Toree 3D,2021,0.99,1500,1641,90.21,40,17,0,979
Chair F*cking Simulator,2020,1.99,752,1083,88.31,103,16,31,1604
The Test: Secrets of the Soul,2023,Free,109,1555,92.52,0,16,0,381