name,app_id,Total Reviews Category,Total Reviews Number,Recent Reviews Category,Recent Reviews Number
Portal 2,620,Overwhelmingly Positive,381978,Overwhelmingly Positive,2865
Stardew Valley,413150,Overwhelmingly Positive,855751,Overwhelmingly Positive,11454
People Playground,1118200,Overwhelmingly Positive,289887,Overwhelmingly Positive,2959
Portal,400,Overwhelmingly Positive,167830,Overwhelmingly Positive,1800
Vampire Survivors,1794680,Overwhelmingly Positive,247354,Overwhelmingly Positive,781
HoloCure - Save the Fans!,2420510,Overwhelmingly Positive,39794,Overwhelmingly Positive,174
Hades,1145360,Overwhelmingly Positive,278399,Overwhelmingly Positive,1860
DELTARUNE,1671210,Overwhelmingly Positive,90578,Very Positive,1837
The Henry Stickmin Collection,1089980,Overwhelmingly Positive,52945,Overwhelmingly Positive,634
Schedule I,3164500,Overwhelmingly Positive,267067,Overwhelmingly Positive,7857
Left 4 Dead 2,550,Overwhelmingly Positive,788765,Overwhelmingly Positive,6509
Half-Life: Alyx,546560,Overwhelmingly Positive,90770,Overwhelmingly Positive,547
Terraria,105600,Overwhelmingly Positive,1207872,Overwhelmingly Positive,9336
RimWorld,294100,Overwhelmingly Positive,200970,Overwhelmingly Positive,1835
A Short Hike,1055540,Overwhelmingly Positive,18255,Overwhelmingly Positive,232
Balatro,2379780,Overwhelmingly Positive,152281,Overwhelmingly Positive,2398
Slime Rancher,433340,Overwhelmingly Positive,134685,Overwhelmingly Positive,1299
Pizza Tower,2231450,Overwhelmingly Positive,64695,Overwhelmingly Positive,564
Euro Truck Simulator 2,227300,Overwhelmingly Positive,727554,Overwhelmingly Positive,7484
OneShot,420530,Overwhelmingly Positive,56095,Overwhelmingly Positive,690
Half-Life 2,220,Overwhelmingly Positive,196340,Overwhelmingly Positive,1958
The WereCleaner,2795000,Overwhelmingly Positive,12412,Overwhelmingly Positive,237
Senren＊Banka,1144400,Overwhelmingly Positive,32312,Overwhelmingly Positive,317
MiSide,2527500,Overwhelmingly Positive,117873,Overwhelmingly Positive,1095
Totally Accurate Battle Simulator,508440,Overwhelmingly Positive,138573,Overwhelmingly Positive,3269
ENA: Dream BBQ,2134320,Overwhelmingly Positive,35247,Overwhelmingly Positive,694
Mount & Blade: Warband,48700,Overwhelmingly Positive,134046,Overwhelmingly Positive,456
BeamNG.drive,284160,Overwhelmingly Positive,358856,Overwhelmingly Positive,6816
Sheepy: A Short Adventure,1568400,Overwhelmingly Positive,22071,Overwhelmingly Positive,515
Slay the Spire,646570,Overwhelmingly Positive,185504,Very Positive,4067
Dispatch,2592160,Overwhelmingly Positive,161393,Overwhelmingly Positive,4663
Travellin Cats in Paris,2313250,Overwhelmingly Positive,17955,Very Positive,75
Travellin Cats in Jingle Jam,2608050,Overwhelmingly Positive,10432,Very Positive,37
Plants vs. Zombies GOTY Edition,3590,Overwhelmingly Positive,138920,Overwhelmingly Positive,1047
Papa's Freezeria Deluxe,2291760,Overwhelmingly Positive,11699,Overwhelmingly Positive,137
Helltaker,1289310,Overwhelmingly Positive,127040,Overwhelmingly Positive,430
Katana ZERO,460950,Overwhelmingly Positive,65157,Overwhelmingly Positive,399
Counter-Strike,10,Overwhelmingly Positive,167370,Overwhelmingly Positive,1100
ULTRAKILL,1229490,Overwhelmingly Positive,194673,Overwhelmingly Positive,6318
The Binding of Isaac: Rebirth,250900,Overwhelmingly Positive,352499,Very Positive,4363
Bloons TD 6,960090,Overwhelmingly Positive,339404,Overwhelmingly Positive,3044
Deep Rock Galactic,548430,Overwhelmingly Positive,298041,Overwhelmingly Positive,2081
Garry's Mod,4000,Overwhelmingly Positive,1060689,Overwhelmingly Positive,8170
Satisfactory,526870,Overwhelmingly Positive,224498,Overwhelmingly Positive,3300
Lethal Company,1966720,Overwhelmingly Positive,407188,Very Positive,2473
Chants of Sennaar,1931770,Overwhelmingly Positive,26654,Overwhelmingly Positive,516
TOEM: A Photo Adventure,1307580,Overwhelmingly Positive,7998,Overwhelmingly Positive,130
Resident Evil 4,2050650,Overwhelmingly Positive,160234,Overwhelmingly Positive,8159
Celeste,504230,Overwhelmingly Positive,124583,Overwhelmingly Positive,1627
ATRI -My Dear Moments-,1230140,Overwhelmingly Positive,20708,Overwhelmingly Positive,120
Poco,3454610,Overwhelmingly Positive,7672,Overwhelmingly Positive,476
Baldur's Gate 3,1086940,Overwhelmingly Positive,734454,Overwhelmingly Positive,5155
Hollow Knight,367520,Overwhelmingly Positive,480407,Overwhelmingly Positive,5814
Subnautica,264710,Overwhelmingly Positive,313663,Overwhelmingly Positive,5589
Factorio,427520,Overwhelmingly Positive,185825,Overwhelmingly Positive,1304
A Hat in Time,253230,Overwhelmingly Positive,42476,Very Positive,162
Shelldiver,3862670,Overwhelmingly Positive,11742,Overwhelmingly Positive,970
Dyson Sphere Program,1366540,Overwhelmingly Positive,82116,Very Positive,370
Our Life: Beginnings & Always,1129190,Overwhelmingly Positive,13380,Overwhelmingly Positive,115
Creature Kitchen,3097300,Overwhelmingly Positive,4985,Overwhelmingly Positive,2012
Stray,1332010,Overwhelmingly Positive,150812,Overwhelmingly Positive,1219
Rhythm Doctor,774181,Overwhelmingly Positive,24076,Overwhelmingly Positive,385
The Room 4: Old Sins,1361320,Overwhelmingly Positive,17279,Overwhelmingly Positive,141
Volcano Princess,1669980,Overwhelmingly Positive,43727,Overwhelmingly Positive,328
Crime Scene Cleaner,1040200,Overwhelmingly Positive,29529,Overwhelmingly Positive,1986
South Park™: The Stick of Truth™,213670,Overwhelmingly Positive,59623,Overwhelmingly Positive,328
The Wolf Among Us,250320,Overwhelmingly Positive,31399,Overwhelmingly Positive,193
Paper Lily - Chapter 1,2220360,Overwhelmingly Positive,8194,Overwhelmingly Positive,140
Black Myth: Wukong,2358720,Overwhelmingly Positive,870927,Very Positive,2191
Resident Evil 2,883710,Overwhelmingly Positive,143111,Overwhelmingly Positive,7775
Dead Cells,588650,Overwhelmingly Positive,152620,Overwhelmingly Positive,1043
WEBFISHING,3146520,Overwhelmingly Positive,56824,Very Positive,260
Grimm's Hollow,1170880,Overwhelmingly Positive,14313,Very Positive,58
Firework,1288310,Overwhelmingly Positive,40642,Very Positive,163
1v1.LOL - Battle Royale Game,2305790,Mostly Positive,13434,Mostly Positive,70
STAR WARS™ Empire at War - Gold Pack,32470,Overwhelmingly Positive,35046,Overwhelmingly Positive,193
Crab Champions,774801,Overwhelmingly Positive,25722,Overwhelmingly Positive,299
Öoo,2721890,Overwhelmingly Positive,5515,Overwhelmingly Positive,289
Split Fiction,2001120,Overwhelmingly Positive,73004,Very Positive,1574
The Walking Dead,207610,Overwhelmingly Positive,52337,Overwhelmingly Positive,610
"Papers, Please",239030,Overwhelmingly Positive,71614,Overwhelmingly Positive,363
VTOL VR,667970,Overwhelmingly Positive,19365,Overwhelmingly Positive,202
Before Your Eyes,1082430,Overwhelmingly Positive,19931,Overwhelmingly Positive,423
Phoenix Wright: Ace Attorney Trilogy,787480,Overwhelmingly Positive,34026,Overwhelmingly Positive,356
Chill with You : Lo-Fi Story,3548580,Overwhelmingly Positive,9765,Overwhelmingly Positive,783
Project Kat - Paper Lily Prologue,1698960,Overwhelmingly Positive,5784,Very Positive,49
American Truck Simulator,270880,Overwhelmingly Positive,159558,Overwhelmingly Positive,1509
Hotline Miami,219150,Overwhelmingly Positive,103425,Overwhelmingly Positive,1262
The Room,288160,Overwhelmingly Positive,29686,Overwhelmingly Positive,179
POSTAL 2,223470,Overwhelmingly Positive,112186,Overwhelmingly Positive,1826
Steam Engine Simulator,2381620,Overwhelmingly Positive,8816,Very Positive,56
20 Small Mazes,2570630,Overwhelmingly Positive,8716,Overwhelmingly Positive,149
Fields of Mistria,2142790,Overwhelmingly Positive,24874,Overwhelmingly Positive,699
BattleBlock Theater®,238460,Overwhelmingly Positive,55442,Overwhelmingly Positive,215
Wobbledogs,1424330,Overwhelmingly Positive,12862,Overwhelmingly Positive,262
Kabuto Park,3376990,Overwhelmingly Positive,3634,Overwhelmingly Positive,150
OMORI,1150690,Overwhelmingly Positive,77564,Overwhelmingly Positive,526
Neon White,1533420,Overwhelmingly Positive,16580,Overwhelmingly Positive,181
Inscryption,1092790,Overwhelmingly Positive,130569,Overwhelmingly Positive,779
Patrick's Parabox,1260520,Overwhelmingly Positive,4607,Very Positive,52
Look Outside,3373660,Overwhelmingly Positive,10897,Overwhelmingly Positive,535
Undertale,391540,Overwhelmingly Positive,287713,Very Positive,4000
DAVE THE DIVER,1868140,Overwhelmingly Positive,131590,Very Positive,1299
Pineapple on pizza,2263010,Overwhelmingly Positive,25635,Overwhelmingly Positive,205
Persona 4 Golden,1113000,Overwhelmingly Positive,69098,Overwhelmingly Positive,381
Oxygen Not Included,457140,Overwhelmingly Positive,130852,Overwhelmingly Positive,875
There Is No Game: Wrong Dimension,1240210,Overwhelmingly Positive,23218,Very Positive,139
Baba Is You,736260,Overwhelmingly Positive,20234,Overwhelmingly Positive,126
"Please, Touch The Artwork 2",2600140,Overwhelmingly Positive,5784,Very Positive,83
CLANNAD,324160,Overwhelmingly Positive,9569,Very Positive,75
Juice Galaxy,1708150,Overwhelmingly Positive ,937,Very Positive ,74
SANABI,1562700,Overwhelmingly Positive,40219,Overwhelmingly Positive,402
The Witcher 3: Wild Hunt,292030,Overwhelmingly Positive,802134,Overwhelmingly Positive,3773
Just Shapes & Beats,531510,Overwhelmingly Positive,23151,Overwhelmingly Positive,230
INSIDE,304430,Overwhelmingly Positive,67594,Overwhelmingly Positive,466
VA-11 Hall-A: Cyberpunk Bartender Action,447530,Overwhelmingly Positive,33194,Very Positive,176
A Castle Full of Cats,2070550,Overwhelmingly Positive,3952,Very Positive,33
Doki Doki Literature Club!,698780,Overwhelmingly Positive,219777,Overwhelmingly Positive,1627
Finding Paradise,337340,Overwhelmingly Positive,17729,Overwhelmingly Positive,103
A Date with Death,2415010,Overwhelmingly Positive,13346,Overwhelmingly Positive,273
One Finger Death Punch,264200,Overwhelmingly Positive,12533,Very Positive,15
Strange Jigsaws,2702170,Overwhelmingly Positive,3639,Overwhelmingly Positive,171
Half-Life,70,Overwhelmingly Positive,113654,Overwhelmingly Positive,1128
Ori and the Will of the Wisps,1057090,Overwhelmingly Positive,133329,Very Positive,571
Broforce,274190,Overwhelmingly Positive,49062,Very Positive,157
The Room Two,425580,Overwhelmingly Positive,20540,Overwhelmingly Positive,140
Bomb Rush Cyberfunk,1353230,Overwhelmingly Positive,12262,Overwhelmingly Positive,104
R.E.P.O.,3241660,Overwhelmingly Positive,300687,Very Positive,8701
Ib,1901370,Overwhelmingly Positive,4690,Very Positive,62
Iron Snout,424280,Overwhelmingly Positive,17428,Very Positive,24
Magic Archery,2905170,Overwhelmingly Positive,7672,Overwhelmingly Positive,135
Ravenfield,636480,Overwhelmingly Positive,74717,Very Positive,722
Brotato,1942280,Overwhelmingly Positive,105389,Very Positive,1129
Wobbly Life,1211020,Overwhelmingly Positive,30711,Overwhelmingly Positive,520
Placid Plastic Duck Simulator,1999360,Overwhelmingly Positive,17293,Very Positive,223
Don't Starve,219740,Overwhelmingly Positive,95886,Very Positive,302
Tactical Breach Wizards,1043810,Overwhelmingly Positive,10904,Very Positive,129
Stronghold Crusader HD (2012),40970,Overwhelmingly Positive,17288,Very Positive,59
Bongo Cat,3419430,Overwhelmingly Positive,97120,Overwhelmingly Positive,3467
Spirit City: Lofi Sessions,2113850,Overwhelmingly Positive,14386,Overwhelmingly Positive,265
Detroit: Become Human,1222140,Overwhelmingly Positive,205649,Overwhelmingly Positive,6863
An Arcade Full of Cats,2368470,Overwhelmingly Positive,7851,Very Positive,85
Outlast,238320,Overwhelmingly Positive,100551,Overwhelmingly Positive,1334
Persona 5 Royal,1687950,Overwhelmingly Positive,82653,Overwhelmingly Positive,1260
The Last Campfire,990630,Overwhelmingly Positive,16057,Overwhelmingly Positive,309
Goat Simulator 3,850190,Overwhelmingly Positive,12854,Overwhelmingly Positive,387
Counter-Strike: Source,240,Overwhelmingly Positive,133232,Overwhelmingly Positive,1030
Sally Face - Episode One,541570,Overwhelmingly Positive,24339,Overwhelmingly Positive,324
Gorogoa,557600,Overwhelmingly Positive,18353,Very Positive,157
WITCH ON THE HOLY NIGHT,2052410,Overwhelmingly Positive,6420,Overwhelmingly Positive,190
Z.A.T.O. // I Love the World and Everything In It,4122860,Overwhelmingly Positive,8122,Overwhelmingly Positive,1051
Epic Battle Fantasy 5,432350,Overwhelmingly Positive,5503,Very Positive,56
Cuphead,268910,Overwhelmingly Positive,185942,Very Positive,2206
Fran Bow,362680,Overwhelmingly Positive,19586,Overwhelmingly Positive,273
Hi-Fi RUSH,1817230,Overwhelmingly Positive,26829,Very Positive,186
Purrgatory,1713610,Overwhelmingly Positive,4914,Very Positive,52
Bopl Battle,1686940,Overwhelmingly Positive,19980,Overwhelmingly Positive,336
Nubby's Number Factory,3191030,Overwhelmingly Positive,16700,Overwhelmingly Positive,468
Lil Gator Game,1586800,Overwhelmingly Positive,4363,Very Positive,61
Trombone Champ,1059990,Overwhelmingly Positive,10018,Very Positive,99
Lost in Play,1328840,Overwhelmingly Positive,7248,Overwhelmingly Positive,116
Berry Bury Berry,3370870,Overwhelmingly Positive,5280,Overwhelmingly Positive,1380
Tiny Glade,2198150,Overwhelmingly Positive,21555,Overwhelmingly Positive,270
Hylics,397740,Overwhelmingly Positive,7828,Overwhelmingly Positive,138
Life is Strange - Episode 1,319630,Overwhelmingly Positive,172439,Overwhelmingly Positive,518
A Building Full of Cats,1969080,Overwhelmingly Positive,3982,Very Positive,36
shapez 2 - Factory,2162800,Overwhelmingly Positive,12017,Very Positive,112
Tomb Raider Game of the Year,203160,Overwhelmingly Positive,168410,Overwhelmingly Positive,1493
Cookie Clicker,1454400,Overwhelmingly Positive,84325,Very Positive,901
Tales of the Black Forest,1093910,Overwhelmingly Positive,14403,Very Positive,78
Webbed,1390350,Overwhelmingly Positive,13534,Overwhelmingly Positive,102
Picayune Dreams,2088840,Overwhelmingly Positive,3858,Very Positive,70
Resident Evil Requiem,3764200,Overwhelmingly Positive,94086,Overwhelmingly Positive,14689
The Case of the Golden Idol,1677770,Overwhelmingly Positive,9111,Overwhelmingly Positive,213
White Knuckle,3195790,Overwhelmingly Positive,8231,Overwhelmingly Positive,462
Monument Valley,1927720,Overwhelmingly Positive,7037,Overwhelmingly Positive,139
Crow Country,1996010,Overwhelmingly Positive,6716,Overwhelmingly Positive,142
Phasmophobia,739630,Overwhelmingly Positive,665815,Very Positive,4298
Castle Crashers®,204360,Overwhelmingly Positive,106079,Overwhelmingly Positive,728
Outcore: Desktop Adventure,1275670,Overwhelmingly Positive,17431,Overwhelmingly Positive,312
Nodebuster,3107330,Overwhelmingly Positive,13403,Overwhelmingly Positive,152
Felvidek,2299900,Overwhelmingly Positive,4976,Overwhelmingly Positive,111
Blade and Sorcery,629730,Overwhelmingly Positive,57737,Overwhelmingly Positive,373
Cube Escape Collection,1292940,Overwhelmingly Positive,7115,Very Positive,67
STEINS;GATE,412830,Overwhelmingly Positive,23909,Overwhelmingly Positive,359
DUSK,519860,Overwhelmingly Positive,21642,Very Positive,142
"Hot Dogs, Horseshoes & Hand Grenades",450540,Overwhelmingly Positive,22038,Overwhelmingly Positive,101
Peggle Deluxe,3480,Overwhelmingly Positive,11622,Overwhelmingly Positive,219
Underground Blossom,2291850,Overwhelmingly Positive,6412,Very Positive,47
Doki Doki Literature Club Plus!,1388880,Overwhelmingly Positive,28508,Overwhelmingly Positive,376
The Murder of Sonic the Hedgehog,2324650,Overwhelmingly Positive,24822,Very Positive,162
Mon Bazou,1520370,Overwhelmingly Positive,18954,Overwhelmingly Positive,235
Keep Talking and Nobody Explodes,341800,Overwhelmingly Positive,14003,Very Positive,101
Batman: Arkham Asylum Game of the Year Edition,35140,Overwhelmingly Positive,58721,Overwhelmingly Positive,676
TCG Card Shop Simulator,3070070,Overwhelmingly Positive,44631,Very Positive,751
Gunpoint,206190,Overwhelmingly Positive,10219,Very Positive,27
OneShot: World Machine Edition,2915460,Overwhelmingly Positive,4497,Overwhelmingly Positive,170
Summer Pockets,897220,Overwhelmingly Positive,4560,Very Positive,21
Devil May Cry 5,601150,Overwhelmingly Positive,110976,Overwhelmingly Positive,1036
WolfQuest: Anniversary Edition,926990,Overwhelmingly Positive,10812,Overwhelmingly Positive,144
Virtual Cottage,1369320,Overwhelmingly Positive,10967,Very Positive,56
The Expendabros,312990,Overwhelmingly Positive,18232,Very Positive,22
A Tower Full of Cats,2179170,Overwhelmingly Positive,2209,Very Positive,30
God of War,1593500,Overwhelmingly Positive,124908,Very Positive,1506
The Forest,242760,Overwhelmingly Positive,568096,Overwhelmingly Positive,5003
Left 4 Dead,500,Overwhelmingly Positive,56475,Overwhelmingly Positive,539
Touhou Luna Nights,851100,Overwhelmingly Positive,13514,Very Positive,71
West of Loathing,597220,Overwhelmingly Positive,9554,Very Positive,35
Aliya: Timelink,2704110,Overwhelmingly Positive,7944,Overwhelmingly Positive,131
Slay the Princess — The Pristine Cut,1989270,Overwhelmingly Positive,29040,Overwhelmingly Positive,568
BRAZILIAN DRUG DEALER 3: I OPENED A PORTAL TO HELL IN THE FAVELA TRYING TO REVIVE MIT AIA I NEED TO CLOSE IT,3191050,Overwhelmingly Positive,6486,Overwhelmingly Positive,326
The Walking Dead: The Telltale Definitive Series,1449690,Overwhelmingly Positive,33793,Overwhelmingly Positive,852
PowerWash Simulator,1290000,Overwhelmingly Positive,49875,Very Positive,297
Return of the Obra Dinn,653530,Overwhelmingly Positive,30712,Overwhelmingly Positive,222
Baldi's Basics Plus,1275890,Overwhelmingly Positive,9346,Overwhelmingly Positive,355
100 hidden frogs,1806840,Overwhelmingly Positive,6863,Very Positive,88
Eternal Senia,351640,Overwhelmingly Positive,12021,Very Positive,17
The Mr. Rabbit Magic Show,3472550,Overwhelmingly Positive,5766,Very Positive,113
The Supper,1171370,Overwhelmingly Positive,4354,Very Positive,24
Riddle Joker,1277930,Overwhelmingly Positive,5544,Very Positive,56
MULLET MADJACK,2111190,Overwhelmingly Positive,7746,Overwhelmingly Positive,100
SuchArt: Creative Space,1469280,Overwhelmingly Positive,7136,Very Positive,25
The Children of Clay,3478700,Overwhelmingly Positive,3623,Overwhelmingly Positive,118
Marvel’s Spider-Man Remastered,1817070,Overwhelmingly Positive,92783,Overwhelmingly Positive,1754
Duck Game,312530,Overwhelmingly Positive,25179,Very Positive,48
Super Hexagon,221640,Overwhelmingly Positive,18246,Very Positive,50
MADNESS: Project Nexus,488860,Overwhelmingly Positive,15412,Overwhelmingly Positive,122
GRIS,683320,Overwhelmingly Positive,81740,Very Positive,621
ATLYSS,2768430,Overwhelmingly Positive,18521,Overwhelmingly Positive,272
Alba: A Wildlife Adventure,1337010,Overwhelmingly Positive,6359,Overwhelmingly Positive,131
I Wani Hug that Gator!,1895350,Overwhelmingly Positive,4989,Very Positive,68
planetarian HD,623080,Overwhelmingly Positive,3068,Very Positive,23
Aventura Copilului Albastru și Urât,1530140,Overwhelmingly Positive,2213,Very Positive,10
SIGNALIS,1262350,Overwhelmingly Positive,28620,Overwhelmingly Positive,556
Batman: Arkham City - Game of the Year Edition,200260,Overwhelmingly Positive,53587,Overwhelmingly Positive,510
Digseum,3361470,Overwhelmingly Positive,7499,Overwhelmingly Positive,182
Illusion Carnival,2796340,Overwhelmingly Positive,6538,Overwhelmingly Positive,188
Divinity: Original Sin 2 - Definitive Edition,435150,Overwhelmingly Positive,176723,Very Positive,970
The Walking Dead: Season Two,261030,Overwhelmingly Positive,26420,Overwhelmingly Positive,200
BAD END THEATER,1764390,Overwhelmingly Positive,8511,Very Positive,89
Titanfall® 2,1237970,Overwhelmingly Positive,246814,Overwhelmingly Positive,3700
Café Stella and the Reaper's Butterflies,1829980,Overwhelmingly Positive,5178,Very Positive,83
Smushi Come Home,1740300,Overwhelmingly Positive ,1968,Very Positive ,39
METAL GEAR RISING: REVENGEANCE,235460,Overwhelmingly Positive,68199,Overwhelmingly Positive,360
Minishoot' Adventures,1634860,Overwhelmingly Positive,6987,Overwhelmingly Positive,187
Your Only Move Is HUSTLE,2212330,Overwhelmingly Positive,35042,Overwhelmingly Positive,882
Milk inside a bag of milk inside a bag of milk,1392820,Overwhelmingly Positive,30533,Very Positive,268
LEGO® Star Wars™ - The Complete Saga,32440,Overwhelmingly Positive,20279,Very Positive,79
Town to City,3115220,Overwhelmingly Positive,5170,Overwhelmingly Positive,248
Cult of the Lamb,1313140,Overwhelmingly Positive,105585,Overwhelmingly Positive,1567
The Looker,1985690,Overwhelmingly Positive,15501,Overwhelmingly Positive,119
Winter Memories,2495450,Overwhelmingly Positive,10012,Very Positive,75
Papa's Pizzeria Deluxe,3259470,Overwhelmingly Positive,3155,Very Positive,75
Teardown,1167630,Overwhelmingly Positive,119032,Very Positive,4229
DOOM + DOOM II,2280,Overwhelmingly Positive,24336,Overwhelmingly Positive,232
Kindergarten 2,1067850,Overwhelmingly Positive,5438,Very Positive,42
Sid Meier's Civilization® V,8930,Overwhelmingly Positive,127001,Very Positive,499
Loddlenaut,1644940,Overwhelmingly Positive,3349,Very Positive,81
Handshakes,2171690,Overwhelmingly Positive,2834,Very Positive,35
Clair Obscur: Expedition 33,1903340,Overwhelmingly Positive,171217,Very Positive,2998
Until Then,1574820,Overwhelmingly Positive,13117,Overwhelmingly Positive,566
Ghost Trick: Phantom Detective,1967430,Overwhelmingly Positive,5989,Very Positive,90
I Am Your Beast,1876590,Overwhelmingly Positive,4809,Very Positive,84
The Planet Crafter,1284190,Overwhelmingly Positive,63518,Very Positive,1431
Age of Empires II (Retired),221380,Overwhelmingly Positive,84449,Overwhelmingly Positive,124
Milk outside a bag of milk outside a bag of milk,1604000,Overwhelmingly Positive,19800,Very Positive,291
The Test,1241510,Overwhelmingly Positive,19625,Very Positive,45
Pseudoregalia,2365810,Overwhelmingly Positive,15989,Overwhelmingly Positive,234
Universe Sandbox,230290,Overwhelmingly Positive,26520,Overwhelmingly Positive,355
Bloody Hell,2056220,Overwhelmingly Positive,6688,Very Positive,83
Age of Empires® III (2007),105450,Very Positive,32221,Very Positive,36
The Upturned,1717770,Overwhelmingly Positive,2400,Very Positive,18
DOOM,379720,Overwhelmingly Positive,151188,Overwhelmingly Positive,826
Zup! S,617670,Overwhelmingly Positive,14783,Very Positive,182
It Takes Two,1426210,Overwhelmingly Positive,210005,Overwhelmingly Positive,2950
BABBDI,2240530,Overwhelmingly Positive,7984,Overwhelmingly Positive,185
Is This Seat Taken?,3035120,Overwhelmingly Positive,7520,Overwhelmingly Positive,714
SONIC X SHADOW GENERATIONS,2513280,Overwhelmingly Positive,11234,Overwhelmingly Positive,153
Hades II,1145350,Overwhelmingly Positive,108292,Overwhelmingly Positive,1684
Psychopomp,2771670,Overwhelmingly Positive,7373,Overwhelmingly Positive,107
Disfigure,2083160,Overwhelmingly Positive,6186,Overwhelmingly Positive,152
Resident Evil Village,1196590,Overwhelmingly Positive,99447,Overwhelmingly Positive,2789
Bugsnax,674140,Overwhelmingly Positive,8085,Overwhelmingly Positive,154
Sekiro™: Shadows Die Twice - GOTY Edition,814380,Overwhelmingly Positive,252528,Very Positive,1815
Cube Escape: Paradox,909080,Overwhelmingly Positive,11605,Overwhelmingly Positive,109
Dying Light,239140,Overwhelmingly Positive,364427,Very Positive,3800
Dialtown: Phone Dating Sim,1035990,Overwhelmingly Positive,1985,Very Positive,21
Clone Drone in the Danger Zone,597170,Overwhelmingly Positive,34393,Very Positive,619
Rabbit and Steel,2132850,Overwhelmingly Positive,9483,Overwhelmingly Positive,241
The Test: Final Revelation,1428310,Overwhelmingly Positive,5295,Very Positive,12
Dorfromantik,1455840,Overwhelmingly Positive,26929,Overwhelmingly Positive,114
Samsara Room,1281800,Overwhelmingly Positive,9890,Very Positive,72
Just a To the Moon Series Beach Episode,2159210,Overwhelmingly Positive,3579,Very Positive,54
Milo and the Magpies,1407420,Overwhelmingly Positive,3155,Very Positive,29
Rusty's Retirement,2666510,Overwhelmingly Positive,13535,Very Positive,79
Fallen Aces,1411910,Overwhelmingly Positive,6199,Very Positive,68
Don't Starve Together,322330,Overwhelmingly Positive,364610,Very Positive,2036
Kenshi,233860,Overwhelmingly Positive,93465,Overwhelmingly Positive,1049
Outer Wilds,753640,Overwhelmingly Positive,83139,Very Positive,1244
NEKOPARA Vol. 2,420110,Overwhelmingly Positive,10957,Very Positive,32
Scarlet Hollow,1609230,Overwhelmingly Positive,4141,Overwhelmingly Positive,209
CULTIC,1684930,Overwhelmingly Positive,7624,Very Positive,82
Monster Prom 4: Monster Con,2869860,Overwhelmingly Positive,1826,Very Positive,24
The Test: Hypothesis Rising,1282200,Overwhelmingly Positive,5846,Very Positive,11
Mizi NO!,2654860,Overwhelmingly Positive,2787,Overwhelmingly Positive,104
Ye Guild Clerk!,3715020,Overwhelmingly Positive,1893,Overwhelmingly Positive,131
LIZARDS MUST DIE,2532550,Overwhelmingly Positive,23333,Very Positive,61
"Little Kitty, Big City",1177980,Overwhelmingly Positive,9924,Overwhelmingly Positive,145
Post Void,1285670,Overwhelmingly Positive,10500,Overwhelmingly Positive,108
Minami Lane,2678990,Overwhelmingly Positive,5808,Very Positive,66
Aokana - Four Rhythms Across the Blue - EXTRA2,2206340,Overwhelmingly Positive,1335,Very Positive,11
SOMA,282140,Overwhelmingly Positive,44666,Very Positive,454
Supreme Commander: Forged Alliance,9420,Overwhelmingly Positive,9684,Very Positive,64
NEKOPARA Vol. 3,602520,Overwhelmingly Positive,11129,Very Positive,23
NEKOPARA Vol. 4,1406990,Overwhelmingly Positive,8202,Very Positive,28
100 Asian Cats,2667970,Overwhelmingly Positive,8417,Very Positive,69
Shadow Tactics: Blades of the Shogun,418240,Overwhelmingly Positive,30589,Very Positive,85
The Coffin of Andy and Leyley,2378900,Overwhelmingly Positive,33724,Overwhelmingly Positive,653
DORONKO WANKO,2512840,Overwhelmingly Positive,4303,Very Positive,30
Abiotic Factor,427410,Overwhelmingly Positive,38083,Very Positive,701
DREDGE,1562430,Overwhelmingly Positive,44462,Overwhelmingly Positive,766
Danganronpa: Trigger Happy Havoc,413410,Overwhelmingly Positive,33804,Overwhelmingly Positive,1456
Marco & The Galaxy Dragon,1202540,Overwhelmingly Positive,6954,Very Positive,46
Katawa Shoujo,3068300,Overwhelmingly Positive,5312,Overwhelmingly Positive,188
Saints Row: The Third,55230,Overwhelmingly Positive,48581,Very Positive,157
Opus Magnum,558990,Overwhelmingly Positive,5553,Overwhelmingly Positive,258
Your Turn To Die -Death Game By Majority-,2067780,Overwhelmingly Positive,3619,Overwhelmingly Positive,139
Thronefall,2239150,Overwhelmingly Positive,22041,Very Positive,440
Stacklands,1948280,Overwhelmingly Positive,28170,Very Positive,273
Awaria,3274300,Overwhelmingly Positive,18686,Overwhelmingly Positive,319
CATO: Buttered Cat,1999520,Overwhelmingly Positive,2551,Very Positive,56
of the Devil,2739630,Overwhelmingly Positive,2237,Overwhelmingly Positive,103
Mini Motorways,1127500,Overwhelmingly Positive,22823,Very Positive,170
In Stars And Time,1677310,Overwhelmingly Positive,7222,Overwhelmingly Positive,125
Rivals of Aether,383980,Overwhelmingly Positive,32746,Overwhelmingly Positive,155
Buckshot Roulette,2835570,Overwhelmingly Positive,101875,Very Positive,2165
Ultimate Chicken Horse,386940,Overwhelmingly Positive,39799,Overwhelmingly Positive,252
Desperados III,610370,Overwhelmingly Positive,11563,Very Positive,85
At Home Alone Final,1740100,Overwhelmingly Positive,7926,Very Positive,63
The Void Rains Upon Her Heart,790060,Overwhelmingly Positive,1562,Very Positive,15
Kerbal Space Program,220200,Overwhelmingly Positive,109795,Overwhelmingly Positive,1513
Cruelty Squad,1388770,Overwhelmingly Positive,21593,Very Positive,280
Beat Saber,620980,Overwhelmingly Positive,69347,Very Positive,174
Quake,2310,Overwhelmingly Positive,13000,Very Positive,94
Grimhook,2667430,Overwhelmingly Positive,3994,Very Positive,37
Resident Evil 7 Biohazard,418370,Overwhelmingly Positive,81128,Overwhelmingly Positive,2787
Vampires' Melody,1377360,Overwhelmingly Positive,5524,Very Positive,25
Sucker for Love: First Date,1574270,Overwhelmingly Positive,2605,Very Positive,22
Paint the Town Red,337320,Overwhelmingly Positive,28463,Overwhelmingly Positive,231
An alt girl for skoof,2901520,Very Positive,9260,Mostly Positive,110
Path of Achra,2128270,Overwhelmingly Positive,3004,Very Positive,55
Dungeon Munchies,799640,Overwhelmingly Positive,6483,Very Positive,21
A Space for the Unbound,1201270,Overwhelmingly Positive,6768,Very Positive,120
Alpaca Stacka,1655140,Overwhelmingly Positive,5973,Very Positive,24
Timberborn,1062090,Overwhelmingly Positive,35757,Overwhelmingly Positive,2008
STRAFTAT,2386720,Overwhelmingly Positive,19947,Overwhelmingly Positive,762
Danganronpa 2: Goodbye Despair,413420,Overwhelmingly Positive,28754,Very Positive,1104
Star Fetchers,1178030,Overwhelmingly Positive,7341,Very Positive,23
Stick It to the Stickman,2085540,Overwhelmingly Positive,6759,Very Positive,197
The Legend of Heroes: Trails in the Sky SC,251290,Overwhelmingly Positive,3602,Very Positive,32
Tinykin,1599020,Overwhelmingly Positive,2681,Very Positive,53
Frog Detective 3: Corruption at Cowboy County,1171320,Overwhelmingly Positive,1821,Very Positive,11
What Remains of Edith Finch,501300,Overwhelmingly Positive,44608,Overwhelmingly Positive,446
Car Mechanic Simulator 2021,1190000,Overwhelmingly Positive,34314,Overwhelmingly Positive,602
Tower Wizard,3372980,Overwhelmingly Positive,7781,Overwhelmingly Positive,182
Kindergarten,589590,Overwhelmingly Positive,9792,Overwhelmingly Positive,112
Cureocity,2612680,Overwhelmingly Positive,3059,Very Positive,21
Super Lesbian Animal RPG,2124380,Overwhelmingly Positive,1411,Very Positive,19
Hello Charlotte EP3: Childhood's End,760890,Overwhelmingly Positive,2904,Very Positive,78
PEAK,3527290,Very Positive,252393,Very Positive,10146
Streets of Rogue,512900,Overwhelmingly Positive,16959,Very Positive,78
Kingdom Rush Frontiers - Tower Defense,458710,Overwhelmingly Positive,9529,Very Positive,150
Mad Father,483980,Overwhelmingly Positive,5894,Very Positive,91
Psychopomp GOLD,3243190,Overwhelmingly Positive,4418,Overwhelmingly Positive,139
Fox Hime Zero,844930,Overwhelmingly Positive,5535,Very Positive,32
My Little Puppy,2102040,Overwhelmingly Positive,3681,Overwhelmingly Positive,585
Enter the Gungeon,311690,Overwhelmingly Positive,78047,Very Positive,317
The Drifter,1170570,Overwhelmingly Positive,4041,Overwhelmingly Positive,239
Age of Empires II: Definitive Edition,813780,Overwhelmingly Positive,153698,Overwhelmingly Positive,976
eden*,315810,Overwhelmingly Positive,3944,Very Positive,36
Zup! F,601220,Overwhelmingly Positive,7738,Very Positive,21
Mirage Feathers,2719060,Overwhelmingly Positive,2320,Very Positive,40
Noita,881100,Overwhelmingly Positive,78641,Overwhelmingly Positive,550
The Roottrees are Dead,2754380,Overwhelmingly Positive,7653,Overwhelmingly Positive,529
Beacon Pines,1269640,Overwhelmingly Positive,2844,Very Positive,48
Black Mesa,362890,Very Positive,131737,Very Positive,1060
There Is No Game: Jam Edition 2015,1241700,Overwhelmingly Positive,7382,Very Positive,52
UNBEATABLE [white label],1290490,Overwhelmingly Positive,8537,Very Positive,21
DOGWALK,3775050,Overwhelmingly Positive,2740,Very Positive,83
FlatOut 2,2990,Overwhelmingly Positive,18618,Very Positive,237
Aokana - Four Rhythms Across the Blue,1044620,Overwhelmingly Positive,4941,Very Positive,42
Sizeable,1333910,Overwhelmingly Positive,2845,Very Positive,54
Enigma of Fear,1507580,Overwhelmingly Positive,2917,Very Positive,34
Hidden Folks,435400,Overwhelmingly Positive,7535,Very Positive,16
Catgirl,3569430,Overwhelmingly Positive,1663,Overwhelmingly Positive,118
Total War: MEDIEVAL II – Definitive Edition,4700,Overwhelmingly Positive,26579,Overwhelmingly Positive,167
Nuclear Throne,242680,Overwhelmingly Positive,14764,Very Positive,85
Fireworks Mania - An Explosive Simulator,1079260,Overwhelmingly Positive,7302,Very Positive,67
Bug Fables: The Everlasting Sapling,1082710,Overwhelmingly Positive,5060,Very Positive,24
CarX Drift Racing Online,635260,Overwhelmingly Positive,81433,Very Positive,509
Rusty Lake: Roots,532110,Overwhelmingly Positive,7816,Very Positive,84
Lethal League Blaze,553310,Overwhelmingly Positive,4717,Very Positive,17
Cats Organized Neatly,1369340,Overwhelmingly Positive,4298,Very Positive,34
BLACK SOULS II,3855540,Overwhelmingly Positive,3488,Overwhelmingly Positive,332
Mindustry,1127400,Overwhelmingly Positive,22649,Very Positive,842
Untitled Goose Game,837470,Overwhelmingly Positive,21782,Very Positive,180
Monster Train,1102190,Overwhelmingly Positive,19810,Very Positive,57
Sayonara Wild Hearts,1122720,Overwhelmingly Positive,7878,Very Positive,43
Snake Force,1806040,Overwhelmingly Positive,5738,Very Positive,15
FTL: Faster Than Light,212680,Very Positive,61773,Very Positive,211
5D Chess With Multiverse Time Travel,1349230,Overwhelmingly Positive,7923,Very Positive,44
ANIMAL WELL,813230,Overwhelmingly Positive,21894,Very Positive,195
Tiny Rogues,2088570,Overwhelmingly Positive,9954,Very Positive,50
Walkabout Mini Golf VR,1408230,Overwhelmingly Positive,3051,Very Positive,15
"South Scrimshaw, Part One",2443110,Overwhelmingly Positive,1558,Very Positive,11
Mini Metro,287980,Overwhelmingly Positive,12483,Very Positive,52
The Planet Crafter: Prologue,1830840,Overwhelmingly Positive,10660,Very Positive,38
The Room VR: A Dark Matter,1104380,Overwhelmingly Positive,3792,Very Positive,17
My Summer Car,516750,Very Positive,103744,Very Positive,1124
Superflight,732430,Overwhelmingly Positive,11001,Very Positive,35
Derail Valley,588030,Overwhelmingly Positive,8570,Overwhelmingly Positive,114
Chicory: A Colorful Tale,1123450,Overwhelmingly Positive,3320,Very Positive,34
Funi Raccoon Game,3599690,Overwhelmingly Positive,1199,Overwhelmingly Positive,749
No Case Should Remain Unsolved,2676840,Overwhelmingly Positive,9501,Very Positive,192
SpaceEngine,314650,Overwhelmingly Positive,14386,Overwhelmingly Positive,390
FlyKnight,3108510,Overwhelmingly Positive,10002,Very Positive,190
Glass Masquerade,511470,Overwhelmingly Positive,5494,Very Positive,26
Ori and the Blind Forest: Definitive Edition,387290,Overwhelmingly Positive,61442,Very Positive,276
WorldBox - God Simulator,1206560,Overwhelmingly Positive,47727,Overwhelmingly Positive,917
Aviassembly,2660460,Overwhelmingly Positive,8257,Overwhelmingly Positive,330
Halls of Torment,2218750,Overwhelmingly Positive,30151,Very Positive,147
Peaks of Yore,2236070,Overwhelmingly Positive,3393,Very Positive,36
Seal World,1684410,Overwhelmingly Positive,859,Very Positive,21
Human Fall Flat,477160,Very Positive,172120,Very Positive,1027
Besiege,346010,Overwhelmingly Positive,47039,Very Positive,156
LEGO® Marvel™ Super Heroes,249130,Overwhelmingly Positive,21044,Overwhelmingly Positive,179
missed messages.,812810,Overwhelmingly Positive,15442,Very Positive,63
Squeakross: Home Squeak Home,2871440,Overwhelmingly Positive,1756,Overwhelmingly Positive,100
Endless Monday: Dreams and Deadlines,2262610,Overwhelmingly Positive,1757,Very Positive,26
Downwell,360740,Overwhelmingly Positive,7779,Very Positive,31
Homicipher,2302660,Overwhelmingly Positive,7389,Overwhelmingly Positive,121
100 Capitalist Cats,2743080,Overwhelmingly Positive,3783,Very Positive,52
My Friend Pedro,557340,Overwhelmingly Positive,24313,Very Positive,91
The Powder Toy,1148350,Overwhelmingly Positive,2547,Very Positive,99
Mouthwashing,2475490,Overwhelmingly Positive,32389,Very Positive,408
Insaniquarium Deluxe,3320,Overwhelmingly Positive,6145,Very Positive,78
Class of '09: The Re-Up,2318310,Overwhelmingly Positive,4272,Overwhelmingly Positive,101
Moonleap,2166050,Overwhelmingly Positive,1212,Very Positive,34
Door Kickers 2: Task Force North,1239080,Overwhelmingly Positive,11650,Overwhelmingly Positive,131
REFLEXIA Prototype ver.,1997680,Overwhelmingly Positive,7320,Very Positive,74
Sudocats,1725640,Overwhelmingly Positive,1594,Very Positive,20
Hexcells,265890,Overwhelmingly Positive,5026,Very Positive,19
9-nine-:Episode 2,1033420,Overwhelmingly Positive,1848,Very Positive,19
Valiant Hearts: The Great War™ / Soldats Inconnus : Mémoires de la Grande Guerre™,260230,Overwhelmingly Positive,24095,Overwhelmingly Positive,141
Living With Sister: Monochrome Fantasy,2429860,Overwhelmingly Positive,11253,Very Positive,88
TY the Tasmanian Tiger,411960,Overwhelmingly Positive,2495,Very Positive,14
It Steals,1349060,Overwhelmingly Positive,2052,Very Positive,31
DARK SOULS™ III,374320,Very Positive,273775,Very Positive,1196
shapez,1318690,Overwhelmingly Positive,13722,Overwhelmingly Positive,122
Tukoni: Prologue,1419860,Overwhelmingly Positive,3962,Very Positive,19
Unsorted Horror,2433730,Overwhelmingly Positive,3297,Very Positive,87
Don't Escape: 4 Days to Survive,611760,Overwhelmingly Positive,2061,Very Positive,19
Grimshire,2238470,Overwhelmingly Positive,2421,Overwhelmingly Positive,200
BALL x PIT,2062430,Overwhelmingly Positive,22026,Overwhelmingly Positive,721
Nightmare Kart,2930160,Overwhelmingly Positive,6297,Very Positive,41
Game Dev Tycoon,239820,Overwhelmingly Positive,39915,Very Positive,113
ROUNDS,1557740,Overwhelmingly Positive,33879,Overwhelmingly Positive,507
Refunct,406150,Overwhelmingly Positive,15963,Very Positive,30
SuchArt: Genius Artist Simulator,1293180,Overwhelmingly Positive,3748,Very Positive,21
StarVaders,2097570,Overwhelmingly Positive,3554,Very Positive,43
Little Nightmares,424840,Very Positive,50995,Overwhelmingly Positive,344
Bastion,107100,Overwhelmingly Positive,27987,Very Positive,55
Crypt of the NecroDancer,247080,Overwhelmingly Positive,23372,Very Positive,47
STAR WARS™ Jedi Knight - Jedi Academy™,6020,Overwhelmingly Positive,11104,Very Positive,23
Echo Point Nova,1836730,Overwhelmingly Positive,6854,Overwhelmingly Positive,133
Whisper of the House,2589500,Overwhelmingly Positive,4475,Overwhelmingly Positive,332
Beastieball,1864950,Overwhelmingly Positive,1332,Very Positive,19
Metal: Hellsinger,1061910,Overwhelmingly Positive,13762,Very Positive,77
The Forgotten City,874260,Overwhelmingly Positive,10659,Very Positive,94
Spaceflight Simulator,1718870,Overwhelmingly Positive,7540,Overwhelmingly Positive,459
Megabonk,3405340,Very Positive,94790,Very Positive,2392
死寂（Deathly Stillness）,1727650,Overwhelmingly Positive,22036,Very Positive,70
VVVVVV,70300,Overwhelmingly Positive,6549,Very Positive,51
The Jackbox Party Pack 3,434170,Overwhelmingly Positive,5078,Very Positive,20
Dreamlike Love with Seira,2986260,Overwhelmingly Positive,1285,Very Positive,14
The Talos Principle,257510,Overwhelmingly Positive,28916,Very Positive,78
OPUS: Echo of Starsong - Full Bloom Edition,1504500,Overwhelmingly Positive,8456,Very Positive,33
Carto,1172450,Overwhelmingly Positive,7132,Very Positive,56
Palworld,1623730,Very Positive,353075,Very Positive,2591
HROT,824600,Overwhelmingly Positive,5100,Very Positive,53
Arrow a Row,2495980,Overwhelmingly Positive,16952,Very Positive,79
Great God Grove,2840190,Overwhelmingly Positive,1289,Very Positive,14
Killing Floor,1250,Overwhelmingly Positive,39431,Very Positive,144
The Elder Scrolls IV: Oblivion® Game of the Year Edition (2009),22330,Very Positive,42267,Very Positive,151
The Elder Scrolls IV: Oblivion® Game of the Year Edition Deluxe (2009),900883,Very Positive,42267,Very Positive,151
Blood and Bacon,434570,Overwhelmingly Positive,27685,Very Positive,146
Incredibox,1545450,Overwhelmingly Positive,5358,Very Positive,87
Asphalt Legends,1815780,Very Positive,17416,Very Positive,389
Spiritfarer®: Farewell Edition,972660,Very Positive,45963,Very Positive,420
Hexcells Infinite,304410,Overwhelmingly Positive,4066,Very Positive,21
Psychonauts 2,607080,Overwhelmingly Positive,11904,Very Positive,69
Day of the Tentacle Remastered,388210,Overwhelmingly Positive,3457,Very Positive,22
Leaf it Alone,3981100,Overwhelmingly Positive,3383,Very Positive,366
Pipistrello and the Cursed Yoyo,2870350,Overwhelmingly Positive,1421,Very Positive,95
STAR WARS™ Republic Commando™,6000,Overwhelmingly Positive,14262,Very Positive,48
Valheim,892970,Very Positive,449861,Very Positive,2733
Half-Life: Opposing Force,50,Overwhelmingly Positive,24419,Overwhelmingly Positive,335
Hypnospace Outlaw,844590,Overwhelmingly Positive,4640,Very Positive,49
Spin Rhythm XD,1058830,Overwhelmingly Positive,3747,Very Positive,13
UNDERDOGS,2441700,Overwhelmingly Positive,2601,Very Positive,25
100 Ninja Cats,2776810,Overwhelmingly Positive,2623,Very Positive,25
420BLAZEIT 2: GAME OF THE YEAR -=Dank Dreams and Goated Memes=- [#wow/11 Like and Subscribe] Poggerz Edition,2624280,Overwhelmingly Positive,1465,Very Positive,19
Ultimate Custom Night,871720,Very Positive,62030,Very Positive,364
Wagotabi: A Japanese Journey,2701720,Overwhelmingly Positive,1225,Very Positive,89
DFHack - Dwarf Fortress Modding Engine,2346660,Overwhelmingly Positive,1042,Very Positive,22
SILENT HILL 2,2124490,Very Positive,39460,Very Positive,1122
Indigo Park: Chapter 1,2504480,Overwhelmingly Positive,22848,Overwhelmingly Positive,257
Zup! Z,1218900,Overwhelmingly Positive,4026,Very Positive,24
Chop Goblins,1935660,Overwhelmingly Positive,2780,Very Positive,40
NEKOPARA Extra,899970,Overwhelmingly Positive,3563,Very Positive,25
Orbo's Odyssey,2539960,Overwhelmingly Positive,1449,Very Positive,11
Brick Rigs,552100,Very Positive,50886,Overwhelmingly Positive,781
ASTLIBRA Revision,1718570,Overwhelmingly Positive,28776,Very Positive,300
Ace Attorney Investigations Collection,2401970,Overwhelmingly Positive,3088,Very Positive,65
Angel at Dusk,1405500,Overwhelmingly Positive,1586,Very Positive,14
Project Zomboid,108600,Very Positive,336792,Very Positive,5454
The Pedestrian,466630,Overwhelmingly Positive,4986,Very Positive,32
Aokana - Four Rhythms Across the Blue - EXTRA1,1340130,Overwhelmingly Positive,1218,Very Positive,14
Flowers -Le volume sur ete-,858940,Overwhelmingly Positive,1182,Very Positive,12
Call of Juarez: Gunslinger,204450,Very Positive,19862,Very Positive,136
Shovel Knight: Treasure Trove,250760,Overwhelmingly Positive,13914,Very Positive,34
Snufkin: Melody of Moominvalley,1808680,Overwhelmingly Positive,3072,Very Positive,58
Cats and Seek: Osaka,2672090,Overwhelmingly Positive,1807,Very Positive,24
The Elder Scrolls III: Morrowind® Game of the Year Edition,22320,Overwhelmingly Positive,21695,Overwhelmingly Positive,134
Rusty Lake Hotel,435120,Overwhelmingly Positive,6801,Very Positive,63
Zodiacats,1817000,Overwhelmingly Positive,1194,Very Positive,14
Trine Enchanted Edition,35700,Overwhelmingly Positive,12692,Very Positive,41
Nova Drift,858210,Overwhelmingly Positive,12809,Very Positive,50
Zup! X,508900,Overwhelmingly Positive,6407,Very Positive,30
Higurashi When They Cry Hou - Ch.1 Onikakushi,310360,Overwhelmingly Positive,6249,Overwhelmingly Positive,128
A Webbing Journey,2073910,Overwhelmingly Positive,1098,Very Positive,57
The Binding of Isaac,113200,Very Positive,48463,Very Positive,236
FIVE NIGHTS AT FREDDY'S: HELP WANTED,732690,Overwhelmingly Positive,12093,Very Positive,88
Thank Goodness You're Here!,2366980,Overwhelmingly Positive,7128,Very Positive,134
Impostor Factory,1182620,Overwhelmingly Positive,11652,Very Positive,80
FAR: Lone Sails,609320,Overwhelmingly Positive,23625,Overwhelmingly Positive,243
Rusted Warfare - RTS,647960,Overwhelmingly Positive,6212,Very Positive,103
Lily's Well,1834870,Overwhelmingly Positive,2542,Very Positive,30
last seen online,2824230,Overwhelmingly Positive,2069,Very Positive,45
Townscaper,1291340,Overwhelmingly Positive,19898,Very Positive,52
Coloring Pixels,897330,Overwhelmingly Positive,8479,Very Positive,59
花火与幽灵少女 - Hanabi and Ghost girl,2302540,Overwhelmingly Positive,1323,Very Positive,51
The New Flesh,3692660,Overwhelmingly Positive,2854,Overwhelmingly Positive,212
我只是想让她们都幸福,3734680,Overwhelmingly Positive,1962,Overwhelmingly Positive,347
Wandering Sword,1876890,Very Positive,34018,Very Positive,509
Roboquest,692890,Overwhelmingly Positive,18657,Very Positive,146
Stray Cats in Cozy Town,2901140,Overwhelmingly Positive,1660,Very Positive,25
Supermarket Together,2709570,Very Positive,89965,Very Positive,2267
GUILTY GEAR XX ACCENT CORE PLUS R,348550,Overwhelmingly Positive,5456,Very Positive,26
Ages of Conflict: World War Simulator,2186320,Overwhelmingly Positive,7217,Overwhelmingly Positive,289
Monster Prom 2: Monster Camp,1140270,Overwhelmingly Positive,4968,Very Positive,17
Brutal Orchestra,1734320,Overwhelmingly Positive,1832,Very Positive,12
Snail Simulator,1500740,Overwhelmingly Positive,1209,Very Positive,13
Trine 2: Complete Story,35720,Overwhelmingly Positive,15189,Very Positive,21
ENDER MAGNOLIA: Bloom in the Mist,2725260,Overwhelmingly Positive,16064,Very Positive,213
Bit Blaster XL,433950,Overwhelmingly Positive,5483,Very Positive,10
Hylics 2,1286710,Overwhelmingly Positive,3020,Very Positive,33
Everlasting Summer,331470,Very Positive,77269,Very Positive,422
WitchSpring R,1958220,Overwhelmingly Positive,6538,Very Positive,80
NEKOPARA Vol. 1,333600,Overwhelmingly Positive,23242,Very Positive,71
NGU IDLE,1147690,Overwhelmingly Positive,12685,Very Positive,74
Pikuniku,572890,Overwhelmingly Positive,9330,Overwhelmingly Positive,117
STEINS;GATE 0,825630,Overwhelmingly Positive,7475,Very Positive,92
Monster Prom 3: Monster Roadtrip,1665190,Overwhelmingly Positive,2791,Very Positive,12
Linelith,1923790,Overwhelmingly Positive,1166,Very Positive,37
Insomnia: Theater in the Head,2085360,Overwhelmingly Positive,2679,Very Positive,35
Ithya: Magic Studies,3330250,Overwhelmingly Positive,1781,Very Positive,81
Waterpark Simulator,3293260,Overwhelmingly Positive,9004,Overwhelmingly Positive,381
Farming Simulator 19,787860,Very Positive,64142,Very Positive,134
I commissioned some bees 0,2250060,Overwhelmingly Positive,4581,Very Positive,24
Kingdom Come: Deliverance II,1771300,Very Positive,131032,Very Positive,3732
LISA: The Painful,335670,Overwhelmingly Positive,12976,Very Positive,33
The Room Three,456750,Overwhelmingly Positive,12644,Very Positive,106
Mark of the Ninja: Remastered,860950,Overwhelmingly Positive,6414,Very Positive,44
Rise of the Tomb Raider™,391220,Very Positive,122840,Very Positive,1202
Fluffy Store,1038740,Overwhelmingly Positive,3573,Very Positive,13
Coloring Game 2,1216200,Overwhelmingly Positive,3576,Very Positive,13
Duck Detective: The Ghost of Glamping,2714620,Overwhelmingly Positive,2313,Very Positive,57
The Hungry Lamb: Traveling in the Late Ming Dynasty,2593370,Very Positive,48470,Very Positive,730
"STAR WARS™ Battlefront II (Classic, 2005)",6060,Very Positive,46059,Very Positive,73
DRAMAtical Murder,1481080,Overwhelmingly Positive,4188,Overwhelmingly Positive,124
Content Warning,2881650,Very Positive,67012,Very Positive,1265
AudioSurf,12900,Overwhelmingly Positive,8861,Very Positive,12
Bejeweled® 3,78000,Overwhelmingly Positive,5823,Very Positive,50
Tiny Bookshop,2133760,Overwhelmingly Positive,5970,Overwhelmingly Positive,247
Metal Garden,3539440,Overwhelmingly Positive,3115,Overwhelmingly Positive,422
Travellin Cats in Italy,2313240,Overwhelmingly Positive,1739,Very Positive,19
Crypt Custodian,2394650,Overwhelmingly Positive,2594,Very Positive,71
NIGHT-RUNNERS™ PROLOGUE,2707900,Overwhelmingly Positive,21330,Very Positive,332
Recettear: An Item Shop's Tale,70400,Overwhelmingly Positive,6601,Very Positive,14
Voidigo,1304680,Overwhelmingly Positive,3607,Very Positive,38
Stella of The End,2510770,Overwhelmingly Positive,2693,Very Positive,49
Sorry We're Closed,1796580,Overwhelmingly Positive,1526,Very Positive,25
Tabletop Simulator,286160,Overwhelmingly Positive,45577,Overwhelmingly Positive,299
Five Nights at Freddy's: Into the Pit,2638370,Overwhelmingly Positive,9937,Very Positive,53
Raging Loop,648100,Overwhelmingly Positive,9164,Overwhelmingly Positive,258
Orcs Must Die!,102600,Overwhelmingly Positive,6568,Very Positive,20
Northern Journey,1639790,Overwhelmingly Positive,3332,Very Positive,61
The Farmer Was Replaced,2060160,Overwhelmingly Positive,7664,Very Positive,254
TIS-100,370360,Overwhelmingly Positive,3334,Very Positive,15
Resonance of the Ocean,2057080,Overwhelmingly Positive,2176,Very Positive,28
Dust: An Elysian Tail,236090,Overwhelmingly Positive,14139,Very Positive,27
Star of Providence,603960,Overwhelmingly Positive,3099,Very Positive,29
Dwarf Fortress,975370,Very Positive,28696,Very Positive,119
The Jackbox Party Pack 7,1211630,Overwhelmingly Positive,3942,Very Positive,17
Cleared Hot,1710820,Overwhelmingly Positive,3317,Very Positive,259
"STAR WARS™ Battlefront (Classic, 2004)",1058020,Overwhelmingly Positive,4115,Very Positive,21
Emberward,2459550,Overwhelmingly Positive,3545,Very Positive,87
Risk of Rain 2,632360,Very Positive,234346,Very Positive,1505
Epic Battle Fantasy 4,265610,Overwhelmingly Positive,2755,Very Positive,19
Travellin Cats in Bali,2356500,Overwhelmingly Positive,1264,Very Positive,18
Contraband Police,756800,Very Positive,23535,Overwhelmingly Positive,316
Railroader,1683150,Overwhelmingly Positive,3076,Very Positive,47
Jacksmith: Weapons and Warriors,3580580,Overwhelmingly Positive,1714,Very Positive,67
Against the Storm,1336490,Very Positive,31820,Very Positive,259
Esoteric Ebb,2057760,Overwhelmingly Positive,4701,Overwhelmingly Positive,2517
Meteor 60 Seconds!,788770,Overwhelmingly Positive,4807,Very Positive,15
Creeper World 3: Arc Eternal,280220,Overwhelmingly Positive,4039,Very Positive,14
Alien Swarm: Reactive Drop,563560,Very Positive,23477,Very Positive,77
Darkwood,274520,Overwhelmingly Positive,21329,Very Positive,239
The Walking Dead: The Final Season,866800,Very Positive,17037,Overwhelmingly Positive,202
Retrowave,1239690,Overwhelmingly Positive,13645,Very Positive,34
Boneraiser Minions,1944570,Overwhelmingly Positive,4914,Very Positive,15
I Was a Teenage Exocolonist,1148760,Overwhelmingly Positive,4186,Very Positive,68
The Curse of Monkey Island,730820,Overwhelmingly Positive,2735,Very Positive,26
A Taste of the Past,1706930,Overwhelmingly Positive,1773,Very Positive,10
Slime Rancher 2,1657630,Very Positive,41121,Overwhelmingly Positive,602
Zortch,2443360,Overwhelmingly Positive,1219,Very Positive,19
Aperture Desk Job,1902490,Very Positive,24684,Very Positive,97
Machinarium,40700,Overwhelmingly Positive,16192,Overwhelmingly Positive,169
Like a Dragon Gaiden: The Man Who Erased His Name,2375550,Overwhelmingly Positive,8744,Very Positive,74
Cornerpond,3454590,Overwhelmingly Positive,2418,Very Positive,54
Minds Beneath Us,1610440,Overwhelmingly Positive,4970,Overwhelmingly Positive,189
Leap Year,2951770,Overwhelmingly Positive,2850,Very Positive,55
Master Of Pottery,1160490,Overwhelmingly Positive,2721,Very Positive,10
Antichamber,219890,Overwhelmingly Positive,13499,Very Positive,33
I MAED A GAM3 W1TH Z0MB1ES 1N IT!!!1,1800730,Overwhelmingly Positive,1779,Very Positive,19
Fretless - The Wrath of Riffson,2429050,Overwhelmingly Positive,1241,Very Positive,28
Swallow the Sea,1511860,Overwhelmingly Positive,2427,Very Positive,15
Two Point Museum,2185060,Overwhelmingly Positive,8384,Very Positive,155
Stronghold HD (2012),40950,Overwhelmingly Positive,8501,Very Positive,16
DICEOMANCER,2501600,Overwhelmingly Positive,4616,Very Positive,42
Hotline Miami 2: Wrong Number,274170,Very Positive,66713,Very Positive,831
Plague Inc: Evolved,246620,Very Positive,53821,Very Positive,890
Nine Sols,1809540,Very Positive,34676,Very Positive,697
Rabi-Ribi,400910,Overwhelmingly Positive,10689,Mostly Positive,31
House Flipper,613100,Very Positive,90945,Very Positive,777
PlateUp!,1599600,Very Positive,17680,Very Positive,178
Civilization IV: Beyond the Sword,8800,Overwhelmingly Positive,3756,Very Positive,27
Persona 3 Reload,2161700,Overwhelmingly Positive,37404,Overwhelmingly Positive,940
Amnesia: The Dark Descent,57300,Overwhelmingly Positive,20046,Overwhelmingly Positive,102
Supraland,813630,Overwhelmingly Positive,11754,Very Positive,92
Backyard Baseball '97,3170540,Overwhelmingly Positive,2003,Very Positive,35
9-nine-:Episode 4,1424660,Overwhelmingly Positive,1391,Very Positive,16
Feeding Frenzy 2 Deluxe,3390,Overwhelmingly Positive,2351,Very Positive,35
Fractal Block World,1540570,Overwhelmingly Positive,1190,Very Positive,33
Psychonauts,3830,Overwhelmingly Positive,11933,Very Positive,65
We Become What We Behold [Fan-Made Port],1103210,Overwhelmingly Positive,6473,Very Positive,78
Defense Grid: The Awakening,18500,Overwhelmingly Positive,4479,Very Positive,19
Stellar Blade™,3489700,Very Positive,55611,Very Positive,1211
Pony Island,405640,Overwhelmingly Positive,14607,Very Positive,63
Monster Train 2,2742830,Overwhelmingly Positive,8000,Very Positive,180
Pilgrims,1049280,Overwhelmingly Positive,5330,Very Positive,54
A Dance of Fire and Ice,977950,Very Positive,75146,Very Positive,695
Superliminal,1049410,Very Positive,27199,Overwhelmingly Positive,189
Airships: Conquer the Skies,342560,Overwhelmingly Positive,6020,Very Positive,62
Turing Complete,1444480,Overwhelmingly Positive,4953,Very Positive,75
Library Of Ruina,1256670,Very Positive,37253,Very Positive,849
PockeDate! - Pocket Dating Simulator,3107350,Overwhelmingly Positive,2359,Very Positive,96
Alien Swarm,630,Very Positive,21511,Very Positive,46
Easy Delivery Co.,3293010,Overwhelmingly Positive,7919,Very Positive,418
Save Room - Organization Puzzle,1955330,Overwhelmingly Positive,1982,Very Positive,18
No Time,1043340,Overwhelmingly Positive,1978,Very Positive,32
Ambidextro,3445580,Overwhelmingly Positive,1272,Very Positive,25
Brothers - A Tale of Two Sons,225080,Very Positive,33713,Very Positive,30
Caves of Qud,333640,Overwhelmingly Positive,11387,Very Positive,99
Hello Charlotte EP2: Requiem Aeternam Deo,557630,Overwhelmingly Positive,2288,Very Positive,48
CARRION,953490,Very Positive,28109,Very Positive,277
Severed Steel,1227690,Overwhelmingly Positive,8428,Very Positive,137
Space Rock Breaker,4035270,Overwhelmingly Positive,3073,Overwhelmingly Positive,417
Resident Evil 4 (2005),254700,Very Positive,74688,Overwhelmingly Positive,2204
Total Annihilation,298030,Overwhelmingly Positive,3506,Very Positive,15
Kingdom Rush Origins - Tower Defense,816340,Overwhelmingly Positive,7183,Very Positive,117
Super Meat Boy,40800,Very Positive,28252,Very Positive,441
Coffee Talk Episode 2: Hibiscus & Butterfly,1663220,Overwhelmingly Positive,2381,Very Positive,31
Barotrauma,602960,Very Positive,58358,Very Positive,726
Liftoff®: FPV Drone Racing,410340,Overwhelmingly Positive,12639,Very Positive,202
SUPER CHICKEN JUMPER,584640,Overwhelmingly Positive,4846,Very Positive,27
Skate Story,1263240,Overwhelmingly Positive,2221,Overwhelmingly Positive,204
Cattails: Wildwood Story,1882500,Overwhelmingly Positive,1385,Very Positive,26
Dogs Organized Neatly,1597730,Overwhelmingly Positive,1336,Very Positive,24
The Talos Principle 2,835960,Overwhelmingly Positive,12059,Very Positive,75
The Chef's Shift,2390230,Overwhelmingly Positive,1485,Overwhelmingly Positive,136
Everhood,1229380,Overwhelmingly Positive,11360,Very Positive,69
FINAL FANTASY IX,377840,Overwhelmingly Positive,11809,Overwhelmingly Positive,128
Quake II,2320,Overwhelmingly Positive,8186,Very Positive,64
Beyond Citadel,3371240,Overwhelmingly Positive,3832,Very Positive,150
Orbt XL,615610,Overwhelmingly Positive,3204,Very Positive,21
Primordia,227000,Overwhelmingly Positive,2929,Very Positive,12
The Test: Secrets of the Soul,2231890,Overwhelmingly Positive,1556,Very Positive,10
Boomerang Fu,965680,Overwhelmingly Positive,1665,Very Positive,22
NOeSIS01_诉说谎言记忆物语,1246020,Overwhelmingly Positive,1499,Very Positive,10
Dagon: by H. P. Lovecraft,1481400,Overwhelmingly Positive,12132,Very Positive,57
SteamWorld Dig 2,571310,Overwhelmingly Positive,5522,Very Positive,63
Sleeping Dogs: Definitive Edition,307690,Very Positive,67272,Overwhelmingly Positive,884
Lobotomy Corporation | Monster Management Simulation,568220,Very Positive,48674,Overwhelmingly Positive,1090
PAC-MAN™ Championship Edition DX+,236450,Overwhelmingly Positive,4871,Very Positive,27
Arctic Eggs,2763670,Overwhelmingly Positive,4915,Overwhelmingly Positive,137
Peggle™ Nights,3540,Overwhelmingly Positive,2794,Very Positive,59
The Legend of Heroes: Trails from Zero,1668510,Overwhelmingly Positive,1256,Very Positive,20
MX Bikes,655500,Very Positive,32804,Overwhelmingly Positive,567
Shower With Your Dad Simulator 2015: Do You Still Shower With Your Dad,359050,Overwhelmingly Positive,7213,Very Positive,14
DEADBOLT,394970,Overwhelmingly Positive,4787,Very Positive,32
D1AL-ogue,4270390,Overwhelmingly Positive,2602,Overwhelmingly Positive,898
100 Funny Cats,2881230,Overwhelmingly Positive,1649,Very Positive,21
Catto's Post Office,2908050,Overwhelmingly Positive,1075,Very Positive,36
Ghost of Tsushima DIRECTOR'S CUT,2215430,Very Positive,60146,Overwhelmingly Positive,1399
Hatsune Miku: Project DIVA Mega Mix+,1761390,Very Positive,18472,Overwhelmingly Positive,284
inbento,1567440,Overwhelmingly Positive,2564,Very Positive,72
Grim Dawn,219990,Very Positive,88588,Very Positive,601
Slice & Dice,1775490,Overwhelmingly Positive,2373,Very Positive,21
Epic Battle Fantasy 3,521200,Overwhelmingly Positive,2351,Very Positive,31
Proverbs,3083300,Overwhelmingly Positive,1316,Overwhelmingly Positive,116
Rain World,312520,Very Positive,41228,Very Positive,791
BlazBlue Entropy Effect,2273430,Very Positive,29187,Very Positive,214
Yoku's Island Express,334940,Overwhelmingly Positive,3095,Very Positive,20
A Park Full of Cats,2610090,Overwhelmingly Positive,1992,Very Positive,30
Ori and the Blind Forest,261570,Very Positive,50342,Mostly Positive,138
Wildermyth,763890,Very Positive,16166,Very Positive,31
Devil Daggers,422970,Overwhelmingly Positive,7280,Very Positive,31
Travellin Cats in Maple Hollow 🍂,2551170,Overwhelmingly Positive,1187,Very Positive,12
ELDEN RING,1245620,Very Positive,812860,Very Positive,5577
Neon Beats,1064610,Overwhelmingly Positive,6540,Very Positive,10
Supraland Six Inches Under,1522870,Overwhelmingly Positive,3764,Very Positive,50
IRMÃO Grande & Brasileiro 2,1569520,Overwhelmingly Positive,1302,Very Positive,17
Deus Ex: Game of the Year Edition,6910,Very Positive,13408,Very Positive,75
(the) Gnorp Apologue,1473350,Overwhelmingly Positive,9265,Mostly Positive,68
Narcissu 1st & 2nd,264380,Overwhelmingly Positive,5243,Very Positive,45
PUMPKIN PANIC,3177920,Overwhelmingly Positive,3565,Very Positive,108
The Past Within,1515210,Very Positive,14180,Very Positive,76
Little Inferno,221260,Overwhelmingly Positive,8938,Very Positive,47
POSTAL: Brain Damaged,1359980,Overwhelmingly Positive,9116,Very Positive,158
Zup! 2,562220,Overwhelmingly Positive,6449,Very Positive,23
PARANORMASIGHT: The Seven Mysteries of Honjo,2106840,Overwhelmingly Positive,5649,Overwhelmingly Positive,245
[Nightmare Files] Clap Clap,2933290,Overwhelmingly Positive,5067,Very Positive,84
Pentiment,1205520,Overwhelmingly Positive,8649,Overwhelmingly Positive,102
Cobalt Core,2179850,Overwhelmingly Positive,3857,Very Positive,38
Manifold Garden,473950,Overwhelmingly Positive,7372,Very Positive,83
Mitoza,1516240,Overwhelmingly Positive,3732,Very Positive,39
MineMogul,3846120,Overwhelmingly Positive,3507,Overwhelmingly Positive,405
PIGFACE,3341650,Overwhelmingly Positive,1906,Overwhelmingly Positive,106
Mafia II (Classic),50130,Very Positive,35691,Very Positive,166
Nuclear Option,2168680,Overwhelmingly Positive,7519,Overwhelmingly Positive,565
OFF,3339880,Overwhelmingly Positive,2612,Very Positive,118
Geometry Dash,322170,Very Positive,531581,Very Positive,19776
BioShock Infinite,8870,Very Positive,108394,Very Positive,365
Knights College,1510030,Overwhelmingly Positive,2066,Very Positive,13
Yakuza: Like a Dragon,1235140,Very Positive,27133,Very Positive,168
Cat Quest II,914710,Overwhelmingly Positive,5702,Very Positive,40
Zuma Deluxe,3330,Overwhelmingly Positive,6054,Overwhelmingly Positive,127
Promise Mascot Agency,2585830,Overwhelmingly Positive,2339,Very Positive,74
Muck,1625450,Very Positive,182348,Very Positive,1125
A Shelter Full of Cats,3087650,Overwhelmingly Positive,1061,Very Positive,20
Smile For Me,1018850,Overwhelmingly Positive,2045,Very Positive,10
Galaxy Burger,2749770,Overwhelmingly Positive,2308,Very Positive,50
Soul Touch,3947480,Overwhelmingly Positive,1034,Very Positive,11
The Stanley Parable: Ultra Deluxe,1703340,Very Positive,32645,Very Positive,440
Stick Fight: The Game,674940,Very Positive,99359,Very Positive,351
Rise of Nations: Extended Edition,287450,Very Positive,13046,Very Positive,80
Gloomwood,1150760,Overwhelmingly Positive,7079,Very Positive,95
Bang-On Balls: Chronicles,1227650,Overwhelmingly Positive,4227,Very Positive,20
Tiny Aquarium: Social Fishkeeping,2581950,Overwhelmingly Positive,2989,Very Positive,135
Battlefield: Bad Company™ 2,24960,Very Positive,37386,Very Positive,34
The Legend of Heroes: Trails to Azure,1668520,Overwhelmingly Positive,909,Very Positive,17
Descenders,681280,Overwhelmingly Positive,18506,Very Positive,194
Sultan's Game,3117820,Very Positive,23788,Mixed,693
My Winter Car,4164420,Very Positive,16987,Very Positive,564
Animal Revolt Battle Simulator,1215390,Overwhelmingly Positive,6331,Very Positive,69
Turnip Boy Commits Tax Evasion,1205450,Overwhelmingly Positive,9598,Very Positive,47
EARTH DEFENSE FORCE 4.1 The Shadow of New Despair,410320,Overwhelmingly Positive,7646,Very Positive,20
Anomaly Agent,2378620,Overwhelmingly Positive,9004,Very Positive,162
BLACK SOULS,3755860,Overwhelmingly Positive,5705,Overwhelmingly Positive,303
The House in Fata Morgana: A Requiem for Innocence,804700,Overwhelmingly Positive,1606,Very Positive,39
Umamusume: Pretty Derby,3224770,Very Positive,54725,Very Positive,2201
100 March Cats,2845260,Overwhelmingly Positive,1650,Very Positive,17
Coffee Talk,914800,Very Positive,10926,Overwhelmingly Positive,102
Songs of Syx,1162750,Overwhelmingly Positive,7483,Very Positive,206
Birth,1889040,Overwhelmingly Positive,3580,Very Positive,48
Teddy's Haven - A Fantasy Inspired Shop Simulator,3615160,Overwhelmingly Positive,2036,Very Positive,203
SpeedRunners,207140,Very Positive,22761,Very Positive,39
Samorost 1,1580970,Overwhelmingly Positive,5216,Very Positive,83
Raft,648800,Very Positive,315760,Very Positive,2897
Muv-Luv Alternative,802890,Overwhelmingly Positive,3259,Very Positive,50
Escape from Ever After,1996390,Overwhelmingly Positive,1236,Overwhelmingly Positive,149
Empires of the Undergrowth,463530,Very Positive,16155,Very Positive,256
Higurashi When They Cry Hou - Ch.3 Tatarigoroshi,472870,Overwhelmingly Positive,1116,Very Positive,33
Five Nights at Freddy's,319510,Very Positive,52227,Overwhelmingly Positive,366
Poly Bridge 2,1062160,Overwhelmingly Positive,7791,Very Positive,45
Spooky's Jump Scare Mansion: HD Renovation,577690,Overwhelmingly Positive,3560,Very Positive,54
Leaf Blower Revolution - Idle Game,1468260,Very Positive,26255,Very Positive,98
Strange Horticulture,1574580,Very Positive,13996,Very Positive,140
Chill Pulse,2826180,Overwhelmingly Positive,4513,Very Positive,53
Nightmare of Decay,1848450,Overwhelmingly Positive,4073,Very Positive,31
Fallout: A Post Nuclear Role Playing Game,38400,Overwhelmingly Positive,16188,Overwhelmingly Positive,142
Into the Breach,590380,Very Positive,18479,Very Positive,121
60 Seconds! Reatomized,1012880,Very Positive,17551,Very Positive,213
a new life.,1297160,Overwhelmingly Positive,2176,Very Positive,23
UFO 50,1147860,Overwhelmingly Positive,6878,Very Positive,52
RED HOT VENGEANCE,1058640,Overwhelmingly Positive,3552,Very Positive,19
FUMES,1920430,Overwhelmingly Positive,2007,Very Positive,100
Cast n Chill,3483740,Overwhelmingly Positive,6900,Very Positive,279
Yellow Taxi Goes Vroom,2011780,Overwhelmingly Positive,1455,Very Positive,45
Marvel's Guardians of the Galaxy,1088850,Very Positive,34275,Very Positive,265
Cairn,1588550,Very Positive,14669,Very Positive,1674
Vampire: The Masquerade - Bloodlines,2600,Very Positive,13564,Very Positive,82
FAITH: The Unholy Trinity,1179080,Overwhelmingly Positive,7672,Very Positive,96
CARIMARA: Beneath the forlorn limbs,3570370,Overwhelmingly Positive,2161,Overwhelmingly Positive,217
ENDER LILIES: Quietus of the Knights,1369630,Very Positive,41394,Very Positive,374
Sleeping Dogs,202170,Very Positive,10202,Very Positive,17
Symphony of War: The Nephilim Saga,1488200,Very Positive,12443,Very Positive,96
Bloons TD 5,306020,Very Positive,10619,Very Positive,36
Rusty Lake Paradise,744190,Overwhelmingly Positive,6582,Very Positive,104
YOU and ME and HER: A Love Story,1293820,Overwhelmingly Positive,5536,Overwhelmingly Positive,102
Fate/stay night REMASTERED,2396980,Overwhelmingly Positive,3850,Very Positive,93
Ropuka's Idle Island,3416070,Overwhelmingly Positive,3739,Very Positive,59
Kinkoi: Golden Loveriche,1277940,Overwhelmingly Positive,1330,Very Positive,16
BioShock™,7670,Very Positive,24783,Very Positive,103
Progressbar95,1304550,Overwhelmingly Positive,3263,Very Positive,73
My succubus Kukula,2848420,Overwhelmingly Positive,1344,Very Positive,10
Night in the Woods,481510,Very Positive,17353,Overwhelmingly Positive,137
Lucy -The Eternity She Wished For-,430960,Overwhelmingly Positive,7713,Very Positive,20
Quake III Arena,2200,Overwhelmingly Positive,3370,Very Positive,29
FIND KITTENS: The last of cats,2907010,Overwhelmingly Positive,1179,Very Positive,45
Amairo Chocolate,1238680,Overwhelmingly Positive,945,Very Positive,15
ISLANDERS,1046030,Very Positive,16046,Very Positive,37
14 Minesweeper Variants,1865060,Overwhelmingly Positive,1475,Very Positive,17
Transistor,237930,Very Positive,27780,Very Positive,46
"Warhammer 40,000: Dawn of War - Anniversary Edition",4570,Overwhelmingly Positive,8673,Very Positive,42
Bitburner,1812820,Overwhelmingly Positive,7150,Very Positive,66
Poker Night at the Inventory,3897800,Overwhelmingly Positive,6843,Overwhelmingly Positive,2288
The Secret of Monkey Island: Special Edition,32360,Overwhelmingly Positive,5229,Very Positive,23
Shadows Over Loathing,1939160,Overwhelmingly Positive,3048,Very Positive,23
Company of Heroes,228200,Very Positive,12150,Very Positive,106
Shogun Showdown,2084000,Overwhelmingly Positive,5890,Very Positive,53
Fish to Dish: Idle Sushi,3399960,Overwhelmingly Positive,2035,Very Positive,75
Omelet You Cook,3205380,Overwhelmingly Positive,1296,Very Positive,115
Far Fishing,3723470,Overwhelmingly Positive,987,Very Positive,33
Dead Space™ 2,47780,Very Positive,24562,Very Positive,383
Farmer Against Potatoes Idle,1535560,Very Positive,7918,Very Positive,73
Yuppie Psycho: Executive Edition,597760,Overwhelmingly Positive,7628,Very Positive,64
Door Kickers: Action Squad,686200,Overwhelmingly Positive,8672,Very Positive,40
Trails in the Sky 1st Chapter,3375780,Overwhelmingly Positive,3492,Very Positive,172
Slayers X: Terminal Aftermath: Vengance of the Slayer,1931020,Overwhelmingly Positive,1254,Very Positive,14
Tales from the Borderlands,330830,Very Positive,14933,Very Positive,37
Reventure,900270,Overwhelmingly Positive,8349,Very Positive,52
Later Alligator,966320,Overwhelmingly Positive,2684,Very Positive,22
Ostriv,773790,Very Positive,6625,Very Positive,84
DISTRAINT 2,743390,Overwhelmingly Positive,3993,Very Positive,24
LiEat,373770,Overwhelmingly Positive,3980,Very Positive,21
Strange Antiquities,2885870,Overwhelmingly Positive,2659,Very Positive,106
Farm Together,673950,Very Positive,17582,Very Positive,37
Cat Quest,593280,Overwhelmingly Positive,8163,Very Positive,49
FINAL FANTASY,1173770,Very Positive,7507,Very Positive,132
Agent A: A puzzle in disguise,801480,Overwhelmingly Positive,5649,Very Positive,52
Higurashi When They Cry Hou - Ch.2 Watanagashi,410890,Overwhelmingly Positive,1546,Very Positive,43
The Procession to Calvary,1071130,Overwhelmingly Positive,1144,Very Positive,12
Learn to Fly 3,589870,Very Positive,11017,Very Positive,77
The Baby In Yellow,2291340,Overwhelmingly Positive,2027,Very Positive,79
Travellin Cats in Christmas,2933990,Overwhelmingly Positive,1173,Very Positive,26
Cities: Skylines,255710,Very Positive,216284,Very Positive,1825
Teenage Mutant Ninja Turtles: Shredder's Revenge,1361510,Very Positive,12605,Very Positive,100
Cosmoteer: Starship Architect & Commander,799600,Very Positive,11638,Very Positive,77
Otaku's Adventure,937170,Very Positive,8060,Very Positive,43
Windowkill,2726450,Overwhelmingly Positive,3249,Very Positive,46
"If On A Winter's Night, Four Travelers",1603980,Overwhelmingly Positive,2677,Very Positive,53
Vital Shell,3741860,Overwhelmingly Positive,1422,Very Positive,87
Dungeons 3,493900,Very Positive,12578,Very Positive,17
Duck Detective: The Secret Salami,2637990,Very Positive,5814,Very Positive,62
Rooftops & Alleys: The Parkour Game,2703850,Overwhelmingly Positive,6413,Very Positive,64
Nightmare House: The Original Mod,2954780,Overwhelmingly Positive,2358,Very Positive,99
CBT With Yuuka Kazami,1430420,Overwhelmingly Positive,1129,Very Positive,12
PC Building Simulator,621060,Very Positive,41859,Very Positive,157
Botanicula,207690,Overwhelmingly Positive,4791,Very Positive,31
Lost and Found Co.,2101390,Overwhelmingly Positive,1483,Overwhelmingly Positive,715
Cats and Seek: Kyoto,2845320,Overwhelmingly Positive,1178,Very Positive,23
Gunfire Reborn,1217060,Very Positive,87716,Very Positive,198
LEGO® Star Wars™ III - The Clone Wars™,32510,Very Positive,6987,Very Positive,40
In Sound Mind,1119980,Overwhelmingly Positive,5233,Very Positive,79
Tangle Tower,359510,Overwhelmingly Positive,5703,Very Positive,58
Squirrel Stapler,2535830,Overwhelmingly Positive,1924,Very Positive,34
冬日树下的回忆,2403320,Overwhelmingly Positive,1174,Very Positive,19
My Singing Monsters,1419170,Very Positive,46840,Very Positive,702
Dystopika,2379910,Overwhelmingly Positive,3182,Very Positive,41
A Plague Tale: Innocence,752590,Very Positive,58039,Very Positive,356
Freddy Fazbear's Pizzeria Simulator,738060,Very Positive,32633,Very Positive,193
Little Busters! English Edition,635940,Overwhelmingly Positive,1015,Very Positive,16
LEGO® Batman™ 2: DC Super Heroes,213330,Very Positive,6938,Very Positive,99
BirdGut,1072390,Overwhelmingly Positive,5123,Very Positive,22
Max Payne 2: The Fall of Max Payne,12150,Very Positive,11294,Overwhelmingly Positive,172
Cheese Rolling,3809440,Overwhelmingly Positive,5951,Very Positive,326
Serious Sam Classic: The First Encounter,41050,Overwhelmingly Positive,2912,Very Positive,63
Magical Girl Celesphonia,1786790,Overwhelmingly Positive,2991,Very Positive,56
Higurashi When They Cry Hou - Ch.5 Meakashi,577480,Overwhelmingly Positive,924,Very Positive,28
Sonic Mania,584400,Very Positive,23187,Very Positive,156
DR LIVESEY ROM AND DEATH EDITION,2181930,Very Positive,12288,Very Positive,55
Hello Kitty Island Adventure,2495100,Very Positive,8562,Very Positive,268
COCOON,1497440,Very Positive,7496,Very Positive,67
POOLS,2663530,Overwhelmingly Positive,5862,Very Positive,157
Sledders,2486740,Overwhelmingly Positive,4201,Overwhelmingly Positive,156
Zup! 8,799070,Overwhelmingly Positive,4129,Very Positive,25
ANTONBLAST,1887400,Overwhelmingly Positive,3723,Very Positive,54
Majotori,588730,Overwhelmingly Positive,1845,Very Positive,25
Viewfinder,1382070,Very Positive,10857,Very Positive,199
Tribal Hunter,1379870,Overwhelmingly Positive,1363,Very Positive,15
Yog-Sothoth’s Yard,2194530,Very Positive,9819,Very Positive,67
Astral Ascent,1280930,Very Positive,5147,Very Positive,30
FATE,246840,Overwhelmingly Positive,3990,Very Positive,33
Uncrashed : FPV Drone Simulator,1682970,Overwhelmingly Positive,6658,Overwhelmingly Positive,242
Alien Shooter,33100,Overwhelmingly Positive,3798,Very Positive,49
Duck Simulator 2,1808800,Overwhelmingly Positive,2866,Very Positive,14
Angels of Death,537110,Overwhelmingly Positive,4876,Very Positive,27
Heavenly Bodies,1138850,Overwhelmingly Positive,3533,Very Positive,26
Tyrion Cuthbert: Attorney of the Arcane,1590230,Overwhelmingly Positive,1467,Very Positive,23
Tetris® Effect: Connected,1003590,Very Positive,8159,Very Positive,72
Tametsi,709920,Overwhelmingly Positive,1365,Very Positive,10
My Sticker Book,2088270,Overwhelmingly Positive,1377,Very Positive,17
A Building Full of Cats 2,2810730,Overwhelmingly Positive,1020,Very Positive,28
Cat Goes Fishing,343780,Very Positive,14686,Very Positive,267
NoLimits 2 Roller Coaster Simulation,301320,Overwhelmingly Positive,1497,Very Positive,11
Back to the Dawn,1735700,Very Positive,8147,Very Positive,134
Call of Duty®: Modern Warfare® 2 (2009),10180,Very Positive,34920,Overwhelmingly Positive,226
SpongeBob SquarePants: Battle for Bikini Bottom - Rehydrated,969990,Very Positive,14010,Very Positive,115
OCTOPATH TRAVELER II,1971650,Very Positive,12710,Very Positive,142
Hitman: Blood Money,6860,Very Positive,13078,Very Positive,171
Transmissions: Element 120,365300,Very Positive,9901,Very Positive,25
How Fish Is Made,1854430,Overwhelmingly Positive,5404,Very Positive,59
Class of '09,1443200,Very Positive,7889,Very Positive,252
1000xRESIST,1675830,Overwhelmingly Positive,4762,Very Positive,130
Escape Simulator,1435790,Very Positive,16120,Very Positive,88
Kingdom Rush Vengeance - Tower Defense,1367550,Very Positive,9521,Very Positive,106
Bramble: The Mountain King,1623940,Very Positive,6156,Very Positive,101
The Lab,450390,Very Positive,6606,Very Positive,22
The Coma 2: Vicious Sisters,1045720,Overwhelmingly Positive,2710,Very Positive,19
Charlie Murder,405290,Overwhelmingly Positive,2471,Very Positive,46
STONKS-9800: Stock Market Simulator,1539140,Overwhelmingly Positive,2675,Overwhelmingly Positive,166
Skul: The Hero Slayer,1147560,Very Positive,50226,Very Positive,166
Your Mom,4147820,Overwhelmingly Positive,2596,Overwhelmingly Positive,447
Assetto Corsa,244210,Very Positive,130948,Very Positive,1395
Sven Co-op,225840,Very Positive,32177,Very Positive,183
Wingspan,1054490,Very Positive,9415,Very Positive,60
GUILTY GEAR Xrd REV 2,520440,Very Positive,7908,Very Positive,42
Five Nights at Freddy's 2,332800,Very Positive,23214,Very Positive,187
Rift of the NecroDancer,2073250,Very Positive,5082,Very Positive,151
I Wanna Maker,1114940,Overwhelmingly Positive,5026,Very Positive,24
Wednesdays,2747770,Very Positive,249,Very Positive,27
Fear the Spotlight,1959390,Overwhelmingly Positive,1094,Very Positive,49
Rolling Line,754150,Overwhelmingly Positive,2319,Very Positive,25
My Brother Rabbit,855640,Overwhelmingly Positive,1659,Very Positive,19
DRAGON BALL Z: KAKAROT,851850,Very Positive,43150,Very Positive,158
Fallout 2: A Post Nuclear Role Playing Game,38410,Very Positive,13498,Very Positive,110
Worms Armageddon,217200,Very Positive,7667,Very Positive,52
Crawl,293780,Overwhelmingly Positive,5548,Very Positive,14
Master of Orion 2,410980,Overwhelmingly Positive,1600,Very Positive,11
Undusted: Letters from the Past,2891020,Overwhelmingly Positive,1400,Very Positive,97
Parking Garage Rally Circuit,2737300,Overwhelmingly Positive,1422,Very Positive,34
Goodnight Universe,2416100,Overwhelmingly Positive,1135,Very Positive,57
Alien: Isolation,214490,Very Positive,46900,Very Positive,262
Call of Duty® 4: Modern Warfare® (2007),7940,Very Positive,21490,Overwhelmingly Positive,178
Hyperdimension Neptunia Re;Birth1,282900,Very Positive,10088,Very Positive,17
Crazy Machines 3,351920,Very Positive,7446,Very Positive,22
Tales of Maj'Eyal,259680,Very Positive,6149,Very Positive,50
Five Nights at Freddy's: Help Wanted 2,2287520,Overwhelmingly Positive,4918,Very Positive,53
DYO,791470,Overwhelmingly Positive,1856,Very Positive,23
Red Dead Redemption 2,1174180,Very Positive,798189,Very Positive,13829
Marvel’s Spider-Man: Miles Morales,1817190,Very Positive,36074,Very Positive,687
Spyro™ Reignited Trilogy,996580,Very Positive,13580,Very Positive,92
Project Wingman,895870,Very Positive,17605,Very Positive,208
EARTH DEFENSE FORCE 5,1007040,Very Positive,9236,Mostly Positive,42
Cattails | Become a Cat!,634160,Overwhelmingly Positive,2292,Very Positive,13
XCOM: Enemy Unknown,200510,Very Positive,39860,Very Positive,108
The House in Fata Morgana,303310,Very Positive,5514,Very Positive,95
Creaks,956030,Overwhelmingly Positive,4919,Very Positive,47
When The Past Was Around,1164050,Overwhelmingly Positive,3841,Very Positive,33
"one night, hot springs",917680,Overwhelmingly Positive,3102,Very Positive,31
Wylde Flowers,1896700,Overwhelmingly Positive,2223,Very Positive,29
Freedom Planet,248310,Overwhelmingly Positive,3271,Very Positive,12
Intravenous 2,2608270,Overwhelmingly Positive,3730,Very Positive,96
Love Is All Around,2322560,Very Positive,36163,Mostly Positive,37
Bloodstained: Ritual of the Night,692850,Very Positive,29038,Very Positive,68
PAYDAY™ The Heist,24240,Very Positive,21648,Very Positive,40
Call of Duty® (2003),2620,Very Positive,6991,Very Positive,64
Hitman: Absolution™,203140,Very Positive,47620,Very Positive,655
Kingdoms and Castles,569480,Very Positive,29797,Very Positive,143
Our Adventurer Guild,2026000,Overwhelmingly Positive,3068,Very Positive,78
Disney•Pixar WALL-E,331750,Overwhelmingly Positive,1028,Very Positive,11
Tokyo Xtreme Racer,2634950,Very Positive,14610,Very Positive,161
Sonic Racing: CrossWorlds,2486820,Very Positive,10102,Very Positive,300
Amazing Frog?,332570,Very Positive,10910,Overwhelmingly Positive,102
From Glory To Goo,2607060,Overwhelmingly Positive,1489,Overwhelmingly Positive,139
Cassette Beasts,1321440,Very Positive,8553,Very Positive,41
Dead Estate,1484720,Overwhelmingly Positive,5591,Very Positive,77
Zeus + Poseidon,566050,Overwhelmingly Positive,1865,Very Positive,14
Little Nightmares II,860510,Very Positive,47980,Very Positive,596
Gothic II: Gold Edition,39510,Very Positive,11999,Overwhelmingly Positive,101
Kitty Powers' Matchmaker,285740,Overwhelmingly Positive,1730,Very Positive,18
Obscure,254460,Overwhelmingly Positive,2879,Very Positive,22
Moonring,2373630,Overwhelmingly Positive,2377,Very Positive,17
SLUDGE LIFE 2,2275150,Overwhelmingly Positive,1237,Very Positive,20
Hacknet,365450,Very Positive,16646,Very Positive,57
Species: Unknown,2747330,Very Positive,5523,Overwhelmingly Positive,525
STAR WARS™ Knights of the Old Republic™ II - The Sith Lords™,208580,Very Positive,21902,Very Positive,95
A Summer's End - Hong Kong 1986,1111370,Overwhelmingly Positive,2055,Very Positive,18
Super Woden: Rally Edge,3218630,Overwhelmingly Positive,1350,Very Positive,71
Frostpunk,323190,Very Positive,110764,Very Positive,926
This War of Mine,282070,Very Positive,80973,Very Positive,313
Judgment,2058180,Very Positive,8841,Very Positive,108
Mortal Sin,1494810,Very Positive,5451,Very Positive,64
The Great Ace Attorney Chronicles,1158850,Very Positive,4931,Very Positive,43
Epistory - Typing Chronicles,398850,Very Positive,3982,Mostly Positive,18
Warsim: The Realm of Aslona,659540,Overwhelmingly Positive,1954,Very Positive,14
Neighbours back From Hell,1283190,Very Positive,3494,Overwhelmingly Positive,105
The Good Time Garden,1200860,Overwhelmingly Positive,2859,Very Positive,16
Bouncemasters,3697340,Overwhelmingly Positive,2261,Very Positive,335
Days Gone,1259420,Very Positive,79900,Very Positive,770
Life is Strange: Before the Storm,554620,Very Positive,33318,Very Positive,68
Automation - The Car Company Tycoon Game,293760,Very Positive,15893,Very Positive,201
Door Kickers,248610,Very Positive,7980,Very Positive,24
Doloc Town,2285550,Overwhelmingly Positive,1722,Very Positive,60
Landlord of the Woods,1564090,Overwhelmingly Positive,1143,Very Positive,14
Disco Elysium - The Final Cut,632470,Very Positive,113308,Very Positive,991
The Outlast Trials,1304930,Very Positive,82085,Very Positive,3231
Detective Grimoire,272600,Overwhelmingly Positive,1939,Very Positive,27
NEKOPARA Vol. 0,385800,Very Positive,14612,Very Positive,37
Megaquarium,600480,Overwhelmingly Positive,3313,Very Positive,43
ZeroRanger,809020,Overwhelmingly Positive,1945,Very Positive,24
Toree 2,1722620,Overwhelmingly Positive,991,Very Positive,10
Unpacking,1135690,Very Positive,33843,Very Positive,555
DYNASTY WARRIORS: ORIGINS,2384580,Very Positive,18671,Very Positive,219
Chronicon,375480,Very Positive,8734,Mostly Positive,13
Heat Signature,268130,Very Positive,6784,Very Positive,19
Cat Quest III,2305840,Very Positive,2890,Very Positive,33
The Elder Scrolls V: Skyrim Special Edition,489830,Very Positive,209166,Overwhelmingly Positive,1905
Farming Simulator 17,447020,Very Positive,22820,Very Positive,93
F.E.A.R.,21090,Very Positive,13477,Very Positive,143
Otome Riron to Sono Shuuhen -École de Paris-,2567190,Overwhelmingly Positive,823,Very Positive,18
this game will end in 205 clicks.,3585630,Overwhelmingly Positive,1240,Very Positive,27
RollerCoaster Tycoon®: Deluxe,285310,Very Positive,7199,Very Positive,39
Melatonin,1585220,Very Positive,7364,Very Positive,93
Core Keeper,1621690,Very Positive,47924,Very Positive,675
Super Animal Royale,843380,Very Positive,43995,Very Positive,213
Crime Scene Cleaner: Prologue,2540100,Very Positive,5343,Very Positive,26
Creeper World 4,848480,Very Positive,4455,Very Positive,36
Age of Mythology: Extended Edition,266840,Very Positive,31608,Very Positive,70
Not For Broadcast,1147550,Very Positive,10048,Very Positive,79
Sid Meier's Pirates!,3920,Very Positive,6037,Very Positive,61
Tavern Keeper 🍻,436780,Very Positive,4216,Very Positive,95
Poly Bridge 3,1850160,Overwhelmingly Positive,1911,Very Positive,31
Commando Collection,3059010,Overwhelmingly Positive,1327,Very Positive,15
SYNTHETIK: Legion Rising,528230,Very Positive,10046,Very Positive,48
Kindred Spirits on the Roof,402620,Overwhelmingly Positive,1281,Very Positive,17
Scribblenauts Unlimited,218680,Very Positive,7890,Very Positive,40
THE KING OF FIGHTERS 2002 UNLIMITED MATCH,222440,Very Positive,4184,Very Positive,34
The Witch's House MV,885810,Overwhelmingly Positive,3510,Very Positive,41
Last Command,1487270,Overwhelmingly Positive,2160,Very Positive,23
Arco,2366970,Overwhelmingly Positive,2002,Very Positive,36
Octodad: Dadliest Catch,224480,Very Positive,8942,Very Positive,35
Space Rangers HD: A War Apart,214730,Very Positive,5720,Very Positive,36
The Legend of Heroes: Trails of Cold Steel,538680,Very Positive,5021,Very Positive,30
SHENZHEN I/O,504210,Overwhelmingly Positive,3663,Very Positive,21
Cyber Hook,1130410,Overwhelmingly Positive,3029,Very Positive,21
Endling - Extinction is Forever,898890,Very Positive,2546,Very Positive,62
SharpShooter3D,2435900,Overwhelmingly Positive,2043,Very Positive,25
How to Train Your Cock,3673060,Overwhelmingly Positive,1466,Very Positive,124
Drova - Forsaken Kin,1585180,Very Positive,8854,Very Positive,88
GemCraft - Chasing Shadows,296490,Overwhelmingly Positive,3594,Very Positive,19
Island Saver,1210250,Overwhelmingly Positive,3774,Very Positive,28
DmC: Devil May Cry,220440,Very Positive,19698,Very Positive,119
Unavowed,336140,Overwhelmingly Positive,2248,Very Positive,14
Super Kiwi 64,1949960,Overwhelmingly Positive,1739,Very Positive,20
Gun Devil,1287040,Overwhelmingly Positive,1576,Very Positive,12
Reentry - A Space Flight Simulator,882140,Overwhelmingly Positive,1199,Very Positive,40
We Love Katamari REROLL+ Royal Reverie,1730700,Overwhelmingly Positive,2058,Very Positive,41
Serious Sam Classic: The Second Encounter,41060,Overwhelmingly Positive,1704,Very Positive,34
Planescape: Torment: Enhanced Edition,466300,Very Positive,4547,Very Positive,30
Zup!,533300,Very Positive,8259,Very Positive,26
My Child Lebensborn Remastered,2430730,Overwhelmingly Positive,1175,Very Positive,49
Mass Effect (2007),17460,Very Positive,14834,Very Positive,14
Granny,962400,Very Positive,9012,Overwhelmingly Positive,285
BlazBlue Centralfiction,586140,Very Positive,9133,Very Positive,53
Islets,1669420,Overwhelmingly Positive,1635,Very Positive,32
ElecHead,1456880,Overwhelmingly Positive,1275,Very Positive,31
Farming Simulator 22,1248130,Very Positive,67539,Very Positive,422
The Séance of Blake Manor,1395520,Overwhelmingly Positive,2664,Very Positive,212
100 Dino Cats,2803000,Overwhelmingly Positive,2060,Very Positive,21
Utawarerumono: Mask of Truth,1151440,Overwhelmingly Positive,1406,Very Positive,11
DARK SOULS™: REMASTERED,570940,Very Positive,95454,Very Positive,1149
KovaaK's,824270,Very Positive,35778,Very Positive,445
觅长生,1189490,Very Positive,26333,Very Positive,149
Clustertruck,397950,Very Positive,14364,Overwhelmingly Positive,107
The Legend of Heroes: Trails in the Sky,251150,Very Positive,8678,Very Positive,42
Small Saga,1320140,Overwhelmingly Positive,1762,Very Positive,14
DRAPLINE,3103780,Overwhelmingly Positive,1507,Very Positive,61
URBO: Dream One,2529130,Overwhelmingly Positive,1325,Very Positive,11
暖雪 Warm Snow,1296830,Very Positive,34867,Very Positive,85
Defender's Quest: Valley of the Forgotten (DX edition),218410,Very Positive,2706,Mixed,10
Snacko,1125510,Overwhelmingly Positive,851,Very Positive,10
ShellShock Live,326460,Very Positive,29155,Mostly Positive,73
World of Goo,22000,Very Positive,4745,Very Positive,21
Among Us,945360,Very Positive,639569,Very Positive,3617
Necesse,1169040,Very Positive,22838,Very Positive,266
The NOexistenceN of you AND me,2873080,Very Positive,18022,Very Positive,633
Griftlands,601840,Very Positive,13326,Very Positive,30
Parkitect,453090,Very Positive,6688,Very Positive,45
Software Inc.,362620,Very Positive,7404,Very Positive,39
My Friendly Neighborhood,1574260,Overwhelmingly Positive,2426,Very Positive,27
Misao - 2024 HD Remaster,691450,Overwhelmingly Positive,2263,Very Positive,28
Gori: Cuddly Carnage,1299690,Overwhelmingly Positive,1280,Very Positive,26
Turbo Overkill,1328350,Very Positive,6126,Very Positive,55
Aurora Hills: Chapter 1,2762230,Overwhelmingly Positive,3504,Very Positive,90
X-COM: UFO Defense,7760,Overwhelmingly Positive,3151,Very Positive,11
Moss,846470,Very Positive,2885,Very Positive,15
Lords of the Realm II,397350,Overwhelmingly Positive,1576,Very Positive,11
Slots & Daggers,3631290,Very Positive,6441,Very Positive,263
Dungeon Alchemist,1588530,Very Positive,2507,Very Positive,39
ScooterFlow,1648390,Overwhelmingly Positive,3605,Very Positive,41
Middle-earth™: Shadow of Mordor™,241930,Very Positive,62339,Very Positive,322
Hello Neighbor Alpha 2,1092720,Very Positive,4503,Very Positive,68
Mars First Logistics,1532200,Very Positive,3253,Very Positive,92
Vertigo 2,843390,Overwhelmingly Positive,2520,Very Positive,13
The Inn-Sanity,2688570,Overwhelmingly Positive,1457,Very Positive,23
Kill It With Fire,1179210,Overwhelmingly Positive,3927,Very Positive,27
The Jackbox Party Pack 4,610180,Very Positive,2458,Very Positive,11
What Never Was,866440,Very Positive,5068,Very Positive,10
JellyCar Worlds,1740930,Overwhelmingly Positive,953,Very Positive,13
Wuppo: Definitive Edition,400630,Very Positive,4890,Very Positive,17
Lunistice,1701800,Overwhelmingly Positive,1736,Very Positive,18
Lost Judgment,2058190,Very Positive,6986,Very Positive,85
DATE A LIVE: Rio Reincarnation,1047440,Overwhelmingly Positive,2730,Very Positive,15
One Turn Kill,3151270,Overwhelmingly Positive,1162,Overwhelmingly Positive,117
Potion Craft: Alchemist Simulator,1210320,Very Positive,36481,Overwhelmingly Positive,387
Risk of Rain (2013),248820,Very Positive,20707,Very Positive,20
The Red Strings Club,589780,Very Positive,12418,Very Positive,100
Bean Battles,765410,Very Positive,6714,Very Positive,30
The Swapper,231160,Very Positive,5019,Very Positive,18
Tattletail,568090,Overwhelmingly Positive,4524,Very Positive,34
Shredders,1874170,Overwhelmingly Positive,3681,Very Positive,61
TowerFall Ascension,251470,Overwhelmingly Positive,2889,Very Positive,15
Monkey Island™ 2 Special Edition: LeChuck’s Revenge™,32460,Very Positive,2562,Very Positive,16
Shotgun Witch,1435310,Overwhelmingly Positive,1095,Very Positive,11
Halo: The Master Chief Collection,976730,Very Positive,233946,Very Positive,1379
The Darkside Detective: A Fumble in the Dark,795420,Overwhelmingly Positive,1560,Very Positive,15
Bronzebeard's Tavern,2422870,Very Positive,6756,Very Positive,102
APE OUT,447150,Very Positive,3584,Very Positive,29
東方幕華祭 TouHou Makuka Sai ~ Fantastic Danmaku Festival,882710,Overwhelmingly Positive,1305,Very Positive,13
"No, I'm not a Human",3180070,Very Positive,24124,Very Positive,897
Sonic & All-Stars Racing Transformed Collection,212480,Very Positive,11656,Very Positive,31
SPORE™,17390,Very Positive,64947,Very Positive,550
Behind the Frame: The Finest Scenery,1634150,Very Positive,4819,Very Positive,27
HUNTDOWN,598550,Very Positive,3876,Very Positive,78
Zup! 7,658560,Overwhelmingly Positive,2206,Very Positive,18
Labyrinth City: Pierre the Maze Detective,1421790,Overwhelmingly Positive,1847,Very Positive,16
Total War: WARHAMMER II,594570,Very Positive,84952,Very Positive,51
Brutal Legend,225260,Very Positive,11001,Very Positive,47
Sudoku Universe / 数独宇宙,733070,Very Positive,2958,Very Positive,10
Death's Door,894020,Very Positive,18481,Very Positive,175
Unrailed!,1016920,Very Positive,13565,Very Positive,60
Soda Dungeon,564710,Very Positive,6274,Very Positive,23
Dictators:No Peace Countryballs,1139890,Very Positive,5861,Very Positive,22
dotAGE,638510,Overwhelmingly Positive,2463,Very Positive,20
Organized Inside,3609750,Overwhelmingly Positive,1579,Very Positive,129
Love at First Sight,353330,Overwhelmingly Positive,1403,Very Positive,13
Battle Chef Brigade Deluxe,452570,Overwhelmingly Positive,1580,Very Positive,10
Umineko When They Cry - Question Arcs,406550,Overwhelmingly Positive,2424,Very Positive,37
Blood Spear,1638660,Overwhelmingly Positive,2337,Very Positive,14
Motor Town: Behind The Wheel,1369670,Very Positive,7969,Very Positive,238
Shipwrecked 64,2160220,Overwhelmingly Positive,2159,Very Positive,45
Devil May Cry HD Collection,631510,Very Positive,15790,Very Positive,332
100 Aliens Cats,2845270,Overwhelmingly Positive,2029,Very Positive,39
Symphonic Rain,629650,Overwhelmingly Positive,1018,Very Positive,20
Call of Duty® 2,2630,Very Positive,8882,Very Positive,62
Keep Driving,2756920,Very Positive,5560,Overwhelmingly Positive,178
Spilled!,2240080,Very Positive,4101,Very Positive,96
Zuma's Revenge!,3620,Overwhelmingly Positive,2936,Very Positive,46
Project Arrhythmia,440310,Overwhelmingly Positive,2322,Very Positive,13
The Political Process,1184770,Overwhelmingly Positive,2070,Very Positive,16
Iron Meat,1157740,Overwhelmingly Positive,929,Very Positive,13
Starbound,211820,Very Positive,87131,Very Positive,136
Assetto Corsa Competizione,805550,Very Positive,31142,Very Positive,483
Grunn,2720950,Overwhelmingly Positive,1127,Very Positive,74
Loop Hero,1282730,Very Positive,33394,Very Positive,86
Do Not Feed the Monkeys,658850,Very Positive,9880,Very Positive,64
Card Survival: Tropical Island,1694420,Overwhelmingly Positive,2862,Very Positive,17
Kill The Crows,2441270,Overwhelmingly Positive,2692,Very Positive,38
Torchlight II,200710,Very Positive,32791,Very Positive,84
Florence,1102130,Very Positive,14231,Very Positive,169
Ancient Warfare 3,758990,Overwhelmingly Positive,2627,Very Positive,11
The Aquarium does not dance,2814910,Overwhelmingly Positive,1063,Very Positive,15
Mad Max,234140,Very Positive,56313,Very Positive,394
Borderlands Game of the Year,729040,Very Positive,17720,Very Positive,109
Dungeon Defenders,65800,Very Positive,11957,Very Positive,56
Sticky Business,2303350,Overwhelmingly Positive,5759,Very Positive,58
Battle for Wesnoth,599390,Very Positive,5803,Very Positive,34
I'm on Observation Duty,1046820,Overwhelmingly Positive,2043,Very Positive,23
ABZU,384190,Very Positive,21640,Very Positive,153
Neva,2420660,Very Positive,8410,Very Positive,225
Boundary,1364020,Mixed,15983,Mostly Negative,18
Into the Radius VR,1012790,Very Positive,9587,Very Positive,31
TheoTown,1084020,Very Positive,4224,Overwhelmingly Positive,126
Mosa Lina,2477090,Overwhelmingly Positive,1900,Very Positive,19
DEATH STRANDING DIRECTOR'S CUT,1850570,Very Positive,45836,Very Positive,2141
The Darkside Detective,368390,Very Positive,3655,Very Positive,20
Little Goody Two Shoes,1812370,Overwhelmingly Positive,2033,Very Positive,68
Date Everything!,2201320,Very Positive,5983,Very Positive,148
Super Battle Golf,4069520,Very Positive,5932,Very Positive,2129
Ember Knights,1135230,Very Positive,5814,Very Positive,34
Gato Roboto,916730,Very Positive,4213,Very Positive,41
SENRAN KAGURA SHINOVI VERSUS,411830,Very Positive,3518,Very Positive,10
UNREAL LIFE,1335560,Overwhelmingly Positive,1769,Very Positive,23
SteamWorld Dig,252410,Very Positive,6360,Very Positive,52
TROUBLESHOOTER: Abandoned Children,470310,Very Positive,9262,Very Positive,35
SENRAN KAGURA ESTIVAL VERSUS,502800,Very Positive,4935,Very Positive,17
Soda Dungeon 2,946050,Very Positive,5602,Very Positive,28
TCG Card Shop Simulator: Prologue,3103840,Very Positive,5540,Very Positive,74
The Hex,510420,Very Positive,4383,Very Positive,34
Another Crab's Treasure,1887840,Very Positive,15923,Very Positive,157
Roadwarden,1155970,Very Positive,4279,Very Positive,62
428: Shibuya Scramble,648580,Very Positive,3452,Very Positive,167
Metro 2033 Redux,286690,Very Positive,88217,Overwhelmingly Positive,1041
Mad Games Tycoon 2,1342330,Very Positive,7144,Very Positive,54
Lots of Cats in Every Moment,3080240,Overwhelmingly Positive,1106,Very Positive,45
Supermarket Simulator,2670630,Very Positive,76527,Mixed,1595
FINAL FANTASY VII,3837340,Mixed,780,Mostly Positive,160
Propagation VR,1363430,Very Positive,5814,Very Positive,18
Bloodstained: Curse of the Moon,838310,Very Positive,3743,Very Positive,21
Sins of a Solar Empire®: Rebellion,204880,Very Positive,10189,Very Positive,24
Turnip Boy Robs a Bank,2097230,Overwhelmingly Positive,1818,Very Positive,14
Rayman® Origins,207490,Very Positive,5467,Very Positive,77
Zup! 9,1098340,Overwhelmingly Positive,1864,Very Positive,23
9 Kings,2784470,Very Positive,19048,Very Positive,424
Rock Life: The Rock Simulator,2056560,Overwhelmingly Positive,2430,Very Positive,19
Suikoden I&II HD Remaster Gate Rune and Dunan Unification Wars,1932640,Overwhelmingly Positive,1859,Very Positive,23
Command & Conquer Red Alert™ 2 and Yuri’s Revenge™,2229850,Very Positive,9821,Overwhelmingly Positive,181
ISLANDERS: New Shores,2368930,Overwhelmingly Positive,1122,Very Positive,53
Trepang2,1164940,Very Positive,14249,Very Positive,317
Keep on Mining!,3769130,Very Positive,7601,Very Positive,333
Who's Lila?,1697700,Very Positive,3199,Very Positive,66
Arzette: The Jewel of Faramore,1924780,Overwhelmingly Positive,822,Very Positive,22
Call of Duty: World at War,10090,Very Positive,45010,Very Positive,213
Fatum Betula,1281270,Overwhelmingly Positive,1010,Very Positive,40
Redmatch 2,1280770,Very Positive,21651,Very Positive,444
FALLSTRUKTUR,3674270,Overwhelmingly Positive,1129,Very Positive,97
The Stanley Parable,221910,Very Positive,39950,Very Positive,75
Burnout Paradise: The Ultimate Box,24740,Very Positive,3441,Very Positive,17
X-Plane 11,269950,Very Positive,18786,Overwhelmingly Positive,128
Bad North: Jotunn Edition,688420,Very Positive,11687,Very Positive,100
Elin,2135150,Very Positive,7894,Very Positive,143
"OH MY GOD, LOOK AT THIS KNIGHT",781440,Overwhelmingly Positive,2191,Very Positive,11
and Roger,3308870,Overwhelmingly Positive,2107,Very Positive,171
STEINS;GATE: My Darling's Embrace,970560,Overwhelmingly Positive,1670,Very Positive,27
"Guns, Gore and Cannoli 2",525510,Very Positive,4596,Very Positive,34
News Tower,1649950,Very Positive,4006,Very Positive,75
ASTRONEER,361420,Very Positive,117215,Very Positive,999
Terminus: Zombie Survivors,1534980,Very Positive,4231,Very Positive,22
Murder House,1064460,Overwhelmingly Positive,2049,Very Positive,15
Idol Showdown,1742020,Very Positive,5785,Very Positive,30
IMSCARED,429720,Very Positive,3234,Very Positive,51
DEAD LETTER DEPT.,1627350,Overwhelmingly Positive,1601,Very Positive,71
Hyper Light Drifter,257850,Very Positive,14892,Very Positive,50
The Cat Lady,253110,Very Positive,4613,Very Positive,36
Rocket Rats,3069810,Overwhelmingly Positive,2104,Very Positive,109
Scrap Mechanic,387990,Very Positive,104529,Very Positive,476
9-nine-:Episode 1,976390,Overwhelmingly Positive,1798,Very Positive,13
The White Door,1145960,Very Positive,6322,Very Positive,50
Summer Memories,1227890,Very Positive,23298,Very Positive,179
The Battle of Polytopia,874390,Very Positive,4518,Very Positive,37
South of Midnight,1934570,Very Positive,4064,Very Positive,64
Jazzpunk: Director's Cut,250260,Very Positive,6239,Very Positive,44
Four Last Things,503400,Overwhelmingly Positive,1446,Very Positive,12
Amnesia: The Bunker,1944430,Very Positive,9536,Very Positive,155
Trackmania United Forever,7200,Very Positive,2432,Very Positive,16
Momodora: Reverie Under The Moonlight,428550,Very Positive,10205,Very Positive,88
Tiny Bunny: Prologue,1249880,Overwhelmingly Positive,2246,Very Positive,18
Luck be a Landlord,1404850,Very Positive,10060,Very Positive,41
Landfall Archives,2353760,Very Positive,3524,Very Positive,55
Bookshop Simulator,3467040,Overwhelmingly Positive,957,Very Positive,125
Red Orchestra 2: Heroes of Stalingrad with Rising Storm,35450,Very Positive,24716,Very Positive,83
Spelunky 2,418530,Very Positive,19397,Very Positive,126
Cat Bait,2929730,Overwhelmingly Positive,1364,Very Positive,36
Peggle Extreme,3483,Very Positive,2789,Very Positive,41
Shattered Pixel Dungeon,1769170,Overwhelmingly Positive,1919,Very Positive,25
Stephen's Sausage Roll,353540,Overwhelmingly Positive,1493,Very Positive,12
Monster Prom,743450,Very Positive,12166,Very Positive,34
The Coin Game,598980,Very Positive,5526,Mixed,182
DISTRAINT: Deluxe Edition,395170,Very Positive,7496,Very Positive,37
UNDER NIGHT IN-BIRTH Exe:Late[cl-r],801630,Very Positive,2803,Very Positive,11
METAL GEAR SOLID V: THE PHANTOM PAIN,287700,Very Positive,71522,Very Positive,357
Gnomes,3133060,Overwhelmingly Positive,1589,Very Positive,93
Amanda the Adventurer,2166060,Very Positive,5783,Very Positive,49
Google Earth VR,348250,Very Positive,4100,Very Positive,16
Eriksholm: The Stolen Dream,2377280,Overwhelmingly Positive,1982,Very Positive,94
DRAINUS,1975360,Overwhelmingly Positive,1054,Very Positive,17
Five Nights at Freddy's 4,388090,Very Positive,15011,Very Positive,119
Darkest Dungeon®,262060,Very Positive,137405,Very Positive,652
CrossCode,368340,Very Positive,15672,Very Positive,104
Dungreed,753420,Very Positive,8910,Very Positive,17
Pistol Whip,1079800,Very Positive,3575,Very Positive,10
Krypta FM,2973390,Overwhelmingly Positive,1949,Very Positive,43
Home Sheep Home: Farmageddon Party Edition,259810,Overwhelmingly Positive,855,Very Positive,39
Bayonetta,460790,Very Positive,26332,Very Positive,253
The Exit 8,2653790,Very Positive,9921,Very Positive,249
Hexcells Plus,271900,Overwhelmingly Positive,2234,Very Positive,13
Frog Fractions: Game of the Decade Edition,1194840,Very Positive,2746,Very Positive,32
Timberman,398710,Very Positive,8386,Very Positive,13
SimplePlanes,397340,Very Positive,9716,Very Positive,50
Sol Cesto,2738490,Very Positive,2525,Very Positive,376
"Dr. Langeskov, The Tiger, and The Terribly Cursed Emerald: A Whirlwind Heist",409160,Very Positive,10066,Very Positive,31
Braid,26800,Very Positive,6894,Very Positive,11
Turbo Dismount™,263760,Very Positive,5325,Very Positive,36
Dune: Imperium,1689500,Very Positive,3448,Very Positive,44
BallisticNG,473770,Overwhelmingly Positive,2199,Very Positive,23
Maltese's Fluffy Onsen,3404470,Very Positive,2458,Very Positive,99
AI LIMIT,2407270,Very Positive,21402,Very Positive,840
Original War,235320,Very Positive,1783,Very Positive,13
The Happyhills Homicide,3278760,Overwhelmingly Positive,1919,Very Positive,80
Overlord™,11450,Very Positive,4887,Very Positive,26
Castlevania Dominus Collection,2369900,Very Positive,2230,Very Positive,29
Lies of P,1627720,Very Positive,54523,Very Positive,888
BONEWORKS,823500,Very Positive,34020,Overwhelmingly Positive,109
Planet of Lana,1608230,Very Positive,8527,Very Positive,763
Song of Nunu: A League of Legends Story,1333200,Very Positive,2682,Very Positive,32
Banebush,2992240,Very Positive,1956,Very Positive,61
Legend of Grimrock,207170,Very Positive,4755,Mostly Positive,19
KinitoPET,2075070,Very Positive,12820,Very Positive,189
Teacup,1444300,Overwhelmingly Positive,720,Very Positive,15
Double Action: Boogaloo,317360,Very Positive,11405,Very Positive,26
Human Resource Machine,375820,Very Positive,3212,Very Positive,13
American Arcadia,1249040,Very Positive,2853,Very Positive,40
Insurgency,222880,Very Positive,86426,Very Positive,160
Aircar,1073390,Very Positive,2447,Very Positive,10
Half-Life: Blue Shift,130,Very Positive,17920,Overwhelmingly Positive,221
Sephiria,2436940,Very Positive,4881,Overwhelmingly Positive,255
One Way Heroics,266210,Very Positive,3473,Very Positive,11
Shady Part of Me,1116580,Very Positive,2352,Very Positive,36
King of the Bridge,2523120,Overwhelmingly Positive,1566,Very Positive,28
Mewgenics,686060,Very Positive,41224,Very Positive,5767
The Dishwasher: Vampire Smile,268990,Overwhelmingly Positive,1680,Very Positive,29
CRUEL,2689470,Overwhelmingly Positive,1651,Very Positive,36
Withering Rooms,2006140,Overwhelmingly Positive,1104,Very Positive,10
Kathy Rain 2: Soothsayer,1466390,Overwhelmingly Positive,1060,Very Positive,38
Sprocket,1674170,Very Positive,11573,Very Positive,128
GNOSIA,1608290,Very Positive,4508,Very Positive,128
Resident Evil,304240,Very Positive,25149,Very Positive,1531
The Awesome Adventures of Captain Spirit,845070,Very Positive,14834,Very Positive,101
Magicraft,2103140,Very Positive,14364,Very Positive,195
Void War,2853590,Very Positive,3248,Very Positive,106
Wrestling Empire,1620340,Very Positive,2918,Very Positive,31
The Legend of Heroes: Trails in the Sky the 3rd,436670,Very Positive,2050,Very Positive,28
Cookard,2919650,Very Positive,2326,Very Positive,37
Sid Meier's Colonization (Classic),327400,Overwhelmingly Positive,1006,Very Positive,11
Baldi's Basics Classic Remastered,1712830,Very Positive,15319,Very Positive,531
DRAGON QUEST® XI S: Echoes of an Elusive Age™ - Definitive Edition,1295510,Very Positive,9944,Very Positive,115
Serious Sam HD: The First Encounter,41000,Very Positive,7103,Very Positive,81
AETHUS,2541530,Overwhelmingly Positive,1326,Overwhelmingly Positive,665
The Messenger,764790,Very Positive,10380,Very Positive,73
The Cosmic Wheel Sisterhood,1340480,Very Positive,5134,Very Positive,38
Umineko When They Cry - Answer Arcs,639490,Overwhelmingly Positive,1367,Very Positive,23
Cyber Manhunt,1216710,Very Positive,14282,Mostly Positive,49
Apewar,2306590,Very Positive,6305,Very Positive,82
Roots of Pacha,1245560,Very Positive,3603,Very Positive,26
Weed Shop 3,1182110,Very Positive,3922,Very Positive,12
HYPER DEMON,1743850,Very Positive,2993,Very Positive,20
Reus 2,1875060,Very Positive,2062,Very Positive,22
Shakes and Fidget,438040,Very Positive,36831,Mostly Positive,66
Arma 2: Operation Arrowhead,33930,Very Positive,16154,Very Positive,21
FEZ,224760,Very Positive,11479,Very Positive,32
Spooky's Jump Scare Mansion,356670,Very Positive,15364,Very Positive,64
Jurassic World Evolution 3,2958130,Very Positive,8264,Very Positive,557
Company of Heroes - Legacy Edition,4560,Very Positive,4756,Very Positive,16
Marie's Room,648390,Very Positive,6622,Very Positive,22
Cabernet,2401410,Very Positive,1695,Very Positive,44
Streets of Rage 4,985890,Very Positive,16930,Very Positive,125
The Complex: Found Footage,1942120,Very Positive,9497,Very Positive,124
Boomerang X,1170060,Overwhelmingly Positive,1196,Very Positive,12
Unturned,304930,Very Positive,561511,Very Positive,1335
The Legend of Tianding,1406850,Very Positive,3187,Very Positive,14
HOLE,2971610,Very Positive,3369,Very Positive,78
PARANORMASIGHT: The Mermaid's Curse,2701440,Very Positive,1545,Very Positive,216
NERTS! Online,1131190,Overwhelmingly Positive,1654,Very Positive,14
Rogue Legacy,241600,Very Positive,15738,Very Positive,24
Command & Conquer™ 3: Kane’s Wrath,24810,Very Positive,5286,Very Positive,50
Heretic + Hexen,3286930,Overwhelmingly Positive,1649,Very Positive,37
Aimlabs,714010,Very Positive,133718,Very Positive,906
Attack on Titan 2 - A.O.T.2,601050,Very Positive,6668,Very Positive,48
TYRONE vs COPS,1853200,Very Positive,2109,Very Positive,27
Kemono Teatime,2698470,Overwhelmingly Positive,1291,Very Positive,77
The Evil Within 2,601430,Very Positive,19344,Very Positive,134
Team Fortress 2,440,Very Positive,1225420,Very Positive,7307
Crab Game,1782210,Very Positive,151622,Mostly Positive,236
Bendy and the Dark Revival,1063660,Very Positive,13007,Very Positive,251
Ninja Kiwi Archive,1275350,Very Positive,5703,Very Positive,40
Brigador: Up-Armored Edition,274500,Very Positive,4442,Very Positive,18
Farm Together 2,2418520,Very Positive,4222,Very Positive,54
THE CORRIDOR,1347030,Overwhelmingly Positive,2882,Very Positive,32
Gravity Circuit,858710,Overwhelmingly Positive,2809,Very Positive,40
Lucid Blocks,3495730,Very Positive,3188,Very Positive,2653
ARMORED CORE™ VI FIRES OF RUBICON™,1888160,Very Positive,64952,Very Positive,285
AMID EVIL,673130,Very Positive,6542,Very Positive,27
Granny: Chapter Two,1205040,Overwhelmingly Positive,1803,Very Positive,43
The Plan,250600,Very Positive,23455,Very Positive,61
Confess My Love,637850,Very Positive,4841,Very Positive,13
Ale & Tale Tavern: First Pints,2870840,Very Positive,4707,Very Positive,20
Seraph's Last Stand,1919460,Very Positive,3969,Very Positive,26
Aeruta,2286780,Very Positive,2135,Very Positive,82
Tiny Terry's Turbo Trip,2238040,Overwhelmingly Positive,1352,Very Positive,32
BRUTALISTICK VR,2669380,Overwhelmingly Positive,1037,Very Positive,65
Orcs Must Die! 2,201790,Very Positive,12835,Mixed,29
DOOM 64,1148590,Very Positive,7675,Very Positive,68
Katamari Damacy REROLL,848350,Very Positive,4836,Very Positive,47
Stone Simulator – Just Be a Rock,1425980,Overwhelmingly Positive,1312,Very Positive,58
STORY OF SEASONS: Grand Bazaar,2508780,Very Positive,2932,Very Positive,58
Disney Dreamlight Valley,1401590,Very Positive,21234,Very Positive,182
Zero-K,334920,Very Positive,4248,Very Positive,39
Costume Quest,115100,Overwhelmingly Positive,2559,Very Positive,12
Toree 3D,1554840,Overwhelmingly Positive,1500,Very Positive,15
GYLT,2206210,Overwhelmingly Positive,831,Very Positive,17
Gothic 1,65540,Very Positive,12542,Overwhelmingly Positive,143
Sickly Days and Summer Traces,3682050,Very Positive,1295,Very Positive,55
Viscera Cleanup Detail,246900,Very Positive,17779,Very Positive,96
Multi Turret Academy,1869270,Overwhelmingly Positive,1547,Very Positive,41
100 New Year Cats,3340750,Overwhelmingly Positive,1027,Very Positive,27
Return to Castle Wolfenstein,9010,Very Positive,7730,Very Positive,72
STORY OF SEASONS: Friends of Mineral Town,978780,Very Positive,5159,Very Positive,33
Return to Shironagasu Island,1156990,Very Positive,3813,Very Positive,45
Splitgate,677620,Very Positive,110971,Very Positive,46
TheDawn,1475380,Very Positive,8602,Very Positive,12
SCP: Secret Laboratory,700330,Very Positive,229405,Very Positive,1650
Sifu,2138710,Very Positive,19360,Very Positive,439
100 hidden cats,1587560,Very Positive,2119,Very Positive,17
Two Point Hospital,535930,Very Positive,26200,Very Positive,66
Dome Keeper,1637320,Very Positive,16417,Very Positive,371
Baldur's Gate: Enhanced Edition,228280,Very Positive,14955,Very Positive,96
Samorost 3,421120,Very Positive,4187,Very Positive,26
WHAT THE GOLF?,785790,Very Positive,4244,Very Positive,20
Deus Ex: Human Revolution - Director's Cut,238010,Very Positive,24813,Very Positive,139
Farming Simulator 15,313160,Very Positive,13174,Very Positive,45
Emily is Away Too,523780,Very Positive,5255,Very Positive,25
Reverse: 1999,3092660,Very Positive,4280,Very Positive,135
TRY AGAIN,2448340,Overwhelmingly Positive,1437,Very Positive,25
Red Dead Redemption,2668510,Very Positive,17194,Very Positive,775
Death Road to Canada,252610,Very Positive,8781,Very Positive,71
Swords & Souls: Neverseen,679900,Very Positive,5844,Very Positive,46
Killer Frequency,1903620,Very Positive,4743,Very Positive,71
Melty Blood Actress Again Current Code,411370,Very Positive,3769,Very Positive,24
DOOM Eternal,782330,Very Positive,184750,Very Positive,880
Trailmakers,585420,Very Positive,29383,Very Positive,1149
Shotgun Farmers,604240,Very Positive,9047,Mostly Positive,37
MARVEL vs. CAPCOM Fighting Collection: Arcade Classics,2634890,Very Positive,1889,Very Positive,14
Swarmlake,793350,Very Positive,1785,Very Positive,29
Critter Cove,1631470,Very Positive,1640,Very Positive,30
Go-Go Town!,2195120,Very Positive,1923,Very Positive,15
Love Love School Days,1305300,Overwhelmingly Positive,1026,Very Positive,11
Tag: The Power of Paint,1808400,Overwhelmingly Positive,1003,Mostly Positive,11
Big Ambitions,1331550,Very Positive,12120,Very Positive,413
Hamster Hunter,2726490,Very Positive,2154,Very Positive,546
SteamWorld Heist,322190,Very Positive,4158,Very Positive,19
Supermarket Simulator: Prologue,2772560,Very Positive,4557,Very Positive,46
At Dead Of Night,1450830,Very Positive,3103,Very Positive,37
Desktop Survivors 98,3339780,Very Positive,1274,Mostly Positive,20
Bladesong,2305640,Overwhelmingly Positive,1063,Very Positive,84
Bright Memory: Infinite,1178830,Very Positive,35975,Very Positive,72
Suzerain,1207650,Very Positive,9948,Very Positive,134
vivid/stasis,2093940,Very Positive,3418,Very Positive,125
Worldless,1898500,Very Positive,1424,Very Positive,23
Broken Sword - Shadow of the Templars: Reforged,2544110,Overwhelmingly Positive,830,Very Positive,27
Dinkum,1062520,Very Positive,24116,Very Positive,144
Lorelei and the Laser Eyes,2008920,Very Positive,2794,Very Positive,62
A Monster's Expedition,1052990,Overwhelmingly Positive,1441,Very Positive,17
Blue Archive,3557620,Very Positive,20197,Very Positive,376
Zero Escape: The Nonary Games,477740,Very Positive,6648,Very Positive,138
Depersonalization,1477070,Very Positive,5911,Very Positive,33
Ancient Dungeon,1125240,Overwhelmingly Positive,1532,Very Positive,12
Hot Lava,382560,Very Positive,5272,Very Positive,30
N++ (NPLUSPLUS),230270,Overwhelmingly Positive,2737,Very Positive,15
SKALD: Against the Black Priory,1069160,Very Positive,3163,Very Positive,43
Is this Game Trying to Kill Me?,2658470,Very Positive,1396,Very Positive,21
Victoria II,42960,Very Positive,16402,Very Positive,54
Car Mechanic Simulator 2015,320300,Very Positive,12048,Very Positive,13
Your Mother,3399950,Very Positive,7528,Very Positive,170
Q-UP,3730790,Overwhelmingly Positive,1066,Very Positive,18
Shadow Warrior,233130,Very Positive,15818,Very Positive,55
SurrounDead,1645820,Very Positive,21637,Very Positive,927
Pit People®,291860,Very Positive,7398,Very Positive,15
Shadow Tactics: Aiko's Choice,1579380,Very Positive,3890,Very Positive,21
Rock Simulator,1187510,Very Positive,1556,Very Positive,45
Liquidators,1382200,Overwhelmingly Positive,1192,Very Positive,10
Nightmare Reaper,1051690,Very Positive,3363,Very Positive,67
Stay Out of the House,896520,Very Positive,1581,Very Positive,33
Forts,410900,Very Positive,20364,Very Positive,175
Buddy Simulator 1984,1269950,Very Positive,3731,Very Positive,11
Ann,1511270,Very Positive,2708,Very Positive,24
Passpartout 2: The Lost Artist,1571100,Overwhelmingly Positive,1176,Very Positive,11
Botany Manor,1425350,Very Positive,911,Very Positive,22
Pleh!,2191550,Overwhelmingly Positive,1340,Very Positive,17
Counter-Strike:Global Offensive,4465480,Overwhelmingly Positive,54035,Overwhelmingly Positive,9838
Romancing SaGa 2: Revenge of the Seven,2455640,Very Positive,3707,Very Positive,38
Wires And Whiskers,3874440,Overwhelmingly Positive,1458,Very Positive,63
Dead Space (2008),17470,Very Positive,22421,Very Positive,161
Bubble People,1710930,Very Positive,6022,Very Positive,29
Crash Bandicoot™ N. Sane Trilogy,731490,Very Positive,15925,Very Positive,143
Yakuza 6: The Song of Life,1388590,Very Positive,6745,Very Positive,55
CHAOS;CHILD,970570,Very Positive,3584,Very Positive,68
Citizen Sleeper,1578650,Very Positive,7782,Very Positive,108
Jusant,1977170,Very Positive,3863,Very Positive,47
LEGO® Jurassic World,352400,Very Positive,7348,Very Positive,98
Hue,383270,Very Positive,1610,Very Positive,13
Project Silverfish,2941710,Very Positive,2703,Very Positive,71
Dollmare,2793710,Very Positive,1903,Very Positive,30
My Time at Portia,666140,Very Positive,34627,Very Positive,59
Endoparasitic,2124780,Very Positive,2751,Very Positive,35
Thief II: The Metal Age,211740,Very Positive,1871,Very Positive,16
Beltmatic,2674590,Very Positive,1986,Very Positive,41
q.u.q.,2302140,Very Positive,1703,Very Positive,49
Spelunky,239350,Very Positive,14553,Very Positive,33
Little Misfortune,714120,Very Positive,11289,Very Positive,153
Tiny Pasture,3167550,Very Positive,6722,Very Positive,116
Gorilla Tag,1533390,Very Positive,48550,Very Positive,1296
Klonoa Phantasy Reverie Series,1730680,Very Positive,1725,Very Positive,18
"Warhammer 40,000: Space Marine - Anniversary Edition",55150,Very Positive,17773,Very Positive,141
Beholder,475550,Very Positive,22470,Overwhelmingly Positive,135
Cave Story+,200900,Very Positive,4914,Very Positive,38
Penumbra: Black Plague Gold Edition,22120,Very Positive,2684,Very Positive,19
It gets so lonely here,2386250,Very Positive,2035,Overwhelmingly Positive,137
Kindergarten 3,2695570,Very Positive,1606,Very Positive,33
Jigsaw Puzzle Dreams,1653970,Overwhelmingly Positive,1256,Very Positive,28
MudRunner,675010,Very Positive,35958,Very Positive,413
Ravenous Devils,1615290,Very Positive,9188,Very Positive,49
STAR OCEAN THE SECOND STORY R,2238900,Very Positive,3092,Very Positive,34
Onimusha: Warlords,761600,Very Positive,2586,Very Positive,31
VOIN,2464530,Very Positive,2680,Very Positive,76
Metel - Horror Escape,1357870,Very Positive,2222,Very Positive,26
Wolfenstein 3D,2270,Very Positive,3648,Very Positive,31
The End Is Nigh,583470,Very Positive,3147,Very Positive,46
ROBOBEAT,1456760,Very Positive,1654,Very Positive,19
Ghostrunner,1139900,Very Positive,46132,Very Positive,297
Escape Memoirs: Questionable Side Stories,2363730,Very Positive,1624,Very Positive,15
Dungeons of Hinterberg,1983260,Very Positive,2155,Very Positive,41
The Chrono Jotter,1398740,Very Positive,1908,Very Positive,14
NanoApostle,2400640,Very Positive,1037,Very Positive,13
Planet Zoo,703080,Very Positive,78114,Very Positive,506
Car Mechanic Simulator 2018,645630,Very Positive,47941,Very Positive,136
Destroy All Humans!,803330,Very Positive,8812,Very Positive,57
Picross Touch,476460,Very Positive,1793,Very Positive,17
Planet Coaster,493340,Very Positive,58935,Very Positive,266
Kena: Bridge of Spirits,1954200,Very Positive,16140,Very Positive,209
Shin Megami Tensei V: Vengeance,1875830,Very Positive,7219,Very Positive,117
Let's School,1937500,Very Positive,5639,Very Positive,51
Singularity™,42670,Very Positive,5373,Very Positive,32
Hidden Through Time,524910,Very Positive,2759,Very Positive,20
Zup! 6,566160,Very Positive,2424,Very Positive,19
Magic Rampage,704920,Very Positive,1662,Very Positive,24
GigaBash,1546400,Very Positive,1793,Very Positive,55
One-armed robber,2551020,Very Positive,48583,Very Positive,1188
Tom Clancy's Splinter Cell Chaos Theory®,13570,Very Positive,5208,Very Positive,59
Kiwi Clicker - Juiced Up,1980530,Very Positive,1628,Very Positive,16
NARUTO SHIPPUDEN: Ultimate Ninja STORM 4,349040,Very Positive,71939,Very Positive,195
Sniper Elite 4,312660,Very Positive,53394,Very Positive,234
SUPERHOT,322500,Very Positive,27330,Overwhelmingly Positive,163
Day of Defeat: Source,300,Very Positive,15792,Very Positive,83
UnMetal,1203710,Very Positive,2233,Very Positive,28
Zup! 5,645090,Very Positive,2816,Very Positive,18
Overload,448850,Very Positive,1622,Very Positive,12
One-armed cook,1977530,Very Positive,30784,Very Positive,322
Absolum,1904480,Very Positive,8209,Very Positive,367
Erenshor,2382520,Very Positive,1865,Very Positive,47
Monument Valley 2,1927740,Very Positive,3272,Very Positive,65
Skin Deep,301280,Very Positive,1532,Very Positive,39
ROUTINE,606160,Very Positive,5626,Very Positive,386
Ogu and the Secret Forest,1985960,Very Positive,1752,Very Positive,13
Last Train Outta' Wormtown,2318480,Overwhelmingly Positive,1401,Very Positive,13
NO-SKIN,3011030,Overwhelmingly Positive,1131,Very Positive,20
On-Together: Virtual Co-Working,3707400,Very Positive,1017,Very Positive,164
Sam & Max Hit the Road,355170,Overwhelmingly Positive,889,Very Positive,23
Finnish Cottage Simulator,1723780,Very Positive,3056,Very Positive,67
Outpath,2237970,Very Positive,2701,Very Positive,23
Cyber Knights: Flashpoint,1021210,Very Positive,2410,Very Positive,74
Evil Nun: The Broken Mask,1460220,Overwhelmingly Positive,1017,Very Positive,10
Mass Effect™ Legendary Edition,1328670,Very Positive,59082,Very Positive,751
Fistful of Frags,265630,Very Positive,36757,Very Positive,75
Horizon Chase Turbo,389140,Very Positive,4086,Very Positive,48
A Story About My Uncle,278360,Very Positive,12125,Very Positive,16
Critters for Sale,1078420,Very Positive,1659,Very Positive,39
100 Romantic Cats,2827560,Overwhelmingly Positive,1061,Very Positive,38
Haste,1796470,Very Positive,11263,Very Positive,332
Witchfire,3156770,Very Positive,13703,Very Positive,318
Tavern Master,1525700,Very Positive,12204,Very Positive,92
Miss Neko 3,2022180,Very Positive,4362,Very Positive,19
A Gentlemen's Dispute,2820700,Overwhelmingly Positive,975,Very Positive,32
Total War: NAPOLEON – Definitive Edition,34030,Very Positive,17425,Very Positive,120
Baldur's Gate II: Enhanced Edition,257350,Very Positive,9221,Very Positive,47
Boxes: Lost Fragments,2019810,Very Positive,2908,Very Positive,59
Butcher's Creek,2512560,Very Positive,1423,Very Positive,38
Batman: The Enemy Within - The Telltale Series,675260,Very Positive,8552,Very Positive,81
Parcel Simulator,2424010,Very Positive,2374,Very Positive,68
Sucker for Love: Date to Die For,2240790,Very Positive,1123,Very Positive,19
Metro: Last Light Redux,287390,Very Positive,66393,Very Positive,1379
ONE PIECE: PIRATE WARRIORS 4,1089090,Very Positive,16831,Very Positive,180
Prodeus,964800,Very Positive,5432,Very Positive,31
Machinika: Museum,1507190,Very Positive,1124,Very Positive,19
FRAMED Collection,322450,Very Positive,2219,Very Positive,25
Crysis,17300,Mostly Positive,13358,Very Positive,23
The Bunny Graveyard,1892420,Overwhelmingly Positive,1281,Very Positive,14
Anger Foot,1978590,Very Positive,3315,Very Positive,90
Lemonade Apocalypse,2861560,Overwhelmingly Positive,1100,Very Positive,11
SpiderHeck,1329500,Very Positive,3710,Very Positive,41
Serious Sam Fusion 2017 (beta),564310,Very Positive,4503,Very Positive,53
PAPERHEAD EP,3008200,Very Positive,3231,Very Positive,129
RATSHAKER™,3290710,Very Positive,2798,Very Positive,70
MyVoiceZoo,4015530,Very Positive,2534,Very Positive,560
Zombieville USA 3D,1801520,Very Positive,2111,Very Positive,37
The Ranch of Rivershine,1559600,Very Positive,1892,Very Positive,35
Five Nights At Floppa,1878740,Overwhelmingly Positive,963,Mostly Positive,14
click to ten,1910580,Very Positive,4724,Very Positive,29
KILL KNIGHT,2694420,Very Positive,1722,Very Positive,27
Men of War: Assault Squad 2,244450,Very Positive,35301,Very Positive,133
Golf Peaks,923260,Overwhelmingly Positive,993,Very Positive,23
Counter-Strike: Condition Zero,80,Very Positive,20954,Very Positive,179
Chillquarium,2276930,Very Positive,7523,Very Positive,66
To The Core,1988550,Very Positive,4975,Very Positive,16
A Little to the Left,1629520,Very Positive,15631,Very Positive,375
Genital Jousting,469820,Very Positive,8653,Very Positive,23
Fable - The Lost Chapters,204030,Very Positive,7310,Very Positive,38
Lovers in a Dangerous Spacetime,252110,Very Positive,3326,Very Positive,16
Outlast 2,414700,Very Positive,52458,Very Positive,587
Evil Genius,3720,Very Positive,3024,Very Positive,10
Pih,2870710,Overwhelmingly Positive,1176,Very Positive,135
Quaver,980610,Very Positive,16513,Very Positive,156
Cat God Ranch,2797340,Very Positive,1776,Very Positive,11
THE BUTTON by Elendow,1999740,Very Positive,3217,Very Positive,21
The Legend of Heroes: Trails of Cold Steel II,748490,Very Positive,2648,Very Positive,24
Mr.Mine,1397920,Very Positive,18291,Very Positive,122
Stronghold Crusader: Definitive Edition,3024040,Very Positive,9265,Very Positive,280
When the Darkness comes,1021950,Very Positive,8416,Very Positive,27
Ken Follett's The Pillars of the Earth,234270,Very Positive,5787,Very Positive,26
Shawarma Legend,3036080,Very Positive,6752,Very Positive,139
Zup! Zero 2,658550,Very Positive,1220,Very Positive,12
Donut County,702670,Very Positive,10531,Very Positive,91
Cave Crawlers,2143030,Very Positive,3557,Very Positive,64
SUMMERHOUSE,2533960,Very Positive,2982,Very Positive,20
Cat in the Box,1257410,Very Positive,1379,Very Positive,13
Escape the Backrooms,1943950,Very Positive,112699,Very Positive,2471
DRAGON QUEST BUILDERS™ 2,1072420,Very Positive,6714,Very Positive,95
Baldr Sky,741140,Very Positive,1460,Very Positive,11
GAROU: MARK OF THE WOLVES,366240,Very Positive,904,Very Positive,11
Arma 3,107410,Very Positive,225827,Very Positive,1062
Goat Simulator,265930,Very Positive,54287,Very Positive,259
Sonic Adventure DX,71250,Very Positive,15090,Overwhelmingly Positive,118
Okami HD,587620,Very Positive,8011,Very Positive,43
Lara Croft GO,540840,Very Positive,3189,Very Positive,30
OTXO,1608640,Very Positive,3168,Very Positive,34
Demons Roots,1933660,Very Positive,2083,Very Positive,50
Lucky Tower Ultimate,1700270,Very Positive,1603,Very Positive,36
Soulstone Survivors,2066020,Very Positive,25146,Very Positive,140
The Darkness II,67370,Very Positive,7861,Very Positive,77
Sam & Max Save the World,1440440,Very Positive,1641,Very Positive,71
Nothing Together,2788630,Very Positive,1858,Mostly Positive,19
Terminator: Resistance,954740,Very Positive,16024,Very Positive,104
Guacamelee! Super Turbo Championship Edition,275390,Very Positive,2570,Very Positive,16
Ys: The Oath in Felghana,207320,Very Positive,1876,Very Positive,18
Perfect Heist 2,1521580,Very Positive,3541,Mostly Positive,54
Chinese Parents,736190,Very Positive,22837,Very Positive,79
FANTASY LIFE i: The Girl Who Steals Time,2993780,Very Positive,11485,Very Positive,76
Iron Lung,1846170,Very Positive,9584,Very Positive,198
Plantera 2: Golden Acorn,1091920,Very Positive,1158,Very Positive,11
Zombie Night Terror,416680,Very Positive,3274,Very Positive,16
STASIS: BONE TOTEM,1426010,Very Positive,1967,Very Positive,18
SteamWorld Heist II,2396240,Very Positive,2089,Very Positive,28
你好！我们还有场恋爱没谈-番外篇,4161480,Very Positive,1024,Very Positive,87
Fate/EXTELLA LINK,622220,Very Positive,4144,Very Positive,12
The Last of Us™ Part II Remastered,2531310,Very Positive,29921,Very Positive,1262
TerraTech,285920,Very Positive,20099,Very Positive,100
Perfect Vermin,1416130,Very Positive,3808,Very Positive,26
Backpack Battles,2427700,Very Positive,18250,Very Positive,309
Ys Origin,207350,Very Positive,3033,Very Positive,18
Hush Hush - Only Your Love Can Save Them,782250,Very Positive,1529,Very Positive,15
Trapped with Jester,2160000,Very Positive,1484,Very Positive,23
STAR WARS™ Knights of the Old Republic™,32370,Very Positive,27921,Very Positive,104
Automobilista 2,1066890,Very Positive,11201,Very Positive,243
Endless Sky,404410,Very Positive,6950,Very Positive,26
Wytchwood,729000,Very Positive,3813,Very Positive,32
Obenseuer,951240,Very Positive,1429,Very Positive,49
Colony Survival,366090,Very Positive,8111,Very Positive,53
THE LONGING,893850,Very Positive,6810,Very Positive,42
Zup! Zero,610360,Very Positive,2551,Very Positive,13
UNBEATABLE,2240620,Very Positive,4894,Overwhelmingly Positive,394
家有大貓 Nekojishi,570840,Very Positive,4165,Very Positive,11
Kaze and the Wild Masks,829280,Very Positive,1823,Very Positive,17
Call of Duty®: Black Ops,42700,Very Positive,21626,Very Positive,192
FAR: Changing Tides,1570010,Very Positive,4838,Very Positive,64
100% Orange Juice,282800,Very Positive,14694,Very Positive,32
Motorsport Manager,415200,Very Positive,11325,Very Positive,46
"I Love You, Colonel Sanders! A Finger Lickin’ Good Dating Simulator",1121910,Very Positive,12665,Very Positive,30
7 Billion Humans,792100,Very Positive,1822,Very Positive,13
Prey,480490,Very Positive,36825,Very Positive,303
The Count Lucanor,440880,Very Positive,2348,Very Positive,18
Out Of Hands,1839810,Very Positive,1273,Very Positive,17
Blood Typers,2790330,Very Positive,884,Very Positive,13
DEVOUR,1274570,Very Positive,67802,Very Positive,399
Starcom: Unknown Space,1750770,Very Positive,4168,Very Positive,175
Beecarbonize,2486750,Very Positive,2102,Very Positive,18
RV There Yet?,3949040,Very Positive,63680,Very Positive,2545
Tropico 4,57690,Very Positive,8152,Very Positive,24
Black Book,1138660,Very Positive,5164,Very Positive,41
Unnamed Space Idle,2471100,Very Positive,4028,Very Positive,71
DARK SOULS™: Prepare To Die™ Edition,211420,Very Positive,78444,Very Positive,65
Have a Nice Dream,1625080,Very Positive,4866,Very Positive,25
[Chilla's Art] Parasocial | パラソーシャル,2314720,Very Positive,1458,Very Positive,22
Firewatch,383870,Very Positive,91305,Very Positive,389
Aliens vs. Predator™,10680,Very Positive,15738,Very Positive,88
The Rise of the Golden Idol,2716400,Very Positive,3521,Mostly Positive,81
Soda Crisis,1592670,Very Positive,2905,Very Positive,11
Astro Prospector,3503440,Very Positive,2822,Very Positive,66
KILL IT WITH FIRE! 2,2357000,Very Positive,1326,Very Positive,28
TUNIC,553420,Very Positive,15821,Very Positive,179
Viridi,375950,Very Positive,9508,Very Positive,20
Disney Epic Mickey: Rebrushed,1522160,Very Positive,1180,Very Positive,27
Chuzzle Deluxe,3310,Very Positive,1370,Very Positive,24
100 Korea Cats,2932930,Very Positive,1084,Very Positive,26
art of rally,550320,Very Positive,5305,Very Positive,55
Fears to Fathom - Ironbark Lookout,2506160,Very Positive,5481,Very Positive,117
Dead Space,1693980,Very Positive,56473,Very Positive,1461
PowerWash Simulator 2,2968420,Very Positive,9556,Very Positive,411
Just Go,1862520,Very Positive,3116,Very Positive,22
Corn Kidz 64,2575900,Very Positive,1621,Very Positive,22
The Scourge | Tai Ương,2456350,Very Positive,1014,Overwhelmingly Positive,387
Cash Cleaner Simulator,2488370,Very Positive,6669,Very Positive,160
Siralim Ultimate,1289810,Very Positive,2052,Very Positive,26
Divinity: Original Sin (Classic),230230,Very Positive,8151,Very Positive,16
Gem Defender: Soyjak Survivors,2599270,Very Positive,890,Very Positive,48
Moncage,1195290,Very Positive,5085,Very Positive,15
Serious Sam: Siberian Mayhem,1792250,Very Positive,4453,Very Positive,68
Muv-Luv,802880,Very Positive,1719,Very Positive,26
Pathologic 2,505230,Very Positive,9304,Very Positive,70
Upload Labs,3606890,Very Positive,6697,Very Positive,456
FINAL FANTASY III,1173790,Very Positive,2445,Very Positive,52
SENRAN KAGURA Burst Re:Newal,889510,Very Positive,2393,Very Positive,24
Deceit,466240,Mostly Positive,92592,Very Positive,79
We Know the Devil,435300,Very Positive,1032,Very Positive,14
ERROR143,2066550,Very Positive,4833,Very Positive,83
Turok,405820,Very Positive,3283,Very Positive,25
Overcooked! 2,728880,Very Positive,59179,Very Positive,571
Tales of Berseria™,429660,Very Positive,14299,Mixed,21
Sumerian Six,1429850,Very Positive,945,Very Positive,52
Muse Dash,774171,Very Positive,110811,Very Positive,622
SuperTux,1572920,Very Positive,1181,Very Positive,19
Whiskerwood,2489330,Very Positive,2505,Very Positive,170
Mage Arena,3716600,Very Positive,17455,Mostly Positive,165
Mount & Blade,22100,Very Positive,5263,Very Positive,24
Kero Blaster,292500,Very Positive,1126,Very Positive,10
Barony,371970,Very Positive,10047,Very Positive,218
The Mortuary Assistant,1295920,Very Positive,7008,Very Positive,69
MEMOLOGY: GOYDA,2629330,Very Positive,1737,Very Positive,40
Pizza Possum,1951230,Very Positive,1678,Very Positive,13
Figment 2: Creed Valley,1085220,Very Positive,871,Very Positive,12
荒岛求生：逃出美女岛,3531160,Very Positive,1224,Mostly Positive,17
The Last Spell,1105670,Very Positive,12579,Very Positive,526
The Wandering Village,1121640,Very Positive,7377,Very Positive,76
killer7,868520,Very Positive,3250,Very Positive,35
EMERGENCY 4 Deluxe,757210,Very Positive,1961,Very Positive,22
DRAGON BALL FighterZ,678950,Very Positive,53908,Very Positive,178
Just Cause 2,8190,Very Positive,40771,Very Positive,101
Child of Light,256290,Very Positive,12036,Mostly Positive,15
McPixel 3,1338580,Overwhelmingly Positive,1154,Very Positive,18
My Card Is Better Than Your Card!,3617620,Very Positive,1012,Very Positive,47
Stardom 3,1611410,Very Positive,1552,Very Positive,14
20 Minutes Till Dawn,1966900,Very Positive,27431,Very Positive,97
Chasing Tails ~A Promise in the Snow~,1555110,Very Positive,4099,Very Positive,78
Wanderstop,1299460,Very Positive,2680,Very Positive,62
Hogwarts Legacy,990080,Very Positive,267448,Very Positive,2452
DEEEER Simulator: Your Average Everyday Deer Game,1018800,Very Positive,4301,Very Positive,43
Hello Neighbor Alpha 1,1092710,Very Positive,4054,Very Positive,71
The Midnight Walk,2863640,Very Positive,2358,Very Positive,74
Oxenfree,388880,Very Positive,9439,Very Positive,17
Dale & Dawson Stationery Supplies,2920570,Very Positive,7573,Very Positive,70
The Operator,1771980,Very Positive,7811,Very Positive,147
Atomicrops,757320,Very Positive,4971,Very Positive,36
POSTAL Redux,401680,Very Positive,6328,Very Positive,114
Thief Gold,211600,Very Positive,3364,Very Positive,25
Overlord™: Raising Hell,12710,Very Positive,1915,Very Positive,23
Squirreled Away,2977620,Very Positive,839,Very Positive,16
A Plague Tale: Requiem,1182900,Very Positive,18520,Very Positive,259
HIVESWAP: ACT 1,623940,Very Positive,3100,Very Positive,12
Subnautica: Below Zero,848450,Very Positive,94332,Very Positive,1011
Medieval Dynasty,1129580,Very Positive,41301,Very Positive,413
Rival Stars Horse Racing: Desktop Edition,1166860,Very Positive,4756,Very Positive,55
s.p.l.i.t,3684610,Very Positive,3118,Very Positive,159
Earn to Die 2,431590,Very Positive,2099,Very Positive,67
Chess for idiots,2121150,Very Positive,1546,Very Positive,13
Poly Bridge,367450,Very Positive,16676,Very Positive,70
Hitler Waifu,2435960,Very Positive,835,Very Positive,28
Lil' Guardsman,1924360,Very Positive,1074,Very Positive,23
Total War: EMPIRE – Definitive Edition,10500,Very Positive,20786,Very Positive,124
"Warhammer 40,000: Mechanicus",673880,Very Positive,11049,Very Positive,74
Mimpi Dreams,444770,Very Positive,1245,Very Positive,12
Command & Conquer™ Remastered Collection,1213210,Very Positive,30969,Very Positive,155
ΔV: Rings of Saturn,846030,Very Positive,2748,Mostly Positive,32
Showgunners,1155330,Very Positive,1549,Very Positive,21
Antimatter Dimensions,1399720,Very Positive,4285,Very Positive,65
Romance of the Three Kingdoms XI with Power Up Kit,628070,Very Positive,3637,Very Positive,31
ScootX,3800340,Very Positive,1956,Very Positive,72
Pocket Waifu: Desktop Pet,2989820,Very Positive,1641,Very Positive,21
PICO PARK,1509960,Very Positive,23486,Very Positive,101
Frog Detective 1: The Haunted Island,963000,Very Positive,2962,Very Positive,15
The Boba Teashop,3461920,Overwhelmingly Positive,911,Very Positive,36
Bloons TD Battles,444640,Very Positive,29245,Very Positive,62
Selaco,1592280,Very Positive,4605,Very Positive,37
Venba,1491670,Very Positive,2103,Very Positive,47
Dungeon Rampage,3053950,Very Positive,2684,Very Positive,129
SpongeBob SquarePants: Titans of the Tide,2479650,Very Positive,940,Very Positive,52
Stormworks: Build and Rescue,573090,Very Positive,52554,Very Positive,561
Sakuna: Of Rice and Ruin,1356670,Very Positive,4937,Very Positive,25
AI: The Somnium Files,948740,Very Positive,8625,Very Positive,64
"Gunner, HEAT, PC!",1705180,Very Positive,6873,Very Positive,134
NORCO,1221250,Very Positive,2595,Very Positive,27
SEASON: A letter to the future,695330,Very Positive,1767,Very Positive,21
Whispers of a Machine,631570,Very Positive,1361,Very Positive,10
Mr. Hopp's Playhouse,1182370,Very Positive,1814,Very Positive,18
Dungeons of Blood and Dream,2488590,Very Positive,1058,Very Positive,34
Monster Sanctuary,814370,Very Positive,10140,Very Positive,66
Trainee Death Simulator,3188550,Very Positive,1702,Very Positive,11
Bridge Constructor Portal,684410,Very Positive,6410,Very Positive,62
Swords and Sandals Classic Collection,1055430,Very Positive,2783,Very Positive,45
Knell of St. Godhrkar,1377450,Very Positive,1535,Very Positive,14
Tracks - The Train Set Game,657240,Very Positive,1173,Mixed,13
Galaxy Life,1927780,Very Positive,8462,Very Positive,69
Aimbeast,1100990,Very Positive,2026,Very Positive,30
Infernax,374190,Very Positive,2047,Very Positive,19
Shadow Man Remastered,1413870,Very Positive,1312,Very Positive,10
Workers & Resources: Soviet Republic,784150,Very Positive,23044,Very Positive,342
UNSIGHTED,1062110,Very Positive,1781,Very Positive,21
Hotel Architect,1602000,Very Positive,1106,Very Positive,75
ULTIMATE MARVEL VS. CAPCOM 3,357190,Very Positive,6195,Very Positive,31
SpongeBob SquarePants: The Cosmic Shake,1282150,Very Positive,2858,Very Positive,54
Amnesia™: Memories,359390,Very Positive,3442,Very Positive,61
Metro Exodus,412020,Very Positive,112259,Very Positive,945
The Escapists 2,641990,Very Positive,26133,Very Positive,133
I hate this game,976010,Very Positive,2382,Very Positive,45
Sand:box,2179380,Very Positive,1452,Very Positive,70
Escape Simulator 2,2879840,Very Positive,3656,Very Positive,188
Suit for Hire,1612420,Very Positive,2898,Very Positive,83
NINJA GAIDEN: Ragebound,2542120,Very Positive,2309,Mostly Positive,42
Like a Dragon: Infinite Wealth,2072450,Very Positive,15566,Very Positive,185
Laika: Aged Through Blood,1796220,Very Positive,5549,Very Positive,98
The Citadel,1378290,Very Positive,2302,Very Positive,76
Sky Force Reloaded,667600,Very Positive,2589,Very Positive,17
Star Birds,2719750,Very Positive,2518,Very Positive,70
Hakuoki: Kyoto Winds,589530,Very Positive,1849,Very Positive,27
Banished,242920,Very Positive,37614,Very Positive,61
We Were Here Forever,1341290,Very Positive,15555,Very Positive,160
Martial Law,1712390,Very Positive,3853,Very Positive,15
Alice: Madness Returns,19680,Very Positive,25608,Very Positive,519
Riven,1712350,Very Positive,2622,Very Positive,20
UBERMOSH Vol.5,640380,Very Positive,1230,Very Positive,90
UNCHARTED™: Legacy of Thieves Collection,1659420,Very Positive,25778,Very Positive,722
Super Auto Pets,1714040,Very Positive,35720,Very Positive,168
Yet Another Zombie Survivors,2163330,Very Positive,11884,Very Positive,181
近畿霊務局 - Kinki Spiritual Affairs Bureau,2956820,Very Positive,2623,Very Positive,56
Titan Quest Anniversary Edition,475150,Very Positive,25449,Very Positive,96
Click and Conquer,3267900,Very Positive,1913,Very Positive,56
memories,2219470,Very Positive,1518,Very Positive,12
LEGO® Star Wars™: The Skywalker Saga,920210,Very Positive,37484,Very Positive,185
Transport Fever 2,1066780,Very Positive,25500,Very Positive,205
Halo Wars: Definitive Edition,459220,Very Positive,8282,Very Positive,81
Master of Command,2878450,Very Positive,3075,Overwhelmingly Positive,114
Heroes of Might & Magic V: Tribes of the East,15370,Very Positive,2937,Very Positive,19
Choo-Choo Charles,1766740,Very Positive,15556,Very Positive,113
DiRT 4,421020,Very Positive,16232,Very Positive,20
tomorrow won't come for those without ██████,1334700,Very Positive,946,Very Positive,11
Crusader Kings III,1158310,Very Positive,90525,Very Positive,1053
Jurassic World Evolution 2,1244460,Very Positive,38374,Overwhelmingly Positive,368
Grow Home,323320,Very Positive,3923,Very Positive,16
Realm of Ink,2597080,Very Positive,3600,Very Positive,137
Frostrain,2735630,Very Positive,2690,Mostly Positive,17
DiRT Rally,310560,Very Positive,40098,Very Positive,53
CUCKOLD SIMULATOR: Life as a Beta Male Cuck,1141550,Very Positive,1650,Very Positive,16
The Big Con,1139280,Very Positive,1030,Very Positive,43
Burnhouse Lane,1846460,Very Positive,961,Mostly Positive,13
Golf It!,571740,Very Positive,24278,Very Positive,148
Kingdom: Classic,368230,Very Positive,22532,Very Positive,57
Wall World,2187290,Very Positive,10788,Very Positive,311
UnEpic,233980,Very Positive,5336,Very Positive,11
FINAL FANTASY VI,1173820,Very Positive,4206,Very Positive,79
Plants vs. Zombies™ Garden Warfare 2: Deluxe Edition,1922560,Very Positive,42309,Very Positive,1379
Kingdom Two Crowns,701160,Very Positive,29663,Very Positive,233
Vault of the Void,1135810,Very Positive,2475,Mostly Positive,12
One-Eyed Likho,2346840,Very Positive,995,Very Positive,41
Chained Together,2567870,Very Positive,51760,Very Positive,787
SnowRunner,1465360,Very Positive,43387,Very Positive,800
HELLDIVERS™ Dive Harder Edition,394510,Very Positive,25379,Very Positive,104
Wonderful Everyday Down the Rabbit-Hole,658620,Very Positive,2291,Very Positive,84
Horripilant,3525970,Very Positive,1763,Very Positive,428
Desktop Defender,3772810,Very Positive,1630,Very Positive,88
Hellblade: Senua's Sacrifice,414340,Very Positive,65834,Very Positive,197
PAYDAY 2,218620,Very Positive,442994,Very Positive,962
Tavern Manager Simulator 🍻,2756770,Very Positive,3904,Very Positive,48
Super Fancy Pants Adventure,668210,Very Positive,1964,Very Positive,28
Alan Wake,108710,Very Positive,42741,Very Positive,505
Life is Strange Remastered,1265920,Very Positive,7661,Very Positive,742
Shotgun King: The Final Checkmate,1972440,Very Positive,5567,Very Positive,80
There Are No Orcs,3480990,Very Positive,981,Very Positive,52
Minecraft Dungeons,1672970,Very Positive,14954,Very Positive,493
Rogue Legacy 2,1253920,Very Positive,14016,Very Positive,55
Seen,1069740,Very Positive,9286,Very Positive,45
Dream Daddy: A Dad Dating Simulator,654880,Very Positive,5383,Very Positive,16
The Sexy Brutale,552590,Very Positive,2830,Very Positive,16
Garden of Witches,2530470,Very Positive,1235,Mixed,19
Disney Epic Mickey 2: The Power of Two,245300,Mostly Positive,954,Mostly Positive,11
Dropsy,274350,Very Positive,1590,Very Positive,11
Mundaun,720350,Very Positive,1331,Very Positive,15
Crusader Kings II,203770,Very Positive,73501,Very Positive,159
DRAGON BALL XENOVERSE 2,454650,Very Positive,41999,Very Positive,222
Children of the Sun,1309950,Very Positive,1873,Very Positive,33
Orion Sandbox Enhanced,929670,Very Positive,1056,Very Positive,35
Wizard of Legend,445980,Very Positive,17193,Mostly Positive,49
Return to Monkey Island,2060130,Very Positive,8306,Very Positive,30
No More Room in Hell,224260,Very Positive,75746,Very Positive,245
Half-Life 2: Deathmatch,320,Very Positive,10064,Very Positive,73
LEGO® City Undercover,578330,Very Positive,6989,Very Positive,86
Rock of Ages,22230,Very Positive,3248,Very Positive,25
Age of Mythology: Retold,1934680,Very Positive,19433,Very Positive,355
while True: learn(),619150,Very Positive,7222,Very Positive,74
KARMA: The Dark World,1376200,Very Positive,3631,Very Positive,94
Pumpkin Jack,1186640,Very Positive,7124,Very Positive,56
Gourdlets,2013730,Very Positive,1883,Very Positive,27
Spiritfall,1835240,Very Positive,1758,Very Positive,17
Death Must Die,2334730,Very Positive,20615,Mostly Positive,77
Dark Messiah of Might & Magic,2100,Very Positive,9007,Very Positive,72
Grapples Galore,2239140,Very Positive,10072,Very Positive,350
Hitler is my crush,2595860,Very Positive,1330,Very Positive,85
Granblue Fantasy: Relink,881020,Very Positive,37819,Very Positive,168
MO:Astray,1104660,Very Positive,4044,Very Positive,10
Happy's Humble Burger Farm,1433340,Very Positive,1620,Very Positive,34
Broken Reality,757480,Very Positive,2063,Very Positive,19
Screen Cat,3402530,Very Positive,1663,Very Positive,22
The Riftbreaker,780310,Very Positive,21003,Very Positive,780
LEGO® DC Super-Villains,829110,Very Positive,5529,Very Positive,50
Liar's Bar,3097560,Very Positive,47531,Very Positive,414
Indiana Jones and the Great Circle,2677660,Very Positive,11967,Very Positive,142
Thumper,356400,Very Positive,4020,Very Positive,10
Tape to Tape,1566200,Very Positive,3244,Very Positive,65
Kota`s New Journey,3270680,Very Positive,3321,Very Positive,53
Grounded,962130,Very Positive,73260,Very Positive,458
Ratchet & Clank: Rift Apart,1895880,Very Positive,10872,Very Positive,213
Fever Meme,3110070,Very Positive,3812,Very Positive,194
Blasphemous,774361,Very Positive,50671,Very Positive,1017
Lost Lands: Mahjong,435030,Very Positive,5405,Very Positive,13
Ghost of a Tale,417290,Very Positive,4078,Very Positive,21
Citizen Sleeper 2: Starward Vector,2442460,Very Positive,2050,Very Positive,59
Hollow Knight: Silksong,1030300,Very Positive,368559,Very Positive,5241
CloverPit,3314790,Very Positive,21595,Very Positive,988
The Excavation of Hob's Barrow,1182310,Very Positive,2196,Very Positive,22
Caesar™ 3,517790,Very Positive,2047,Very Positive,20
Captain of Industry,1594320,Very Positive,10013,Mostly Positive,474
Batman™: Arkham Origins,209000,Very Positive,43802,Overwhelmingly Positive,402
Emily is Away <3,978460,Very Positive,5873,Very Positive,66
Batman™: Arkham Knight,208650,Very Positive,106513,Overwhelmingly Positive,1029
Blasphemous 2,2114740,Very Positive,13695,Very Positive,320
FlatOut,6220,Very Positive,5584,Very Positive,81
Feign,1436990,Very Positive,5100,Very Positive,50
Mister Furry: Hot Muscles,1578220,Very Positive,2321,Very Positive,145
Lost in Vivo,963710,Very Positive,3569,Very Positive,19
My Dream Setup,2200780,Very Positive,6258,Very Positive,145
Age of History II,603850,Very Positive,46959,Very Positive,378
Five Hearts Under One Roof,3021100,Very Positive,5348,Very Positive,119
Trials of Mana,924980,Very Positive,4734,Very Positive,21
TELEFORUM,2186570,Very Positive,3408,Very Positive,55
Metaphor: ReFantazio,2679460,Very Positive,23505,Very Positive,341
Bright Memory,955050,Very Positive,30103,Mixed,37
We Were Here Expeditions: The FriendShip,2296990,Very Positive,3640,Very Positive,78
Ocean World: Eden Crafters Prologue,2811830,Very Positive,7209,Very Positive,119
DYSMANTLE,846770,Very Positive,10796,Very Positive,68
Wolfenstein: The Old Blood,354830,Very Positive,17393,Very Positive,168
JoJo's Bizarre Adventure: All-Star Battle R,1372110,Very Positive,12773,Very Positive,632
Shadow Gambit: The Cursed Crew,1545560,Very Positive,4908,Very Positive,70
The Long Dark,305620,Very Positive,106810,Mixed,3255
Ultra Street Fighter® IV,45760,Very Positive,10769,Very Positive,51
"Guns, Gore & Cannoli",322210,Very Positive,3589,Very Positive,28
Nobody Saves the World,1432050,Very Positive,5576,Mostly Positive,37
Fuga: Melodies of Steel,1357860,Very Positive,1124,Very Positive,10
Chrono Ark,1188930,Very Positive,12249,Very Positive,78
Cricket 19,1028630,Very Positive,3961,Very Positive,25
Mutant Year Zero: Road to Eden,760060,Very Positive,13180,Very Positive,47
Die in the Dungeon,2026820,Very Positive,2511,Very Positive,39
Bright Lights of Svetlov,1630920,Very Positive,1246,Very Positive,27
Forza Horizon 5,1551360,Very Positive,248255,Very Positive,3301
The Witcher 2: Assassins of Kings Enhanced Edition,20920,Very Positive,79529,Very Positive,294
STAR WARS™: The Old Republic™,1286830,Very Positive,72797,Very Positive,508
TrackMania Nations Forever,11020,Very Positive,24133,Very Positive,81
You Will (Not) Remain,1776160,Very Positive,2526,Very Positive,11
Crystal Project,1637730,Very Positive,2374,Mostly Positive,22
Clicker Heroes,363970,Very Positive,61952,Very Positive,109
Saiko no sutoka,1546860,Very Positive,3454,Very Positive,31
Momodora: Moonlit Farewell,1747760,Very Positive,2863,Mostly Positive,35
Little Noah: Scion of Paradise,1883260,Very Positive,2108,Very Positive,23
Moonbase Alpha,39000,Very Positive,12849,Very Positive,21
Alien Shooter 2: Reloaded,33120,Very Positive,2422,Very Positive,21
Pocket Mirror ~ GoldenerTraum,1899060,Very Positive,1465,Very Positive,24
Dishonored 2,403640,Very Positive,41922,Very Positive,307
Lara Croft and the Guardian of Light,35130,Very Positive,3497,Very Positive,15
System Shock,482400,Very Positive,9358,Very Positive,82
Bloons Monkey City,1252780,Very Positive,6611,Very Positive,55
Risk of Rain Returns,1337520,Very Positive,24669,Very Positive,47
The Alters,1601570,Very Positive,13213,Very Positive,254
Lunacid,1745510,Very Positive,9798,Very Positive,129
Job Simulator,448280,Very Positive,4282,Very Positive,38
STAR WARS™ Galactic Battlegrounds Saga,356500,Very Positive,3846,Mostly Positive,22
Duck Season PC,746510,Very Positive,996,Very Positive,11
Orwell: Keeping an Eye On You,491950,Very Positive,8751,Very Positive,69
Heart of the Machine,2001070,Very Positive,1781,Very Positive,162
Ion Fury,562860,Very Positive,5577,Very Positive,22
Yooka-Replaylee,2448020,Very Positive,953,Mostly Positive,24
Clanfolk,1700870,Very Positive,3498,Very Positive,30
Holdfast: Nations At War,589290,Very Positive,25219,Very Positive,414
BPM: BULLETS PER MINUTE,1286350,Very Positive,9532,Mostly Positive,20
MENACE,2432860,Very Positive,9603,Very Positive,1218
X-Morph: Defense,408410,Very Positive,3151,Mostly Positive,47
ICEY,553640,Very Positive,24828,Very Positive,46
Chill Corner,1749630,Very Positive,9640,Mixed,39
Miscrits: World of Creatures,3628960,Very Positive,2586,Very Positive,69
Pyroworks,2507640,Very Positive,2056,Very Positive,32
Hearts of Iron IV,394360,Very Positive,263162,Very Positive,2974
Path of Exile,238960,Very Positive,246473,Very Positive,1284
Zort,3121110,Very Positive,10987,Very Positive,181
Full Throttle Remastered,228360,Very Positive,2439,Very Positive,16
theHunter: Call of the Wild™,518790,Very Positive,164249,Very Positive,1565
Melvor Idle,1267910,Very Positive,14214,Very Positive,95
PAC-MAN 256,455400,Very Positive,1312,Very Positive,13
Tricky Towers,437920,Very Positive,12181,Very Positive,69
The Painscreek Killings,624270,Very Positive,5469,Very Positive,49
LEGO® Pirates of the Caribbean: The Video Game,311770,Very Positive,3385,Very Positive,37
Omno,969760,Very Positive,1799,Very Positive,13
Loco Motive,1709880,Very Positive,1053,Very Positive,35
Forager,751780,Very Positive,34758,Very Positive,338
The Escapists,298630,Very Positive,14256,Very Positive,27
Assemble with Care,1202900,Very Positive,8537,Very Positive,141
INMOST,938560,Very Positive,5788,Mostly Positive,34
SchoolBoy Runaway,3359320,Very Positive,3132,Very Positive,141
Kathy Rain: Director's Cut,1395030,Very Positive,1218,Very Positive,39
Sea of Thieves: 2026 Edition,1172620,Very Positive,317621,Mostly Positive,1280
Assassin's Creed 2,33230,Very Positive,55807,Very Positive,602
The one who pulls out the sword will be crowned king,1865370,Very Positive,8727,Very Positive,24
Miss Neko 2,1203420,Very Positive,2583,Very Positive,16
Kingdoms Reborn,1307890,Very Positive,8695,Very Positive,35
Minion Masters,489520,Very Positive,65177,Very Positive,45
Dungeonborne,2448970,Mixed,18728,Mixed,26
STAR WARS™ Jedi Knight II - Jedi Outcast™,6030,Very Positive,3968,Very Positive,14
Cozy Caravan,2788520,Very Positive,1037,Very Positive,59
Arise: A Simple Story,866140,Very Positive,2542,Very Positive,31
Grim Fandango Remastered,316790,Very Positive,6914,Very Positive,45
KLETKA,1699480,Very Positive,5315,Very Positive,243
EZ2ON REBOOT : R,1477590,Very Positive,5860,Very Positive,33
Bits & Bops,1929290,Very Positive,1425,Very Positive,103
Fears to Fathom - Carson House,2120900,Very Positive,2464,Very Positive,56
The Bookwalker: Thief of Tales,1432100,Very Positive,1836,Very Positive,19
LEGO® The Lord of the Rings™,214510,Very Positive,9095,Very Positive,77
Click Mage,3228180,Very Positive,2369,Very Positive,51
Cavern of Dreams,2059660,Very Positive,1138,Very Positive,12
We Were Here,582500,Very Positive,32096,Very Positive,253
Flicker of Hope,1314460,Very Positive,1031,Very Positive,15
Torchlight,41500,Very Positive,5350,Very Positive,27
Yakuza 4 Remastered,1105500,Very Positive,5444,Very Positive,36
SLUDGE LIFE,1144770,Overwhelmingly Positive,1813,Very Positive,32
Wuthering Waves,3513350,Very Positive,43376,Very Positive,1496
Curious Expedition,358130,Very Positive,3908,Mostly Positive,12
SPACEPLAN,616110,Very Positive,3220,Very Positive,31
No Time to Relax,829660,Very Positive,2372,Very Positive,40
Boyfriend Dungeon,674930,Very Positive,2049,Very Positive,14
Eclipsium,2419670,Very Positive,2547,Very Positive,155
Doll Impostor,2882870,Very Positive,915,Mixed,11
Lacuna – A Sci-Fi Noir Adventure,1364100,Very Positive,2023,Very Positive,19
Tower Unite,394690,Very Positive,16116,Very Positive,43
Fate/Samurai Remnant,1902690,Very Positive,4884,Very Positive,27
EA SPORTS FC™ 24,2195250,Mixed,94253,Mixed,138
STANDBOX,2246880,Very Positive,2653,Very Positive,65
嗜血印 Bloody Spell,992300,Very Positive,33392,Mostly Positive,57
DRAGON BALL XENOVERSE,323470,Very Positive,16952,Very Positive,41
EA SPORTS FC™ 25,2669320,Mixed,96039,Mixed,640
Beholder: Conductor,2825530,Very Positive,3618,Very Positive,86
b,660880,Very Positive,4194,Very Positive,12
Blue Estate The Game,305380,Very Positive,1436,Very Positive,23
EA SPORTS™ FIFA 23,1811260,Mixed,123934,Mixed,88
Utawarerumono: Mask of Deception,1149550,Very Positive,1292,Very Positive,11
V Rising,1604030,Very Positive,107641,Very Positive,629
Sunset Overdrive,847370,Very Positive,11718,Very Positive,97
UnderMine,656350,Very Positive,9202,Mostly Positive,21
Planet S,1948430,Very Positive,2824,Very Positive,25
Five Nights at Freddy's 3,354140,Very Positive,10116,Very Positive,73
Infinitode 2 - Infinite Tower Defense,937310,Very Positive,4073,Very Positive,49
Attack on Toys,1269690,Very Positive,1114,Very Positive,15
Fast Food Simulator,2916430,Very Positive,7869,Mostly Positive,231
Liftoff®: Micro Drones,1432320,Very Positive,1181,Very Positive,55
The Witcher: Enhanced Edition Director's Cut,20900,Very Positive,79917,Very Positive,372
Digimon Story Time Stranger,1984270,Very Positive,14413,Very Positive,337
Party Hard,356570,Very Positive,9501,Very Positive,77
Assassin's Creed® Odyssey,812140,Very Positive,166735,Very Positive,1024
Avorion,445220,Very Positive,12789,Very Positive,63
Valkyria Chronicles™,294860,Very Positive,10692,Mostly Positive,23
Five Nights at Freddy's: Sister Location,506610,Very Positive,11259,Very Positive,63
Cell to Singularity - Evolution Never Ends,977400,Very Positive,26517,Very Positive,413
Easy Red 2,1324780,Very Positive,11932,Very Positive,234
Shape of Dreams,2444750,Very Positive,14411,Very Positive,567
Digimon Story Cyber Sleuth: Complete Edition,1042550,Very Positive,10380,Very Positive,53
Furi,423230,Very Positive,11005,Very Positive,60
Sanctum 2,210770,Very Positive,7431,Very Positive,18
CS2D,666220,Very Positive,10340,Very Positive,41
Middle-earth™: Shadow of War™,356190,Very Positive,85714,Very Positive,516
Rec Room,471710,Very Positive,76961,Very Positive,2297
Divinity: Original Sin - Enhanced Edition,373420,Very Positive,26322,Very Positive,232
Aragami,280160,Very Positive,10173,Very Positive,19
Sonic Frontiers,1237320,Very Positive,22018,Mostly Positive,135
Prison Architect,233450,Very Positive,59226,Very Positive,140
"Warhammer 40,000: Boltgun",2005010,Very Positive,14987,Very Positive,146
Borderlands 2,49520,Very Positive,209277,Very Positive,420
Serious Sam II,204340,Very Positive,11492,Very Positive,138
Jump King,1061090,Very Positive,12040,Very Positive,66
港詭實錄ParanormalHK,1178490,Very Positive,18398,Very Positive,100
Overcooked,448510,Very Positive,13083,Very Positive,107
A Game About Digging A Hole™,3244220,Very Positive,17906,Very Positive,235
Cry of Fear,223710,Very Positive,82981,Very Positive,1104
eFootball PES 2020,996470,Mostly Positive,26155,Very Positive,13
The Long Drive,1017180,Very Positive,48133,Very Positive,713
NARUTO SHIPPUDEN: Ultimate Ninja STORM 3 Full Burst HD,234670,Very Positive,10638,Very Positive,41
Sonic Adventure 2,213610,Very Positive,22914,Very Positive,204
Sons Of The Forest,1326470,Very Positive,268180,Very Positive,5134
STAR WARS Jedi: Fallen Order™,1172380,Very Positive,148926,Very Positive,2009
Space Engineers,244850,Very Positive,99642,Very Positive,244
Far Cry 3,220240,Very Positive,116884,Mostly Positive,1437
Salt and Sanctuary,283640,Very Positive,19742,Very Positive,102
Monster Hunter: World,582010,Very Positive,309934,Very Positive,1655
Move or Die,323850,Very Positive,16462,Very Positive,21
INAZUMA ELEVEN: Victory Road,2799860,Very Positive,10602,Mostly Positive,176
Rayman® Legends,242550,Very Positive,10867,Very Positive,195
Hardspace: Shipbreaker,1161580,Very Positive,18910,Very Positive,94
Fears to Fathom - Home Alone,1671340,Very Positive,10286,Very Positive,178
VLADiK BRUTAL,1316680,Very Positive,9182,Very Positive,109
Pavlov,555160,Very Positive,37797,Mixed,72
Going Medieval,1029780,Very Positive,16350,Mostly Positive,694
Bendy and the Ink Machine,622650,Very Positive,23801,Very Positive,512
WORLD OF HORROR,913740,Very Positive,8887,Very Positive,31
FUCK HITLER,2157110,Very Positive,10305,Very Positive,122
LEGO® Batman™: The Videogame,21000,Very Positive,11921,Very Positive,156
Totally Accurate Battlegrounds,823130,Very Positive,87671,Very Positive,180
Pummel Party,880940,Very Positive,45258,Very Positive,287
High On Life,1583230,Very Positive,19531,Very Positive,398
Assassin’s Creed® IV Black Flag™,242050,Very Positive,70421,Very Positive,409
Escape From Duckov,3167020,Very Positive,81364,Very Positive,747
Jagged Alliance 3,1084160,Very Positive,10474,Very Positive,98
The Life and Suffering of Sir Brante,1272160,Very Positive,7800,Very Positive,51
Crush Crush,459820,Very Positive,27948,Very Positive,151
RUINER,464060,Very Positive,9951,Very Positive,154
VEIN,1857950,Very Positive,9010,Very Positive,570
Dicey Dungeons,861540,Very Positive,10114,Very Positive,39
Ale & Tale Tavern,2683150,Very Positive,7939,Very Positive,127
Banana Shooter,1949740,Very Positive,17804,Very Positive,152
Her Story,368370,Very Positive,8213,Very Positive,41
From the Depths,268650,Very Positive,10819,Very Positive,61
Witch It,559650,Very Positive,14392,Very Positive,32
FINAL FANTASY XII THE ZODIAC AGE,595520,Very Positive,8147,Very Positive,96
Dragon's Dogma: Dark Arisen,367500,Very Positive,36797,Very Positive,121
DJMAX RESPECT V,960170,Very Positive,29200,Very Positive,190
Sea of Stars,1244090,Very Positive,11287,Very Positive,105
God of War Ragnarök,2322010,Very Positive,29273,Very Positive,871
Emily is Away,417860,Very Positive,32180,Very Positive,75
Darksiders™,50620,Very Positive,8402,Very Positive,27
Windblown,1911610,Very Positive,8701,Mostly Positive,85
Mount & Blade II: Bannerlord,261550,Very Positive,222740,Very Positive,1728
GUILTY GEAR -STRIVE-,1384160,Very Positive,46097,Mostly Positive,633
Horizon Zero Dawn™ Complete Edition,1151640,Very Positive,95280,Very Positive,168
STAR WARS™ Battlefront™ II,1237950,Very Positive,82437,Very Positive,1118
FINAL FANTASY X/X-2 HD Remaster,359870,Very Positive,18809,Mostly Positive,199
Thronebreaker: The Witcher Tales,973760,Very Positive,15324,Very Positive,67
The Banner Saga,237990,Very Positive,13370,Very Positive,27
Life is Strange: True Colors,936790,Very Positive,12123,Very Positive,133
Little Witch in the Woods,1594940,Very Positive,10996,Very Positive,188
Paunch,792220,Very Positive,11292,Mixed,27
DARK SOULS™ II,236430,Very Positive,31964,Mostly Positive,111
DDNet,412220,Very Positive,44387,Very Positive,808
Killing Floor 2,232090,Very Positive,86326,Very Positive,374
Dark Deception,332950,Very Positive,23333,Very Positive,246
Max Payne,202570,Very Positive,12424,Very Positive,85
GROUND BRANCH,16900,Very Positive,20777,Very Positive,157
Coral Island,1158160,Very Positive,20570,Very Positive,286
A Way Out,1222700,Very Positive,74761,Very Positive,2932
Guild Wars 2®,1284210,Very Positive,27280,Very Positive,436
Backrooms: Escape Together,2141730,Very Positive,29752,Very Positive,1241
Layers of Fear (2016),391720,Very Positive,12840,Mostly Positive,150
Assassin’s Creed® Brotherhood,48190,Very Positive,24016,Very Positive,310
Pillars of Eternity,291650,Very Positive,16599,Very Positive,115
911 Operator,503560,Very Positive,14326,Very Positive,44
Warframe,230410,Very Positive,658484,Very Positive,4812
Fallout Shelter,588430,Very Positive,80463,Very Positive,633
Children of Morta,330020,Very Positive,17731,Very Positive,133
Horizon Forbidden West™ Complete Edition,2420110,Very Positive,18991,Mostly Positive,348
Ruined King: A League of Legends Story™,1276790,Very Positive,10510,Very Positive,36
Thief Simulator,704850,Very Positive,36374,Very Positive,302
DRAGON BALL: Sparking! ZERO,1790600,Very Positive,48359,Very Positive,310
Wreckfest,228380,Very Positive,29900,Very Positive,103
Wargame: Red Dragon,251060,Very Positive,15663,Very Positive,43
BioShock® 2,8850,Very Positive,11310,Very Positive,37
Poppy Playtime,1721470,Very Positive,135028,Very Positive,7956
Combat Master: Season 5,2281730,Very Positive,52444,Very Positive,744
Trine 4: The Nightmare Prince,690640,Very Positive,11507,Very Positive,54
DOOM 3,208200,Very Positive,8777,Very Positive,58
Rust,252490,Very Positive,1125264,Very Positive,11232
Serious Sam 3: BFE,41070,Very Positive,21528,Very Positive,121
NieR Replicant™ ver.1.22474487139...,1113560,Very Positive,20848,Very Positive,220
The Dark Pictures Anthology: House of Ashes,1281590,Very Positive,6929,Very Positive,162
Risen,40300,Very Positive,7619,Very Positive,45
My Time at Sandrock,1084600,Very Positive,23601,Very Positive,126
Saints Row IV: Re-Elected,206420,Very Positive,57378,Very Positive,78
Limbus Company,1973530,Very Positive,101605,Very Positive,3913
For The King,527230,Very Positive,30603,Very Positive,106
ACE COMBAT™ 7: SKIES UNKNOWN,502500,Very Positive,44279,Very Positive,468
Fall Guys,1097150,Very Positive,470043,Mostly Positive,179
DOOM: The Dark Ages,3017860,Very Positive,26649,Very Positive,1081
Battle Brothers,365360,Very Positive,24679,Mostly Positive,198
The Medium,1293160,Very Positive,7230,Very Positive,58
7 Days to Die,251570,Very Positive,271506,Very Positive,1347
Beyond: Two Souls,960990,Very Positive,33787,Very Positive,755
Rocksmith® 2014 Edition REMASTERED LEARN & PLAY,221680,Very Positive,15310,Mostly Positive,94
Town of Salem,334230,Very Positive,30934,Mixed,35
Tainted Grail: The Fall of Avalon,1466060,Very Positive,28431,Very Positive,1697
The Beginner's Guide,303210,Very Positive,19329,Very Positive,112
Golf With Your Friends,431240,Very Positive,48478,Very Positive,327
NieR:Automata™,524220,Very Positive,112227,Very Positive,1150
FINAL FANTASY VII REMAKE INTERGRADE,1462040,Very Positive,38046,Very Positive,835
Craft The World,248390,Very Positive,14862,Very Positive,51
Toribash,248570,Very Positive,16786,Very Positive,37
Depth,274940,Very Positive,23404,Very Positive,27
Transformice,335240,Very Positive,28532,Very Positive,127
AdVenture Capitalist,346900,Very Positive,60029,Mostly Positive,170
Shadowrun Returns,234650,Very Positive,9427,Very Positive,10
"Warhammer 40,000: Rogue Trader",2186680,Very Positive,29900,Very Positive,672
Gas Station Simulator,1149620,Very Positive,23378,Very Positive,151
War of Rights,424030,Very Positive,12942,Very Positive,97
Mirror's Edge™,17410,Very Positive,30711,Very Positive,248
MELTY BLOOD: TYPE LUMINA,1372280,Very Positive,8822,Very Positive,52
Still Wakes the Deep,1622910,Very Positive,9546,Very Positive,428
Travellers Rest,1139980,Very Positive,15136,Very Positive,241
Nioh 2 – The Complete Edition,1325200,Very Positive,33302,Mostly Positive,198
LEGO® Batman™ 3: Beyond Gotham,313690,Very Positive,7132,Very Positive,73
Pillars of Eternity II: Deadfire,560130,Very Positive,14387,Very Positive,51
CHRONO TRIGGER®,613830,Very Positive,11583,Very Positive,189
Kingdom Rush 5: Alliance TD,2849080,Very Positive,9810,Very Positive,320
Supreme Commander 2,40100,Very Positive,8220,Very Positive,37
Jurassic World Evolution,648350,Very Positive,48040,Very Positive,109
Where Winds Meet,3564740,Very Positive,107287,Mostly Positive,3066
Tropico 6,492720,Very Positive,19349,Very Positive,127
Counter-Strike 2,730,Very Positive,9539386,Mostly Positive,89420
Darksiders Warmastered Edition,462780,Very Positive,13144,Very Positive,129
Mount & Blade: With Fire & Sword,48720,Very Positive,11101,Very Positive,47
Europa Universalis IV,236850,Very Positive,93080,Very Positive,279
RUNNING WITH RIFLES,270150,Very Positive,14486,Very Positive,96
Zumbi Blocks 2 Open Alpha,1941780,Very Positive,9628,Very Positive,228
Homeworld Remastered Collection,244160,Very Positive,11815,Very Positive,34
FINAL FANTASY VIII,39150,Very Positive,7752,Mostly Positive,25
Aliens: Dark Descent,1150440,Very Positive,14554,Very Positive,99
Tails of Iron,1283410,Very Positive,12445,Very Positive,156
RoboCop: Rogue City,1681430,Very Positive,25311,Very Positive,394
Resident Evil 5,21690,Very Positive,43731,Very Positive,2897
"Warhammer 40,000: Dawn of War II - Anniversary Edition",15620,Very Positive,7805,Mostly Positive,42
Maneater,629820,Very Positive,19607,Very Positive,486
The Sims™ 4,1222670,Very Positive,192635,Mostly Positive,2492
FPV Kamikaze Drone,2707940,Very Positive,11090,Mostly Positive,435
Dying Light: The Beast Restored Land,3008130,Very Positive,55652,Mostly Positive,1589
Far Cry 3 - Blood Dragon,233270,Very Positive,17808,Very Positive,168
Mafia: Definitive Edition,1030840,Very Positive,84657,Very Positive,775
Cronos: The New Dawn,2101960,Very Positive,6500,Very Positive,222
Persona® 5 Strikers,1382330,Very Positive,12551,Mostly Positive,68
HITMAN World of Assassination,1659040,Very Positive,52430,Very Positive,1209
Cloudpunk,746850,Very Positive,13458,Mostly Positive,90
Devil May Cry 4 Special Edition,329050,Very Positive,15500,Mostly Positive,180
Bomber Crew,537800,Very Positive,10220,Very Positive,44
Max Payne 3,204100,Very Positive,52915,Very Positive,493
Ryse: Son of Rome,302510,Very Positive,37042,Very Positive,374
Rising Storm 2: Vietnam,418460,Very Positive,41849,Very Positive,153
Tempest Rising,1486920,Very Positive,9253,Very Positive,125
Fishing Planet,380600,Very Positive,73763,Very Positive,665
Battlefield™ 1,1238840,Very Positive,189971,Very Positive,4746
F1® 25,3059520,Very Positive,20507,Very Positive,1482
Batman - The Telltale Series,498240,Very Positive,14607,Overwhelmingly Positive,124
Garfield Kart - Furious Racing,1085510,Very Positive,10386,Very Positive,31
Shadow Warrior 2,324800,Very Positive,23929,Very Positive,82
Walking Simulator,1214280,Very Positive,9459,Mostly Positive,22
Garfield Kart,362930,Very Positive,9632,Mostly Positive,21
Dishonored®: Death of the Outsider™,614570,Very Positive,9482,Very Positive,76
Mafia,40990,Very Positive,8691,Very Positive,50
Sky: Children of the Light,2325290,Very Positive,22900,Very Positive,552
Walking Zombie 2,965200,Very Positive,13068,Very Positive,93
BLEACH Brave Souls,1201240,Very Positive,12485,Very Positive,42
FINAL FANTASY XIV Online,39210,Very Positive,77022,Mostly Positive,307
Goose Goose Duck,1568590,Very Positive,79650,Very Positive,699
Life is Strange 2,532210,Very Positive,39367,Very Positive,520
GoreBox,2027330,Very Positive,20294,Mixed,710
Cyberpunk 2077,1091500,Very Positive,836219,Very Positive,7813
Sid Meier’s Civilization® VI,289070,Very Positive,271036,Very Positive,1342
Demon Slayer -Kimetsu no Yaiba- The Hinokami Chronicles,1490890,Very Positive,16534,Very Positive,33
Five Nights at Freddy's: Security Breach,747660,Very Positive,63974,Very Positive,522
Tales of ARISE,740130,Very Positive,27370,Mostly Positive,90
Deep Rock Galactic: Survivor,2321470,Very Positive,44759,Very Positive,349
Wartales,1527950,Very Positive,30820,Mixed,353
Heroes of Hammerwatch,677120,Very Positive,7424,Mostly Positive,14
ARC Raiders,1808500,Very Positive,276084,Mostly Positive,13421
Solasta: Crown of the Magister,1096530,Very Positive,19196,Very Positive,241
Enshrouded,1203620,Very Positive,87552,Mostly Positive,1274
Farming Simulator 25,2300320,Very Positive,33553,Very Positive,1358
Starship Troopers: Terran Command,1202130,Very Positive,9027,Very Positive,47
Road to Empress I,3478050,Very Positive,10595,Overwhelmingly Positive,329
CONTROL Ultimate Edition,870780,Very Positive,46501,Very Positive,660
"Yes, Your Grace",1115690,Very Positive,12082,Very Positive,115
House Flipper 2,1190970,Very Positive,14963,Very Positive,398
Catherine Classic,893180,Very Positive,8491,Very Positive,77
Lost Castle / 失落城堡,434650,Very Positive,18275,Mostly Positive,30
Forza Horizon 4,1293830,Very Positive,300932,Very Positive,926
Dawn of Man,858810,Very Positive,16915,Very Positive,50
Assassin's Creed® Origins,582160,Very Positive,116511,Very Positive,837
Palia,2707930,Very Positive,40536,Very Positive,760
Microsoft Flight Simulator X: Steam Edition,314160,Very Positive,23054,Very Positive,74
Call of Duty®: Black Ops II,202970,Very Positive,22601,Very Positive,135
Farthest Frontier,1044720,Very Positive,22743,Mostly Positive,302
LEGO® Harry Potter: Years 1-4,21130,Very Positive,6390,Very Positive,23
Tyranny,362960,Very Positive,9699,Very Positive,40
Pacify,967050,Very Positive,32563,Mostly Positive,121
The Sims™ 3,47890,Very Positive,30711,Mostly Positive,125
Mortal Kombat X,307780,Very Positive,38049,Overwhelmingly Positive,221
Far Cry® Primal,371660,Very Positive,37071,Very Positive,826
Age of Empires IV: Anniversary Edition,1466860,Very Positive,69083,Very Positive,599
Foundation,690830,Very Positive,22363,Very Positive,158
Verdun,242860,Very Positive,28864,Very Positive,50
Blue Prince,1569580,Very Positive,15397,Very Positive,439
Deepest Sword,1647160,Very Positive,10747,Very Positive,54
Changed,814540,Very Positive,15650,Very Positive,161
Yet Another Zombie Defense,270550,Very Positive,12359,Very Positive,18
Marathon,3065800,Very Positive,34910,Very Positive,10728
Deponia,214340,Very Positive,9888,Very Positive,146
Injustice™ 2,627270,Very Positive,17018,Very Positive,98
Quake Live,282440,Very Positive,4242,Very Positive,32
Hydroneer,1106840,Very Positive,25856,Very Positive,202
Injustice: Gods Among Us Ultimate Edition,242700,Very Positive,9757,Very Positive,36
Assassin’s Creed® Rogue,311560,Very Positive,20194,Very Positive,232
LOCKDOWN Protocol,2780980,Very Positive,15797,Very Positive,266
L.A. Noire,110800,Very Positive,30272,Very Positive,226
Legion TD 2 - Multiplayer Tower Defense,469600,Very Positive,12275,Very Positive,118
Dragon Age: Origins - Ultimate Edition,47810,Very Positive,27778,Very Positive,181
Paladins®,444090,Very Positive,345625,Mostly Positive,340
Neon Abyss,788100,Very Positive,19619,Very Positive,25
Stellaris,281990,Very Positive,136229,Mixed,1285
Pool 2D - Poolians,891040,Very Positive,10076,Very Positive,50
Blazing Sails,1158940,Very Positive,8211,Mostly Positive,73
Revolution Idle,2763740,Very Positive,10598,Very Positive,388
Gang Beasts,285900,Very Positive,51936,Very Positive,583
DOOM 3,208200,Very Positive,8777,Very Positive,58
Northgard: Definitive Edition,466560,Very Positive,53933,Mostly Positive,144
The Headliners,3059070,Very Positive,8011,Very Positive,270
Quantum Break,474960,Very Positive,22362,Very Positive,158
Five Nights at Freddy's: Secret of the Mimic,2215390,Very Positive,9721,Very Positive,189
Age of Empires III: Definitive Edition,933110,Very Positive,52885,Very Positive,420
Zombie Army Trilogy,301640,Very Positive,13997,Mostly Positive,51
Stronghold: Definitive Edition,2140020,Very Positive,9339,Very Positive,68
Secret Neighbor: Hello Neighbor Multiplayer,859570,Very Positive,14614,Very Positive,92
Tannenberg,633460,Very Positive,7584,Very Positive,27
No Man's Sky,275850,Very Positive,303791,Very Positive,2236
Warhammer: Vermintide 2,552500,Very Positive,90007,Very Positive,280
EVERSPACE™ 2,1128920,Very Positive,11618,Mostly Positive,70
Jump Space,1757300,Very Positive,9148,Very Positive,633
Call of Duty®: Black Ops III,311210,Very Positive,151736,Very Positive,1267
Zombie Army 4: Dead War,694280,Very Positive,8877,Very Positive,84
Stumble Guys,1677740,Very Positive,134992,Very Positive,999
House Party,611790,Very Positive,13869,Mostly Positive,47
Fable Anniversary,288470,Very Positive,14099,Very Positive,115
Ghost Watchers,1850740,Very Positive,12610,Very Positive,44
Magicka,42910,Very Positive,19026,Mixed,48
Amazing Cultivation Simulator,955900,Very Positive,18964,Very Positive,35
Insurgency: Sandstorm,581320,Very Positive,102661,Very Positive,424
Need for Speed™ Payback,1262580,Very Positive,26279,Very Positive,321
Hello Neighbor,521890,Very Positive,22385,Very Positive,1591
Murdered: Soul Suspect,233290,Very Positive,11832,Very Positive,66
OCTOPATH TRAVELER™,921570,Very Positive,13220,Very Positive,98
Orcs Must Die! 3,1522820,Very Positive,10760,Very Positive,69
Green Hell,815370,Very Positive,73255,Very Positive,1623
They Are Billions,644930,Very Positive,45508,Very Positive,167
Space Haven,979110,Very Positive,8998,Very Positive,72
Have a Nice Death,1740720,Very Positive,9537,Mixed,43
Heavy Rain,960910,Very Positive,23233,Very Positive,731
Battlefield 4™,1238860,Very Positive,66176,Very Positive,1476
SAS: Zombie Assault 4,678800,Very Positive,9526,Very Positive,59
Songs of Conquest,867210,Very Positive,11815,Very Positive,113
War Selection,1022450,Very Positive,23080,Very Positive,150
The Evil Within,268050,Very Positive,20731,Very Positive,251
Demonologist,1929610,Very Positive,18391,Mostly Positive,133
LEGO® Marvel Super Heroes 2,647830,Very Positive,7151,Very Positive,50
DCS World Steam Edition,223750,Very Positive,40008,Very Positive,352
South Park™: The Fractured But Whole™,488790,Very Positive,31100,Very Positive,243
KINGDOM HEARTS -HD 1.5+2.5 ReMIX-,2552430,Very Positive,8411,Very Positive,249
OMSI 2: Steam Edition,252530,Very Positive,8256,Very Positive,97
Kingdom: New Lands,496300,Very Positive,9965,Mostly Positive,34
The Walking Dead: Saints & Sinners,916840,Very Positive,7505,Mostly Positive,38
Far Cry® 4,298110,Very Positive,63697,Very Positive,757
XCOM® 2,268500,Very Positive,78222,Very Positive,369
Deadzone: Rogue,3228590,Very Positive,12979,Very Positive,643
Kingdom Come: Deliverance,379430,Very Positive,137776,Very Positive,1476
Lunch Lady,1571440,Very Positive,9659,Very Positive,28
Manor Lords,1363080,Very Positive,72042,Mostly Positive,1250
Age of History 3,2772750,Very Positive,16782,Very Positive,441
Call to Arms - Gates of Hell: Ostfront,400750,Very Positive,29408,Very Positive,661
UBOAT,494840,Very Positive,24167,Very Positive,196
Tick Tock: A Tale for Two,790740,Very Positive,9794,Mostly Positive,57
MISERY,2119830,Very Positive,15510,Very Positive,755
Super Bunny Man,673750,Very Positive,9431,Very Positive,159
Battlerite,504370,Very Positive,59258,Very Positive,38
Crysis 2 - Maximum Edition,108800,Very Positive,9261,Very Positive,28
Dungeon of the ENDLESS™,249050,Very Positive,9363,Very Positive,10
Command & Conquer™ Red Alert™ 3,17480,Very Positive,14302,Very Positive,71
Just Cause™ 3,225540,Very Positive,102695,Very Positive,496
Worms W.M.D,327030,Very Positive,9996,Mostly Positive,642
Biped,1071870,Very Positive,8538,Very Positive,126
Need for Speed™ Heat,1222680,Very Positive,122384,Very Positive,2140
The First Berserker: Khazan,2680010,Very Positive,19593,Very Positive,386
The Last Caretaker,1783560,Very Positive,9910,Very Positive,982
Remnant: From the Ashes,617290,Very Positive,46386,Mostly Positive,794
Natural Selection 2,4920,Very Positive,8593,Mostly Positive,14
Diplomacy is Not an Option,1272320,Very Positive,10018,Very Positive,269
DARK SOULS™ II: Scholar of the First Sin,335300,Very Positive,80783,Very Positive,665
Bully: Scholarship Edition,12200,Very Positive,35938,Very Positive,462
Codename CURE,355180,Very Positive,16473,Very Positive,29
Wasteland 3,719040,Very Positive,16941,Very Positive,59
Cooking Simulator,641320,Very Positive,17526,Very Positive,100
Idle Slayer,1353300,Very Positive,10223,Mostly Positive,144
Tap Ninja - Idle game,1891700,Very Positive,9485,Very Positive,122
GTFO,493520,Very Positive,45023,Mostly Positive,247
METAL GEAR SOLID V: GROUND ZEROES,311340,Very Positive,13196,Very Positive,58
Bloons TD Battles 2,1276390,Very Positive,33582,Very Positive,210
Total War: ROME II - Emperor Edition,214950,Very Positive,53295,Very Positive,277
ZERO Sievert,1782120,Very Positive,13639,Mostly Positive,77
MechWarrior 5: Mercenaries,784080,Very Positive,12338,Very Positive,146
A Bird Story,327410,Very Positive,8065,Very Positive,42
Hatred,341940,Very Positive,23870,Very Positive,464
Omega Strikers,1869590,Very Positive,23585,Mixed,48
ARK: Survival Evolved,346110,Very Positive,575710,Very Positive,2704
Shadow of the Tomb Raider: Definitive Edition,750920,Very Positive,69023,Very Positive,751
60 Seconds!,368360,Very Positive,10437,Very Positive,18
The Witness,210970,Very Positive,16490,Very Positive,158
FPS Chess,2021910,Very Positive,41722,Very Positive,489
Assassin's Creed® Revelations,201870,Very Positive,18332,Very Positive,206
"Warhammer 40,000: Space Marine 2",2183900,Very Positive,152673,Very Positive,3095
Labyrinthine,1302240,Very Positive,13600,Mixed,79
Planetary Annihilation: TITANS,386070,Very Positive,11216,Mixed,39
Draw & Guess,1483870,Very Positive,31233,Very Positive,81
Stranded: Alien Dawn,1324130,Very Positive,9320,Mostly Positive,63
Police Stories,539470,Very Positive,7754,Very Positive,35
NARUTO TO BORUTO: SHINOBI STRIKER,633230,Very Positive,42393,Mostly Positive,129
"Warhammer 40,000: Dawn of War - Definitive Edition",3556750,Very Positive,10662,Very Positive,275
TEKKEN 7,389730,Very Positive,67252,Very Positive,268
The Spell Brigade,2904000,Very Positive,11831,Very Positive,366
BATTLETECH,637090,Very Positive,22616,Mostly Positive,73
METAL GEAR SOLID Δ: SNAKE EATER,2417610,Very Positive,11688,Very Positive,538
The Last of Us™ Part I,1888930,Very Positive,60757,Overwhelmingly Positive,1466
Hand Simulator,657200,Very Positive,28484,Mostly Positive,26
World of Guns: Gun Disassembly,262410,Very Positive,19647,Mostly Positive,51
Street Fighter™ 6,1364780,Very Positive,45562,Mixed,830
Pathfinder: Wrath of the Righteous - Enhanced Edition,1184370,Very Positive,32655,Very Positive,267
Age of Empires: Definitive Edition,1017900,Very Positive,13876,Very Positive,79
Highguard,4128260,Mixed,40746,Mixed,199
Dino D-Day,70000,Very Positive,8003,Very Positive,18
Soccer Online: Ball 3D,485610,Very Positive,4496,Very Positive,63
Strange Brigade,312670,Very Positive,8196,Very Positive,32
Grand Theft Auto IV: The Complete Edition,12210,Very Positive,170680,Very Positive,1807
CODE VEIN,678960,Very Positive,45354,Mostly Positive,133
Eastward,977880,Very Positive,14243,Very Positive,30
HITMAN™,236870,Very Positive,37176,Very Positive,19
Mechabellum,669330,Very Positive,17040,Mostly Positive,162
Visage,594330,Very Positive,8516,Mostly Positive,70
HITMAN™ 2,863550,Very Positive,74899,Very Positive,75
SUPERHOT: MIND CONTROL DELETE,690040,Very Positive,9066,Very Positive,38
Tom Clancy's Rainbow Six Siege,359550,Very Positive,1503296,Mostly Positive,12730
Sniper Elite 5,1029690,Very Positive,23393,Very Positive,341
DYNASTY WARRIORS 8: Xtreme Legends Complete Edition,278080,Very Positive,11753,Mostly Positive,26
Luma Island,2408820,Very Positive,10761,Very Positive,123
Titan Quest II,1154030,Very Positive,15359,Mostly Positive,316
MONSTER HUNTER RISE,1446780,Very Positive,76655,Very Positive,693
Spiral Knights,99900,Very Positive,23958,Very Positive,59
Sniper Ghost Warrior Contracts 2,1338770,Very Positive,12186,Mostly Positive,220
AirMech,206500,Very Positive,10824,Very Positive,27
SCP: Containment Breach Multiplayer,1782380,Very Positive,28049,Mostly Positive,195
FINAL FANTASY XV WINDOWS EDITION,637650,Very Positive,43873,Very Positive,325
Peglin,1296610,Very Positive,16165,Very Positive,170
Red Dead Online,1404210,Very Positive,58975,Very Positive,236
Resident Evil 3,952060,Very Positive,80981,Very Positive,10983
Hobo: Tough Life,632300,Very Positive,8348,Very Positive,99
ENDLESS™ Legend,289130,Very Positive,14332,Very Positive,11
Portal Knights,374040,Very Positive,16747,Very Positive,71
Pacific Drive,1458140,Very Positive,19945,Very Positive,282
ENDLESS™ Space 2,392110,Very Positive,17041,Mostly Positive,42
The Walking Dead: A New Frontier,536220,Very Positive,15142,Overwhelmingly Positive,139
State of Decay 2: Juggernaut Edition,495420,Very Positive,56813,Mostly Positive,404
Serious Sam 4,257420,Very Positive,15195,Mostly Positive,135
Yu-Gi-Oh! Duel Links,601510,Very Positive,44628,Mostly Positive,129
BioShock™ Remastered,409710,Very Positive,50578,Very Positive,511
Ni no Kuni™ II: Revenant Kingdom,589360,Very Positive,8008,Mixed,31
Watch_Dogs® 2,447040,Very Positive,84948,Very Positive,697
Slapshot: Rebound,1173370,Very Positive,13759,Very Positive,120
Realm of the Mad God Exalt,200210,Very Positive,47396,Mixed,109
Danganronpa V3: Killing Harmony,567640,Very Positive,20672,Very Positive,413
12 is Better Than 6,410110,Very Positive,4276,Mostly Positive,30
Chivalry: Medieval Warfare,219640,Very Positive,44575,Mostly Positive,14
REMNANT II®,1282100,Very Positive,44823,Mostly Positive,615
Tiny Bunny,1421250,Very Positive,26635,Very Positive,250
Action Taimanin,1335200,Very Positive,19241,Very Positive,75
Steep™,460920,Very Positive,30272,Very Positive,167
World War Z,699130,Very Positive,23010,Mostly Positive,629
Styx: Master of Shadows,242640,Very Positive,9443,Very Positive,76
Transport Fever,446800,Very Positive,9244,Very Positive,10
Getting Over It with Bennett Foddy,240720,Very Positive,73658,Mostly Positive,692
Primal Carnage: Extinction,321360,Very Positive,7877,Mostly Positive,26
Dota Underlords,1046930,Very Positive,90968,Mostly Positive,70
Session: Skate Sim,861650,Very Positive,13245,Very Positive,74
City Car Driving,493490,Very Positive,31870,Very Positive,394
Isonzo,1556790,Very Positive,13907,Very Positive,180
ELDEN RING NIGHTREIGN,2622380,Very Positive,123481,Mostly Positive,1800
Friends vs Friends,1785150,Very Positive,10468,Very Positive,65
Ghostwire: Tokyo,1475810,Very Positive,11653,Very Positive,56
BattleBit Remastered,671860,Very Positive,127353,Mixed,277
Old School RuneScape,1343370,Very Positive,20167,Mixed,173
The Outer Worlds,578650,Very Positive,24108,Mostly Positive,92
SUNLESS SEA,304650,Very Positive,7556,Mostly Positive,21
Total War: ATTILA,325610,Very Positive,26376,Very Positive,110
Hell Let Loose,686810,Very Positive,96896,Mostly Positive,653
How to Survive,250400,Very Positive,13982,Very Positive,17
Project Winter,774861,Very Positive,13638,Very Positive,18
Monster Hunter Stories 2: Wings of Ruin,1277400,Very Positive,11680,Very Positive,97
Shadows of Doubt,986130,Very Positive,14188,Mixed,133
Banana,2923300,Very Positive,95632,Mostly Positive,697
Grand Theft Auto V Enhanced,3240220,Very Positive,162270,Very Positive,10619
The Incredible Adventures of Van Helsing,215530,Very Positive,7697,Very Positive,18
Thymesia,1343240,Very Positive,7846,Very Positive,67
Riders Republic,2290180,Very Positive,27880,Very Positive,415
SOULCALIBUR VI,544750,Very Positive,9570,Very Positive,59
The Beast Inside,792300,Very Positive,10356,Mostly Positive,58
RuneScape ®,1343400,Very Positive,26720,Mixed,165
We Were Here Together,865360,Very Positive,14112,Mostly Positive,86
Magicka 2,238370,Very Positive,9397,Mostly Positive,37
Railway Empire,503940,Very Positive,7159,Mixed,23
Sniper Elite 3,238090,Very Positive,21153,Mostly Positive,86
Moonlighter,606150,Very Positive,16869,Very Positive,107
Pro Soccer Online,1583320,Very Positive,22686,Mostly Positive,199
Road Redemption,300380,Very Positive,10628,Mostly Positive,57
RIDE 4,1259980,Very Positive,9814,Very Positive,34
Detention,555220,Overwhelmingly Positive,10234,Very Positive,48
Dota 2,570,Very Positive,2695836,Mixed,20203
GWENT: The Witcher Card Game,1284410,Very Positive,27402,Mostly Positive,96
Fallout 4,377160,Very Positive,285816,Very Positive,1505
Marvel's Spider-Man 2,2651280,Very Positive,26016,Very Positive,1438
Gloomhaven,780290,Very Positive,13393,Mostly Positive,58
Day of Infamy,447820,Very Positive,17534,Mostly Positive,22
Little Witch Nobeta,1049890,Very Positive,9308,Mostly Positive,24
This Is the Police,443810,Very Positive,8996,Mostly Positive,50
BIGFOOT,509980,Very Positive,17474,Very Positive,97
Dead Island Definitive Edition,383150,Very Positive,23168,Very Positive,153
Tell Me Why,1180660,Very Positive,15357,Mostly Positive,83
Fallout 3: Game of the Year Edition,22370,Very Positive,43240,Very Positive,201
The Quarry,1577120,Very Positive,13964,Very Positive,170
Surgeon Simulator,233720,Very Positive,13600,Very Positive,31
Cossacks 3,333420,Very Positive,12067,Very Positive,91
State of Decay: YOSE,329430,Very Positive,10207,Very Positive,54
Squad,393380,Very Positive,174149,Very Positive,1657
Breathedge,738520,Very Positive,14136,Mostly Positive,112
Quarantine Zone: The Last Check,3419520,Very Positive,9967,Very Positive,718
WRC 7 FIA World Rally Championship,621830,Very Positive,11244,Very Positive,420
Far Cry® 5,552520,Very Positive,168884,Very Positive,1245
BRAIN / OUT,578310,Very Positive,15277,Very Positive,19
ATOM RPG: Post-apocalyptic indie game,552620,Very Positive,9880,Very Positive,34
Temtem,745920,Very Positive,31227,Very Positive,35
The Elder Scrolls® Online,306130,Very Positive,132540,Mostly Positive,654
Armello,290340,Very Positive,10958,Mixed,14
Dirty Bomb®,333930,Very Positive,56892,Very Positive,27
Chernobylite Complete Edition,1016800,Very Positive,12146,Mostly Positive,68
Borderlands 3,397540,Very Positive,126513,Mostly Positive,437
Slay the Spire 2,2868840,Very Positive,103495,Mostly Positive,59475
Wolfenstein II: The New Colossus,650500,Very Positive,34133,Very Positive,304
Marvel's Midnight Suns,368260,Very Positive,16426,Very Positive,117
Darksiders Genesis,710920,Very Positive,10005,Very Positive,64
Smalland: Survive the Wilds,768200,Very Positive,7586,Very Positive,107
Foxhole,505460,Very Positive,45314,Mostly Negative,1274
SimCity™ 4 Deluxe Edition,24780,Very Positive,8291,Very Positive,52
"Warhammer 40,000: Gladius - Relics of War",489630,Very Positive,7895,Very Positive,53
Gauntlet™ Slayer Edition,258970,Very Positive,6625,Very Positive,18
Anno 1800,916440,Very Positive,28583,Mostly Positive,345
Tricolour Lovestory,668630,Very Positive,26124,Mixed,23
Far Cry®,13520,Very Positive,10618,Mostly Positive,154
The Lord of the Rings: Return to Moria™,2933130,Very Positive,9724,Mostly Positive,246
Darwin Project,544920,Very Positive,18333,Very Positive,31
Fallout 3,22300,Very Positive,17880,Very Positive,67
河洛群俠傳 (Ho Tu Lo Shu ： The Books of Dragon),952860,Very Positive,9480,Mixed,42
Age of Wonders 4,1669000,Very Positive,15980,Mostly Positive,230
Gothic® 3,39500,Very Positive,8819,Mostly Positive,50
The Lord of the Rings Online™,212500,Very Positive,22615,Mostly Positive,163
Brawlhalla,291550,Very Positive,404093,Mixed,2668
RuneScape: Dragonwilds,1374490,Very Positive,22620,Mostly Positive,646
Resident Evil Revelations,222480,Very Positive,10866,Very Positive,402
AdventureQuest 3D,429790,Very Positive,9604,Mostly Positive,47
World of Tanks,1407200,Very Positive,97920,Mixed,759
BONELAB,1592190,Very Positive,17333,Very Positive,297
Blood Strike,3199170,Very Positive,18207,Mostly Positive,1060
PlanetSide 2,218230,Very Positive,74456,Mostly Positive,111
Norland,1857090,Very Positive,8234,Very Positive,140
Sunkenland,2080690,Very Positive,19750,Mixed,97
Nuclear Nightmare,2909110,Very Positive,14347,Mostly Positive,377
Returnal™,1649240,Very Positive,5888,Mostly Positive,99
月圆之夜 (Night of Full Moon),769560,Very Positive,10857,Mixed,49
Sun Haven,1432860,Very Positive,21303,Mostly Positive,183
Bus Simulator 18,515180,Mostly Positive,8544,Very Positive,59
Inside the Backrooms,1987080,Very Positive,38143,Mixed,130
The Isle,376210,Very Positive,100520,Mostly Positive,2488
SILENT HILL f,2947440,Very Positive,16885,Mostly Positive,736
StarRupture,1631270,Very Positive,10497,Mostly Positive,1106
Atomic Heart,668580,Very Positive,34397,Mostly Positive,501
Need for Speed™ Hot Pursuit Remastered,1328660,Very Positive,12193,Very Positive,251
CastleMiner Z,253430,Very Positive,7893,Very Positive,30
Blackwake,420290,Very Positive,26052,Mostly Positive,32
Construction Simulator,1273400,Very Positive,9671,Mostly Positive,127
Across the Obelisk,1385380,Very Positive,10505,Mixed,55
Eco,382310,Very Positive,11169,Mixed,66
Assassin's Creed™: Director's Cut Edition,15100,Very Positive,22867,Mostly Positive,265
Bellwright,1812450,Very Positive,17902,Mostly Positive,616
No Rest for the Wicked,1371980,Very Positive,60716,Mostly Positive,1821
DC Universe™ Online,24200,Very Positive,21709,Very Positive,63
Lucius,218640,Very Positive,7657,Mostly Positive,32
Mitos.is: The Game,389570,Very Positive,12006,Very Positive,25
Grounded 2,2661300,Very Positive,17691,Very Positive,577
MORDHAU,629760,Very Positive,91558,Mixed,111
WARNO,1611600,Very Positive,13516,Very Positive,215
Escape Room - Der kranke Kollege,1301720,Very Positive,12478,Very Positive,48
Trove,304050,Mostly Positive,92653,Mixed,141
Castlevania: Lords of Shadow – Ultimate Edition,234080,Very Positive,7788,Very Positive,56
SCARLET NEXUS,775500,Very Positive,13544,Very Positive,63
Resident Evil 0,339340,Very Positive,13036,Mostly Positive,983
Enlisted,2051620,Very Positive,42125,Very Positive,1491
Infection Free Zone,1465460,Very Positive,15275,Mostly Positive,193
Soulmask,2646460,Mostly Positive,15546,Mixed,1308
LEGO® The Hobbit™,285160,Mostly Positive,4883,Very Positive,41
Yakuza 3 Remastered,1088710,Very Positive,7739,Very Positive,44
Punch Club,394310,Very Positive,11852,Very Positive,55
Tom Clancy's Ghost Recon® Wildlands,460930,Very Positive,89319,Mostly Positive,781
Assassin's Creed® Syndicate,368500,Very Positive,30197,Very Positive,199
Party Animals,1260320,Very Positive,54575,Very Positive,463
Six Days in Fallujah,1548850,Very Positive,12676,Mixed,113
ENDLESS™ Space - Definitive Edition,208140,Mostly Positive,6590,Mostly Positive,12
Angel Legion,1333350,Very Positive,10304,Very Positive,178
Who's Your Daddy?!,427730,Very Positive,25482,Very Positive,158
Nioh 3,3681010,Very Positive,10409,Mostly Positive,727
S.T.A.L.K.E.R. 2: Heart of Chornobyl,1643320,Very Positive,99746,Mostly Positive,1160
X4: Foundations,392160,Mostly Positive,23535,Mostly Positive,350
Prototype™,10150,Mostly Positive,12016,Very Positive,118
Chivalry 2,1824220,Very Positive,43449,Mostly Positive,1329
Warhammer: End Times - Vermintide,235540,Very Positive,13592,Mostly Positive,19
Ravenswatch,2071280,Very Positive,15499,Very Positive,205
Ghostrunner 2,2144740,Very Positive,7562,Mostly Positive,83
Dying Light 2 Stay Human: Reloaded Edition,534380,Mostly Positive,158947,Mostly Positive,1318
Call of Duty®: Black Ops Cold War,1985810,Mostly Positive,20568,Mostly Positive,236
Mirror's Edge™ Catalyst,1233570,Mostly Positive,13736,Mixed,153
Way of the Hunter,1288320,Very Positive,8231,Very Positive,154
Exanima,362490,Very Positive,12046,Mixed,71
MechWarrior Online™ Legends,342200,Very Positive,12634,Mixed,61
Starship Troopers: Extermination,1268750,Very Positive,29289,Mixed,121
Aliens: Fireteam Elite,1549970,Very Positive,21090,Very Positive,98
"Flashing Lights - Police, Firefighting, Emergency Services (EMS) Simulator",605740,Very Positive,15713,Mostly Positive,221
RISK: Global Domination,1128810,Mostly Positive,40927,Mixed,238
Heroes® of Might & Magic® III - HD Edition,297000,Mostly Positive,19626,Very Positive,124
The Universim,352720,Mostly Positive,8359,Mixed,35
Marvel's Avengers - The Definitive Edition,997070,Mixed,34404,Mostly Positive,46
Company of Heroes 2,231430,Very Positive,68218,Mostly Positive,200
ASKA,1898300,Mostly Positive,9818,Mostly Positive,265
Dead by Daylight,381210,Mostly Positive,652354,Mostly Positive,6508
SCP: 5K,872670,Very Positive,11868,Mostly Positive,155
"Ranch Simulator: Build, Hunt, Farm",1119730,Mostly Positive,37728,Very Positive,590
Conan Exiles,440900,Mostly Positive,75573,Very Positive,263
Sherlock Holmes: The Devil's Daughter,350640,Very Positive,11843,Very Positive,44
Arma Reforger,1874880,Mostly Positive,43519,Very Positive,1854
Nioh: Complete Edition,485510,Mostly Positive,28793,Mostly Positive,233
Call to Arms,302670,Very Positive,17194,Mostly Positive,84
Watch_Dogs™,243470,Mostly Positive,46068,Very Positive,360
Mass Effect™: Andromeda Deluxe Edition,1238000,Mostly Positive,16059,Mixed,157
SMITE®,386360,Mostly Positive,119888,Mostly Positive,101
ALTF4,1137460,Very Positive,9455,Mixed,23
Planetbase,403190,Mostly Positive,9386,Very Positive,32
Lost Castle 2,2445690,Mostly Positive,8585,Mostly Positive,103
Call of Duty®: Modern Warfare®,2000950,Mostly Positive,37257,Mostly Positive,13684
Tom Clancy’s The Division® 2,2221490,Mostly Positive,29416,Very Positive,1938
THE FINALS,2073850,Mostly Positive,264906,Mostly Positive,3068
Albion Online,761890,Mostly Positive,90409,Mostly Positive,732
Dune: Spice Wars,1605220,Mostly Positive,11303,Mostly Positive,83
Star Trek Online,9900,Mostly Positive,20950,Mostly Positive,113
Le Mans Ultimate,2399420,Mostly Positive,12804,Mostly Positive,684
PROJECT: PLAYTIME,1961460,Mostly Positive,56444,Very Positive,1709
Steel Division 2,919640,Mostly Positive,7941,Mostly Positive,36
Metro 2033,43110,Very Positive,33900,Very Positive,105
Tom Clancy’s Splinter Cell Blacklist,235600,Mostly Positive,18829,Mostly Positive,127
Call of Cthulhu®,399810,Mostly Positive,10478,Mostly Positive,106
Microsoft Flight Simulator (2020) 40th Anniversary Edition,1250410,Mostly Positive,68300,Mostly Positive,445
CRSED: Cuisine Royale,884660,Mostly Positive,38598,Mostly Positive,46
Cultist Simulator,718670,Very Positive,10131,Mostly Positive,60
PANICORE,2695940,Mostly Positive,10345,Mostly Positive,116
FINAL FANTASY XVI,2515020,Mostly Positive,21463,Mostly Positive,536
Sword Art Online: Fatal Bullet,626690,Mostly Positive,15404,Mixed,26
GOD EATER 3,899440,Very Positive,7604,Very Positive,35
IL-2 Sturmovik: Battle of Stalingrad,307960,Mostly Positive,8471,Mostly Positive,57
World of Tanks Blitz,444200,Mostly Positive,152159,Mixed,499
Empyrion - Galactic Survival,383120,Mostly Positive,28970,Mostly Positive,77
Titan Souls,297130,Very Positive,7735,Mostly Positive,48
Grand Theft Auto: San Andreas – The Definitive Edition,1547000,Mostly Positive,12837,Very Positive,511
We Were Here Too,677160,Mostly Positive,8649,Mostly Positive,79
Darksiders II Deathinitive Edition,388410,Mostly Positive,15600,Very Positive,136
Car For Sale Simulator 2023,2248760,Mostly Positive,19460,Mixed,218
IXION,1113120,Mostly Positive,14622,Very Positive,118
Ancestors: The Humankind Odyssey,536270,Very Positive,9249,Very Positive,128
Assassin's Creed® Unity,289650,Mostly Positive,75850,Mostly Positive,750
America's Army: Proving Grounds,203290,Mostly Positive,11007,Mixed,17
DayZ,221100,Mostly Positive,378890,Very Positive,2534
Tropico 5,245620,Mostly Positive,9754,Very Positive,20
Total War: WARHAMMER,364360,Mostly Positive,31980,Very Positive,35
Gems of War - Puzzle RPG,329110,Mostly Positive,10706,Mixed,57
Ready or Not,1144200,Mostly Positive,248432,Very Positive,5733
Resident Evil Revelations 2,287290,Mostly Positive,24545,Mostly Positive,406
Destiny 2,1085660,Mostly Positive,645504,Mixed,1349
Resident Evil 6,221040,Mostly Positive,47226,Mostly Positive,2275
LEGO® Worlds,332310,Mostly Positive,12443,Very Positive,28
The Crew™ 2,646910,Mostly Positive,85463,Mostly Positive,349
Once Human,2139460,Mostly Positive,168980,Very Positive,2833
EVERSPACE™,396750,Mostly Positive,9735,Mixed,35
HELLDIVERS™ 2,553850,Mostly Positive,813494,Mostly Positive,6444
The Crew Motorfest,2698940,Mostly Positive,20823,Mostly Positive,2290
Feed and Grow: Fish,429050,Mostly Positive,19869,Very Positive,186
Bro Falls,1590320,Mostly Positive,19901,Mixed,32
Shop Titans,1258080,Mostly Positive,17744,Mixed,88
One Piece Pirate Warriors 3,331600,Mostly Positive,8332,Mixed,64
Talisman: Digital Classic Edition,247000,Very Positive,5515,Mixed,14
Elite Dangerous,359320,Mostly Positive,80593,Mostly Positive,390
Zero Hour,1359090,Mostly Positive,28384,Mixed,152
Pathfinder: Kingmaker — Enhanced Plus Edition,640820,Mostly Positive,27679,Mostly Positive,117
Neverwinter,109600,Mostly Positive,39373,Mostly Positive,91
RAGE,9200,Mostly Positive,12075,Very Positive,45
Borderlands: The Pre-Sequel,261640,Mostly Positive,31495,Very Positive,97
Marvel Rivals,2767030,Mostly Positive,381393,Mixed,7366
Trackmania,2225070,Mostly Positive,19927,Very Positive,392
Drive Beyond Horizons,2625420,Mostly Positive,16083,Mostly Positive,746
Mortal Kombat 11,976310,Very Positive,84561,Very Positive,467
Vampyr,427290,Mostly Positive,18877,Mostly Positive,472
The Elder Scrolls IV: Oblivion Remastered,2623190,Mostly Positive,57476,Mixed,565
World of Warships,552990,Mostly Positive,153886,Mostly Positive,644
MultiVersus,1818750,Mostly Positive,116789,Mixed,84
Need for Speed™ Most Wanted,1262560,Mostly Positive,22981,Mostly Positive,377
Youtubers Life,428690,Mostly Positive,13773,Mixed,14
Dead Island 2,934700,Mostly Positive,18504,Mostly Positive,661
Dungeon Defenders II,236110,Mostly Positive,22069,Mostly Positive,52
Afterimage,1701520,Mostly Positive,6494,Mixed,89
Vampire: The Masquerade - Bloodhunt,760160,Mostly Positive,58818,Very Positive,282
Last Epoch,899770,Mostly Positive,105806,Mixed,958
Gone Home,232430,Mostly Positive,13435,Very Positive,33
Operation: Harsh Doorstop,736590,Mostly Positive,19818,Very Positive,279
Summoners War: Chronicles,2167580,Mostly Positive,11845,Mixed,18
Idle Champions of the Forgotten Realms,627690,Mostly Positive,14933,Mixed,41
Crysis Remastered,1715130,Mostly Positive,15660,Mostly Positive,389
"Warhammer 40,000: Chaos Gate - Daemonhunters",1611910,Mostly Positive,10883,Mixed,90
Dead Rising 3 Apocalypse Edition,265550,Mostly Positive,13467,Very Positive,87
Avatar: Frontiers of Pandora™,2840770,Mostly Positive,12580,Very Positive,717
Night of the Dead,1377380,Mostly Positive,10264,Mixed,38
Avowed,2457220,Mostly Positive,11617,Very Positive,203
Scorn,698670,Mostly Positive,13109,Mostly Positive,915
inZOI,2456740,Mostly Positive,27322,Mostly Positive,632
The Dark Pictures Anthology: Man of Medan,939850,Mostly Positive,8821,Very Positive,137
Total War: ROME REMASTERED,885970,Mostly Positive,12107,Very Positive,97
We Happy Few,320240,Mostly Positive,11098,Very Positive,27
Deus Ex: Mankind Divided,337000,Mostly Positive,30255,Very Positive,103
Assassin’s Creed Shadows,3159330,Mostly Positive,31709,Mixed,906
FINAL FANTASY VII REBIRTH,2909400,Mostly Positive,21123,Mostly Positive,641
Farlight 84,1928420,Mostly Positive,54971,Mixed,205
Tribes of Midgard,858820,Mostly Positive,17363,Mixed,28
Endzone - A World Apart,933820,Mostly Positive,8123,Very Positive,30
Prototype 2,115320,Mostly Positive,10155,Very Positive,74
NBA 2K22,1644960,Mixed,38957,Mostly Positive,12
Eternal Return,1049590,Mostly Positive,71816,Mixed,441
NBA 2K23,1919590,Mixed,51492,Mixed,26
Ultimate Epic Battle Simulator,616560,Mostly Positive,8573,Mixed,25
Black Squad,550650,Mostly Positive,81344,Mixed,47
DEATHLOOP,1252330,Mostly Positive,19651,Mostly Positive,94
Police Simulator: Patrol Officers,997010,Mostly Positive,17961,Mixed,189
GreedFall,606880,Mostly Positive,18029,Mostly Positive,126
Medal of Honor™,47790,Very Positive,6572,Very Positive,59
Deadside,895400,Mostly Positive,34133,Mixed,109
RaceRoom Racing Experience,211500,Mostly Positive,26992,Mostly Positive,335
NBA 2K24,2338770,Mostly Negative,44138,Mixed,48
"Warhammer 40,000: Inquisitor - Martyr",527430,Mostly Positive,19258,Very Positive,60
Torque Drift,1029550,Mostly Positive,12602,Very Positive,74
Assassin's Creed Mirage,3035570,Mostly Positive,10605,Very Positive,252
VRChat,438100,Mostly Positive,260350,Mostly Positive,2682
The Survivalists,897450,Mostly Positive,8003,Mixed,45
Far Cry® 2,19900,Mostly Positive,16782,Mixed,166
Darksiders III,606280,Mostly Positive,12030,Mostly Positive,126
Need For Speed: Hot Pursuit,47870,Very Positive,19988,Very Positive,28
Mist Survival,914620,Mostly Positive,13358,Mixed,51
Bodycam,2406770,Mostly Positive,39701,Very Positive,908
Real Pool 3D - Poolians,670290,Mostly Positive,19153,Mostly Positive,223
Jalopy,446020,Mostly Positive,8818,Mixed,104
WAKFU,215080,Mostly Positive,10655,Mostly Positive,42
Saints Row 2,9480,Mostly Positive,12496,Mostly Positive,80
Sniper: Ghost Warrior 2,34870,Mostly Positive,13485,Very Positive,69
Dragon Age™ Inquisition,1222690,Mostly Positive,18589,Mostly Positive,126
Crossout,386180,Mostly Positive,68348,Mostly Positive,516
STAR WARS™ - The Force Unleashed™ Ultimate Sith Edition,32430,Mostly Positive,8370,Very Positive,40
Far Cry® New Dawn,939960,Mostly Positive,31433,Mostly Positive,230
POLYGON,1241100,Mostly Positive,36661,Mostly Positive,160
Caliber,307950,Mostly Positive,22143,Mixed,173
Drug Dealer Simulator,682990,Very Positive,18138,Mostly Positive,67
Need for Speed™ Rivals,1262600,Mostly Positive,8592,Very Positive,112
Darkest Dungeon® II,1940340,Mostly Positive,22824,Mixed,270
Craftopia,1307550,Mostly Positive,17466,Mixed,48
Stonehearth,253250,Mostly Positive,10565,Mostly Positive,31
Frostpunk 2,1601580,Mostly Positive,19682,Mixed,289
DEAD OR ALIVE 6,838380,Mostly Positive,4596,Very Positive,18
Conqueror's Blade,835570,Mixed,37802,Mixed,307
Arena Breakout: Infinite,2073620,Mostly Positive,51428,Mixed,3520
FINAL FANTASY® XIII,292120,Mostly Positive,15715,Mostly Positive,122
Saints Row: Gat out of Hell,301910,Mostly Positive,7639,Mixed,28
Age of Darkness: Final Stand,1426450,Mostly Positive,9289,Mixed,61
SCUM,513710,Mostly Positive,95975,Mostly Positive,553
Stoneshard,625960,Mostly Positive,32271,Mostly Positive,510
The Elder Scrolls V: Skyrim VR,611670,Mostly Positive,8953,Mostly Positive,46
Squad 44,736220,Mostly Positive,18837,Mixed,38
HumanitZ,1766060,Mostly Positive,9439,Mostly Positive,694
Strinova,1282270,Mostly Positive,29328,Mostly Positive,344
Stranded Deep,313120,Mostly Positive,42987,Mostly Positive,210
RoadCraft,2104890,Mostly Positive,12653,Mixed,419
Hunt: Showdown 1896,594650,Mostly Positive,207086,Mostly Positive,1392
FragPunk,2943650,Mostly Positive,48753,Mostly Positive,578
Thief,239160,Mostly Positive,17199,Mostly Positive,80
SUPERHOT VR,617830,Very Positive,7832,Mostly Positive,35
The Surge,378540,Mostly Positive,8671,Mixed,53
BLOCKPOST LEGACY,706990,Mostly Positive,16519,Mostly Positive,48
In Silence,1361000,Mostly Positive,9424,Mixed,32
BLOCKADE,1049800,Mostly Positive,11540,Mixed,28
ELEX,411300,Mostly Positive,12330,Mixed,46
Rogue Company,872200,Mostly Positive,25858,Mixed,92
Century: Age of Ashes,918570,Mostly Positive,18149,Very Positive,63
Battlefleet Gothic: Armada 2,573100,Mostly Positive,9467,Mixed,66
Black Desert,582660,Mostly Positive,61805,Mostly Positive,439
Tom Clancy's Ghost Recon® Breakpoint,2231380,Mostly Positive,38693,Mostly Positive,718
Quake Champions,611500,Mostly Positive,38739,Mostly Positive,83
Mafia II: Definitive Edition,1030830,Mostly Positive,27018,Mostly Positive,363
Wolfenstein II: The New Colossus,650500,Very Positive,34133,Very Positive,304
RIFT,39120,Mostly Positive,11548,Mostly Positive,33
STALCRAFT: X,1818450,Mostly Positive,97207,Mixed,2049
The Ascent,979690,Mostly Positive,18692,Mostly Positive,46
Fernbus Simulator,427100,Mostly Positive,7823,Mixed,62
Pixel Strike 3D,915320,Mostly Positive,12561,Mostly Positive,26
The Dark Pictures Anthology: Little Hope,1194630,Mostly Positive,6850,Mostly Positive,136
Evil West,1065310,Mostly Positive,9614,Mostly Positive,129
EVE Online,8500,Mostly Positive,38512,Mixed,229
Alan Wake's American Nightmare,202750,Mostly Positive,7863,Very Positive,90
Path of Exile 2,2694490,Mostly Positive,153082,Mostly Positive,816
Shadowverse CCG,453480,Mostly Positive,14951,Mixed,79
REANIMAL,2129530,Mostly Positive,10790,Mostly Positive,1098
F1® 24,2488620,Mostly Positive,15487,Mixed,79
Internet Cafe Simulator 2,1563180,Mostly Positive,12102,Mixed,92
Skullgirls 2nd Encore,245170,Very Positive,22777,Very Positive,117
MARVEL SNAP,1997040,Mostly Positive,34526,Mixed,145
Snowbreak: Containment Zone,2668080,Mostly Positive,9620,Mixed,102
Mafia: The Old Country,1941540,Mostly Positive,18538,Mostly Positive,314
PixARK,593600,Mostly Positive,10731,Mostly Positive,67
Total War: THREE KINGDOMS,779340,Very Positive,62289,Mostly Positive,171
Outward Definitive Edition,794260,Mostly Positive,23979,Mixed,436
Dead Space™ 3,1238060,Mostly Positive,11494,Mixed,183
Yu-Gi-Oh! Master Duel,1449850,Mostly Positive,97726,Mixed,958
The Bazaar,1617400,Mostly Positive,12028,Mostly Positive,1133
Contagion,238430,Mostly Positive,9986,Mixed,16
Star Conflict,212070,Mostly Positive,15096,Mixed,20
Fallout 76,1151340,Mostly Positive,76369,Mixed,730
Honkai Impact 3rd,1671200,Mostly Positive,9932,Mixed,32
Iron Harvest,826630,Mostly Positive,11489,Mixed,52
Sniper Ghost Warrior Contracts,973580,Mostly Positive,10648,Mixed,63
Gold Mining Simulator,451340,Mostly Positive,14812,Mostly Positive,89
Internet Cafe Simulator,1136160,Mostly Positive,8564,Mostly Positive,43
Absolver,473690,Mostly Positive,11428,Very Positive,23
Stronghold Crusader 2,232890,Mostly Positive,12377,Very Positive,55
Europa Universalis V,3450310,Mostly Positive,22265,Mixed,547
Sword and Fairy 7,1543030,Mostly Positive,15416,Mostly Positive,48
Generation Zero®,704270,Mostly Positive,28656,Mostly Positive,125
Planet Coaster 2,2688950,Mostly Positive,11504,Mostly Positive,244
Predecessor,961200,Mostly Positive,16596,Mixed,233
Ghosts of Tabor,1957780,Mostly Positive,8946,Mixed,55
Space Hulk: Deathwing Enhanced Edition,816090,Mostly Positive,8842,Mixed,41
Mortal Kombat 1,1971870,Mostly Positive,30856,Very Positive,513
Subsistence,418030,Mostly Positive,12293,Mixed,66
Freestyle 2: Street Basketball,339610,Mostly Positive,12722,Mixed,17
BioShock™ 2 Remastered,409720,Mostly Positive,23254,Very Positive,234
Train Simulator Classic,24010,Mostly Positive,19142,Very Positive,66
Gray Zone Warfare,2479810,Mostly Positive,63821,Mostly Positive,5330
Far Cry® 6,2369390,Mostly Positive,31312,Mostly Positive,538
Star Wars Outlaws,2842040,Mostly Positive,9840,Mostly Positive,476
"Warhammer 40,000: Darktide",1361210,Mostly Positive,102886,Mixed,1085
Battlefield 3™,1238820,Mostly Positive,14748,Very Positive,121
XCOM®: Chimera Squad,882100,Mostly Positive,20421,Mixed,37
Battlefield™ V,1238810,Mostly Positive,231349,Mixed,2535
Summoners War,2426960,Mostly Positive,10072,Mixed,113
Tom Clancy’s The Division™,365590,Mostly Positive,76291,Very Positive,550
Lost Ark,1599340,Mostly Positive,203200,Mostly Negative,166
Project CARS 2,378860,Very Positive,18429,Very Positive,15
Dead Island: Riptide Definitive Edition,383180,Mostly Positive,5939,Mostly Positive,51
STAR WARS Jedi: Survivor™,1774580,Mostly Positive,74890,Mostly Positive,2044
F.E.A.R. 3,21100,Mixed,7251,Mixed,43
UNO,470220,Mostly Positive,41718,Mixed,141
Dune: Awakening,1172710,Mostly Positive,63916,Mixed,923
Plants vs. Zombies: Battle for Neighborville™,1262240,Mostly Positive,15035,Mostly Positive,125
Total War: WARHAMMER III,1142710,Mostly Positive,99218,Very Positive,849
Gears 5,1097840,Mostly Positive,20010,Very Positive,63
Tiny Tina's Wonderlands,1286680,Mostly Positive,17495,Mostly Positive,172
Propnight,1549180,Mixed,20211,Mixed,16
CarX Street,1114150,Mostly Positive,16348,Mostly Positive,298
For The King II,1676840,Mostly Positive,12023,Mostly Positive,106
A Total War Saga: THRONES OF BRITANNIA,712100,Mostly Positive,12128,Very Positive,30
Call of Duty®: WWII,476600,Mostly Positive,32478,Very Positive,244
Soulworker,1377580,Mostly Positive,10723,Mixed,15
Dead Frontier 2,744900,Mostly Positive,28007,Mixed,134
The Bureau: XCOM Declassified,65930,Mixed,4808,Mixed,13
Gothic Playable Teaser,950670,Mostly Positive,10323,Mixed,18
Anno 117: Pax Romana,3274580,Mostly Positive,10852,Mixed,336
Assassin's Creed Valhalla,2208920,Mostly Positive,38285,Mixed,798
Victoria 3,529340,Mostly Positive,39248,Mostly Positive,449
Torchlight: Infinite,1974050,Mixed,19554,Mixed,136
NARAKA: BLADEPOINT,1203220,Mostly Positive,298651,Mixed,903
Halo Infinite,1240440,Mixed,179941,Mixed,454
KARDS - The WW2 Card Game,544810,Mixed,47474,Mixed,654
skate.,3354750,Mixed,83381,Mixed,1811
FOR HONOR™,304390,Mixed,104955,Mixed,1017
Need for Speed™,1262540,Mixed,23609,Mixed,548
Phantasy Star Online 2 New Genesis,1056640,Mixed,24468,Mixed,63
Will To Live Online,707010,Mixed,18177,Mixed,71
Amnesia: A Machine for Pigs,239200,Mixed,7073,Mixed,48
DEAD OR ALIVE 5 Last Round: Core Fighters,311730,Mixed,10317,Very Positive,47
Back 4 Blood,924970,Mixed,54516,Mostly Positive,332
Duke Nukem Forever,57900,Mostly Positive,6221,Mostly Positive,35
The Forever Winter,2828860,Mixed,19976,Mixed,241
Beasts of Bermuda,719890,Mixed,8248,Mixed,61
HUMANKIND™,1124300,Mixed,21732,Mostly Positive,54
Evil Genius 2: World Domination,700600,Mixed,11117,Mostly Positive,30
How to Survive 2,360170,Mixed,8632,Mixed,18
Dragon Age™: The Veilguard,1845910,Mixed,40421,Mixed,248
Gloria Victis: Medieval MMORPG,327070,Mixed,7770,Very Positive,77
Stay Out,1180380,Mixed,29854,Very Positive,400
Life is Strange: Double Exposure,1874000,Mixed,7328,Mostly Positive,419
REMATCH,2138720,Mixed,34995,Mixed,759
SMASH LEGENDS,1352080,Mixed,9943,Mostly Positive,53
Half Sword,2397300,Mixed,21686,Mostly Positive,1733
Apex Legends™,1172470,Mixed,1042041,Mixed,7938
MY HERO ULTRA RUMBLE,1607250,Mixed,25079,Mostly Positive,556
Street Fighter V,310950,Mostly Positive,27675,Very Positive,40
Road 96 🛣️,1466640,Very Positive,20751,Very Positive,393
Robocraft,301520,Mostly Positive,117648,Very Positive,63
Governor of Poker 3,436150,Mixed,16136,Mixed,59
Marauders,1789480,Mixed,13413,Very Negative,37
Conqueror's Blade,835570,Mixed,37802,Mixed,307
Lords of the Fallen,1501750,Mixed,34359,Mixed,1168
Throne and Liberty,2429640,Mixed,67881,Mixed,220
New World: Aeternum,1063730,Mixed,253780,Mixed,175
Gotham Knights,1496790,Mixed,15418,Mostly Positive,78
Pixel Gun 3D: PC Edition,2524890,Mixed,44747,Mostly Positive,738
Hired Ops,374280,Mixed,16047,Mixed,66
Mortal Shell,1110910,Mixed,9932,Mixed,244
Hero Siege,269210,Mixed,35404,Mixed,919
The Front,2285150,Mixed,9614,Mostly Negative,35
Myth of Empires,1371580,Mixed,15232,Mixed,57
Rocket League®,252950,Very Positive,430832,Mixed,576
OUTRIDERS,680420,Mixed,45966,Mostly Positive,86
Heartopia,4025700,Mixed,12752,Mixed,1654
GeoGuessr Steam Edition,3478870,Mixed,24251,Very Positive,2064
Rome: Total War™ - Collection,4760,Very Positive,12922,Very Positive,40
Sniper Ghost Warrior 3,368070,Mixed,14871,Mostly Positive,103
Counter-Strike Nexon,273110,Mixed,43090,Mixed,95
Nightingale,1928980,Mixed,15149,Mixed,73
POSTAL 4: No Regerts,707030,Mixed,10587,Mixed,79
S.T.A.L.K.E.R.: Call of Pripyat,41700,Overwhelmingly Positive,24749,Very Positive,67
S.T.A.L.K.E.R.: Clear Sky,20510,Very Positive,17556,Very Positive,48
S.T.A.L.K.E.R.: Shadow of Chernobyl,4500,Very Positive,37722,Overwhelmingly Positive,129
Tower of Fantasy,2064650,Mixed,11946,Mixed,55
Kane & Lynch 2: Dog Days,28000,Mixed,6488,Mostly Positive,179
Battlefield™ 6,2807960,Mixed,268486,Mixed,6296
The Texas Chain Saw Massacre,1433140,Mixed,18858,Mixed,132
BIOMUTANT,597820,Mixed,13023,Mixed,64
NBA 2K26,3472040,Mixed,14986,Mostly Positive,2379
Life is Feudal: Your Own,290080,Mixed,8782,Mostly Positive,16
War Thunder,236390,Mostly Positive,736117,Mostly Positive,12297
Imperator: Rome,859580,Mixed,19386,Very Positive,41
Outpost: Infinity Siege,1566690,Mixed,11571,Mixed,31
The Callisto Protocol™,1544020,Mixed,34506,Mostly Positive,120
Call of Duty®: Ghosts,209160,Mixed,12609,Very Positive,71
MIR4,1623660,Mixed,14818,Mixed,37
Call of Duty®: Advanced Warfare - Gold Edition,209650,Mixed,10905,Very Positive,47
DRAGON BALL GEKISHIN SQUADRA,2072560,Mixed,9686,Mixed,428
STAR WARS™: Squadrons,1222730,Mixed,24739,Mixed,65
Dark and Darker,2016590,Mixed,81661,Mixed,692
GrandChase,985810,Mixed,25467,Mostly Positive,130
Freeman: Guerrilla Warfare,773951,Mixed,11427,Very Negative,17
Castle Story,227860,Mixed,9156,Very Positive,55
Diablo® IV,2344520,Mixed,50341,Mostly Positive,1020
Sid Meier's Civilization VII,1295660,Mixed,40671,Mixed,528
Tree of Savior (English Ver.),372000,Mixed,20424,Mixed,19
Stronghold Kingdoms,47410,Mixed,9492,Mostly Negative,21
SPLITGATE: Arena Reloaded,2918300,Mixed,21783,Very Positive,226
APB Reloaded,113400,Mixed,37509,Mixed,101
RAGE 2,548570,Mixed,13883,Mostly Positive,35
ROMANCE OF THE THREE KINGDOMS XIV,872410,Mixed,12722,Very Positive,46
Assassin's Creed® III Remastered,911400,Mixed,13614,Mixed,235
Spec Ops: The Line,50300,Very Positive,55937,Very Positive,131
MapleStory,216150,Mixed,14771,Mostly Positive,74
Rise of the Ronin,1340990,Mixed,5874,Mostly Positive,127
Last Oasis,903950,Mixed,20463,Mixed,48
Spectre Divide,2641470,Mixed,19796,Mixed,23
Just Cause 4 Reloaded,517630,Mixed,22835,Mixed,170
Suicide Squad: Kill the Justice League,315210,Mixed,12321,Mixed,100
Aliens: Colonial Marines Collection,49540,Mixed,7614,Mostly Positive,21
Magic: The Gathering Arena,2141910,Mixed,27764,Mixed,749
EA SPORTS™ WRC,1849250,Mixed,10290,Mixed,106
Dragon's Dogma 2,2054970,Mixed,74160,Mixed,388
Homefront,55100,Mixed,3975,Mostly Positive,29
Call of Duty®: Infinite Warfare,292730,Mixed,16903,Very Positive,121
Homefront®: The Revolution,223100,Mixed,11169,Mostly Positive,45
PUBG: BATTLEGROUNDS,578080,Mixed,2699990,Mostly Positive,15237
KurtzPel,844870,Mixed,34085,Mixed,12
Portal with RTX,2012840,Mixed,18825,Mixed,146
Sid Meier's Civilization®: Beyond Earth™,65980,Mixed,13925,Mostly Positive,35
Anno 2070™,48240,Mixed,11495,Mixed,20
Need for Speed™ Unbound,1846380,Mixed,46834,Mixed,750
ARK: Survival Ascended,2399830,Mixed,92764,Mixed,3465
Mortal Online 2,1170950,Mixed,10809,Mixed,45
War Robots,767560,Mixed,29596,Mixed,328
Business Tour - Board Game with Online Multiplayer,397900,Mixed,79325,Mostly Negative,360
Undisputed,1451190,Mixed,18509,Mixed,170
Mecha BREAK,2452280,Mixed,28042,Mostly Positive,306
SUPERVIVE,1283700,Very Positive,23770,Very Positive,79
Wayfinder,1171690,Mixed,24397,Mostly Positive,158
Borderlands 4,1285190,Mixed,53858,Mixed,1136
NBA 2K25,2878980,Mixed,30620,Mixed,157
Crime Boss: Rockay City,2933080,Mixed,7991,Mostly Positive,162
Lords Of The Fallen™ 2014,265300,Mixed,13244,Mixed,65
Call of Duty®,1938090,Mixed,407664,Mixed,1516
Russian Fishing 4,766570,Mixed,84775,Very Positive,1183
BLOCKADE 3D,302830,Mixed,25245,Very Positive,12
theHunter Classic,253710,Mixed,44187,Mixed,157
Assetto Corsa EVO,3058630,Mixed,15040,Mixed,345
Delta Force,2507950,Mixed,179127,Mixed,3503
The First Descendant,2074920,Mixed,110296,Mixed,562
Mafia III: Definitive Edition,360430,Mixed,39941,Mixed,339
Company of Heroes 3,1677280,Mixed,22900,Mixed,327
SUPER PEOPLE,1190340,Mixed,18305,Mostly Negative,20
Starfield,1716740,Mixed,112979,Mixed,1313
Pax Dei,1995520,Mixed,6808,Mixed,117
Watch Dogs®: Legion,2239550,Mixed,11292,Mixed,144
The Cycle: Frontier,868270,Mixed,45334,Mostly Positive,21
Wolcen: Lords of Mayhem,424370,Mixed,61736,Mixed,23
The Elder Scrolls V: Skyrim,72850,Very Positive,181070,Very Positive,118
Z1 Battle Royale,433850,Mixed,202771,Mixed,32
Lost Light,1797880,Mixed,27672,Mixed,196
Vampire: The Masquerade® - Bloodlines™ 2,532790,Mixed,9519,Mixed,130
Microsoft Flight Simulator 2024,2537590,Mixed,18600,Mostly Positive,616
SMITE 2,2437170,Mixed,20963,Mixed,704
WUCHANG: Fallen Feathers,2277560,Mixed,43141,Very Positive,526
Infinity Nikki,3164330,Mixed,9657,Mostly Positive,219
鬼谷八荒 Tale of Immortal,1468810,Mixed,191358,Mostly Positive,231
Astral Party,2622000,Mixed,20319,Mixed,252
Hero's Land,2349820,Mixed,45355,Mixed,114
The Quinfall,2294660,Mixed,10272,Mixed,789
Infestation: The New Z,555570,Mixed,33901,Mixed,27
Cities: Skylines II,949230,Mixed,60100,Mostly Positive,1062
World War 3,674020,Mixed,54565,Mostly Negative,57
Call of Duty®: Modern Warfare® Remastered (2017),393080,Mixed,12630,Mostly Positive,128
TEKKEN 8,1778820,Mixed,43450,Mostly Negative,1673
Bless Unleashed,1254120,Mixed,31028,Very Positive,28
Garten of Banban,2232840,Mixed,12553,Mixed,144
Naval Action,311310,Mixed,10023,Mostly Negative,46
UNDECEMBER: 4th Anniversary,1549250,Mixed,20470,Mixed,55
Dark and Light,529180,Mixed,10554,Mixed,10
Broken Arrow,1604270,Mixed,21818,Mixed,872
Knight Online,389430,Mixed,11108,Mixed,31
Forza Motorsport,2440510,Mixed,11578,Mixed,149
eFootball™,1665460,Mixed,107719,Mixed,1631
Persona5: The Phantom X,3061570,Mixed,12548,Mixed,162
Wo Long: Fallen Dynasty,1448440,Mixed,20512,Mixed,50
Digger Online,278970,Mixed,1272,Very Positive,13
"Warhammer 40,000: Dawn of War III",285190,Mixed,14068,Mixed,64
No More Room in Hell 2,292000,Mixed,10525,Mixed,109
Monster Hunter Wilds,2246340,Mixed,192242,Mixed,1801
VPet-Simulator,1920960,Overwhelmingly Positive,50643,Overwhelmingly Positive,340
Catan Universe,544730,Mixed,17616,Mostly Negative,145
ATLAS,834910,Mixed,37059,Mixed,36
Escape from Tarkov,3932890,Mixed,44241,Mixed,2287
Battlefield™ 2042,1517290,Mixed,258379,Mixed,1256
Killing Floor 3,1430190,Mixed,15191,Mixed,324
WILD HEARTS™,1938010,Mixed,10450,Mixed,49
Torchlight III,1030210,Mixed,10344,Mostly Positive,14
Little Nightmares III,1392860,Mixed,9433,Mixed,152
EA SPORTS FC™ 26,3405690,Mixed,53330,Mixed,6749
"Warhammer® 40,000: Dawn of War® - Dark Crusade",4580,Overwhelmingly Positive,7518,Very Positive,31
"Warhammer® 40,000: Dawn of War® - Soulstorm",9450,Very Positive,13482,Very Positive,39
PAYDAY 3,1272080,Mixed,47479,Mixed,278
Wolfenstein: Youngblood,1056960,Mixed,12380,Mostly Negative,77
Call of Duty®: Modern Warfare® III,3595270,Mixed,16056,Mixed,468
Call of Duty®: Modern Warfare® II,3595230,Mostly Negative,11086,Mixed,473
Test Drive Unlimited Solar Crown,1249970,Mostly Negative,5869,Mixed,125
Ashes of Creation,4124950,Mostly Negative,12654,Overwhelmingly Negative,179
Feed the Cups,2336220,Mostly Positive,4452,Mixed,61
Football Manager 26,3551340,Mostly Negative,18470,Mixed,758
Shadowverse: Worlds Beyond,2584990,Mostly Negative,23649,Mostly Negative,185
Overwatch®,2357570,Mostly Negative,393589,Mixed,7318
Kerbal Space Program 2,954850,Mostly Negative,27339,Overwhelmingly Negative,224
Yakuza 0,638970,Overwhelmingly Positive,77364,Overwhelmingly Positive,238
Yakuza Kiwami (Legacy),834530,Very Positive,23247,Very Positive,70
Yakuza Kiwami 2 (Legacy),927380,Very Positive,17573,Very Positive,38
Mirror 2: Project X,1832640,Mostly Negative,111585,Very Negative,33
MOBILE SUIT GUNDAM BATTLE OPERATION 2,1367080,Mostly Negative,21081,Mixed,123
崩坏3,1668940,Mostly Positive,9932,Mixed,32